;FLAVOR:Marlin
;TIME:3072
;Filament used: 2.17432m
;Layer height: 0.2
;MINX:84.712
;MINY:84.7
;MINZ:0.2
;MAXX:150.3
;MAXY:150.297
;MAXZ:6
;TARGET_MACHINE.NAME:Creality Ender-3
;Generated with Cura_SteamEngine 5.7.2
M140 S50
M105
M190 S50
M104 S220
M105
M109 S220
M82 ;absolute extrusion mode
; Ender 3 Custom Start G-code
G92 E0 ; Reset Extruder
G28 ; Home all axes
G1 Z2.0 F3000 ; Move Z Axis up little to prevent scratching of Heat Bed
G1 X0.1 Y20 Z0.3 F5000.0 ; Move to start position
G1 X0.1 Y200.0 Z0.3 F1500.0 E15 ; Draw the first line
G1 X0.4 Y200.0 Z0.3 F5000.0 ; Move to side a little
G1 X0.4 Y20 Z0.3 F1500.0 E30 ; Draw the second line
G92 E0 ; Reset Extruder
G1 Z2.0 F3000 ; Move Z Axis up little to prevent scratching of Heat Bed
G1 X5 Y20 Z0.3 F5000.0 ; Move over to prevent blob squish
G92 E0
G92 E0
G1 F2700 E-5
;LAYER_COUNT:30
;LAYER:0
M107
G0 F6000 X88.105 Y88.122 Z0.2
;TYPE:SKIRT
G1 F2700 E0
G1 F1200 X90.577 Y86.228 E0.10358
G1 X93.479 Y85.022 E0.2081
G1 X95.522 Y84.757 E0.27662
G1 X138.497 Y84.7 E1.70598
G1 X141.49 Y85.004 E1.80604
G1 X144.408 Y86.217 E1.91114
G1 X146.896 Y88.124 E2.0154
G1 X148.779 Y90.581 E2.11836
G1 X149.976 Y93.461 E2.2221
G1 X150.3 Y96.505 E2.32391
G1 X150.222 Y139.551 E3.75563
G1 X149.939 Y141.615 E3.82492
G1 X148.77 Y144.429 E3.92627
G1 X146.89 Y146.882 E4.02906
G1 X144.416 Y148.779 E4.13275
G1 X141.494 Y149.993 E4.23799
G1 X138.545 Y150.297 E4.3366
G1 X95.442 Y150.222 E5.77021
G1 X93.383 Y149.939 E5.83934
G1 X90.577 Y148.774 E5.94039
G1 X88.111 Y146.884 E6.04373
G1 X86.219 Y144.416 E6.14716
G1 X85.022 Y141.538 E6.25083
G1 X84.712 Y138.771 E6.34344
G1 X84.778 Y95.449 E7.78434
G1 X85.061 Y93.388 E7.85353
G1 X86.234 Y90.564 E7.95523
G1 X88.105 Y88.122 E8.05756
G0 F6000 X88.39 Y88.407
G1 F1200 X90.778 Y86.577 E8.15762
G1 X93.58 Y85.413 E8.25854
G1 X95.574 Y85.154 E8.32541
G1 X138.498 Y85.1 E9.75307
G1 X141.392 Y85.396 E9.84983
G1 X144.208 Y86.567 E9.95127
G1 X146.611 Y88.409 E10.05197
G1 X148.429 Y90.781 E10.15137
G1 X149.584 Y93.559 E10.25143
G1 X149.9 Y96.504 E10.34995
G1 X149.826 Y139.497 E11.7799
G1 X149.55 Y141.51 E11.84748
G1 X148.422 Y144.225 E11.94527
G1 X146.603 Y146.599 E12.04474
G1 X144.215 Y148.43 E12.14483
G1 X141.397 Y149.601 E12.24632
G1 X138.546 Y149.897 E12.34166
G1 X95.496 Y149.826 E13.77351
G1 X93.488 Y149.55 E13.84092
G1 X90.781 Y148.426 E13.93841
G1 X88.394 Y146.597 E14.03843
G1 X86.569 Y144.216 E14.13821
G1 X85.414 Y141.439 E14.23824
G1 X85.11 Y138.726 E14.32904
G1 X85.174 Y95.503 E15.76665
G1 X85.45 Y93.493 E15.83413
G1 X86.583 Y90.765 E15.93237
G1 X88.39 Y88.407 E16.03118
G0 F6000 X88.675 Y88.692
G1 F1200 X90.979 Y86.926 E16.12773
G1 X93.681 Y85.804 E16.22504
G1 X95.626 Y85.551 E16.29028
G1 X138.498 Y85.5 E17.71621
G1 X141.294 Y85.788 E17.8097
G1 X144.008 Y86.917 E17.90746
G1 X146.326 Y88.694 E18.00461
G1 X148.079 Y90.981 E18.10045
G1 X149.192 Y93.658 E18.19688
G1 X149.5 Y96.503 E18.29205
G1 X149.43 Y139.443 E19.72025
G1 X149.161 Y141.405 E19.78611
G1 X148.073 Y144.024 E19.88044
G1 X146.318 Y146.314 E19.9764
G1 X144.015 Y148.08 E20.07293
G1 X141.299 Y149.209 E20.17075
G1 X138.547 Y149.497 E20.26279
G1 X95.55 Y149.43 E21.69287
G1 X93.593 Y149.161 E21.75858
G1 X90.982 Y148.077 E21.8526
G1 X88.679 Y146.312 E21.94911
G1 X86.919 Y144.016 E22.04533
G1 X85.806 Y141.34 E22.14173
G1 X85.508 Y138.681 E22.23072
G1 X85.57 Y95.557 E23.66503
G1 X85.839 Y93.598 E23.7308
G1 X86.932 Y90.966 E23.82559
G1 X88.675 Y88.692 E23.92088
G0 F6000 X88.962 Y88.975
G1 F1200 X91.18 Y87.275 E24.01383
G1 X93.782 Y86.194 E24.10754
G1 X95.677 Y85.948 E24.1711
G1 X138.498 Y85.9 E25.59533
G1 X141.195 Y86.18 E25.68552
G1 X143.808 Y87.267 E25.77965
G1 X146.041 Y88.979 E25.87323
G1 X147.729 Y91.181 E25.96552
G1 X148.8 Y93.757 E26.0583
G1 X149.1 Y96.502 E26.15015
G1 X149.034 Y139.389 E27.57658
G1 X148.772 Y141.3 E27.64073
G1 X147.725 Y143.82 E27.73149
G1 X146.031 Y146.031 E27.82413
G1 X143.815 Y147.73 E27.91701
G1 X141.201 Y148.817 E28.01117
G1 X138.548 Y149.097 E28.0999
G1 X95.604 Y149.034 E29.52822
G1 X93.698 Y148.772 E29.59221
G1 X91.186 Y147.729 E29.68268
G1 X88.962 Y146.025 E29.77586
G1 X87.269 Y143.816 E29.86843
G1 X86.198 Y141.241 E29.96119
G1 X85.906 Y138.636 E30.04837
G1 X85.966 Y95.611 E31.47939
G1 X86.228 Y93.703 E31.54345
G1 X87.28 Y91.17 E31.63467
G1 X88.962 Y88.975 E31.72665
G0 F6000 X89.247 Y89.26
G1 F1200 X91.38 Y87.625 E31.81604
G1 X93.885 Y86.584 E31.90626
G1 X95.728 Y86.345 E31.96807
G1 X138.498 Y86.3 E33.39061
G1 X141.097 Y86.572 E33.47752
G1 X143.608 Y87.617 E33.56798
G1 X145.754 Y89.262 E33.65792
G1 X147.38 Y91.384 E33.74683
G1 X148.408 Y93.856 E33.83588
G1 X148.7 Y96.501 E33.92439
G1 X148.638 Y139.335 E35.34905
G1 X148.383 Y141.195 E35.4115
G1 X147.376 Y143.619 E35.4988
G1 X145.746 Y145.746 E35.58793
G1 X143.615 Y147.38 E35.67724
G1 X141.102 Y148.425 E35.76776
G1 X138.549 Y148.697 E35.85316
G1 X95.658 Y148.638 E37.27972
G1 X93.803 Y148.383 E37.342
G1 X91.387 Y147.38 E37.429
G1 X89.247 Y145.74 E37.51868
G1 X87.619 Y143.616 E37.60769
G1 X86.59 Y141.142 E37.6968
G1 X86.304 Y138.591 E37.78218
G1 X86.362 Y95.665 E39.20991
G1 X86.617 Y93.808 E39.27225
G1 X87.629 Y91.371 E39.36002
G1 X89.247 Y89.26 E39.44848
G0 F6000 X89.534 Y89.543
G1 F1200 X91.581 Y87.974 E39.53426
G1 X93.986 Y86.975 E39.62088
G1 X95.78 Y86.742 E39.68105
G1 X138.498 Y86.7 E41.10186
G1 X140.998 Y86.964 E41.18547
G1 X143.408 Y87.967 E41.27229
G1 X145.469 Y89.547 E41.35867
G1 X147.03 Y91.584 E41.44402
G1 X148.016 Y93.955 E41.52943
G1 X148.3 Y96.5 E41.6146
G1 X148.242 Y139.281 E43.03751
G1 X147.994 Y141.09 E43.09824
G1 X147.028 Y143.415 E43.18198
G1 X145.459 Y145.463 E43.26779
G1 X143.415 Y147.03 E43.35345
G1 X141.004 Y148.033 E43.4403
G1 X138.55 Y148.297 E43.52239
G1 X95.712 Y148.242 E44.94719
G1 X93.908 Y147.994 E45.00776
G1 X91.591 Y147.032 E45.0912
G1 X89.53 Y145.453 E45.17755
G1 X87.969 Y143.416 E45.26291
G1 X86.982 Y141.043 E45.34839
G1 X86.702 Y138.546 E45.43196
G1 X86.758 Y95.719 E46.85639
G1 X87.006 Y93.913 E46.91703
G1 X87.977 Y91.575 E47.00123
G1 X89.534 Y89.543 E47.08637
G0 F6000 X89.819 Y89.828
G1 F1200 X91.782 Y88.323 E47.16864
G1 X94.087 Y87.366 E47.25165
G1 X95.832 Y87.139 E47.31018
G1 X138.498 Y87.1 E48.72926
G1 X140.899 Y87.356 E48.80957
G1 X143.208 Y88.317 E48.89275
G1 X145.184 Y89.832 E48.97557
G1 X146.68 Y91.784 E49.05736
G1 X147.625 Y94.057 E49.13924
G1 X147.9 Y96.499 E49.22097
G1 X147.846 Y139.227 E50.64211
G1 X147.605 Y140.985 E50.70113
G1 X146.679 Y143.214 E50.78141
G1 X145.174 Y145.178 E50.86371
G1 X143.215 Y146.68 E50.94581
G1 X140.905 Y147.641 E51.02903
G1 X138.55 Y147.897 E51.10782
G1 X95.766 Y147.846 E52.53082
G1 X94.013 Y147.605 E52.58967
G1 X91.792 Y146.683 E52.66965
G1 X89.815 Y145.168 E52.7525
G1 X88.319 Y143.216 E52.83429
G1 X87.374 Y140.944 E52.91614
G1 X87.1 Y138.501 E52.9979
G1 X87.154 Y95.773 E54.41904
G1 X87.395 Y94.018 E54.47796
G1 X88.326 Y91.776 E54.5587
G1 X89.819 Y89.828 E54.64034
G0 F6000 X90.104 Y90.113
G1 F1200 X91.983 Y88.672 E54.71909
G1 X94.188 Y87.756 E54.79851
G1 X95.883 Y87.536 E54.85536
G1 X138.498 Y87.5 E56.27274
G1 X140.8 Y87.748 E56.34975
G1 X143.008 Y88.667 E56.42929
G1 X144.899 Y90.117 E56.50855
G1 X146.33 Y91.984 E56.58679
G1 X147.234 Y94.159 E56.66513
G1 X147.5 Y96.499 E56.74346
G1 X147.45 Y139.173 E58.1628
G1 X147.216 Y140.88 E58.22011
G1 X146.33 Y143.013 E58.29693
G1 X144.889 Y144.893 E58.37571
G1 X143.015 Y146.33 E58.45426
G1 X140.806 Y147.249 E58.53383
G1 X138.55 Y147.497 E58.60932
G1 X95.82 Y147.45 E60.03053
G1 X94.118 Y147.216 E60.08767
G1 X91.993 Y146.334 E60.16419
G1 X90.1 Y144.883 E60.24352
G1 X88.669 Y143.016 E60.32176
G1 X87.765 Y140.842 E60.40007
G1 X87.5 Y138.501 E60.47843
G1 X87.55 Y95.827 E61.89777
G1 X87.784 Y94.123 E61.95498
G1 X88.675 Y91.977 E62.03226
G1 X90.104 Y90.113 E62.11038
G0 F6000 X90.389 Y90.398
G1 F1200 X92.186 Y89.021 E62.18568
G1 X94.291 Y88.146 E62.2615
G1 X95.934 Y87.933 E62.31661
G1 X138.498 Y87.9 E63.73229
G1 X140.701 Y88.14 E63.806
G1 X142.808 Y89.017 E63.8819
G1 X144.612 Y90.4 E63.95751
G1 X145.981 Y92.187 E64.03238
G1 X146.843 Y94.261 E64.10708
G1 X147.1 Y96.499 E64.18201
G1 X147.054 Y139.119 E65.59956
G1 X146.827 Y140.775 E65.65515
G1 X145.982 Y142.809 E65.72841
G1 X144.602 Y144.61 E65.80387
G1 X142.815 Y145.98 E65.87876
G1 X140.707 Y146.857 E65.9547
G1 X138.55 Y147.097 E66.02689
G1 X95.874 Y147.054 E67.4463
G1 X94.223 Y146.827 E67.50173
G1 X92.194 Y145.985 E67.57479
G1 X90.385 Y144.598 E67.65061
G1 X89.019 Y142.816 E67.72529
G1 X88.156 Y140.74 E67.80006
G1 X87.9 Y138.501 E67.87502
G1 X87.946 Y95.881 E69.29257
G1 X88.173 Y94.228 E69.34806
G1 X89.023 Y92.181 E69.42178
G1 X90.389 Y90.398 E69.49649
G0 F6000 X90.674 Y90.683
G1 F1200 X92.387 Y89.37 E69.56827
G1 X94.392 Y88.537 E69.64049
G1 X95.986 Y88.33 E69.69395
G1 X138.498 Y88.3 E71.1079
G1 X140.602 Y88.532 E71.17831
G1 X142.608 Y89.367 E71.25058
G1 X144.327 Y90.685 E71.32262
G1 X145.632 Y92.388 E71.39398
G1 X146.452 Y94.362 E71.46508
G1 X146.7 Y96.499 E71.53663
G1 X146.658 Y139.065 E72.95238
G1 X146.438 Y140.67 E73.00626
G1 X145.633 Y142.608 E73.07606
G1 X144.317 Y144.325 E73.14801
G1 X142.615 Y145.63 E73.21935
G1 X140.605 Y146.466 E73.29175
G1 X138.55 Y146.697 E73.36053
G1 X95.928 Y146.658 E74.77815
G1 X94.328 Y146.438 E74.83186
G1 X92.395 Y145.636 E74.90147
G1 X90.672 Y144.315 E74.97368
G1 X89.368 Y142.613 E75.04499
G1 X88.547 Y140.638 E75.11613
G1 X88.3 Y138.501 E75.18768
G1 X88.342 Y95.935 E76.60343
G1 X88.562 Y94.333 E76.65722
G1 X89.372 Y92.382 E76.72748
G1 X90.674 Y90.683 E76.79867
G0 F6000 X90.959 Y90.968
G1 F1200 X92.588 Y89.719 E76.86695
G1 X94.493 Y88.928 E76.93555
G1 X96.038 Y88.727 E76.98737
G1 X138.498 Y88.7 E78.3996
G1 X140.503 Y88.924 E78.4667
G1 X142.408 Y89.717 E78.53533
G1 X144.042 Y90.97 E78.60382
G1 X145.283 Y92.589 E78.67166
G1 X146.061 Y94.463 E78.73915
G1 X146.3 Y96.499 E78.80733
G1 X146.262 Y139.011 E80.22129
G1 X146.049 Y140.565 E80.27346
G1 X145.285 Y142.404 E80.33969
G1 X144.03 Y144.042 E80.40833
G1 X142.415 Y145.28 E80.47601
G1 X140.503 Y146.075 E80.54488
G1 X138.55 Y146.297 E80.61025
G1 X95.982 Y146.262 E82.02607
G1 X94.433 Y146.049 E82.07808
G1 X92.596 Y145.287 E82.14422
G1 X90.957 Y144.03 E82.21292
G1 X89.717 Y142.412 E82.28072
G1 X88.938 Y140.537 E82.34825
G1 X88.7 Y138.501 E82.41643
G1 X88.738 Y95.989 E83.83039
G1 X88.951 Y94.438 E83.88246
G1 X89.721 Y92.583 E83.94926
G1 X90.959 Y90.968 E84.01694
G0 F6000 X91.246 Y91.251
G1 F1200 X92.789 Y90.068 E84.08161
G1 X94.594 Y89.318 E84.14662
G1 X96.089 Y89.124 E84.19676
G1 X138.498 Y89.1 E85.60729
G1 X140.401 Y89.315 E85.67099
G1 X142.208 Y90.067 E85.73609
G1 X143.755 Y91.253 E85.80092
G1 X144.935 Y92.793 E85.86545
G1 X145.67 Y94.564 E85.92922
G1 X145.9 Y96.499 E85.99403
G1 X145.866 Y138.957 E87.40619
G1 X145.66 Y140.46 E87.45665
G1 X144.936 Y142.203 E87.51943
G1 X143.745 Y143.757 E87.58455
G1 X142.215 Y144.93 E87.64867
G1 X140.401 Y145.684 E87.71401
G1 X138.55 Y145.897 E87.77598
G1 X96.036 Y145.866 E89.19
G1 X94.538 Y145.66 E89.24029
G1 X92.797 Y144.938 E89.30298
G1 X91.242 Y143.745 E89.36817
G1 X90.066 Y142.211 E89.43246
G1 X89.329 Y140.436 E89.49638
G1 X89.1 Y138.501 E89.56119
G1 X89.134 Y96.043 E90.97335
G1 X89.34 Y94.543 E91.0237
G1 X90.069 Y92.787 E91.08694
G1 X91.246 Y91.251 E91.1513
G0 F6000 X91.531 Y91.536
G1 F1200 X92.989 Y90.418 E91.21241
G1 X94.697 Y89.708 E91.27393
G1 X96.14 Y89.521 E91.32233
G1 X138.498 Y89.5 E92.73116
G1 X140.299 Y89.706 E92.79145
G1 X142.008 Y90.417 E92.85302
G1 X143.47 Y91.538 E92.91429
G1 X144.586 Y92.994 E92.97531
G1 X145.279 Y94.665 E93.03548
G1 X145.5 Y96.499 E93.09692
G1 X145.47 Y138.903 E94.50728
G1 X145.271 Y140.355 E94.55603
G1 X144.587 Y142.002 E94.61534
G1 X143.462 Y143.47 E94.67686
G1 X142.012 Y144.581 E94.73761
G1 X140.299 Y145.293 E94.79931
G1 X138.55 Y145.497 E94.85788
G1 X96.091 Y145.47 E96.27007
G1 X94.646 Y145.271 E96.31859
G1 X92.996 Y144.587 E96.37799
G1 X91.527 Y143.46 E96.43958
G1 X90.416 Y142.011 E96.50031
G1 X89.719 Y140.334 E96.56071
G1 X89.5 Y138.501 E96.62211
G1 X89.53 Y96.097 E98.03247
G1 X89.729 Y94.648 E98.08112
G1 X90.418 Y92.988 E98.1409
G1 X91.531 Y91.536 E98.20175
G0 F6000 X91.818 Y91.819
G1 F1200 X93.19 Y90.767 E98.25925
G1 X94.798 Y90.099 E98.31716
G1 X96.192 Y89.918 E98.36392
G1 X138.498 Y89.9 E99.77102
G1 X140.197 Y90.097 E99.82791
G1 X141.808 Y90.767 E99.88594
G1 X143.183 Y91.821 E99.94356
G1 X144.238 Y93.198 E100.00126
G1 X144.888 Y94.765 E100.05768
G1 X145.1 Y96.499 E100.11578
G1 X145.074 Y138.849 E101.52435
G1 X144.882 Y140.25 E101.57138
G1 X144.238 Y141.801 E101.62724
G1 X143.177 Y143.185 E101.68524
G1 X141.811 Y144.232 E101.74249
G1 X140.198 Y144.902 E101.80058
G1 X138.55 Y145.097 E101.85578
G1 X96.146 Y145.074 E103.26614
G1 X94.75 Y144.882 E103.31301
G1 X93.197 Y144.238 E103.36892
G1 X91.814 Y143.177 E103.4269
G1 X90.765 Y141.808 E103.48426
G1 X90.11 Y140.232 E103.54103
G1 X89.9 Y138.501 E103.59902
G1 X89.926 Y96.151 E105.00759
G1 X90.118 Y94.753 E105.05453
G1 X90.766 Y93.192 E105.11074
G1 X91.818 Y91.819 E105.16827
G0 F6000 X92.103 Y92.104
G1 F1200 X93.39 Y91.117 E105.22221
G1 X94.901 Y90.489 E105.27664
G1 X96.243 Y90.315 E105.32165
G1 X138.498 Y90.3 E106.72705
G1 X140.095 Y90.488 E106.78054
G1 X141.608 Y91.117 E106.83504
G1 X142.896 Y92.104 E106.88901
G1 X143.89 Y93.402 E106.94338
G1 X144.497 Y94.866 E106.99609
G1 X144.7 Y96.499 E107.05083
G1 X144.678 Y138.795 E108.4576
G1 X144.493 Y140.145 E108.50292
G1 X143.889 Y141.6 E108.55532
G1 X142.892 Y142.9 E108.60981
G1 X141.61 Y143.883 E108.66354
G1 X140.097 Y144.511 E108.71802
G1 X138.55 Y144.697 E108.76985
G1 X96.201 Y144.678 E110.17838
G1 X94.858 Y144.493 E110.22347
G1 X93.396 Y143.887 E110.27611
G1 X92.099 Y142.892 E110.33048
G1 X91.114 Y141.607 E110.38433
G1 X90.501 Y140.131 E110.43749
G1 X90.3 Y138.501 E110.49211
G1 X90.322 Y96.205 E111.89888
G1 X90.507 Y94.858 E111.9441
G1 X91.115 Y93.393 E111.99686
G1 X92.103 Y92.104 E112.05088
G0 F6000 X92.388 Y92.389
G1 F1200 X93.591 Y91.466 E112.10131
G1 X95.002 Y90.88 E112.15213
G1 X96.295 Y90.712 E112.19549
G1 X138.498 Y90.7 E113.59917
G1 X139.994 Y90.879 E113.64928
G1 X141.407 Y91.466 E113.70017
G1 X142.611 Y92.389 E113.75063
G1 X143.539 Y93.6 E113.80138
G1 X144.107 Y94.97 E113.8507
G1 X144.3 Y96.499 E113.90196
G1 X144.282 Y138.741 E115.30694
G1 X144.104 Y140.04 E115.35054
G1 X143.54 Y141.399 E115.39948
G1 X142.609 Y142.613 E115.45037
G1 X141.407 Y143.534 E115.50073
G1 X139.995 Y144.121 E115.55159
G1 X138.55 Y144.297 E115.60001
G1 X96.256 Y144.282 E117.00671
G1 X94.962 Y144.104 E117.05016
G1 X93.597 Y143.538 E117.09931
G1 X92.386 Y142.609 E117.15007
G1 X91.462 Y141.403 E117.2006
G1 X90.892 Y140.03 E117.25005
G1 X90.7 Y138.501 E117.3013
G1 X90.718 Y96.259 E118.70628
G1 X90.896 Y94.963 E118.74979
G1 X91.464 Y93.594 E118.79908
G1 X92.388 Y92.389 E118.84959
G0 F6000 X92.673 Y92.674
G1 F1200 X93.794 Y91.815 E118.89656
G1 X95.105 Y91.27 E118.94378
G1 X96.346 Y91.109 E118.9854
G1 X138.498 Y91.1 E120.38738
G1 X139.893 Y91.27 E120.43413
G1 X141.206 Y91.815 E120.48141
G1 X142.326 Y92.674 E120.52835
G1 X143.188 Y93.798 E120.57547
G1 X143.717 Y95.074 E120.62141
G1 X143.9 Y96.499 E120.66919
G1 X143.886 Y138.687 E122.07237
G1 X143.715 Y139.935 E122.11427
G1 X143.191 Y141.198 E122.15975
G1 X142.324 Y142.328 E122.20712
G1 X141.206 Y143.185 E122.25397
G1 X139.894 Y143.73 E122.30123
G1 X138.55 Y143.897 E122.34627
G1 X96.311 Y143.886 E123.75115
G1 X95.07 Y143.715 E123.79281
G1 X93.796 Y143.187 E123.83868
G1 X92.671 Y142.324 E123.88584
G1 X91.811 Y141.202 E123.93286
G1 X91.283 Y139.929 E123.9787
G1 X91.1 Y138.501 E124.02658
G1 X91.114 Y96.313 E125.42976
G1 X91.285 Y95.068 E125.47156
G1 X91.812 Y93.798 E125.51729
G1 X92.673 Y92.674 E125.56438
G0 F6000 X92.958 Y92.959
G1 F1200 X93.995 Y92.164 E125.60784
G1 X95.206 Y91.661 E125.65146
G1 X96.398 Y91.506 E125.69144
G1 X138.498 Y91.5 E127.09169
G1 X139.792 Y91.661 E127.13506
G1 X141.002 Y92.163 E127.17863
G1 X142.041 Y92.959 E127.22216
G1 X142.84 Y94.002 E127.26586
G1 X143.326 Y95.174 E127.30806
G1 X143.5 Y96.499 E127.35251
G1 X143.49 Y138.633 E128.75389
G1 X143.326 Y139.83 E128.79408
G1 X142.842 Y140.997 E128.8361
G1 X142.041 Y142.041 E128.87986
G1 X141.002 Y142.837 E128.9234
G1 X139.793 Y143.339 E128.96694
G1 X138.55 Y143.497 E129.00861
G1 X96.366 Y143.49 E130.41166
G1 X95.174 Y143.326 E130.45168
G1 X93.997 Y142.838 E130.49405
G1 X92.958 Y142.041 E130.53761
G1 X92.159 Y140.998 E130.58131
G1 X91.674 Y139.829 E130.6234
G1 X91.5 Y138.501 E130.66795
G1 X91.51 Y96.367 E132.06933
G1 X91.674 Y95.173 E132.10942
G1 X92.161 Y93.999 E132.15169
G1 X92.958 Y92.959 E132.19527
G0 F6000 X93.528 Y93.529
G1 F1200 X94.4 Y92.861 E132.23181
G1 X95.408 Y92.443 E132.2681
G1 X96.502 Y92.3 E132.3048
G1 X138.498 Y92.3 E133.70159
G1 X139.592 Y92.443 E133.73828
G1 X140.6 Y92.861 E133.77458
G1 X141.471 Y93.529 E133.81109
G1 X142.14 Y94.401 E133.84764
G1 X142.548 Y95.386 E133.8831
G1 X142.7 Y96.499 E133.92047
G1 X142.698 Y138.524 E135.31822
G1 X142.548 Y139.614 E135.35482
G1 X142.14 Y140.599 E135.39028
G1 X141.471 Y141.471 E135.42683
G1 X140.6 Y142.139 E135.46334
G1 X139.592 Y142.557 E135.49964
G1 X138.498 Y142.7 E135.53633
G1 X96.476 Y142.698 E136.93399
G1 X95.386 Y142.548 E136.97058
G1 X94.4 Y142.139 E137.00609
G1 X93.528 Y141.471 E137.04262
G1 X92.86 Y140.599 E137.07916
G1 X92.452 Y139.614 E137.11462
G1 X92.3 Y138.501 E137.15198
G1 X92.302 Y96.476 E138.54974
G1 X92.452 Y95.386 E138.58633
G1 X92.86 Y94.401 E138.62179
G1 X93.528 Y93.529 E138.65833
G0 F6000 X93.243 Y93.244
G1 F1200 X94.196 Y92.513 E138.69828
G1 X95.307 Y92.052 E138.73828
G1 X96.45 Y91.903 E138.77662
G1 X138.498 Y91.9 E140.17514
G1 X139.692 Y92.052 E140.21518
G1 X140.801 Y92.512 E140.25511
G1 X141.756 Y93.244 E140.29513
G1 X142.491 Y94.203 E140.33532
G1 X142.937 Y95.278 E140.37403
G1 X143.1 Y96.499 E140.415
G1 X143.094 Y138.579 E141.81458
G1 X142.937 Y139.722 E141.85296
G1 X142.491 Y140.798 E141.8917
G1 X141.756 Y141.756 E141.93186
G1 X140.801 Y142.488 E141.97188
G1 X139.693 Y142.948 E142.01178
G1 X138.55 Y143.097 E142.05012
G1 X96.421 Y143.094 E143.45134
G1 X95.282 Y142.937 E143.48958
G1 X94.196 Y142.487 E143.52868
G1 X93.243 Y141.756 E143.56862
G1 X92.51 Y140.8 E143.60869
G1 X92.063 Y139.721 E143.64754
G1 X91.9 Y138.501 E143.68847
G1 X91.906 Y96.421 E145.08806
G1 X92.063 Y95.278 E145.12643
G1 X92.51 Y94.2 E145.16525
G1 X93.243 Y93.244 E145.20532
;MESH:doppia_fenditura.stl
G0 F6000 X93.97 Y93.971
G0 X94.1 Y94.1
;TYPE:WALL-INNER
G1 F1200 X93.556 Y94.804 E145.23491
G1 X93.221 Y95.613 E145.26403
G1 X93.1 Y96.543 E145.29522
G1 X93.1 Y138.457 E146.68929
G1 X93.221 Y139.383 E146.72035
G1 X93.556 Y140.192 E146.74947
G1 X94.1 Y140.896 E146.77906
G1 X94.804 Y141.44 E146.80865
G1 X95.614 Y141.775 E146.83781
G1 X96.544 Y141.9 E146.86902
G1 X138.456 Y141.9 E148.26302
G1 X139.383 Y141.775 E148.29413
G1 X140.188 Y141.443 E148.32309
G1 X140.896 Y140.896 E148.35285
G1 X141.443 Y140.188 E148.38261
G1 X141.775 Y139.383 E148.41157
G1 X141.9 Y138.456 E148.44268
G1 X141.9 Y96.544 E149.83668
G1 X141.775 Y95.613 E149.86792
G1 X141.443 Y94.808 E149.89688
G1 X140.896 Y94.101 E149.92661
G1 X140.188 Y93.556 E149.95633
G1 X139.383 Y93.221 E149.98533
G1 X138.457 Y93.1 E150.01639
G1 X96.543 Y93.1 E151.41046
G1 X95.613 Y93.221 E151.44165
G1 X94.804 Y93.556 E151.47077
G1 X94.1 Y94.1 E151.50036
G1 F2700 E146.50036
G0 F6000 X94.157 Y94.191
G0 X93.697 Y94.885
G0 X93.398 Y95.7
G0 X91.964 Y95.475
G0 X91.86 Y96.271
G0 X91.835 Y116.119
G0 X97.02 Y116.54
G1 F2700 E151.50036
G1 F1200 X97.14 Y116.42 E151.50601
G1 X97.421 Y116.3 E151.51617
G1 X137.579 Y116.3 E152.85183
G1 X137.86 Y116.42 E152.862
G1 X137.981 Y116.539 E152.86764
G1 X138.1 Y116.767 E152.87619
G1 X138.099 Y117.348 E152.89552
G1 X138.049 Y117.5 E152.90084
G1 X138.099 Y117.652 E152.90616
G1 X138.1 Y118.173 E152.92349
G1 X137.981 Y118.46 E152.93382
G1 X137.86 Y118.58 E152.93949
G1 X137.579 Y118.7 E152.94965
G1 X97.421 Y118.7 E154.28532
G1 X97.14 Y118.58 E154.29548
G1 X97.019 Y118.46 E154.30115
G1 X96.9 Y118.234 E154.30964
G1 X96.901 Y117.652 E154.329
G1 X96.949 Y117.5 E154.3343
G1 X96.901 Y117.348 E154.3396
G1 X96.9 Y116.766 E154.35896
G1 X97.02 Y116.54 E154.36747
G0 F6000 X97.38 Y116.74
;TYPE:WALL-OUTER
G1 F1200 X97.463 Y116.703 E154.37049
G1 X137.537 Y116.703 E155.70336
G1 X137.62 Y116.74 E155.70638
G1 X137.7 Y116.849 E155.71088
G1 X137.698 Y117.357 E155.72777
G1 X137.5 Y117.5 E155.7359
G1 X137.7 Y117.645 E155.74411
G1 X137.698 Y118.135 E155.76041
G1 X137.661 Y118.22 E155.7635
G1 X137.537 Y118.297 E155.76835
G1 X97.463 Y118.297 E157.10122
G1 X97.38 Y118.26 E157.10424
G1 X97.3 Y118.151 E157.10874
G1 X97.302 Y117.643 E157.12563
G1 F1197 X97.483 Y117.5 E157.13332
G1 X97.3 Y117.355 E157.14111
G1 F1200 X97.3 Y116.849 E157.15794
G1 X97.38 Y116.74 E157.16244
G0 F6000 X97.483 Y117.5
G1 F1197 X137.5 Y117.5 E158.49673
G1 F2700 E153.49673
G0 F6000 X138 Y117.5
G0 X137.928 Y116.472
G0 X97.402 Y116.119
G0 X91.835 Y116.119
G0 X91.836 Y96.457
G0 X91.964 Y95.475
G0 X93.815 Y93.815
G1 F2700 E158.49673
G1 F1200 X93.207 Y94.602 E158.52981
G1 X92.831 Y95.509 E158.56247
G1 X92.7 Y96.517 E158.59628
G1 X92.7 Y138.483 E159.99207
G1 X92.831 Y139.487 E160.02575
G1 X93.207 Y140.394 E160.0584
G1 X93.815 Y141.181 E160.09148
G1 X94.602 Y141.789 E160.12456
G1 X95.509 Y142.165 E160.15721
G1 X96.518 Y142.3 E160.19107
G1 X138.482 Y142.3 E161.5868
G1 X139.487 Y142.165 E161.62053
G1 X140.39 Y141.793 E161.65301
G1 X141.181 Y141.181 E161.68627
G1 X141.793 Y140.39 E161.71954
G1 X142.165 Y139.487 E161.75202
G1 X142.3 Y138.482 E161.78575
G1 X142.3 Y96.518 E163.18148
G1 X142.165 Y95.509 E163.21533
G1 X141.793 Y94.606 E163.24782
G1 X141.181 Y93.815 E163.28108
G1 X140.39 Y93.207 E163.31426
G1 X139.487 Y92.831 E163.3468
G1 X138.483 Y92.7 E163.38047
G1 X96.517 Y92.7 E164.77627
G1 X95.509 Y92.831 E164.81008
G1 X94.602 Y93.207 E164.84273
G1 X93.815 Y93.815 E164.87581
G1 F2700 E159.87581
G0 F6000 X94.157 Y94.191
G0 X93.697 Y94.885
G0 X93.398 Y95.7
G0 X91.964 Y95.475
G0 X91.86 Y96.271
G0 X91.835 Y116.119
G0 X96.75 Y116.298
;TYPE:SKIN
G1 F2700 E164.87581
G1 F1200 X96.587 Y116.586 E164.88682
G1 X96.54 Y116.896 E164.89724
G1 X96.542 Y118.215 E164.94112
G1 X96.723 Y118.678 E164.95765
G1 X96.961 Y118.889 E164.96823
G1 X97.371 Y119.057 E164.98297
G1 X137.629 Y119.057 E166.32195
G1 X138.035 Y118.888 E166.33658
G1 X138.276 Y118.675 E166.34728
G1 X138.458 Y118.223 E166.36348
G1 X138.458 Y116.868 E166.40855
G1 X138.418 Y116.62 E166.41691
G1 X138.28 Y116.343 E166.4272
G1 X138.072 Y116.122 E166.43729
G1 X137.629 Y115.943 E166.45318
G1 X97.371 Y115.943 E167.79217
G1 X96.958 Y116.111 E167.807
G1 X96.75 Y116.298 E167.8163
G1 F2700 E162.8163
G0 F6000 X96.936 Y116.484
G0 X97.402 Y116.119
G0 X91.835 Y116.119
G0 X91.836 Y96.457
G0 X91.964 Y95.475
G0 X94.355 Y94.355
G1 F2700 E167.8163
G1 F1200 X94.99 Y93.867 E167.84294
G1 X95.701 Y93.571 E167.86855
G1 X96.569 Y93.46 E167.89766
G1 X138.427 Y93.46 E169.28986
G1 X139.291 Y93.571 E169.31884
G1 X140.002 Y93.867 E169.34445
G1 X140.633 Y94.351 E169.3709
G1 X141.125 Y94.989 E169.3977
G1 X141.421 Y95.705 E169.42347
G1 X141.54 Y96.574 E169.45264
G1 X141.539 Y138.418 E170.84438
G1 X141.421 Y139.287 E170.87354
G1 X141.125 Y140.006 E170.89941
G1 X140.637 Y140.637 E170.92594
G1 X140.006 Y141.125 E170.95247
G1 X139.287 Y141.421 E170.97833
G1 X138.422 Y141.539 E171.00737
G1 X96.574 Y141.54 E172.39924
G1 X95.705 Y141.421 E172.42841
G1 X94.986 Y141.125 E172.45427
G1 X94.355 Y140.637 E172.4808
G1 X93.867 Y140.002 E172.50744
G1 X93.571 Y139.291 E172.53305
G1 X93.461 Y138.427 E172.56202
G1 X93.46 Y96.569 E173.95423
G1 X93.571 Y95.701 E173.98333
G1 X93.867 Y94.99 E174.00895
G1 X94.355 Y94.355 E174.03558
G1 F2700 E169.03558
G0 F6000 X94.199 Y94.151
G0 X94.885 Y93.697
G0 X95.655 Y93.378
G0 X96.554 Y93.261
G0 X138.446 Y93.261
G0 X139.341 Y93.378
G0 X140.107 Y93.697
G0 X140.654 Y94.116
G0 X141.285 Y94.766
G0 X140.978 Y95.157
G1 F2700 E174.03558
G1 F1200 X139.836 Y94.016 E174.08927
G0 F6000 X138.989 Y93.734
G1 F1200 X141.26 Y96.005 E174.1961
G0 F6000 X141.34 Y96.651
G1 F1200 X138.349 Y93.66 E174.33678
G0 F6000 X137.783 Y93.66
G1 F1200 X141.34 Y97.217 E174.50409
G0 F6000 X141.34 Y97.782
G1 F1200 X137.218 Y93.66 E174.69798
G0 F6000 X136.652 Y93.66
G1 F1200 X141.34 Y98.348 E174.91849
G0 F6000 X141.34 Y98.914
G1 F1200 X136.086 Y93.66 E175.16562
G0 F6000 X135.521 Y93.66
G1 F1200 X141.34 Y99.479 E175.43933
G0 F6000 X141.34 Y100.045
G1 F1200 X134.955 Y93.66 E175.73966
G0 F6000 X134.389 Y93.66
G1 F1200 X141.34 Y100.611 E176.06661
G0 F6000 X141.34 Y101.176
G1 F1200 X133.823 Y93.66 E176.42017
G0 F6000 X133.258 Y93.66
G1 F1200 X141.34 Y101.742 E176.80032
G0 F6000 X141.34 Y102.308
G1 F1200 X132.692 Y93.66 E177.20709
G0 F6000 X132.126 Y93.66
G1 F1200 X141.34 Y102.873 E177.64047
G0 F6000 X141.34 Y103.439
G1 F1200 X131.561 Y93.66 E178.10044
G0 F6000 X130.995 Y93.66
G1 F1200 X141.34 Y104.005 E178.58704
G0 F6000 X141.34 Y104.57
G1 F1200 X130.429 Y93.66 E179.10024
G0 F6000 X129.864 Y93.66
G1 F1200 X141.34 Y105.136 E179.64003
G0 F6000 X141.34 Y105.702
G1 F1200 X129.298 Y93.66 E180.20645
G0 F6000 X128.732 Y93.66
G1 F1200 X141.34 Y106.268 E180.79949
G0 F6000 X141.34 Y106.833
G1 F1200 X128.167 Y93.66 E181.41911
G0 F6000 X127.601 Y93.66
G1 F1200 X141.34 Y107.399 E182.06535
G0 F6000 X141.34 Y107.965
G1 F1200 X127.035 Y93.66 E182.73821
G0 F6000 X126.47 Y93.66
G1 F1200 X141.34 Y108.53 E183.43765
G0 F6000 X141.34 Y109.096
G1 F1200 X125.904 Y93.66 E184.16372
G0 F6000 X125.338 Y93.66
G1 F1200 X141.34 Y109.662 E184.9164
G0 F6000 X141.34 Y110.227
G1 F1200 X124.773 Y93.66 E185.69566
G0 F6000 X124.207 Y93.66
G1 F1200 X141.34 Y110.793 E186.50155
G0 F6000 X141.34 Y111.359
G1 F1200 X123.641 Y93.66 E187.33405
G0 F6000 X123.075 Y93.66
G1 F1200 X141.34 Y111.924 E188.19316
G0 F6000 X141.34 Y112.49
G1 F1200 X122.51 Y93.66 E189.07886
G0 F6000 X121.944 Y93.66
G1 F1200 X141.34 Y113.056 E189.99119
G0 F6000 X141.34 Y113.621
G1 F1200 X121.378 Y93.66 E190.93012
G0 F6000 X120.813 Y93.66
G1 F1200 X141.34 Y114.187 E191.89565
G0 F6000 X141.34 Y114.753
G1 F1200 X120.247 Y93.66 E192.8878
G0 F6000 X119.681 Y93.66
G1 F1200 X141.34 Y115.319 E193.90657
G0 F6000 X141.34 Y115.884
G1 F1200 X119.116 Y93.66 E194.95192
G0 F6000 X118.55 Y93.66
G1 F1200 X141.34 Y116.45 E196.02389
G0 F6000 X141.34 Y117.016
G1 F1200 X117.984 Y93.66 E197.12249
G0 F6000 X117.419 Y93.66
G1 F1200 X141.34 Y117.581 E198.24766
G0 F6000 X141.34 Y118.147
G1 F1200 X116.853 Y93.66 E199.39945
G0 F6000 X116.287 Y93.66
G1 F1200 X141.34 Y118.713 E200.57787
G0 F6000 X141.34 Y119.278
G1 F1200 X138.585 Y116.523 E200.70745
G0 F6000 X138.659 Y117.163
G1 F1200 X141.34 Y119.844 E200.83356
G0 F6000 X141.34 Y120.41
G1 F1200 X138.657 Y117.726 E200.95978
G0 F6000 X138.652 Y118.287
G1 F1200 X141.34 Y120.975 E201.08622
G0 F6000 X141.34 Y121.541
G1 F1200 X138.486 Y118.687 E201.22046
G0 F6000 X138.219 Y118.986
G1 F1200 X141.34 Y122.107 E201.36726
G0 F6000 X141.34 Y122.672
G1 F1200 X137.852 Y119.184 E201.53133
G0 F6000 X137.356 Y119.254
G1 F1200 X141.34 Y123.238 E201.71872
G0 F6000 X141.34 Y123.804
G1 F1200 X136.791 Y119.254 E201.93272
G0 F6000 X136.225 Y119.254
G1 F1200 X141.34 Y124.369 E202.17331
G0 F6000 X141.34 Y124.935
G1 F1200 X135.659 Y119.254 E202.44053
G0 F6000 X135.093 Y119.254
G1 F1200 X141.34 Y125.501 E202.73437
G0 F6000 X141.34 Y126.067
G1 F1200 X134.528 Y119.254 E203.05481
G0 F6000 X133.962 Y119.254
G1 F1200 X141.34 Y126.632 E203.40185
G0 F6000 X141.34 Y127.198
G1 F1200 X133.396 Y119.254 E203.77551
G0 F6000 X132.831 Y119.255
G1 F1200 X141.34 Y127.764 E204.17574
G0 F6000 X141.34 Y128.329
G1 F1200 X132.266 Y119.255 E204.60256
G0 F6000 X131.7 Y119.255
G1 F1200 X141.34 Y128.895 E205.05599
G0 F6000 X141.34 Y129.461
G1 F1200 X131.134 Y119.255 E205.53605
G0 F6000 X130.569 Y119.255
G1 F1200 X141.34 Y130.026 E206.04269
G0 F6000 X141.34 Y130.592
G1 F1200 X130.003 Y119.255 E206.57594
G0 F6000 X129.437 Y119.255
G1 F1200 X141.34 Y131.158 E207.13583
G0 F6000 X141.34 Y131.723
G1 F1200 X128.872 Y119.255 E207.72228
G0 F6000 X128.307 Y119.256
G1 F1200 X141.34 Y132.289 E208.33531
G0 F6000 X141.34 Y132.855
G1 F1200 X127.741 Y119.256 E208.97497
G0 F6000 X127.175 Y119.256
G1 F1200 X141.34 Y133.42 E209.64122
G0 F6000 X141.34 Y133.986
G1 F1200 X126.61 Y119.256 E210.33408
G0 F6000 X126.044 Y119.256
G1 F1200 X141.34 Y134.552 E211.05356
G0 F6000 X141.34 Y135.117
G1 F1200 X125.478 Y119.256 E211.79963
G0 F6000 X124.913 Y119.256
G1 F1200 X141.34 Y135.683 E212.57231
G0 F6000 X141.34 Y136.249
G1 F1200 X124.347 Y119.256 E213.37161
G0 F6000 X123.782 Y119.256
G1 F1200 X141.34 Y136.815 E214.1975
G0 F6000 X141.34 Y137.38
G1 F1200 X123.216 Y119.256 E215.05
G0 F6000 X122.65 Y119.256
G1 F1200 X141.34 Y137.946 E215.92912
G0 F6000 X141.327 Y138.499
G1 F1200 X122.085 Y119.256 E216.83423
G0 F6000 X121.519 Y119.256
G1 F1200 X141.259 Y138.997 E217.76276
G0 F6000 X141.141 Y139.444
G1 F1200 X120.953 Y119.256 E218.71234
G0 F6000 X120.388 Y119.256
G1 F1200 X140.975 Y139.844 E219.68072
G0 F6000 X140.741 Y140.175
G1 F1200 X119.822 Y119.256 E220.66468
G0 F6000 X119.257 Y119.257
G1 F1200 X140.494 Y140.494 E221.66361
G0 F6000 X140.175 Y140.74
G1 F1200 X118.691 Y119.257 E222.67412
G0 F6000 X118.126 Y119.257
G1 F1200 X139.843 Y140.974 E223.69562
G0 F6000 X139.443 Y141.14
G1 F1200 X117.56 Y119.257 E224.72493
G0 F6000 X116.994 Y119.257
G1 F1200 X138.996 Y141.259 E225.75984
G0 F6000 X138.498 Y141.327
G1 F1200 X116.429 Y119.257 E226.79792
G0 F6000 X115.863 Y119.257
G1 F1200 X137.945 Y141.339 E227.83659
G0 F6000 X137.38 Y141.339
G1 F1200 X115.297 Y119.257 E228.87528
G0 F6000 X114.732 Y119.258
G1 F1200 X136.814 Y141.339 E229.91393
G0 F6000 X136.248 Y141.339
G1 F1200 X114.167 Y119.258 E230.95255
G0 F6000 X113.601 Y119.258
G1 F1200 X135.682 Y141.339 E231.99118
G0 F6000 X135.117 Y141.339
G1 F1200 X113.035 Y119.258 E233.02982
G0 F6000 X112.47 Y119.258
G1 F1200 X134.551 Y141.339 E234.06844
G0 F6000 X133.985 Y141.339
G1 F1200 X111.904 Y119.258 E235.10707
G0 F6000 X111.338 Y119.258
G1 F1200 X133.42 Y141.339 E236.14571
G0 F6000 X132.854 Y141.339
G1 F1200 X110.773 Y119.259 E237.18431
G0 F6000 X110.208 Y119.259
G1 F1200 X132.288 Y141.339 E238.22289
G0 F6000 X131.723 Y141.339
G1 F1200 X109.642 Y119.259 E239.26149
G0 F6000 X109.076 Y119.259
G1 F1200 X131.157 Y141.339 E240.30009
G0 F6000 X130.591 Y141.339
G1 F1200 X108.51 Y119.259 E241.33868
G0 F6000 X107.945 Y119.259
G1 F1200 X130.026 Y141.339 E242.37728
G0 F6000 X129.46 Y141.339
G1 F1200 X107.379 Y119.259 E243.41588
G0 F6000 X106.813 Y119.259
G1 F1200 X128.894 Y141.339 E244.45448
G0 F6000 X128.329 Y141.339
G1 F1200 X106.248 Y119.259 E245.49308
G0 F6000 X105.683 Y119.259
G1 F1200 X127.763 Y141.339 E246.53166
G0 F6000 X127.197 Y141.339
G1 F1200 X105.117 Y119.259 E247.57023
G0 F6000 X104.551 Y119.259
G1 F1200 X126.632 Y141.339 E248.60883
G0 F6000 X126.066 Y141.339
G1 F1200 X103.986 Y119.259 E249.64741
G0 F6000 X103.42 Y119.259
G1 F1200 X125.5 Y141.339 E250.68598
G0 F6000 X124.934 Y141.339
G1 F1200 X102.854 Y119.259 E251.72456
G0 F6000 X102.289 Y119.259
G1 F1200 X124.369 Y141.339 E252.76313
G0 F6000 X123.803 Y141.339
G1 F1200 X101.724 Y119.26 E253.80166
G0 F6000 X101.158 Y119.26
G1 F1200 X123.237 Y141.339 E254.84019
G0 F6000 X122.672 Y141.339
G1 F1200 X100.592 Y119.26 E255.87874
G0 F6000 X100.027 Y119.26
G1 F1200 X122.106 Y141.339 E256.91727
G0 F6000 X121.54 Y141.339
G1 F1200 X99.461 Y119.26 E257.9558
G0 F6000 X98.895 Y119.26
G1 F1200 X120.975 Y141.339 E258.99435
G0 F6000 X120.409 Y141.339
G1 F1200 X98.33 Y119.26 E260.03288
G0 F6000 X97.764 Y119.26
G1 F1200 X119.843 Y141.339 E261.07141
G0 F6000 X119.278 Y141.339
G1 F1200 X97.106 Y119.168 E262.11429
G0 F6000 X96.435 Y118.497
G1 F1200 X93.66 Y115.722 E262.24481
G0 F6000 X93.66 Y116.287
G1 F1200 X118.712 Y141.339 E263.42318
G0 F6000 X118.146 Y141.339
G1 F1200 X93.66 Y116.853 E264.57493
G0 F6000 X93.66 Y117.419
G1 F1200 X117.581 Y141.339 E265.70008
G0 F6000 X117.015 Y141.339
G1 F1200 X93.661 Y117.985 E266.79858
G0 F6000 X93.661 Y118.551
G1 F1200 X116.449 Y141.339 E267.87046
G0 F6000 X115.883 Y141.339
G1 F1200 X93.661 Y119.116 E268.91573
G0 F6000 X93.661 Y119.682
G1 F1200 X115.318 Y141.339 E269.93441
G0 F6000 X114.752 Y141.339
G1 F1200 X93.661 Y120.248 E270.92647
G0 F6000 X93.661 Y120.813
G1 F1200 X114.186 Y141.339 E271.89193
G0 F6000 X113.621 Y141.339
G1 F1200 X93.661 Y121.379 E272.83078
G0 F6000 X93.661 Y121.945
G1 F1200 X113.055 Y141.339 E273.74302
G0 F6000 X112.489 Y141.339
G1 F1200 X93.661 Y122.51 E274.62865
G0 F6000 X93.661 Y123.076
G1 F1200 X111.924 Y141.339 E275.48769
G0 F6000 X111.358 Y141.339
G1 F1200 X93.661 Y123.642 E276.3201
G0 F6000 X93.661 Y124.208
G1 F1200 X110.792 Y141.339 E277.12589
G0 F6000 X110.227 Y141.339
G1 F1200 X93.661 Y124.773 E277.9051
G0 F6000 X93.661 Y125.339
G1 F1200 X109.661 Y141.339 E278.65769
G0 F6000 X109.095 Y141.339
G1 F1200 X93.661 Y125.905 E279.38366
G0 F6000 X93.661 Y126.47
G1 F1200 X108.53 Y141.339 E280.08305
G0 F6000 X107.964 Y141.339
G1 F1200 X93.661 Y127.036 E280.75582
G0 F6000 X93.661 Y127.602
G1 F1200 X107.398 Y141.339 E281.40197
G0 F6000 X106.833 Y141.339
G1 F1200 X93.661 Y128.167 E282.02154
G0 F6000 X93.661 Y128.733
G1 F1200 X106.267 Y141.339 E282.61449
G0 F6000 X105.701 Y141.339
G1 F1200 X93.661 Y129.299 E283.18081
G0 F6000 X93.661 Y129.864
G1 F1200 X105.135 Y141.339 E283.72054
G0 F6000 X104.57 Y141.339
G1 F1200 X93.661 Y130.43 E284.23366
G0 F6000 X93.661 Y130.996
G1 F1200 X104.004 Y141.339 E284.72017
G0 F6000 X103.438 Y141.339
G1 F1200 X93.661 Y131.561 E285.18007
G0 F6000 X93.661 Y132.127
G1 F1200 X102.873 Y141.339 E285.61338
G0 F6000 X102.307 Y141.339
G1 F1200 X93.661 Y132.693 E286.02006
G0 F6000 X93.661 Y133.259
G1 F1200 X101.741 Y141.339 E286.40011
G0 F6000 X101.176 Y141.339
G1 F1200 X93.661 Y133.824 E286.7536
G0 F6000 X93.661 Y134.39
G1 F1200 X100.61 Y141.339 E287.08046
G0 F6000 X100.044 Y141.339
G1 F1200 X93.661 Y134.956 E287.38069
G0 F6000 X93.661 Y135.521
G1 F1200 X99.479 Y141.339 E287.65435
G0 F6000 X98.913 Y141.339
G1 F1200 X93.661 Y136.087 E287.90139
G0 F6000 X93.661 Y136.653
G1 F1200 X98.347 Y141.339 E288.12181
G0 F6000 X97.782 Y141.339
G1 F1200 X93.661 Y137.218 E288.31565
G0 F6000 X93.661 Y137.784
G1 F1200 X97.216 Y141.339 E288.48286
G0 F6000 X96.65 Y141.339
G1 F1200 X93.661 Y138.35 E288.62346
G0 F6000 X93.734 Y138.989
G1 F1200 X96.005 Y141.259 E288.73025
G0 F6000 X95.158 Y140.979
G1 F1200 X94.015 Y139.835 E288.78404
G1 F2700 E283.78404
G0 F6000 X93.59 Y140.01
G0 X93.378 Y139.341
G0 X93.293 Y138.404
G0 X91.835 Y138.444
G0 X91.835 Y118.569
G0 X96.344 Y117.84
G1 F2700 E288.78404
G1 F1200 X93.66 Y115.156 E288.91029
G0 F6000 X93.66 Y114.59
G1 F1200 X96.342 Y117.272 E289.03644
G0 F6000 X96.365 Y116.73
G1 F1200 X93.66 Y114.025 E289.16368
G0 F6000 X93.66 Y113.459
G1 F1200 X96.512 Y116.311 E289.29783
G0 F6000 X96.765 Y115.999
G1 F1200 X93.66 Y112.893 E289.4439
G0 F6000 X93.66 Y112.327
G1 F1200 X97.147 Y115.815 E289.60794
G0 F6000 X97.643 Y115.745
G1 F1200 X93.66 Y111.762 E289.79529
G0 F6000 X93.66 Y111.196
G1 F1200 X98.209 Y115.745 E290.00926
G0 F6000 X98.774 Y115.745
G1 F1200 X93.66 Y110.63 E290.24983
G0 F6000 X93.66 Y110.065
G1 F1200 X99.34 Y115.745 E290.517
G0 F6000 X99.906 Y115.745
G1 F1200 X93.66 Y109.499 E290.81079
G0 F6000 X93.66 Y108.933
G1 F1200 X100.471 Y115.745 E291.13118
G0 F6000 X101.037 Y115.745
G1 F1200 X93.66 Y108.368 E291.47818
G0 F6000 X93.66 Y107.802
G1 F1200 X101.603 Y115.745 E291.85179
G0 F6000 X102.168 Y115.745
G1 F1200 X93.66 Y107.236 E292.252
G0 F6000 X93.66 Y106.671
G1 F1200 X102.733 Y115.744 E292.67877
G0 F6000 X103.299 Y115.744
G1 F1200 X93.66 Y106.105 E293.13216
G0 F6000 X93.66 Y105.539
G1 F1200 X103.865 Y115.744 E293.61217
G0 F6000 X104.43 Y115.744
G1 F1200 X93.66 Y104.974 E294.11876
G0 F6000 X93.66 Y104.408
G1 F1200 X104.996 Y115.744 E294.65197
G0 F6000 X105.562 Y115.744
G1 F1200 X93.66 Y103.842 E295.2118
G0 F6000 X93.66 Y103.276
G1 F1200 X106.128 Y115.744 E295.79826
G0 F6000 X106.693 Y115.744
G1 F1200 X93.66 Y102.711 E296.41129
G0 F6000 X93.66 Y102.145
G1 F1200 X107.259 Y115.744 E297.05095
G0 F6000 X107.824 Y115.743
G1 F1200 X93.66 Y101.579 E297.71718
G0 F6000 X93.66 Y101.014
G1 F1200 X108.39 Y115.743 E298.41001
G0 F6000 X108.955 Y115.743
G1 F1200 X93.66 Y100.448 E299.12944
G0 F6000 X93.66 Y99.882
G1 F1200 X109.521 Y115.743 E299.87549
G0 F6000 X110.087 Y115.743
G1 F1200 X93.66 Y99.317 E300.64814
G0 F6000 X93.66 Y98.751
G1 F1200 X110.652 Y115.743 E301.44739
G0 F6000 X111.218 Y115.743
G1 F1200 X93.66 Y98.185 E302.27327
G0 F6000 X93.66 Y97.62
G1 F1200 X111.784 Y115.743 E303.12574
G0 F6000 X112.349 Y115.743
G1 F1200 X93.66 Y97.054 E304.00482
G0 F6000 X93.67 Y96.498
G1 F1200 X112.914 Y115.743 E304.91002
G0 F6000 X113.48 Y115.743
G1 F1200 X93.734 Y95.997 E305.83881
G0 F6000 X93.851 Y95.548
G1 F1200 X114.046 Y115.743 E306.78872
G0 F6000 X114.611 Y115.743
G1 F1200 X94.017 Y95.148 E307.75742
G0 F6000 X94.252 Y94.817
G1 F1200 X115.177 Y115.743 E308.74169
G0 F6000 X115.743 Y115.743
G1 F1200 X94.498 Y94.498 E309.74099
G0 F6000 X94.818 Y94.252
G1 F1200 X116.308 Y115.743 E310.75184
G0 F6000 X116.874 Y115.743
G1 F1200 X95.149 Y94.018 E311.77372
G0 F6000 X95.549 Y93.851
G1 F1200 X117.44 Y115.743 E312.80343
G0 F6000 X118.005 Y115.742
G1 F1200 X95.998 Y93.735 E313.83857
G0 F6000 X96.499 Y93.67
G1 F1200 X118.57 Y115.742 E314.87675
G0 F6000 X119.136 Y115.742
G1 F1200 X97.054 Y93.66 E315.91541
G0 F6000 X97.62 Y93.66
G1 F1200 X119.702 Y115.742 E316.95408
G0 F6000 X120.268 Y115.742
G1 F1200 X98.185 Y93.66 E317.99278
G0 F6000 X98.751 Y93.66
G1 F1200 X120.833 Y115.742 E319.03145
G0 F6000 X121.399 Y115.742
G1 F1200 X99.317 Y93.66 E320.07012
G0 F6000 X99.882 Y93.66
G1 F1200 X121.965 Y115.742 E321.10881
G0 F6000 X122.53 Y115.742
G1 F1200 X100.448 Y93.66 E322.14748
G0 F6000 X101.014 Y93.66
G1 F1200 X123.095 Y115.741 E323.1861
G0 F6000 X123.661 Y115.741
G1 F1200 X101.579 Y93.66 E324.22475
G0 F6000 X102.145 Y93.66
G1 F1200 X124.227 Y115.741 E325.26339
G0 F6000 X124.792 Y115.741
G1 F1200 X102.711 Y93.66 E326.30202
G0 F6000 X103.276 Y93.66
G1 F1200 X125.358 Y115.741 E327.34066
G0 F6000 X125.924 Y115.741
G1 F1200 X103.842 Y93.66 E328.37931
G0 F6000 X104.408 Y93.66
G1 F1200 X126.489 Y115.741 E329.41793
G0 F6000 X127.055 Y115.741
G1 F1200 X104.974 Y93.66 E330.45655
G0 F6000 X105.539 Y93.66
G1 F1200 X127.62 Y115.741 E331.49518
G0 F6000 X128.186 Y115.741
G1 F1200 X106.105 Y93.66 E332.5338
G0 F6000 X106.671 Y93.66
G1 F1200 X128.751 Y115.741 E333.5724
G0 F6000 X129.317 Y115.741
G1 F1200 X107.236 Y93.66 E334.61102
G0 F6000 X107.802 Y93.66
G1 F1200 X129.883 Y115.741 E335.64964
G0 F6000 X130.448 Y115.741
G1 F1200 X108.368 Y93.66 E336.68824
G0 F6000 X108.933 Y93.66
G1 F1200 X131.014 Y115.741 E337.72686
G0 F6000 X131.58 Y115.741
G1 F1200 X109.499 Y93.66 E338.76549
G0 F6000 X110.065 Y93.66
G1 F1200 X132.146 Y115.741 E339.80411
G0 F6000 X132.711 Y115.74
G1 F1200 X110.63 Y93.66 E340.84271
G0 F6000 X111.196 Y93.66
G1 F1200 X133.276 Y115.74 E341.88128
G0 F6000 X133.842 Y115.74
G1 F1200 X111.762 Y93.66 E342.91986
G0 F6000 X112.327 Y93.66
G1 F1200 X134.408 Y115.74 E343.95846
G0 F6000 X134.973 Y115.74
G1 F1200 X112.893 Y93.66 E344.99703
G0 F6000 X113.459 Y93.66
G1 F1200 X135.539 Y115.74 E346.03561
G0 F6000 X136.105 Y115.74
G1 F1200 X114.025 Y93.66 E347.07418
G0 F6000 X114.59 Y93.66
G1 F1200 X136.67 Y115.74 E348.11276
G0 F6000 X137.236 Y115.74
G1 F1200 X115.156 Y93.66 E349.15134
G0 F6000 X115.722 Y93.66
G1 F1200 X137.892 Y115.83 E350.19414
G1 F2700 E345.19414
;MESH:NONMESH
G0 F300 X137.892 Y115.83 Z0.4
G0 F6000 X137.713 Y116.255
G0 X97.402 Y116.119
G0 X91.835 Y116.119
G0 X91.836 Y96.457
G0 X91.964 Y95.475
G0 X94.1 Y94.1
;TIME_ELAPSED:557.788291
;LAYER:1
M106 S85
;TYPE:WALL-INNER
;MESH:doppia_fenditura.stl
G1 F2700 E350.19414
G1 F1350 X93.556 Y94.804 E350.22374
G1 X93.221 Y95.613 E350.25286
G1 X93.1 Y96.543 E350.28405
G1 X93.1 Y138.457 E351.67812
G1 X93.221 Y139.383 E351.70918
G1 X93.556 Y140.192 E351.7383
G1 X94.1 Y140.896 E351.76789
G1 X94.804 Y141.44 E351.79748
G1 X95.614 Y141.775 E351.82664
G1 X96.544 Y141.9 E351.85785
G1 X138.456 Y141.9 E353.25185
G1 X139.383 Y141.775 E353.28296
G1 X140.188 Y141.443 E353.31192
G1 X140.896 Y140.896 E353.34168
G1 X141.443 Y140.188 E353.37143
G1 X141.775 Y139.383 E353.4004
G1 X141.9 Y138.456 E353.43151
G1 X141.9 Y96.544 E354.82551
G1 X141.775 Y95.613 E354.85675
G1 X141.443 Y94.808 E354.88571
G1 X140.896 Y94.101 E354.91544
G1 X140.188 Y93.556 E354.94516
G1 X139.383 Y93.221 E354.97416
G1 X138.457 Y93.1 E355.00522
G1 X96.543 Y93.1 E356.39929
G1 X95.613 Y93.221 E356.43048
G1 X94.804 Y93.556 E356.4596
G1 X94.1 Y94.1 E356.48919
G1 F2700 E351.48919
G0 F7500 X94.157 Y94.191
G0 X93.697 Y94.885
G0 X93.398 Y95.7
G0 X91.964 Y95.475
G0 X91.86 Y96.271
G0 X91.835 Y116.119
G0 X97.02 Y116.54
G1 F2700 E356.48919
G1 F1350 X97.14 Y116.42 E356.49484
G1 X97.421 Y116.3 E356.505
G1 X137.579 Y116.3 E357.84066
G1 X137.86 Y116.42 E357.85082
G1 X137.981 Y116.539 E357.85647
G1 X138.1 Y116.767 E357.86502
G1 X138.099 Y117.348 E357.88435
G1 X138.049 Y117.5 E357.88967
G1 X138.099 Y117.652 E357.89499
G1 X138.1 Y118.173 E357.91232
G1 X137.981 Y118.46 E357.92265
G1 X137.86 Y118.58 E357.92832
G1 X137.579 Y118.7 E357.93848
G1 X97.421 Y118.7 E359.27414
G1 X97.14 Y118.58 E359.28431
G1 X97.019 Y118.46 E359.28997
G1 X96.9 Y118.234 E359.29847
G1 X96.901 Y117.652 E359.31783
G1 X96.949 Y117.5 E359.32313
G1 X96.901 Y117.348 E359.32843
G1 X96.9 Y116.766 E359.34779
G1 X97.02 Y116.54 E359.3563
G0 F7500 X97.38 Y116.74
;TYPE:WALL-OUTER
G1 F1350 X97.463 Y116.703 E359.35932
G1 X137.537 Y116.703 E360.69219
G1 X137.62 Y116.74 E360.69521
G1 X137.7 Y116.849 E360.69971
G1 X137.698 Y117.357 E360.7166
G1 X137.5 Y117.5 E360.72473
G1 X137.7 Y117.645 E360.73294
G1 X137.698 Y118.135 E360.74924
G1 X137.661 Y118.22 E360.75232
G1 X137.537 Y118.297 E360.75718
G1 X97.463 Y118.297 E362.09005
G1 X97.38 Y118.26 E362.09307
G1 X97.3 Y118.151 E362.09757
G1 X97.302 Y117.643 E362.11446
G1 F1346.6 X97.483 Y117.5 E362.12215
G1 X97.3 Y117.355 E362.12994
G1 F1350 X97.3 Y116.849 E362.14677
G1 X97.38 Y116.74 E362.15126
G0 F7500 X97.483 Y117.5
G1 F1346.6 X137.5 Y117.5 E363.48556
G1 F2700 E358.48556
G0 F7500 X138 Y117.5
G0 X137.928 Y116.472
G0 X97.402 Y116.119
G0 X91.835 Y116.119
G0 X91.836 Y96.457
G0 X91.964 Y95.475
G0 X93.815 Y93.815
G1 F2700 E363.48556
G1 F1350 X93.207 Y94.602 E363.51864
G1 X92.831 Y95.509 E363.5513
G1 X92.7 Y96.517 E363.5851
G1 X92.7 Y138.483 E364.9809
G1 X92.831 Y139.487 E365.01458
G1 X93.207 Y140.394 E365.04723
G1 X93.815 Y141.181 E365.08031
G1 X94.602 Y141.789 E365.11339
G1 X95.509 Y142.165 E365.14604
G1 X96.518 Y142.3 E365.1799
G1 X138.482 Y142.3 E366.57563
G1 X139.487 Y142.165 E366.60936
G1 X140.39 Y141.793 E366.64184
G1 X141.181 Y141.181 E366.6751
G1 X141.793 Y140.39 E366.70837
G1 X142.165 Y139.487 E366.74085
G1 X142.3 Y138.482 E366.77458
G1 X142.3 Y96.518 E368.1703
G1 X142.165 Y95.509 E368.20416
G1 X141.793 Y94.606 E368.23665
G1 X141.181 Y93.815 E368.26991
G1 X140.39 Y93.207 E368.30309
G1 X139.487 Y92.831 E368.33563
G1 X138.483 Y92.7 E368.3693
G1 X96.517 Y92.7 E369.7651
G1 X95.509 Y92.831 E369.7989
G1 X94.602 Y93.207 E369.83156
G1 X93.815 Y93.815 E369.86464
G1 F2700 E364.86464
G0 F7500 X94.157 Y94.191
G0 X93.697 Y94.885
G0 X93.398 Y95.7
G0 X91.964 Y95.475
G0 X91.86 Y96.271
G0 X91.835 Y116.119
G0 X96.75 Y116.298
;TYPE:SKIN
G1 F2700 E369.86464
G1 F1350 X96.587 Y116.586 E369.87565
G1 X96.54 Y116.896 E369.88607
G1 X96.542 Y118.215 E369.92994
G1 X96.723 Y118.678 E369.94648
G1 X96.961 Y118.889 E369.95706
G1 X97.371 Y119.057 E369.97179
G1 X137.629 Y119.057 E371.31078
G1 X138.035 Y118.888 E371.32541
G1 X138.276 Y118.675 E371.3361
G1 X138.458 Y118.223 E371.35231
G1 X138.458 Y116.868 E371.39738
G1 X138.418 Y116.62 E371.40573
G1 X138.28 Y116.343 E371.41603
G1 X138.072 Y116.122 E371.42612
G1 X137.629 Y115.943 E371.44201
G1 X97.371 Y115.943 E372.781
G1 X96.958 Y116.111 E372.79583
G1 X96.75 Y116.298 E372.80513
G1 F2700 E367.80513
G0 F7500 X96.936 Y116.484
G0 X97.402 Y116.119
G0 X91.835 Y116.119
G0 X91.836 Y96.457
G0 X91.964 Y95.475
G0 X94.355 Y94.355
G1 F2700 E372.80513
G1 F1350 X94.99 Y93.867 E372.83177
G1 X95.701 Y93.571 E372.85738
G1 X96.569 Y93.46 E372.88649
G1 X138.427 Y93.46 E374.27869
G1 X139.291 Y93.571 E374.30766
G1 X140.002 Y93.867 E374.33328
G1 X140.633 Y94.351 E374.35973
G1 X141.125 Y94.989 E374.38653
G1 X141.421 Y95.705 E374.4123
G1 X141.54 Y96.574 E374.44147
G1 X141.539 Y138.418 E375.83321
G1 X141.421 Y139.287 E375.86237
G1 X141.125 Y140.006 E375.88823
G1 X140.637 Y140.637 E375.91477
G1 X140.006 Y141.125 E375.9413
G1 X139.287 Y141.421 E375.96716
G1 X138.422 Y141.539 E375.99619
G1 X96.574 Y141.54 E377.38807
G1 X95.705 Y141.421 E377.41724
G1 X94.986 Y141.125 E377.4431
G1 X94.355 Y140.637 E377.46963
G1 X93.867 Y140.002 E377.49627
G1 X93.571 Y139.291 E377.52188
G1 X93.461 Y138.427 E377.55085
G1 X93.46 Y96.569 E378.94305
G1 X93.571 Y95.701 E378.97216
G1 X93.867 Y94.99 E378.99777
G1 X94.355 Y94.355 E379.02441
G0 F7500 X94.199 Y94.151
G0 X93.914 Y94.567
G0 X93.315 Y95.668
G0 X93.777 Y95.728
G1 F1350 X95.728 Y93.777 E379.11618
G0 F7500 X96.384 Y93.686
G1 F1350 X93.686 Y96.384 E379.24309
G0 F7500 X93.661 Y96.975
G1 F1350 X96.976 Y93.66 E379.39901
G0 F7500 X97.542 Y93.66
G1 F1350 X93.661 Y97.541 E379.58156
G0 F7500 X93.661 Y98.107
G1 F1350 X98.108 Y93.66 E379.79074
G0 F7500 X98.673 Y93.66
G1 F1350 X93.661 Y98.673 E380.02651
G0 F7500 X93.661 Y99.238
G1 F1350 X99.239 Y93.66 E380.28888
G0 F7500 X99.805 Y93.66
G1 F1350 X93.661 Y99.804 E380.57788
G0 F7500 X93.661 Y100.37
G1 F1350 X100.37 Y93.66 E380.89347
G0 F7500 X100.936 Y93.66
G1 F1350 X93.661 Y100.935 E381.23566
G0 F7500 X93.661 Y101.501
G1 F1350 X101.502 Y93.66 E381.60448
G0 F7500 X102.067 Y93.66
G1 F1350 X93.661 Y102.067 E381.9999
G0 F7500 X93.661 Y102.632
G1 F1350 X102.633 Y93.66 E382.42191
G0 F7500 X103.199 Y93.66
G1 F1350 X93.661 Y103.198 E382.87055
G0 F7500 X93.661 Y103.764
G1 F1350 X103.764 Y93.66 E383.34579
G0 F7500 X104.33 Y93.66
G1 F1350 X93.661 Y104.329 E383.84762
G0 F7500 X93.661 Y104.895
G1 F1350 X104.896 Y93.66 E384.37608
G0 F7500 X105.461 Y93.66
G1 F1350 X93.661 Y105.461 E384.93114
G0 F7500 X93.661 Y106.026
G1 F1350 X106.027 Y93.66 E385.5128
G0 F7500 X106.593 Y93.66
G1 F1350 X93.661 Y106.592 E386.12108
G0 F7500 X93.661 Y107.158
G1 F1350 X107.158 Y93.66 E386.75597
G0 F7500 X107.724 Y93.66
G1 F1350 X93.661 Y107.723 E387.41745
G0 F7500 X93.661 Y108.289
G1 F1350 X108.29 Y93.66 E388.10555
G0 F7500 X108.856 Y93.66
G1 F1350 X93.661 Y108.855 E388.82028
G0 F7500 X93.661 Y109.421
G1 F1350 X109.421 Y93.66 E389.5616
G0 F7500 X109.987 Y93.66
G1 F1350 X93.661 Y109.986 E390.32953
G0 F7500 X93.661 Y110.552
G1 F1350 X110.553 Y93.66 E391.12407
G0 F7500 X111.118 Y93.66
G1 F1350 X93.661 Y111.118 E391.94522
G0 F7500 X93.661 Y111.683
G1 F1350 X111.684 Y93.66 E392.79297
G0 F7500 X112.25 Y93.66
G1 F1350 X93.661 Y112.249 E393.66734
G0 F7500 X93.661 Y112.815
G1 F1350 X112.815 Y93.66 E394.56831
G0 F7500 X113.381 Y93.66
G1 F1350 X93.661 Y113.38 E395.49587
G0 F7500 X93.661 Y113.946
G1 F1350 X113.947 Y93.66 E396.45007
G0 F7500 X114.512 Y93.66
G1 F1350 X93.661 Y114.512 E397.43086
G0 F7500 X93.661 Y115.077
G1 F1350 X115.078 Y93.66 E398.43825
G0 F7500 X115.644 Y93.66
G1 F1350 X93.661 Y115.643 E399.47226
G0 F7500 X93.661 Y116.209
G1 F1350 X116.209 Y93.66 E400.53287
G0 F7500 X116.775 Y93.66
G1 F1350 X93.661 Y116.774 E401.62008
G0 F7500 X93.661 Y117.34
G1 F1350 X117.341 Y93.66 E402.73392
G0 F7500 X117.907 Y93.66
G1 F1350 X93.661 Y117.905 E403.87435
G0 F7500 X93.661 Y118.471
G1 F1350 X118.472 Y93.66 E405.04139
G0 F7500 X119.038 Y93.66
G1 F1350 X93.661 Y119.036 E406.23502
G0 F7500 X93.661 Y119.602
G1 F1350 X96.34 Y116.924 E406.36101
G0 F7500 X96.342 Y117.487
G1 F1350 X93.661 Y120.168 E406.48711
G0 F7500 X93.661 Y120.734
G1 F1350 X96.344 Y118.051 E406.61331
G0 F7500 X96.442 Y118.518
G1 F1350 X93.661 Y121.299 E406.74412
G0 F7500 X93.661 Y121.865
G1 F1350 X96.649 Y118.877 E406.88467
G0 F7500 X96.979 Y119.113
G1 F1350 X93.661 Y122.431 E407.04074
G0 F7500 X93.661 Y122.996
G1 F1350 X97.398 Y119.259 E407.21651
G0 F7500 X97.964 Y119.259
G1 F1350 X93.661 Y123.562 E407.41891
G0 F7500 X93.661 Y124.128
G1 F1350 X98.53 Y119.259 E407.64794
G0 F7500 X99.095 Y119.259
G1 F1350 X93.661 Y124.693 E407.90354
G0 F7500 X93.661 Y125.259
G1 F1350 X99.661 Y119.259 E408.18576
G0 F7500 X100.227 Y119.259
G1 F1350 X93.661 Y125.825 E408.4946
G0 F7500 X93.661 Y126.39
G1 F1350 X100.792 Y119.259 E408.83002
G0 F7500 X101.358 Y119.259
G1 F1350 X93.661 Y126.956 E409.19207
G0 F7500 X93.661 Y127.522
G1 F1350 X101.924 Y119.259 E409.58073
G0 F7500 X102.49 Y119.259
G1 F1350 X93.661 Y128.087 E409.996
G0 F7500 X93.661 Y128.653
G1 F1350 X103.056 Y119.259 E410.43789
G0 F7500 X103.622 Y119.259
G1 F1350 X93.661 Y129.219 E410.9064
G0 F7500 X93.661 Y129.784
G1 F1350 X104.187 Y119.259 E411.40148
G0 F7500 X104.753 Y119.259
G1 F1350 X93.661 Y130.35 E411.92319
G0 F7500 X93.661 Y130.916
G1 F1350 X105.319 Y119.259 E412.47153
G0 F7500 X105.884 Y119.259
G1 F1350 X93.661 Y131.482 E413.04646
G0 F7500 X93.661 Y132.047
G1 F1350 X106.451 Y119.258 E413.64804
G0 F7500 X107.016 Y119.258
G1 F1350 X93.661 Y132.613 E414.27622
G0 F7500 X93.661 Y133.179
G1 F1350 X107.582 Y119.258 E414.93102
G0 F7500 X108.148 Y119.258
G1 F1350 X93.661 Y133.744 E415.61242
G0 F7500 X93.661 Y134.31
G1 F1350 X108.713 Y119.258 E416.32042
G0 F7500 X109.279 Y119.258
G1 F1350 X93.661 Y134.876 E417.05504
G0 F7500 X93.661 Y135.441
G1 F1350 X109.845 Y119.258 E417.81626
G0 F7500 X110.41 Y119.258
G1 F1350 X93.661 Y136.007 E418.60409
G0 F7500 X93.661 Y136.573
G1 F1350 X110.977 Y119.257 E419.41858
G0 F7500 X111.543 Y119.257
G1 F1350 X93.661 Y137.138 E420.25967
G0 F7500 X93.661 Y137.704
G1 F1350 X112.108 Y119.257 E421.12736
G0 F7500 X112.674 Y119.257
G1 F1350 X93.661 Y138.27 E422.02167
G0 F7500 X93.709 Y138.787
G1 F1350 X113.24 Y119.257 E422.94033
G0 F7500 X113.805 Y119.257
G1 F1350 X93.784 Y139.279 E423.88208
G0 F7500 X93.95 Y139.678
G1 F1350 X114.371 Y119.257 E424.84262
G0 F7500 X114.937 Y119.257
G1 F1350 X94.151 Y140.042 E425.8203
G0 F7500 X94.397 Y140.363
G1 F1350 X115.503 Y119.256 E426.81309
G0 F7500 X116.069 Y119.256
G1 F1350 X94.686 Y140.639 E427.81888
G0 F7500 X95.005 Y140.885
G1 F1350 X116.634 Y119.256 E428.83624
G0 F7500 X117.2 Y119.256
G1 F1350 X95.384 Y141.072 E429.8624
G0 F7500 X95.792 Y141.23
G1 F1350 X117.766 Y119.256 E430.89599
G0 F7500 X118.331 Y119.256
G1 F1350 X96.29 Y141.298 E431.93275
G0 F7500 X96.814 Y141.34
G1 F1350 X118.897 Y119.256 E432.97149
G0 F7500 X119.463 Y119.256
G1 F1350 X97.379 Y141.34 E434.01026
G0 F7500 X97.945 Y141.34
G1 F1350 X120.029 Y119.256 E435.04902
G0 F7500 X120.595 Y119.256
G1 F1350 X98.511 Y141.34 E436.08778
G0 F7500 X99.076 Y141.34
G1 F1350 X121.161 Y119.256 E437.12657
G0 F7500 X121.726 Y119.256
G1 F1350 X99.642 Y141.34 E438.16534
G0 F7500 X100.208 Y141.34
G1 F1350 X122.292 Y119.256 E439.2041
G0 F7500 X122.858 Y119.256
G1 F1350 X100.773 Y141.34 E440.24289
G0 F7500 X101.339 Y141.34
G1 F1350 X123.423 Y119.256 E441.28165
G0 F7500 X123.989 Y119.256
G1 F1350 X101.905 Y141.34 E442.32041
G0 F7500 X102.47 Y141.34
G1 F1350 X124.555 Y119.255 E443.35922
G0 F7500 X125.121 Y119.255
G1 F1350 X103.036 Y141.34 E444.39803
G0 F7500 X103.602 Y141.34
G1 F1350 X125.687 Y119.255 E445.43685
G0 F7500 X126.253 Y119.255
G1 F1350 X104.167 Y141.34 E446.47568
G0 F7500 X104.733 Y141.34
G1 F1350 X126.818 Y119.255 E447.51449
G0 F7500 X127.384 Y119.255
G1 F1350 X105.299 Y141.34 E448.5533
G0 F7500 X105.864 Y141.34
G1 F1350 X127.95 Y119.255 E449.59214
G0 F7500 X128.515 Y119.255
G1 F1350 X106.43 Y141.34 E450.63095
G0 F7500 X106.996 Y141.34
G1 F1350 X129.082 Y119.254 E451.6698
G0 F7500 X129.647 Y119.254
G1 F1350 X107.562 Y141.34 E452.70864
G0 F7500 X108.127 Y141.34
G1 F1350 X130.213 Y119.254 E453.7475
G0 F7500 X130.779 Y119.254
G1 F1350 X108.693 Y141.34 E454.78635
G0 F7500 X109.259 Y141.34
G1 F1350 X131.344 Y119.254 E455.82519
G0 F7500 X131.91 Y119.254
G1 F1350 X109.824 Y141.34 E456.86405
G0 F7500 X110.39 Y141.34
G1 F1350 X132.476 Y119.254 E457.9029
G0 F7500 X133.041 Y119.254
G1 F1350 X110.956 Y141.34 E458.94174
G0 F7500 X111.521 Y141.34
G1 F1350 X133.608 Y119.254 E459.98062
G0 F7500 X134.174 Y119.254
G1 F1350 X112.087 Y141.34 E461.0195
G0 F7500 X112.653 Y141.34
G1 F1350 X134.739 Y119.254 E462.05836
G0 F7500 X135.305 Y119.254
G1 F1350 X113.218 Y141.34 E463.09724
G0 F7500 X113.784 Y141.34
G1 F1350 X135.871 Y119.254 E464.13612
G0 F7500 X136.436 Y119.254
G1 F1350 X114.35 Y141.34 E465.17498
G0 F7500 X114.915 Y141.34
G1 F1350 X137.002 Y119.254 E466.21386
G0 F7500 X137.568 Y119.254
G1 F1350 X115.481 Y141.34 E467.25274
G0 F7500 X116.047 Y141.34
G1 F1350 X141.339 Y116.048 E468.4424
G0 F7500 X141.339 Y116.613
G1 F1350 X116.613 Y141.34 E469.60546
G0 F7500 X117.178 Y141.34
G1 F1350 X141.339 Y117.179 E470.74192
G0 F7500 X141.339 Y117.745
G1 F1350 X117.744 Y141.34 E471.85175
G0 F7500 X118.31 Y141.34
G1 F1350 X141.339 Y118.311 E472.93497
G0 F7500 X141.339 Y118.877
G1 F1350 X118.875 Y141.34 E473.99158
G0 F7500 X119.441 Y141.34
G1 F1350 X141.339 Y119.442 E475.0216
G0 F7500 X141.339 Y120.008
G1 F1350 X120.007 Y141.34 E476.02499
G0 F7500 X120.572 Y141.34
G1 F1350 X141.339 Y120.574 E477.00178
G0 F7500 X141.339 Y121.139
G1 F1350 X121.138 Y141.34 E477.95197
G0 F7500 X121.704 Y141.34
G1 F1350 X141.339 Y121.705 E478.87554
G0 F7500 X141.339 Y122.271
G1 F1350 X122.269 Y141.34 E479.77251
G0 F7500 X122.835 Y141.34
G1 F1350 X141.339 Y122.836 E480.64289
G0 F7500 X141.339 Y123.402
G1 F1350 X123.401 Y141.34 E481.48663
G0 F7500 X123.966 Y141.34
G1 F1350 X141.339 Y123.968 E482.30378
G0 F7500 X141.339 Y124.534
G1 F1350 X124.532 Y141.34 E483.09431
G0 F7500 X125.098 Y141.34
G1 F1350 X141.339 Y125.099 E483.85824
G0 F7500 X141.339 Y125.665
G1 F1350 X125.663 Y141.34 E484.59556
G0 F7500 X126.229 Y141.34
G1 F1350 X141.339 Y126.231 E485.30627
G0 F7500 X141.339 Y126.796
G1 F1350 X126.795 Y141.34 E485.99037
G0 F7500 X127.361 Y141.34
G1 F1350 X141.339 Y127.362 E486.64786
G0 F7500 X141.339 Y127.928
G1 F1350 X127.926 Y141.34 E487.27874
G0 F7500 X128.492 Y141.34
G1 F1350 X141.339 Y128.493 E487.88302
G0 F7500 X141.339 Y129.059
G1 F1350 X129.058 Y141.34 E488.46068
G0 F7500 X129.623 Y141.34
G1 F1350 X141.339 Y129.625 E489.01174
G0 F7500 X141.339 Y130.19
G1 F1350 X130.189 Y141.34 E489.53621
G0 F7500 X130.755 Y141.34
G1 F1350 X141.339 Y130.756 E490.03404
G0 F7500 X141.339 Y131.322
G1 F1350 X131.32 Y141.34 E490.50528
G0 F7500 X131.886 Y141.34
G1 F1350 X141.339 Y131.887 E490.94992
G0 F7500 X141.339 Y132.453
G1 F1350 X132.452 Y141.34 E491.36794
G0 F7500 X133.017 Y141.34
G1 F1350 X141.339 Y133.019 E491.75936
G0 F7500 X141.339 Y133.584
G1 F1350 X133.583 Y141.34 E492.12418
G0 F7500 X134.149 Y141.34
G1 F1350 X141.339 Y134.15 E492.46237
G0 F7500 X141.339 Y134.716
G1 F1350 X134.714 Y141.34 E492.77397
G0 F7500 X135.28 Y141.34
G1 F1350 X141.339 Y135.282 E493.05894
G0 F7500 X141.339 Y135.847
G1 F1350 X135.846 Y141.34 E493.31732
G0 F7500 X136.412 Y141.34
G1 F1350 X141.339 Y136.413 E493.54907
G0 F7500 X141.339 Y136.979
G1 F1350 X136.977 Y141.34 E493.75422
G0 F7500 X137.543 Y141.34
G1 F1350 X141.339 Y137.544 E493.93277
G0 F7500 X141.339 Y138.11
G1 F1350 X138.109 Y141.34 E494.0847
G0 F7500 X138.717 Y141.297
G1 F1350 X141.296 Y138.718 E494.20601
G0 F7500 X141.141 Y139.439
G1 F1350 X139.439 Y141.141 E494.28607
G1 F2700 E489.28607
G0 F7500 X139.615 Y141.571
G0 X140.087 Y141.269
G0 X140.981 Y142.432
G0 X141.802 Y141.802
G0 X142.544 Y140.835
G0 X143.011 Y139.708
G0 X143.135 Y138.765
G0 X143.165 Y118.881
G0 X138.656 Y118.165
G1 F2700 E494.28607
G1 F1350 X141.339 Y115.482 E494.41227
G0 F7500 X141.339 Y114.916
G1 F1350 X138.658 Y117.598 E494.5384
G0 F7500 X138.66 Y117.03
G1 F1350 X141.339 Y114.35 E494.66443
G0 F7500 X141.339 Y113.785
G1 F1350 X138.591 Y116.533 E494.79369
G0 F7500 X138.387 Y116.171
G1 F1350 X141.339 Y113.219 E494.93254
G0 F7500 X141.339 Y112.653
G1 F1350 X138.082 Y115.91 E495.08574
G0 F7500 X137.683 Y115.744
G1 F1350 X141.339 Y112.088 E495.25771
G0 F7500 X141.339 Y111.522
G1 F1350 X137.121 Y115.741 E495.45613
G0 F7500 X136.555 Y115.741
G1 F1350 X141.339 Y110.956 E495.68118
G0 F7500 X141.339 Y110.391
G1 F1350 X135.989 Y115.741 E495.93283
G0 F7500 X135.424 Y115.741
G1 F1350 X141.339 Y109.825 E496.21108
G0 F7500 X141.339 Y109.259
G1 F1350 X134.858 Y115.741 E496.51595
G0 F7500 X134.292 Y115.741
G1 F1350 X141.339 Y108.694 E496.84741
G0 F7500 X141.339 Y108.128
G1 F1350 X133.727 Y115.741 E497.20548
G0 F7500 X133.161 Y115.741
G1 F1350 X141.339 Y107.562 E497.59018
G0 F7500 X141.339 Y106.997
G1 F1350 X132.595 Y115.741 E498.00147
G0 F7500 X132.029 Y115.741
G1 F1350 X141.339 Y106.431 E498.43938
G0 F7500 X141.339 Y105.865
G1 F1350 X131.463 Y115.741 E498.90392
G0 F7500 X130.897 Y115.741
G1 F1350 X141.339 Y105.3 E499.39505
G0 F7500 X141.339 Y104.734
G1 F1350 X130.332 Y115.741 E499.91279
G0 F7500 X129.766 Y115.741
G1 F1350 X141.339 Y104.168 E500.45715
G0 F7500 X141.339 Y103.602
G1 F1350 X129.2 Y115.741 E501.02813
G0 F7500 X128.635 Y115.741
G1 F1350 X141.339 Y103.037 E501.62569
G0 F7500 X141.339 Y102.471
G1 F1350 X128.069 Y115.741 E502.24987
G0 F7500 X127.503 Y115.742
G1 F1350 X141.339 Y101.905 E502.90069
G0 F7500 X141.339 Y101.34
G1 F1350 X126.937 Y115.742 E503.57812
G0 F7500 X126.371 Y115.742
G1 F1350 X141.339 Y100.774 E504.28217
G0 F7500 X141.339 Y100.208
G1 F1350 X125.806 Y115.742 E505.01282
G0 F7500 X125.24 Y115.742
G1 F1350 X141.339 Y99.643 E505.77006
G0 F7500 X141.339 Y99.077
G1 F1350 X124.674 Y115.742 E506.55393
G0 F7500 X124.109 Y115.742
G1 F1350 X141.339 Y98.511 E507.3644
G0 F7500 X141.339 Y97.946
G1 F1350 X123.543 Y115.742 E508.20147
G0 F7500 X122.977 Y115.742
G1 F1350 X141.339 Y97.38 E509.06516
G0 F7500 X141.339 Y96.814
G1 F1350 X122.411 Y115.743 E509.9555
G0 F7500 X121.845 Y115.743
G1 F1350 X141.298 Y96.29 E510.87051
G0 F7500 X141.23 Y95.792
G1 F1350 X121.279 Y115.743 E511.80895
G0 F7500 X120.714 Y115.743
G1 F1350 X141.071 Y95.385 E512.7665
G0 F7500 X140.885 Y95.006
G1 F1350 X120.148 Y115.743 E513.74191
G0 F7500 X119.582 Y115.743
G1 F1350 X140.639 Y94.687 E514.73234
G0 F7500 X140.364 Y94.396
G1 F1350 X119.017 Y115.743 E515.73644
G0 F7500 X118.451 Y115.743
G1 F1350 X140.043 Y94.151 E516.75206
G0 F7500 X139.679 Y93.949
G1 F1350 X117.885 Y115.743 E517.77718
G0 F7500 X117.319 Y115.743
G1 F1350 X139.28 Y93.783 E518.81014
G0 F7500 X138.788 Y93.709
G1 F1350 X116.753 Y115.743 E519.84657
G0 F7500 X116.188 Y115.743
G1 F1350 X138.271 Y93.66 E520.88529
G0 F7500 X137.706 Y93.66
G1 F1350 X115.622 Y115.743 E521.92403
G0 F7500 X115.056 Y115.743
G1 F1350 X137.14 Y93.66 E522.96277
G0 F7500 X136.574 Y93.66
G1 F1350 X114.49 Y115.743 E524.00151
G0 F7500 X113.925 Y115.743
G1 F1350 X136.008 Y93.66 E525.04022
G0 F7500 X135.443 Y93.66
G1 F1350 X113.359 Y115.743 E526.07896
G0 F7500 X112.793 Y115.743
G1 F1350 X134.877 Y93.66 E527.1177
G0 F7500 X134.311 Y93.66
G1 F1350 X112.227 Y115.744 E528.15647
G0 F7500 X111.661 Y115.744
G1 F1350 X133.746 Y93.66 E529.19526
G0 F7500 X133.18 Y93.66
G1 F1350 X111.096 Y115.744 E530.23402
G0 F7500 X110.53 Y115.744
G1 F1350 X132.614 Y93.66 E531.27278
G0 F7500 X132.049 Y93.66
G1 F1350 X109.964 Y115.744 E532.31157
G0 F7500 X109.399 Y115.744
G1 F1350 X131.483 Y93.66 E533.35033
G0 F7500 X130.917 Y93.66
G1 F1350 X108.833 Y115.744 E534.3891
G0 F7500 X108.267 Y115.744
G1 F1350 X130.352 Y93.66 E535.42788
G0 F7500 X129.786 Y93.66
G1 F1350 X107.702 Y115.744 E536.46665
G0 F7500 X107.135 Y115.745
G1 F1350 X129.22 Y93.66 E537.50546
G0 F7500 X128.655 Y93.66
G1 F1350 X106.569 Y115.745 E538.54429
G0 F7500 X106.004 Y115.745
G1 F1350 X128.089 Y93.66 E539.5831
G0 F7500 X127.523 Y93.66
G1 F1350 X105.438 Y115.745 E540.62191
G0 F7500 X104.872 Y115.745
G1 F1350 X126.957 Y93.66 E541.66073
G0 F7500 X126.392 Y93.66
G1 F1350 X104.307 Y115.745 E542.69954
G0 F7500 X103.741 Y115.745
G1 F1350 X125.826 Y93.66 E543.73835
G0 F7500 X125.26 Y93.66
G1 F1350 X103.175 Y115.745 E544.77716
G0 F7500 X102.61 Y115.745
G1 F1350 X124.695 Y93.66 E545.81597
G0 F7500 X124.129 Y93.66
G1 F1350 X102.043 Y115.746 E546.85483
G0 F7500 X101.478 Y115.746
G1 F1350 X123.563 Y93.66 E547.89366
G0 F7500 X122.998 Y93.66
G1 F1350 X100.912 Y115.746 E548.93252
G0 F7500 X100.346 Y115.746
G1 F1350 X122.432 Y93.66 E549.97138
G0 F7500 X121.866 Y93.66
G1 F1350 X99.781 Y115.746 E551.01021
G0 F7500 X99.215 Y115.746
G1 F1350 X121.301 Y93.66 E552.04907
G0 F7500 X120.735 Y93.66
G1 F1350 X98.649 Y115.746 E553.08792
G0 F7500 X98.083 Y115.746
G1 F1350 X120.169 Y93.66 E554.12678
G0 F7500 X119.604 Y93.66
G1 F1350 X97.518 Y115.746 E555.16564
G1 F2700 E550.16564
;MESH:NONMESH
G0 F300 X97.518 Y115.746 Z0.6
G0 F7500 X97.518 Y116.2
G0 X91.835 Y116.119
G0 X91.836 Y96.457
G0 X91.964 Y95.475
G0 X94.1 Y94.1
;TIME_ELAPSED:857.265263
;LAYER:2
M106 S170
;TYPE:WALL-INNER
;MESH:doppia_fenditura.stl
G1 F2700 E555.16564
G1 F1500 X93.556 Y94.804 E555.19523
G1 X93.221 Y95.613 E555.22435
G1 X93.1 Y96.543 E555.25555
G1 X93.1 Y138.457 E556.64961
G1 X93.221 Y139.383 E556.68067
G1 X93.556 Y140.192 E556.7098
G1 X94.1 Y140.896 E556.73939
G1 X94.804 Y141.44 E556.76898
G1 X95.614 Y141.775 E556.79813
G1 X96.544 Y141.9 E556.82934
G1 X138.456 Y141.9 E558.22334
G1 X139.383 Y141.775 E558.25445
G1 X140.188 Y141.443 E558.28342
G1 X140.896 Y140.896 E558.31317
G1 X141.443 Y140.188 E558.34293
G1 X141.775 Y139.383 E558.37189
G1 X141.9 Y138.456 E558.403
G1 X141.9 Y96.544 E559.797
G1 X141.775 Y95.613 E559.82825
G1 X141.443 Y94.808 E559.85721
G1 X140.896 Y94.101 E559.88694
G1 X140.188 Y93.556 E559.91666
G1 X139.383 Y93.221 E559.94566
G1 X138.457 Y93.1 E559.97672
G1 X96.543 Y93.1 E561.37078
G1 X95.613 Y93.221 E561.40197
G1 X94.804 Y93.556 E561.4311
G1 X94.1 Y94.1 E561.46069
G1 F2700 E556.46069
G0 F9000 X94.157 Y94.191
G0 X93.697 Y94.885
G0 X93.398 Y95.7
G0 X91.964 Y95.475
G0 X91.86 Y96.271
G0 X91.835 Y116.119
G0 X97.02 Y116.54
G1 F2700 E561.46069
G1 F1500 X97.14 Y116.42 E561.46633
G1 X97.421 Y116.3 E561.4765
G1 X137.579 Y116.3 E562.81216
G1 X137.86 Y116.42 E562.82232
G1 X137.981 Y116.539 E562.82796
G1 X138.1 Y116.767 E562.83652
G1 X138.099 Y117.348 E562.85584
G1 X138.049 Y117.5 E562.86116
G1 X138.099 Y117.652 E562.86649
G1 X138.1 Y118.173 E562.88381
G1 X137.981 Y118.46 E562.89415
G1 X137.86 Y118.58 E562.89982
G1 X137.579 Y118.7 E562.90998
G1 X97.421 Y118.7 E564.24564
G1 X97.14 Y118.58 E564.2558
G1 X97.019 Y118.46 E564.26147
G1 X96.9 Y118.234 E564.26997
G1 X96.901 Y117.652 E564.28932
G1 X96.949 Y117.5 E564.29462
G1 X96.901 Y117.348 E564.29993
G1 X96.9 Y116.766 E564.31928
G1 X97.02 Y116.54 E564.32779
G0 F9000 X97.38 Y116.74
;TYPE:WALL-OUTER
G1 F1500 X97.463 Y116.703 E564.33082
G1 X137.537 Y116.703 E565.66368
G1 X137.62 Y116.74 E565.66671
G1 X137.7 Y116.849 E565.6712
G1 X137.698 Y117.357 E565.6881
G1 X137.5 Y117.5 E565.69622
G1 X137.7 Y117.645 E565.70444
G1 X137.698 Y118.135 E565.72074
G1 X137.661 Y118.22 E565.72382
G1 X137.537 Y118.297 E565.72867
G1 X97.463 Y118.297 E567.06154
G1 X97.38 Y118.26 E567.06456
G1 X97.3 Y118.151 E567.06906
G1 X97.302 Y117.643 E567.08596
G1 F1496.3 X97.483 Y117.5 E567.09365
G1 X97.3 Y117.355 E567.10143
G1 F1500 X97.3 Y116.849 E567.11826
G1 X97.38 Y116.74 E567.12276
G0 F9000 X97.483 Y117.5
G1 F1496.3 X137.5 Y117.5 E568.45706
G1 F2700 E563.45706
G0 F9000 X138 Y117.5
G0 X137.928 Y116.472
G0 X97.402 Y116.119
G0 X91.835 Y116.119
G0 X91.836 Y96.457
G0 X91.964 Y95.475
G0 X93.815 Y93.815
G1 F2700 E568.45706
G1 F1500 X93.207 Y94.602 E568.49014
G1 X92.831 Y95.509 E568.52279
G1 X92.7 Y96.517 E568.5566
G1 X92.7 Y138.483 E569.95239
G1 X92.831 Y139.487 E569.98607
G1 X93.207 Y140.394 E570.01873
G1 X93.815 Y141.181 E570.0518
G1 X94.602 Y141.789 E570.08488
G1 X95.509 Y142.165 E570.11754
G1 X96.518 Y142.3 E570.1514
G1 X138.482 Y142.3 E571.54713
G1 X139.487 Y142.165 E571.58085
G1 X140.39 Y141.793 E571.61333
G1 X141.181 Y141.181 E571.6466
G1 X141.793 Y140.39 E571.67986
G1 X142.165 Y139.487 E571.71234
G1 X142.3 Y138.482 E571.74607
G1 X142.3 Y96.518 E573.1418
G1 X142.165 Y95.509 E573.17566
G1 X141.793 Y94.606 E573.20814
G1 X141.181 Y93.815 E573.2414
G1 X140.39 Y93.207 E573.27459
G1 X139.487 Y92.831 E573.30712
G1 X138.483 Y92.7 E573.3408
G1 X96.517 Y92.7 E574.73659
G1 X95.509 Y92.831 E574.7704
G1 X94.602 Y93.207 E574.80306
G1 X93.815 Y93.815 E574.83613
G1 F2700 E569.83613
G0 F9000 X94.157 Y94.191
G0 X93.697 Y94.885
G0 X93.398 Y95.7
G0 X91.964 Y95.475
G0 X91.86 Y96.271
G0 X91.835 Y116.119
G0 X96.75 Y116.298
;TYPE:SKIN
G1 F2700 E574.83613
G1 F1500 X96.587 Y116.586 E574.84714
G1 X96.54 Y116.896 E574.85757
G1 X96.542 Y118.215 E574.90144
G1 X96.723 Y118.678 E574.91797
G1 X96.961 Y118.889 E574.92855
G1 X97.371 Y119.057 E574.94329
G1 X137.629 Y119.057 E576.28228
G1 X138.035 Y118.888 E576.2969
G1 X138.276 Y118.675 E576.3076
G1 X138.458 Y118.223 E576.32381
G1 X138.458 Y116.868 E576.36887
G1 X138.418 Y116.62 E576.37723
G1 X138.28 Y116.343 E576.38752
G1 X138.072 Y116.122 E576.39762
G1 X137.629 Y115.943 E576.41351
G1 X97.371 Y115.943 E577.75249
G1 X96.958 Y116.111 E577.76732
G1 X96.75 Y116.298 E577.77663
G1 F2700 E572.77663
G0 F9000 X96.936 Y116.484
G0 X97.402 Y116.119
G0 X91.835 Y116.119
G0 X91.836 Y96.457
G0 X91.964 Y95.475
G0 X94.355 Y94.355
G1 F2700 E577.77663
G1 F1500 X94.99 Y93.867 E577.80326
G1 X95.701 Y93.571 E577.82888
G1 X96.569 Y93.46 E577.85798
G1 X138.427 Y93.46 E579.25019
G1 X139.291 Y93.571 E579.27916
G1 X140.002 Y93.867 E579.30478
G1 X140.633 Y94.351 E579.33123
G1 X141.125 Y94.989 E579.35802
G1 X141.421 Y95.705 E579.38379
G1 X141.54 Y96.574 E579.41296
G1 X141.539 Y138.418 E580.8047
G1 X141.421 Y139.287 E580.83387
G1 X141.125 Y140.006 E580.85973
G1 X140.637 Y140.637 E580.88626
G1 X140.006 Y141.125 E580.91279
G1 X139.287 Y141.421 E580.93865
G1 X138.422 Y141.539 E580.96769
G1 X96.574 Y141.54 E582.35956
G1 X95.705 Y141.421 E582.38873
G1 X94.986 Y141.125 E582.41459
G1 X94.355 Y140.637 E582.44113
G1 X93.867 Y140.002 E582.46776
G1 X93.571 Y139.291 E582.49338
G1 X93.461 Y138.427 E582.52235
G1 X93.46 Y96.569 E583.91455
G1 X93.571 Y95.701 E583.94365
G1 X93.867 Y94.99 E583.96927
G1 X94.355 Y94.355 E583.99591
G1 F2700 E578.99591
G0 F9000 X94.199 Y94.151
G0 X94.885 Y93.697
G0 X95.655 Y93.378
G0 X96.554 Y93.261
G0 X138.446 Y93.261
G0 X139.341 Y93.378
G0 X140.107 Y93.697
G0 X140.654 Y94.116
G0 X141.285 Y94.766
G0 X140.977 Y95.157
G1 F2700 E583.99591
G1 F1500 X139.836 Y94.016 E584.04958
G0 F9000 X138.989 Y93.734
G1 F1500 X141.259 Y96.005 E584.15637
G0 F9000 X141.339 Y96.65
G1 F1500 X138.35 Y93.661 E584.29697
G0 F9000 X137.784 Y93.661
G1 F1500 X141.339 Y97.216 E584.46418
G0 F9000 X141.339 Y97.782
G1 F1500 X137.218 Y93.661 E584.65802
G0 F9000 X136.653 Y93.661
G1 F1500 X141.339 Y98.347 E584.87844
G0 F9000 X141.339 Y98.913
G1 F1500 X136.087 Y93.661 E585.12547
G0 F9000 X135.521 Y93.661
G1 F1500 X141.339 Y99.479 E585.39914
G0 F9000 X141.339 Y100.044
G1 F1500 X134.956 Y93.661 E585.69937
G0 F9000 X134.39 Y93.661
G1 F1500 X141.339 Y100.61 E586.02623
G0 F9000 X141.339 Y101.176
G1 F1500 X133.824 Y93.661 E586.37971
G0 F9000 X133.259 Y93.661
G1 F1500 X141.339 Y101.741 E586.75977
G0 F9000 X141.339 Y102.307
G1 F1500 X132.693 Y93.661 E587.16645
G0 F9000 X132.127 Y93.661
G1 F1500 X141.339 Y102.873 E587.59976
G0 F9000 X141.339 Y103.438
G1 F1500 X131.561 Y93.661 E588.05966
G0 F9000 X130.996 Y93.661
G1 F1500 X141.339 Y104.004 E588.54617
G0 F9000 X141.339 Y104.57
G1 F1500 X130.43 Y93.661 E589.05929
G0 F9000 X129.864 Y93.661
G1 F1500 X141.339 Y105.135 E589.59902
G0 F9000 X141.339 Y105.701
G1 F1500 X129.299 Y93.661 E590.16534
G0 F9000 X128.733 Y93.661
G1 F1500 X141.339 Y106.267 E590.75829
G0 F9000 X141.339 Y106.833
G1 F1500 X128.167 Y93.661 E591.37786
G0 F9000 X127.602 Y93.661
G1 F1500 X141.339 Y107.398 E592.02401
G0 F9000 X141.339 Y107.964
G1 F1500 X127.036 Y93.661 E592.69677
G0 F9000 X126.47 Y93.661
G1 F1500 X141.339 Y108.53 E593.39617
G0 F9000 X141.339 Y109.095
G1 F1500 X125.905 Y93.661 E594.12213
G0 F9000 X125.339 Y93.661
G1 F1500 X141.339 Y109.661 E594.87473
G0 F9000 X141.339 Y110.227
G1 F1500 X124.773 Y93.661 E595.65394
G0 F9000 X124.208 Y93.661
G1 F1500 X141.339 Y110.792 E596.45973
G0 F9000 X141.339 Y111.358
G1 F1500 X123.642 Y93.661 E597.29214
G0 F9000 X123.076 Y93.661
G1 F1500 X141.339 Y111.924 E598.15118
G0 F9000 X141.339 Y112.489
G1 F1500 X122.51 Y93.661 E599.03681
G0 F9000 X121.945 Y93.661
G1 F1500 X141.339 Y113.055 E599.94905
G0 F9000 X141.339 Y113.621
G1 F1500 X121.379 Y93.661 E600.8879
G0 F9000 X120.813 Y93.661
G1 F1500 X141.339 Y114.186 E601.85336
G0 F9000 X141.339 Y114.752
G1 F1500 X120.248 Y93.661 E602.84542
G0 F9000 X119.682 Y93.661
G1 F1500 X141.339 Y115.318 E603.8641
G0 F9000 X141.339 Y115.883
G1 F1500 X119.116 Y93.661 E604.90937
G0 F9000 X118.551 Y93.661
G1 F1500 X141.339 Y116.449 E605.98125
G0 F9000 X141.339 Y117.015
G1 F1500 X117.985 Y93.661 E607.07975
G0 F9000 X117.419 Y93.661
G1 F1500 X141.339 Y117.58 E608.20485
G0 F9000 X141.339 Y118.146
G1 F1500 X116.854 Y93.661 E609.35655
G0 F9000 X116.288 Y93.661
G1 F1500 X141.339 Y118.711 E610.53485
G0 F9000 X141.339 Y119.277
G1 F1500 X138.585 Y116.523 E610.66439
G0 F9000 X138.659 Y117.163
G1 F1500 X141.339 Y119.843 E610.79045
G0 F9000 X141.339 Y120.408
G1 F1500 X138.657 Y117.727 E610.91658
G0 F9000 X138.652 Y118.287
G1 F1500 X141.339 Y120.974 E611.04297
G0 F9000 X141.339 Y121.54
G1 F1500 X138.486 Y118.687 E611.17716
G0 F9000 X138.219 Y118.986
G1 F1500 X141.339 Y122.105 E611.32389
G0 F9000 X141.339 Y122.671
G1 F1500 X137.853 Y119.185 E611.48787
G0 F9000 X137.356 Y119.254
G1 F1500 X141.339 Y123.237 E611.67521
G0 F9000 X141.339 Y123.802
G1 F1500 X136.791 Y119.254 E611.88914
G0 F9000 X136.225 Y119.254
G1 F1500 X141.339 Y124.368 E612.12968
G0 F9000 X141.339 Y124.934
G1 F1500 X135.659 Y119.254 E612.39685
G0 F9000 X135.093 Y119.254
G1 F1500 X141.339 Y125.499 E612.69062
G0 F9000 X141.339 Y126.065
G1 F1500 X134.528 Y119.254 E613.01099
G0 F9000 X133.962 Y119.254
G1 F1500 X141.339 Y126.631 E613.35798
G0 F9000 X141.339 Y127.196
G1 F1500 X133.396 Y119.254 E613.73157
G0 F9000 X132.831 Y119.255
G1 F1500 X141.339 Y127.762 E614.13174
G0 F9000 X141.339 Y128.328
G1 F1500 X132.266 Y119.255 E614.55851
G0 F9000 X131.7 Y119.255
G1 F1500 X141.339 Y128.894 E615.0119
G0 F9000 X141.339 Y129.459
G1 F1500 X131.134 Y119.255 E615.49188
G0 F9000 X130.569 Y119.255
G1 F1500 X141.339 Y130.025 E615.99847
G0 F9000 X141.339 Y130.591
G1 F1500 X130.003 Y119.255 E616.53168
G0 F9000 X129.437 Y119.255
G1 F1500 X141.339 Y131.156 E617.09149
G0 F9000 X141.339 Y131.722
G1 F1500 X128.872 Y119.255 E617.6779
G0 F9000 X128.307 Y119.256
G1 F1500 X141.339 Y132.288 E618.29089
G0 F9000 X141.339 Y132.853
G1 F1500 X127.741 Y119.256 E618.93047
G0 F9000 X127.175 Y119.256
G1 F1500 X141.339 Y133.419 E619.59668
G0 F9000 X141.339 Y133.985
G1 F1500 X126.61 Y119.256 E620.28949
G0 F9000 X126.044 Y119.256
G1 F1500 X141.339 Y134.55 E621.00889
G0 F9000 X141.339 Y135.116
G1 F1500 X125.478 Y119.256 E621.75492
G0 F9000 X124.913 Y119.256
G1 F1500 X141.339 Y135.682 E622.52755
G0 F9000 X141.339 Y136.247
G1 F1500 X124.347 Y119.256 E623.32678
G0 F9000 X123.782 Y119.256
G1 F1500 X141.339 Y136.813 E624.15261
G0 F9000 X141.339 Y137.379
G1 F1500 X123.216 Y119.256 E625.00506
G0 F9000 X122.65 Y119.256
G1 F1500 X141.339 Y137.945 E625.88413
G0 F9000 X141.326 Y138.497
G1 F1500 X122.085 Y119.256 E626.78917
G0 F9000 X121.519 Y119.256
G1 F1500 X141.258 Y138.995 E627.71763
G0 F9000 X141.139 Y139.442
G1 F1500 X120.953 Y119.256 E628.66712
G0 F9000 X120.388 Y119.256
G1 F1500 X140.974 Y139.843 E629.63544
G0 F9000 X140.74 Y140.175
G1 F1500 X119.822 Y119.256 E630.61939
G0 F9000 X119.257 Y119.257
G1 F1500 X140.494 Y140.494 E631.61831
G0 F9000 X140.175 Y140.74
G1 F1500 X118.691 Y119.257 E632.62883
G0 F9000 X118.126 Y119.257
G1 F1500 X139.843 Y140.974 E633.65033
G0 F9000 X139.442 Y141.139
G1 F1500 X117.56 Y119.257 E634.67959
G0 F9000 X116.994 Y119.257
G1 F1500 X138.996 Y141.259 E635.7145
G0 F9000 X138.498 Y141.327
G1 F1500 X116.429 Y119.257 E636.75258
G0 F9000 X115.863 Y119.257
G1 F1500 X137.945 Y141.339 E637.79125
G0 F9000 X137.38 Y141.339
G1 F1500 X115.297 Y119.257 E638.82994
G0 F9000 X114.732 Y119.258
G1 F1500 X136.814 Y141.339 E639.86859
G0 F9000 X136.248 Y141.339
G1 F1500 X114.167 Y119.258 E640.90721
G0 F9000 X113.601 Y119.258
G1 F1500 X135.682 Y141.339 E641.94583
G0 F9000 X135.117 Y141.339
G1 F1500 X113.035 Y119.258 E642.98448
G0 F9000 X112.47 Y119.258
G1 F1500 X134.551 Y141.339 E644.0231
G0 F9000 X133.985 Y141.339
G1 F1500 X111.904 Y119.258 E645.06172
G0 F9000 X111.338 Y119.258
G1 F1500 X133.42 Y141.339 E646.10037
G0 F9000 X132.854 Y141.339
G1 F1500 X110.773 Y119.259 E647.13897
G0 F9000 X110.208 Y119.259
G1 F1500 X132.288 Y141.339 E648.17754
G0 F9000 X131.723 Y141.339
G1 F1500 X109.642 Y119.259 E649.21614
G0 F9000 X109.076 Y119.259
G1 F1500 X131.157 Y141.339 E650.25474
G0 F9000 X130.591 Y141.339
G1 F1500 X108.51 Y119.259 E651.29334
G0 F9000 X107.945 Y119.259
G1 F1500 X130.026 Y141.339 E652.33194
G0 F9000 X129.46 Y141.339
G1 F1500 X107.379 Y119.259 E653.37054
G0 F9000 X106.813 Y119.259
G1 F1500 X128.894 Y141.339 E654.40914
G0 F9000 X128.329 Y141.339
G1 F1500 X106.248 Y119.259 E655.44774
G0 F9000 X105.683 Y119.259
G1 F1500 X127.763 Y141.339 E656.48631
G0 F9000 X127.197 Y141.339
G1 F1500 X105.117 Y119.259 E657.52489
G0 F9000 X104.551 Y119.259
G1 F1500 X126.632 Y141.339 E658.56349
G0 F9000 X126.066 Y141.339
G1 F1500 X103.986 Y119.259 E659.60206
G0 F9000 X103.42 Y119.259
G1 F1500 X125.5 Y141.339 E660.64064
G0 F9000 X124.934 Y141.339
G1 F1500 X102.854 Y119.259 E661.67921
G0 F9000 X102.289 Y119.259
G1 F1500 X124.369 Y141.339 E662.71779
G0 F9000 X123.803 Y141.339
G1 F1500 X101.724 Y119.26 E663.75632
G0 F9000 X101.158 Y119.26
G1 F1500 X123.237 Y141.339 E664.79485
G0 F9000 X122.672 Y141.339
G1 F1500 X100.592 Y119.26 E665.8334
G0 F9000 X100.027 Y119.26
G1 F1500 X122.106 Y141.339 E666.87193
G0 F9000 X121.54 Y141.339
G1 F1500 X99.461 Y119.26 E667.91046
G0 F9000 X98.895 Y119.26
G1 F1500 X120.975 Y141.339 E668.94901
G0 F9000 X120.409 Y141.339
G1 F1500 X98.33 Y119.26 E669.98754
G0 F9000 X97.764 Y119.26
G1 F1500 X119.843 Y141.339 E671.02606
G0 F9000 X119.278 Y141.339
G1 F1500 X97.106 Y119.168 E672.06894
G0 F9000 X96.434 Y118.496
G1 F1500 X93.661 Y115.722 E672.1994
G0 F9000 X93.661 Y115.157
G1 F1500 X96.343 Y117.839 E672.32555
G0 F9000 X96.341 Y117.272
G1 F1500 X93.661 Y114.591 E672.45164
G0 F9000 X93.661 Y114.025
G1 F1500 X96.364 Y116.728 E672.57878
G0 F9000 X96.511 Y116.31
G1 F1500 X93.661 Y113.46 E672.71283
G0 F9000 X93.661 Y112.894
G1 F1500 X96.765 Y115.999 E672.85886
G0 F9000 X97.147 Y115.815
G1 F1500 X93.661 Y112.328 E673.02285
G0 F9000 X93.661 Y111.762
G1 F1500 X97.643 Y115.745 E673.21018
G0 F9000 X98.209 Y115.745
G1 F1500 X93.661 Y111.197 E673.4241
G0 F9000 X93.661 Y110.631
G1 F1500 X98.774 Y115.745 E673.66462
G0 F9000 X99.34 Y115.745
G1 F1500 X93.661 Y110.065 E673.93177
G0 F9000 X93.661 Y109.5
G1 F1500 X99.906 Y115.745 E674.22552
G0 F9000 X100.471 Y115.745
G1 F1500 X93.661 Y108.934 E674.54586
G0 F9000 X93.661 Y108.368
G1 F1500 X101.037 Y115.745 E674.89283
G0 F9000 X101.603 Y115.745
G1 F1500 X93.661 Y107.803 E675.2664
G0 F9000 X93.661 Y107.237
G1 F1500 X102.168 Y115.745 E675.66656
G0 F9000 X102.733 Y115.744
G1 F1500 X93.661 Y106.671 E676.09331
G0 F9000 X93.661 Y106.106
G1 F1500 X103.299 Y115.744 E676.54665
G0 F9000 X103.865 Y115.744
G1 F1500 X93.661 Y105.54 E677.02661
G0 F9000 X93.661 Y104.974
G1 F1500 X104.43 Y115.744 E677.53318
G0 F9000 X104.996 Y115.744
G1 F1500 X93.661 Y104.409 E678.06634
G0 F9000 X93.661 Y103.843
G1 F1500 X105.562 Y115.744 E678.62613
G0 F9000 X106.128 Y115.744
G1 F1500 X93.661 Y103.277 E679.21254
G0 F9000 X93.661 Y102.712
G1 F1500 X106.693 Y115.744 E679.82552
G0 F9000 X107.259 Y115.744
G1 F1500 X93.661 Y102.146 E680.46513
G0 F9000 X93.661 Y101.58
G1 F1500 X107.824 Y115.743 E681.13131
G0 F9000 X108.39 Y115.743
G1 F1500 X93.661 Y101.014 E681.82412
G0 F9000 X93.661 Y100.449
G1 F1500 X108.955 Y115.743 E682.5435
G0 F9000 X109.521 Y115.743
G1 F1500 X93.661 Y99.883 E683.28951
G0 F9000 X93.661 Y99.317
G1 F1500 X110.087 Y115.743 E684.06214
G0 F9000 X110.652 Y115.743
G1 F1500 X93.661 Y98.752 E684.86134
G0 F9000 X93.661 Y98.186
G1 F1500 X111.218 Y115.743 E685.68717
G0 F9000 X111.784 Y115.743
G1 F1500 X93.661 Y97.62 E686.53962
G0 F9000 X93.661 Y97.055
G1 F1500 X112.349 Y115.743 E687.41865
G0 F9000 X112.914 Y115.743
G1 F1500 X93.672 Y96.5 E688.32376
G0 F9000 X93.735 Y95.998
G1 F1500 X113.48 Y115.743 E689.2525
G0 F9000 X114.046 Y115.743
G1 F1500 X93.851 Y95.549 E690.20239
G0 F9000 X94.018 Y95.15
G1 F1500 X114.611 Y115.743 E691.17102
G0 F9000 X115.177 Y115.743
G1 F1500 X94.252 Y94.818 E692.15527
G0 F9000 X94.498 Y94.498
G1 F1500 X115.743 Y115.743 E693.15457
G0 F9000 X116.308 Y115.743
G1 F1500 X94.818 Y94.252 E694.16541
G0 F9000 X95.15 Y94.018
G1 F1500 X116.874 Y115.743 E695.18727
G0 F9000 X117.44 Y115.743
G1 F1500 X95.549 Y93.851 E696.21698
G0 F9000 X95.998 Y93.735
G1 F1500 X118.005 Y115.742 E697.25212
G0 F9000 X118.57 Y115.742
G1 F1500 X96.5 Y93.672 E698.29022
G0 F9000 X97.055 Y93.661
G1 F1500 X119.136 Y115.742 E699.32885
G0 F9000 X119.702 Y115.742
G1 F1500 X97.62 Y93.661 E700.36749
G0 F9000 X98.186 Y93.661
G1 F1500 X120.268 Y115.742 E701.40614
G0 F9000 X120.833 Y115.742
G1 F1500 X98.752 Y93.661 E702.44476
G0 F9000 X99.317 Y93.661
G1 F1500 X121.399 Y115.742 E703.48341
G0 F9000 X121.965 Y115.742
G1 F1500 X99.883 Y93.661 E704.52205
G0 F9000 X100.449 Y93.661
G1 F1500 X122.53 Y115.742 E705.56068
G0 F9000 X123.095 Y115.741
G1 F1500 X101.014 Y93.661 E706.59927
G0 F9000 X101.58 Y93.661
G1 F1500 X123.661 Y115.741 E707.63787
G0 F9000 X124.227 Y115.741
G1 F1500 X102.146 Y93.661 E708.67647
G0 F9000 X102.712 Y93.661
G1 F1500 X124.792 Y115.741 E709.71505
G0 F9000 X125.358 Y115.741
G1 F1500 X103.277 Y93.661 E710.75365
G0 F9000 X103.843 Y93.661
G1 F1500 X125.924 Y115.741 E711.79225
G0 F9000 X126.489 Y115.741
G1 F1500 X104.409 Y93.661 E712.83082
G0 F9000 X104.974 Y93.661
G1 F1500 X127.055 Y115.741 E713.86942
G0 F9000 X127.62 Y115.741
G1 F1500 X105.54 Y93.661 E714.908
G0 F9000 X106.106 Y93.661
G1 F1500 X128.186 Y115.741 E715.94657
G0 F9000 X128.751 Y115.741
G1 F1500 X106.671 Y93.661 E716.98515
G0 F9000 X107.237 Y93.661
G1 F1500 X129.317 Y115.741 E718.02372
G0 F9000 X129.883 Y115.741
G1 F1500 X107.803 Y93.661 E719.0623
G0 F9000 X108.368 Y93.661
G1 F1500 X130.448 Y115.741 E720.10087
G0 F9000 X131.014 Y115.741
G1 F1500 X108.934 Y93.661 E721.13945
G0 F9000 X109.5 Y93.661
G1 F1500 X131.58 Y115.741 E722.17802
G0 F9000 X132.146 Y115.741
G1 F1500 X110.065 Y93.661 E723.21662
G0 F9000 X110.631 Y93.661
G1 F1500 X132.711 Y115.74 E724.25518
G0 F9000 X133.276 Y115.74
G1 F1500 X111.197 Y93.661 E725.2937
G0 F9000 X111.762 Y93.661
G1 F1500 X133.842 Y115.74 E726.33226
G0 F9000 X134.408 Y115.74
G1 F1500 X112.328 Y93.661 E727.37081
G0 F9000 X112.894 Y93.661
G1 F1500 X134.973 Y115.74 E728.40934
G0 F9000 X135.539 Y115.74
G1 F1500 X113.46 Y93.661 E729.44786
G0 F9000 X114.025 Y93.661
G1 F1500 X136.105 Y115.74 E730.48642
G0 F9000 X136.67 Y115.74
G1 F1500 X114.591 Y93.661 E731.52495
G0 F9000 X115.157 Y93.661
G1 F1500 X137.236 Y115.74 E732.56347
G0 F9000 X137.892 Y115.83
G1 F1500 X115.722 Y93.661 E733.60626
G1 F2700 E728.60626
G0 F9000 X115.722 Y93.2
G0 X96.554 Y93.261
G0 X95.655 Y93.378
G0 X94.885 Y93.697
G0 X94.215 Y94.215
G0 X93.697 Y94.885
G0 X93.378 Y95.655
G0 X93.284 Y96.383
G0 X93.2 Y116.288
G0 X93.661 Y116.288
G1 F2700 E733.60626
G1 F1500 X118.712 Y141.339 E734.78458
G0 F9000 X118.146 Y141.339
G1 F1500 X93.661 Y116.854 E735.93628
G0 F9000 X93.661 Y117.419
G1 F1500 X117.581 Y141.339 E737.0614
G0 F9000 X117.015 Y141.339
G1 F1500 X93.661 Y117.985 E738.1599
G0 F9000 X93.661 Y118.551
G1 F1500 X116.449 Y141.339 E739.23178
G0 F9000 X115.883 Y141.339
G1 F1500 X93.661 Y119.116 E740.27706
G0 F9000 X93.661 Y119.682
G1 F1500 X115.318 Y141.339 E741.29574
G0 F9000 X114.752 Y141.339
G1 F1500 X93.661 Y120.248 E742.2878
G0 F9000 X93.661 Y120.813
G1 F1500 X114.186 Y141.339 E743.25325
G0 F9000 X113.621 Y141.339
G1 F1500 X93.661 Y121.379 E744.19211
G0 F9000 X93.661 Y121.945
G1 F1500 X113.055 Y141.339 E745.10434
G0 F9000 X112.489 Y141.339
G1 F1500 X93.661 Y122.51 E745.98998
G0 F9000 X93.661 Y123.076
G1 F1500 X111.924 Y141.339 E746.84901
G0 F9000 X111.358 Y141.339
G1 F1500 X93.661 Y123.642 E747.68143
G0 F9000 X93.661 Y124.208
G1 F1500 X110.792 Y141.339 E748.48722
G0 F9000 X110.227 Y141.339
G1 F1500 X93.661 Y124.773 E749.26643
G0 F9000 X93.661 Y125.339
G1 F1500 X109.661 Y141.339 E750.01902
G0 F9000 X109.095 Y141.339
G1 F1500 X93.661 Y125.905 E750.74499
G0 F9000 X93.661 Y126.47
G1 F1500 X108.53 Y141.339 E751.44438
G0 F9000 X107.964 Y141.339
G1 F1500 X93.661 Y127.036 E752.11715
G0 F9000 X93.661 Y127.602
G1 F1500 X107.398 Y141.339 E752.7633
G0 F9000 X106.833 Y141.339
G1 F1500 X93.661 Y128.167 E753.38287
G0 F9000 X93.661 Y128.733
G1 F1500 X106.267 Y141.339 E753.97581
G0 F9000 X105.701 Y141.339
G1 F1500 X93.661 Y129.299 E754.54214
G0 F9000 X93.661 Y129.864
G1 F1500 X105.135 Y141.339 E755.08186
G0 F9000 X104.57 Y141.339
G1 F1500 X93.661 Y130.43 E755.59499
G0 F9000 X93.661 Y130.996
G1 F1500 X104.004 Y141.339 E756.08149
G0 F9000 X103.438 Y141.339
G1 F1500 X93.661 Y131.561 E756.5414
G0 F9000 X93.661 Y132.127
G1 F1500 X102.873 Y141.339 E756.9747
G0 F9000 X102.307 Y141.339
G1 F1500 X93.661 Y132.693 E757.38138
G0 F9000 X93.661 Y133.259
G1 F1500 X101.741 Y141.339 E757.76144
G0 F9000 X101.176 Y141.339
G1 F1500 X93.661 Y133.824 E758.11492
G0 F9000 X93.661 Y134.39
G1 F1500 X100.61 Y141.339 E758.44178
G0 F9000 X100.044 Y141.339
G1 F1500 X93.661 Y134.956 E758.74202
G0 F9000 X93.661 Y135.521
G1 F1500 X99.479 Y141.339 E759.01568
G0 F9000 X98.913 Y141.339
G1 F1500 X93.661 Y136.087 E759.26272
G0 F9000 X93.661 Y136.653
G1 F1500 X98.347 Y141.339 E759.48313
G0 F9000 X97.782 Y141.339
G1 F1500 X93.661 Y137.218 E759.67697
G0 F9000 X93.661 Y137.784
G1 F1500 X97.216 Y141.339 E759.84419
G0 F9000 X96.65 Y141.339
G1 F1500 X93.661 Y138.35 E759.98478
G0 F9000 X93.734 Y138.989
G1 F1500 X96.005 Y141.259 E760.09158
G0 F9000 X95.158 Y140.979
G1 F1500 X94.015 Y139.835 E760.14537
G1 F2700 E755.14537
;MESH:NONMESH
G0 F300 X94.015 Y139.835 Z0.8
G0 F9000 X93.59 Y140.01
G0 X93.378 Y139.341
G0 X93.261 Y138.446
G0 X93.261 Y96.554
G0 X93.378 Y95.655
G0 X93.636 Y95.031
G0 X94.157 Y94.191
G0 X94.1 Y94.1
;TIME_ELAPSED:1131.672593
;LAYER:3
M106 S255
;TYPE:WALL-INNER
;MESH:doppia_fenditura.stl
G1 F2700 E760.14537
G1 F1500 X93.556 Y94.804 E760.17496
G1 X93.221 Y95.613 E760.20408
G1 X93.1 Y96.543 E760.23527
G1 X93.1 Y138.457 E761.62934
G1 X93.221 Y139.383 E761.6604
G1 X93.556 Y140.192 E761.68952
G1 X94.1 Y140.896 E761.71911
G1 X94.804 Y141.44 E761.74871
G1 X95.614 Y141.775 E761.77786
G1 X96.544 Y141.9 E761.80907
G1 X138.456 Y141.9 E763.20307
G1 X139.383 Y141.775 E763.23418
G1 X140.188 Y141.443 E763.26314
G1 X140.896 Y140.896 E763.2929
G1 X141.443 Y140.188 E763.32266
G1 X141.775 Y139.383 E763.35162
G1 X141.9 Y138.456 E763.38273
G1 X141.9 Y96.544 E764.77673
G1 X141.775 Y95.613 E764.80797
G1 X141.443 Y94.808 E764.83693
G1 X140.896 Y94.101 E764.86667
G1 X140.188 Y93.556 E764.89638
G1 X139.383 Y93.221 E764.92538
G1 X138.457 Y93.1 E764.95644
G1 X96.543 Y93.1 E766.35051
G1 X95.613 Y93.221 E766.3817
G1 X94.804 Y93.556 E766.41082
G1 X94.1 Y94.1 E766.44042
G1 F2700 E761.44042
G0 F9000 X94.157 Y94.191
G0 X93.697 Y94.885
G0 X93.398 Y95.7
G0 X97.031 Y101.876
G0 X97.14 Y102.02
G1 F2700 E766.44042
G1 F1500 X97.421 Y101.9 E766.45058
G1 X137.579 Y101.9 E767.78624
G1 X137.86 Y102.02 E767.7964
G1 X137.981 Y102.139 E767.80205
G1 X138.068 Y102.305 E767.80828
G1 X138.1 Y102.5 E767.81485
G1 X138.1 Y132.574 E768.81512
G1 X137.981 Y132.86 E768.82542
G1 X137.86 Y132.98 E768.83109
G1 X137.579 Y133.1 E768.84125
G1 X97.421 Y133.1 E770.17691
G1 X97.14 Y132.98 E770.18707
G1 X97.019 Y132.86 E770.19274
G1 X96.932 Y132.695 E770.19895
G1 X96.9 Y132.5 E770.20552
G1 X96.9 Y102.5 E771.20332
G1 X96.932 Y102.305 E771.2099
G1 X97.02 Y102.14 E771.21612
G1 X97.14 Y102.02 E771.22176
G0 F9000 X97.38 Y102.34
;TYPE:WALL-OUTER
G1 F1500 X97.463 Y102.303 E771.22478
G1 X137.537 Y102.303 E772.55765
G1 X137.62 Y102.34 E772.56067
G1 X137.7 Y102.449 E772.56517
G1 X137.698 Y132.535 E773.56583
G1 X137.661 Y132.62 E773.56892
G1 X137.537 Y132.697 E773.57377
G1 X97.463 Y132.697 E774.90664
G1 X97.38 Y132.66 E774.90966
G1 X97.3 Y132.551 E774.91416
G1 X97.3 Y102.449 E775.91535
G1 X97.38 Y102.34 E775.91985
G1 F2700 E770.91985
G0 F9000 X97.38 Y102
G0 X97.344 Y101.745
G0 X93.416 Y95.665
G0 X93.815 Y93.815
G1 F2700 E775.91985
G1 F1500 X93.207 Y94.602 E775.95293
G1 X92.831 Y95.509 E775.98558
G1 X92.7 Y96.517 E776.01939
G1 X92.7 Y138.483 E777.41519
G1 X92.831 Y139.487 E777.44886
G1 X93.207 Y140.394 E777.48152
G1 X93.815 Y141.181 E777.5146
G1 X94.602 Y141.789 E777.54767
G1 X95.509 Y142.165 E777.58033
G1 X96.518 Y142.3 E777.61419
G1 X138.482 Y142.3 E779.00992
G1 X139.487 Y142.165 E779.04364
G1 X140.39 Y141.793 E779.07613
G1 X141.181 Y141.181 E779.10939
G1 X141.793 Y140.39 E779.14265
G1 X142.165 Y139.487 E779.17514
G1 X142.3 Y138.482 E779.20886
G1 X142.3 Y96.518 E780.60459
G1 X142.165 Y95.509 E780.63845
G1 X141.793 Y94.606 E780.67093
G1 X141.181 Y93.815 E780.7042
G1 X140.39 Y93.207 E780.73738
G1 X139.487 Y92.831 E780.76991
G1 X138.483 Y92.7 E780.80359
G1 X96.517 Y92.7 E782.19938
G1 X95.509 Y92.831 E782.23319
G1 X94.602 Y93.207 E782.26585
G1 X93.815 Y93.815 E782.29893
G1 F2700 E777.29893
G0 F9000 X94.157 Y94.191
G0 X93.697 Y94.885
G0 X93.398 Y95.7
G0 X97.031 Y101.876
G0 X96.75 Y101.898
;TYPE:SKIN
G1 F2700 E782.29893
G1 F1500 X96.587 Y102.186 E782.30993
G1 X96.54 Y102.496 E782.32036
G1 X96.542 Y132.533 E783.3194
G1 X96.603 Y132.838 E783.32974
G1 X96.75 Y133.098 E783.33968
G1 X96.961 Y133.289 E783.34914
G1 X97.371 Y133.457 E783.36388
G1 X137.629 Y133.457 E784.70286
G1 X138.075 Y133.271 E784.71894
G1 X138.289 Y133.035 E784.72953
G1 X138.458 Y132.623 E784.74434
G1 X138.458 Y102.468 E785.7473
G1 X138.418 Y102.22 E785.75566
G1 X138.28 Y101.943 E785.76595
G1 X138.072 Y101.722 E785.77605
G1 X137.629 Y101.543 E785.79194
G1 X97.371 Y101.543 E787.13092
G1 X96.958 Y101.711 E787.14575
G1 X96.75 Y101.898 E787.15506
G1 F2700 E782.15506
G0 F9000 X96.936 Y102.084
G0 X97.394 Y101.724
G0 X93.416 Y95.665
G0 X94.355 Y94.355
G1 F2700 E787.15506
G1 F1500 X94.99 Y93.867 E787.18169
G1 X95.701 Y93.571 E787.20731
G1 X96.569 Y93.46 E787.23641
G1 X138.427 Y93.46 E788.62862
G1 X139.291 Y93.571 E788.65759
G1 X140.002 Y93.867 E788.6832
G1 X140.633 Y94.351 E788.70965
G1 X141.125 Y94.989 E788.73645
G1 X141.421 Y95.705 E788.76222
G1 X141.54 Y96.574 E788.79139
G1 X141.539 Y138.418 E790.18313
G1 X141.421 Y139.287 E790.2123
G1 X141.125 Y140.006 E790.23816
G1 X140.637 Y140.637 E790.26469
G1 X140.006 Y141.125 E790.29122
G1 X139.287 Y141.421 E790.31708
G1 X138.422 Y141.539 E790.34612
G1 X96.574 Y141.54 E791.73799
G1 X95.705 Y141.421 E791.76716
G1 X94.986 Y141.125 E791.79302
G1 X94.355 Y140.637 E791.81956
G1 X93.867 Y140.002 E791.84619
G1 X93.571 Y139.291 E791.87181
G1 X93.461 Y138.427 E791.90078
G1 X93.46 Y96.569 E793.29298
G1 X93.571 Y95.701 E793.32208
G1 X93.867 Y94.99 E793.3477
G1 X94.355 Y94.355 E793.37434
G0 F9000 X94.199 Y94.151
G0 X93.914 Y94.567
G0 X93.315 Y95.668
G0 X93.777 Y95.728
G1 F1500 X95.728 Y93.777 E793.4661
G0 F9000 X96.384 Y93.686
G1 F1500 X93.686 Y96.384 E793.59301
G0 F9000 X93.661 Y96.975
G1 F1500 X96.976 Y93.66 E793.74894
G0 F9000 X97.542 Y93.66
G1 F1500 X93.661 Y97.541 E793.93149
G0 F9000 X93.661 Y98.107
G1 F1500 X98.108 Y93.66 E794.14066
G0 F9000 X98.673 Y93.66
G1 F1500 X93.661 Y98.673 E794.37643
G0 F9000 X93.661 Y99.238
G1 F1500 X99.239 Y93.66 E794.63881
G0 F9000 X99.805 Y93.66
G1 F1500 X93.661 Y99.804 E794.9278
G0 F9000 X93.661 Y100.37
G1 F1500 X100.37 Y93.66 E795.2434
G0 F9000 X100.936 Y93.66
G1 F1500 X93.661 Y100.935 E795.58559
G0 F9000 X93.661 Y101.501
G1 F1500 X101.502 Y93.66 E795.95441
G0 F9000 X102.067 Y93.66
G1 F1500 X93.661 Y102.067 E796.34982
G0 F9000 X93.661 Y102.632
G1 F1500 X102.633 Y93.66 E796.77184
G0 F9000 X103.199 Y93.66
G1 F1500 X93.661 Y103.198 E797.22048
G0 F9000 X93.661 Y103.764
G1 F1500 X103.764 Y93.66 E797.69571
G0 F9000 X104.33 Y93.66
G1 F1500 X93.661 Y104.329 E798.19755
G0 F9000 X93.661 Y104.895
G1 F1500 X96.398 Y102.158 E798.32629
G0 F9000 X96.34 Y102.782
G1 F1500 X93.661 Y105.461 E798.4523
G0 F9000 X93.661 Y106.026
G1 F1500 X96.34 Y103.347 E798.57831
G0 F9000 X96.34 Y103.913
G1 F1500 X93.661 Y106.592 E798.70433
G0 F9000 X93.661 Y107.158
G1 F1500 X96.34 Y104.479 E798.83034
G0 F9000 X96.34 Y105.044
G1 F1500 X93.661 Y107.723 E798.95635
G0 F9000 X93.661 Y108.289
G1 F1500 X96.34 Y105.61 E799.08236
G0 F9000 X96.34 Y106.176
G1 F1500 X93.661 Y108.855 E799.20837
G0 F9000 X93.661 Y109.421
G1 F1500 X96.34 Y106.741 E799.33441
G0 F9000 X96.34 Y107.307
G1 F1500 X93.661 Y109.986 E799.46042
G0 F9000 X93.661 Y110.552
G1 F1500 X96.34 Y107.873 E799.58643
G0 F9000 X96.34 Y108.438
G1 F1500 X93.661 Y111.118 E799.71247
G0 F9000 X93.661 Y111.683
G1 F1500 X96.34 Y109.004 E799.83848
G0 F9000 X96.34 Y109.57
G1 F1500 X93.661 Y112.249 E799.96449
G0 F9000 X93.661 Y112.815
G1 F1500 X96.34 Y110.135 E800.09053
G0 F9000 X96.34 Y110.701
G1 F1500 X93.661 Y113.38 E800.21654
G0 F9000 X93.661 Y113.946
G1 F1500 X96.34 Y111.267 E800.34255
G0 F9000 X96.34 Y111.832
G1 F1500 X93.661 Y114.512 E800.46859
G0 F9000 X93.661 Y115.077
G1 F1500 X96.34 Y112.398 E800.5946
G0 F9000 X96.34 Y112.964
G1 F1500 X93.661 Y115.643 E800.72061
G0 F9000 X93.661 Y116.209
G1 F1500 X96.34 Y113.53 E800.84662
G0 F9000 X96.34 Y114.095
G1 F1500 X93.661 Y116.774 E800.97263
G0 F9000 X93.661 Y117.34
G1 F1500 X96.34 Y114.661 E801.09865
G0 F9000 X96.34 Y115.227
G1 F1500 X93.661 Y117.905 E801.22464
G0 F9000 X93.661 Y118.471
G1 F1500 X96.34 Y115.792 E801.35065
G0 F9000 X96.34 Y116.358
G1 F1500 X93.661 Y119.036 E801.47664
G0 F9000 X93.661 Y119.602
G1 F1500 X96.34 Y116.924 E801.60262
G0 F9000 X96.34 Y117.489
G1 F1500 X93.661 Y120.168 E801.72864
G0 F9000 X93.661 Y120.734
G1 F1500 X96.34 Y118.055 E801.85465
G0 F9000 X96.34 Y118.621
G1 F1500 X93.661 Y121.299 E801.98064
G0 F9000 X93.661 Y121.865
G1 F1500 X96.34 Y119.186 E802.10665
G0 F9000 X96.34 Y119.752
G1 F1500 X93.661 Y122.431 E802.23266
G0 F9000 X93.661 Y122.996
G1 F1500 X96.34 Y120.318 E802.35865
G0 F9000 X96.34 Y120.883
G1 F1500 X93.661 Y123.562 E802.48466
G0 F9000 X93.661 Y124.128
G1 F1500 X96.34 Y121.449 E802.61067
G0 F9000 X96.34 Y122.015
G1 F1500 X93.661 Y124.693 E802.73666
G0 F9000 X93.661 Y125.259
G1 F1500 X96.34 Y122.58 E802.86267
G0 F9000 X96.34 Y123.146
G1 F1500 X93.661 Y125.825 E802.98868
G0 F9000 X93.661 Y126.39
G1 F1500 X96.34 Y123.712 E803.11467
G0 F9000 X96.34 Y124.278
G1 F1500 X93.661 Y126.956 E803.24066
G0 F9000 X93.661 Y127.522
G1 F1500 X96.34 Y124.843 E803.36667
G0 F9000 X96.34 Y125.409
G1 F1500 X93.661 Y128.087 E803.49266
G0 F9000 X93.661 Y128.653
G1 F1500 X96.34 Y125.975 E803.61865
G0 F9000 X96.34 Y126.54
G1 F1500 X93.661 Y129.219 E803.74466
G0 F9000 X93.661 Y129.784
G1 F1500 X96.34 Y127.106 E803.87065
G0 F9000 X96.34 Y127.672
G1 F1500 X93.661 Y130.35 E803.99664
G0 F9000 X93.661 Y130.916
G1 F1500 X96.34 Y128.237 E804.12265
G0 F9000 X96.34 Y128.803
G1 F1500 X93.661 Y131.482 E804.24866
G0 F9000 X93.661 Y132.047
G1 F1500 X96.34 Y129.369 E804.37465
G0 F9000 X96.34 Y129.934
G1 F1500 X93.661 Y132.613 E804.50066
G0 F9000 X93.661 Y133.179
G1 F1500 X96.34 Y130.5 E804.62668
G0 F9000 X96.34 Y131.066
G1 F1500 X93.661 Y133.744 E804.75266
G0 F9000 X93.661 Y134.31
G1 F1500 X96.34 Y131.631 E804.87868
G0 F9000 X96.34 Y132.197
G1 F1500 X93.661 Y134.876 E805.00469
G0 F9000 X93.661 Y135.441
G1 F1500 X96.373 Y132.73 E805.13223
G0 F9000 X96.533 Y133.135
G1 F1500 X93.661 Y136.007 E805.26732
G0 F9000 X93.661 Y136.573
G1 F1500 X96.799 Y133.435 E805.41492
G0 F9000 X97.194 Y133.606
G1 F1500 X93.661 Y137.138 E805.58108
G0 F9000 X93.661 Y137.704
G1 F1500 X97.707 Y133.659 E805.77137
G0 F9000 X98.272 Y133.659
G1 F1500 X93.661 Y138.27 E805.98825
G0 F9000 X93.709 Y138.787
G1 F1500 X98.838 Y133.659 E806.22948
G0 F9000 X99.404 Y133.659
G1 F1500 X93.784 Y139.279 E806.49383
G0 F9000 X93.95 Y139.678
G1 F1500 X99.969 Y133.659 E806.77695
G0 F9000 X100.535 Y133.659
G1 F1500 X94.151 Y140.042 E807.07721
G0 F9000 X94.397 Y140.363
G1 F1500 X101.101 Y133.659 E807.39254
G0 F9000 X101.666 Y133.659
G1 F1500 X94.686 Y140.639 E807.72086
G0 F9000 X95.005 Y140.885
G1 F1500 X102.232 Y133.659 E808.06077
G0 F9000 X102.798 Y133.658
G1 F1500 X95.384 Y141.072 E808.4095
G0 F9000 X95.792 Y141.23
G1 F1500 X103.364 Y133.658 E808.76567
G0 F9000 X103.93 Y133.658
G1 F1500 X96.29 Y141.298 E809.12503
G0 F9000 X96.814 Y141.34
G1 F1500 X104.496 Y133.658 E809.48637
G0 F9000 X105.061 Y133.658
G1 F1500 X97.379 Y141.34 E809.8477
G0 F9000 X97.945 Y141.34
G1 F1500 X105.627 Y133.658 E810.20904
G0 F9000 X106.193 Y133.658
G1 F1500 X98.511 Y141.34 E810.57038
G0 F9000 X99.076 Y141.34
G1 F1500 X106.758 Y133.658 E810.93172
G0 F9000 X107.324 Y133.658
G1 F1500 X99.642 Y141.34 E811.29306
G0 F9000 X100.208 Y141.34
G1 F1500 X107.89 Y133.657 E811.65442
G0 F9000 X108.456 Y133.657
G1 F1500 X100.773 Y141.34 E812.0158
G0 F9000 X101.339 Y141.34
G1 F1500 X109.022 Y133.657 E812.37719
G0 F9000 X109.587 Y133.657
G1 F1500 X101.905 Y141.34 E812.73855
G0 F9000 X102.47 Y141.34
G1 F1500 X110.153 Y133.657 E813.09993
G0 F9000 X110.719 Y133.657
G1 F1500 X103.036 Y141.34 E813.46132
G0 F9000 X103.602 Y141.34
G1 F1500 X111.284 Y133.657 E813.82268
G0 F9000 X111.85 Y133.657
G1 F1500 X104.167 Y141.34 E814.18406
G0 F9000 X104.733 Y141.34
G1 F1500 X112.416 Y133.657 E814.54545
G0 F9000 X112.982 Y133.657
G1 F1500 X105.299 Y141.34 E814.90683
G0 F9000 X105.864 Y141.34
G1 F1500 X113.548 Y133.657 E815.26824
G0 F9000 X114.114 Y133.657
G1 F1500 X106.43 Y141.34 E815.62965
G0 F9000 X106.996 Y141.34
G1 F1500 X114.679 Y133.657 E815.99103
G0 F9000 X115.245 Y133.657
G1 F1500 X107.562 Y141.34 E816.35242
G0 F9000 X108.127 Y141.34
G1 F1500 X115.811 Y133.657 E816.71383
G0 F9000 X116.376 Y133.657
G1 F1500 X108.693 Y141.34 E817.07521
G0 F9000 X109.259 Y141.34
G1 F1500 X116.942 Y133.657 E817.4366
G0 F9000 X117.508 Y133.656
G1 F1500 X109.824 Y141.34 E817.79803
G0 F9000 X110.39 Y141.34
G1 F1500 X118.074 Y133.656 E818.15946
G0 F9000 X118.64 Y133.656
G1 F1500 X110.956 Y141.34 E818.52089
G0 F9000 X111.521 Y141.34
G1 F1500 X119.205 Y133.656 E818.88232
G0 F9000 X119.771 Y133.656
G1 F1500 X112.087 Y141.34 E819.24376
G0 F9000 X112.653 Y141.34
G1 F1500 X120.337 Y133.656 E819.60519
G0 F9000 X120.903 Y133.656
G1 F1500 X113.218 Y141.34 E819.96664
G0 F9000 X113.784 Y141.34
G1 F1500 X121.468 Y133.656 E820.32807
G0 F9000 X122.034 Y133.656
G1 F1500 X114.35 Y141.34 E820.68951
G0 F9000 X114.915 Y141.34
G1 F1500 X122.6 Y133.655 E821.05099
G0 F9000 X123.166 Y133.655
G1 F1500 X115.481 Y141.34 E821.41246
G0 F9000 X116.047 Y141.34
G1 F1500 X123.732 Y133.655 E821.77394
G0 F9000 X124.297 Y133.655
G1 F1500 X116.613 Y141.34 E822.1354
G0 F9000 X117.178 Y141.34
G1 F1500 X124.863 Y133.655 E822.49688
G0 F9000 X125.429 Y133.655
G1 F1500 X117.744 Y141.34 E822.85836
G0 F9000 X118.31 Y141.34
G1 F1500 X125.994 Y133.655 E823.21981
G0 F9000 X126.56 Y133.655
G1 F1500 X118.875 Y141.34 E823.58129
G0 F9000 X119.441 Y141.34
G1 F1500 X127.126 Y133.655 E823.94277
G0 F9000 X127.692 Y133.654
G1 F1500 X120.007 Y141.34 E824.30427
G0 F9000 X120.572 Y141.34
G1 F1500 X128.258 Y133.654 E824.6658
G0 F9000 X128.824 Y133.654
G1 F1500 X121.138 Y141.34 E825.02732
G0 F9000 X121.704 Y141.34
G1 F1500 X129.389 Y133.654 E825.38883
G0 F9000 X129.955 Y133.654
G1 F1500 X122.269 Y141.34 E825.75035
G0 F9000 X122.835 Y141.34
G1 F1500 X130.521 Y133.654 E826.11188
G0 F9000 X131.086 Y133.654
G1 F1500 X123.401 Y141.34 E826.47338
G0 F9000 X123.966 Y141.34
G1 F1500 X131.652 Y133.654 E826.83491
G0 F9000 X132.218 Y133.654
G1 F1500 X124.532 Y141.34 E827.19643
G0 F9000 X125.098 Y141.34
G1 F1500 X132.784 Y133.654 E827.55796
G0 F9000 X133.35 Y133.654
G1 F1500 X125.663 Y141.34 E827.91951
G0 F9000 X126.229 Y141.34
G1 F1500 X133.915 Y133.654 E828.28103
G0 F9000 X134.481 Y133.654
G1 F1500 X126.795 Y141.34 E828.64256
G0 F9000 X127.361 Y141.34
G1 F1500 X135.047 Y133.654 E829.00408
G0 F9000 X135.612 Y133.654
G1 F1500 X127.926 Y141.34 E829.36561
G0 F9000 X128.492 Y141.34
G1 F1500 X136.178 Y133.654 E829.72714
G0 F9000 X136.744 Y133.654
G1 F1500 X129.058 Y141.34 E830.08866
G0 F9000 X129.623 Y141.34
G1 F1500 X137.31 Y133.654 E830.45021
G0 F9000 X138.015 Y133.514
G1 F1500 X130.189 Y141.34 E830.81832
G0 F9000 X130.755 Y141.34
G1 F1500 X141.339 Y130.756 E831.31616
G0 F9000 X141.339 Y131.322
G1 F1500 X131.32 Y141.34 E831.7874
G0 F9000 X131.886 Y141.34
G1 F1500 X141.339 Y131.887 E832.23204
G0 F9000 X141.339 Y132.453
G1 F1500 X132.452 Y141.34 E832.65006
G0 F9000 X133.017 Y141.34
G1 F1500 X141.339 Y133.019 E833.04148
G0 F9000 X141.339 Y133.584
G1 F1500 X133.583 Y141.34 E833.40629
G0 F9000 X134.149 Y141.34
G1 F1500 X141.339 Y134.15 E833.74449
G0 F9000 X141.339 Y134.716
G1 F1500 X134.714 Y141.34 E834.05609
G0 F9000 X135.28 Y141.34
G1 F1500 X141.339 Y135.282 E834.34106
G0 F9000 X141.339 Y135.847
G1 F1500 X135.846 Y141.34 E834.59943
G0 F9000 X136.412 Y141.34
G1 F1500 X141.339 Y136.413 E834.83118
G0 F9000 X141.339 Y136.979
G1 F1500 X136.977 Y141.34 E835.03634
G0 F9000 X137.543 Y141.34
G1 F1500 X141.339 Y137.544 E835.21489
G0 F9000 X141.339 Y138.11
G1 F1500 X138.109 Y141.34 E835.36682
G0 F9000 X138.717 Y141.297
G1 F1500 X141.296 Y138.718 E835.48813
G0 F9000 X141.141 Y139.439
G1 F1500 X139.439 Y141.141 E835.56818
G1 F2700 E830.56818
G0 F9000 X139.615 Y141.571
G0 X140.087 Y141.269
G0 X137.598 Y133.281
G0 X138.515 Y133.014
G1 F2700 E835.56818
G1 F1500 X141.339 Y130.19 E835.70101
G0 F9000 X141.339 Y129.625
G1 F1500 X138.656 Y132.307 E835.82719
G0 F9000 X138.656 Y131.742
G1 F1500 X141.339 Y129.059 E835.95339
G0 F9000 X141.339 Y128.493
G1 F1500 X138.656 Y131.176 E836.07959
G0 F9000 X138.656 Y130.61
G1 F1500 X141.339 Y127.928 E836.20577
G0 F9000 X141.339 Y127.362
G1 F1500 X138.656 Y130.045 E836.33197
G0 F9000 X138.656 Y129.479
G1 F1500 X141.339 Y126.796 E836.45817
G0 F9000 X141.339 Y126.231
G1 F1500 X138.656 Y128.913 E836.58434
G0 F9000 X138.656 Y128.348
G1 F1500 X141.339 Y125.665 E836.71054
G0 F9000 X141.339 Y125.099
G1 F1500 X138.656 Y127.782 E836.83674
G0 F9000 X138.657 Y127.216
G1 F1500 X141.339 Y124.534 E836.9629
G0 F9000 X141.339 Y123.968
G1 F1500 X138.657 Y126.65 E837.08905
G0 F9000 X138.657 Y126.084
G1 F1500 X141.339 Y123.402 E837.2152
G0 F9000 X141.339 Y122.836
G1 F1500 X138.657 Y125.519 E837.34138
G0 F9000 X138.657 Y124.953
G1 F1500 X141.339 Y122.271 E837.46753
G0 F9000 X141.339 Y121.705
G1 F1500 X138.657 Y124.387 E837.59369
G0 F9000 X138.657 Y123.821
G1 F1500 X141.339 Y121.139 E837.71984
G0 F9000 X141.339 Y120.574
G1 F1500 X138.657 Y123.256 E837.84599
G0 F9000 X138.657 Y122.69
G1 F1500 X141.339 Y120.008 E837.97215
G0 F9000 X141.339 Y119.442
G1 F1500 X138.657 Y122.124 E838.0983
G0 F9000 X138.657 Y121.558
G1 F1500 X141.339 Y118.877 E838.22443
G0 F9000 X141.339 Y118.311
G1 F1500 X138.657 Y120.992 E838.35056
G0 F9000 X138.657 Y120.427
G1 F1500 X141.339 Y117.745 E838.47671
G0 F9000 X141.339 Y117.179
G1 F1500 X138.657 Y119.861 E838.60286
G0 F9000 X138.657 Y119.295
G1 F1500 X141.339 Y116.613 E838.72902
G0 F9000 X141.339 Y116.048
G1 F1500 X138.657 Y118.73 E838.85517
G0 F9000 X138.657 Y118.164
G1 F1500 X141.339 Y115.482 E838.98132
G0 F9000 X141.339 Y114.916
G1 F1500 X138.657 Y117.598 E839.10748
G0 F9000 X138.658 Y117.032
G1 F1500 X141.339 Y114.35 E839.23361
G0 F9000 X141.339 Y113.785
G1 F1500 X138.658 Y116.466 E839.35971
G0 F9000 X138.658 Y115.9
G1 F1500 X141.339 Y113.219 E839.48582
G0 F9000 X141.339 Y112.653
G1 F1500 X138.658 Y115.335 E839.61195
G0 F9000 X138.658 Y114.769
G1 F1500 X141.339 Y112.088 E839.73805
G0 F9000 X141.339 Y111.522
G1 F1500 X138.658 Y114.203 E839.86416
G0 F9000 X138.658 Y113.638
G1 F1500 X141.339 Y110.956 E839.99029
G0 F9000 X141.339 Y110.391
G1 F1500 X138.658 Y113.072 E840.1164
G0 F9000 X138.659 Y112.506
G1 F1500 X141.339 Y109.825 E840.24248
G0 F9000 X141.339 Y109.259
G1 F1500 X138.659 Y111.94 E840.36856
G0 F9000 X138.659 Y111.374
G1 F1500 X141.339 Y108.694 E840.49462
G0 F9000 X141.339 Y108.128
G1 F1500 X138.659 Y110.809 E840.6207
G0 F9000 X138.659 Y110.243
G1 F1500 X141.339 Y107.562 E840.74678
G0 F9000 X141.339 Y106.997
G1 F1500 X138.659 Y109.677 E840.87284
G0 F9000 X138.659 Y109.112
G1 F1500 X141.339 Y106.431 E840.99893
G0 F9000 X141.339 Y105.865
G1 F1500 X138.659 Y108.546 E841.12501
G0 F9000 X138.659 Y107.98
G1 F1500 X141.339 Y105.3 E841.25107
G0 F9000 X141.339 Y104.734
G1 F1500 X138.659 Y107.414 E841.37713
G0 F9000 X138.659 Y106.848
G1 F1500 X141.339 Y104.168 E841.50319
G0 F9000 X141.339 Y103.602
G1 F1500 X138.659 Y106.282 E841.62924
G0 F9000 X138.659 Y105.717
G1 F1500 X141.339 Y103.037 E841.7553
G0 F9000 X141.339 Y102.471
G1 F1500 X138.659 Y105.151 E841.88136
G0 F9000 X138.659 Y104.585
G1 F1500 X141.339 Y101.905 E842.00742
G0 F9000 X141.339 Y101.34
G1 F1500 X138.659 Y104.02 E842.13348
G0 F9000 X138.659 Y103.454
G1 F1500 X141.339 Y100.774 E842.25954
G0 F9000 X141.339 Y100.208
G1 F1500 X138.659 Y102.888 E842.3856
G0 F9000 X138.638 Y102.344
G1 F1500 X141.339 Y99.643 E842.51264
G0 F9000 X141.339 Y99.077
G1 F1500 X138.492 Y101.924 E842.64656
G0 F9000 X138.241 Y101.61
G1 F1500 X141.339 Y98.511 E842.7923
G0 F9000 X141.339 Y97.946
G1 F1500 X137.865 Y101.42 E842.95571
G0 F9000 X137.379 Y101.34
G1 F1500 X141.339 Y97.38 E843.14198
G0 F9000 X141.339 Y96.814
G1 F1500 X136.813 Y101.34 E843.35486
G0 F9000 X136.247 Y101.34
G1 F1500 X141.298 Y96.29 E843.59242
G0 F9000 X141.23 Y95.792
G1 F1500 X135.682 Y101.34 E843.85339
G0 F9000 X135.116 Y101.34
G1 F1500 X141.071 Y95.385 E844.13349
G0 F9000 X140.885 Y95.006
G1 F1500 X134.55 Y101.34 E844.43145
G0 F9000 X133.985 Y101.34
G1 F1500 X140.639 Y94.687 E844.74441
G0 F9000 X140.364 Y94.396
G1 F1500 X133.419 Y101.34 E845.07105
G0 F9000 X132.853 Y101.341
G1 F1500 X140.043 Y94.151 E845.40925
G0 F9000 X139.679 Y93.949
G1 F1500 X132.287 Y101.341 E845.75695
G0 F9000 X131.721 Y101.341
G1 F1500 X139.28 Y93.783 E846.11248
G0 F9000 X138.788 Y93.709
G1 F1500 X131.156 Y101.341 E846.47146
G0 F9000 X130.59 Y101.341
G1 F1500 X138.271 Y93.66 E846.83275
G0 F9000 X137.706 Y93.66
G1 F1500 X130.024 Y101.341 E847.19407
G0 F9000 X129.459 Y101.341
G1 F1500 X137.14 Y93.66 E847.55536
G0 F9000 X136.574 Y93.66
G1 F1500 X128.893 Y101.341 E847.91665
G0 F9000 X128.326 Y101.342
G1 F1500 X136.008 Y93.66 E848.27799
G0 F9000 X135.443 Y93.66
G1 F1500 X127.761 Y101.342 E848.63932
G0 F9000 X127.195 Y101.342
G1 F1500 X134.877 Y93.66 E849.00066
G0 F9000 X134.311 Y93.66
G1 F1500 X126.629 Y101.342 E849.362
G0 F9000 X126.064 Y101.342
G1 F1500 X133.746 Y93.66 E849.72334
G0 F9000 X133.18 Y93.66
G1 F1500 X125.498 Y101.342 E850.08467
G0 F9000 X124.932 Y101.342
G1 F1500 X132.614 Y93.66 E850.44601
G0 F9000 X132.049 Y93.66
G1 F1500 X124.367 Y101.342 E850.80735
G0 F9000 X123.8 Y101.343
G1 F1500 X131.483 Y93.66 E851.16873
G0 F9000 X130.917 Y93.66
G1 F1500 X123.235 Y101.343 E851.5301
G0 F9000 X122.669 Y101.343
G1 F1500 X130.352 Y93.66 E851.89148
G0 F9000 X129.786 Y93.66
G1 F1500 X122.103 Y101.343 E852.25286
G0 F9000 X121.538 Y101.343
G1 F1500 X129.22 Y93.66 E852.61423
G0 F9000 X128.655 Y93.66
G1 F1500 X120.972 Y101.343 E852.97561
G0 F9000 X120.406 Y101.343
G1 F1500 X128.089 Y93.66 E853.337
G0 F9000 X127.523 Y93.66
G1 F1500 X119.84 Y101.343 E853.69838
G0 F9000 X119.274 Y101.343
G1 F1500 X126.957 Y93.66 E854.05977
G0 F9000 X126.392 Y93.66
G1 F1500 X118.708 Y101.343 E854.42117
G0 F9000 X118.143 Y101.343
G1 F1500 X125.826 Y93.66 E854.78256
G0 F9000 X125.26 Y93.66
G1 F1500 X117.577 Y101.343 E855.14394
G0 F9000 X117.011 Y101.343
G1 F1500 X124.695 Y93.66 E855.50535
G0 F9000 X124.129 Y93.66
G1 F1500 X116.446 Y101.343 E855.86674
G0 F9000 X115.88 Y101.343
G1 F1500 X123.563 Y93.66 E856.22812
G0 F9000 X122.998 Y93.66
G1 F1500 X115.314 Y101.343 E856.58953
G0 F9000 X114.748 Y101.344
G1 F1500 X122.432 Y93.66 E856.95096
G0 F9000 X121.866 Y93.66
G1 F1500 X114.182 Y101.344 E857.31239
G0 F9000 X113.617 Y101.344
G1 F1500 X121.301 Y93.66 E857.67382
G0 F9000 X120.735 Y93.66
G1 F1500 X113.051 Y101.344 E858.03526
G0 F9000 X112.485 Y101.344
G1 F1500 X120.169 Y93.66 E858.39669
G0 F9000 X119.604 Y93.66
G1 F1500 X111.919 Y101.344 E858.75814
G0 F9000 X111.354 Y101.344
G1 F1500 X119.038 Y93.66 E859.11958
G0 F9000 X118.472 Y93.66
G1 F1500 X110.788 Y101.344 E859.48101
G0 F9000 X110.222 Y101.345
G1 F1500 X117.907 Y93.66 E859.84249
G0 F9000 X117.341 Y93.66
G1 F1500 X109.656 Y101.345 E860.20396
G0 F9000 X109.09 Y101.345
G1 F1500 X116.775 Y93.66 E860.56544
G0 F9000 X116.209 Y93.66
G1 F1500 X108.525 Y101.345 E860.9269
G0 F9000 X107.959 Y101.345
G1 F1500 X115.644 Y93.66 E861.28838
G0 F9000 X115.078 Y93.66
G1 F1500 X107.393 Y101.345 E861.64986
G0 F9000 X106.828 Y101.345
G1 F1500 X114.512 Y93.66 E862.01131
G0 F9000 X113.947 Y93.66
G1 F1500 X106.261 Y101.345 E862.37281
G0 F9000 X105.695 Y101.345
G1 F1500 X113.381 Y93.66 E862.73432
G0 F9000 X112.815 Y93.66
G1 F1500 X105.13 Y101.345 E863.0958
G0 F9000 X104.564 Y101.345
G1 F1500 X112.25 Y93.66 E863.4573
G0 F9000 X111.684 Y93.66
G1 F1500 X103.998 Y101.345 E863.8188
G0 F9000 X103.433 Y101.345
G1 F1500 X111.118 Y93.66 E864.18028
G0 F9000 X110.553 Y93.66
G1 F1500 X102.867 Y101.345 E864.54178
G0 F9000 X102.301 Y101.345
G1 F1500 X109.987 Y93.66 E864.90328
G0 F9000 X109.421 Y93.66
G1 F1500 X101.735 Y101.346 E865.26481
G0 F9000 X101.169 Y101.346
G1 F1500 X108.856 Y93.66 E865.62636
G0 F9000 X108.29 Y93.66
G1 F1500 X100.604 Y101.346 E865.98788
G0 F9000 X100.038 Y101.346
G1 F1500 X107.724 Y93.66 E866.34941
G0 F9000 X107.158 Y93.66
G1 F1500 X99.472 Y101.346 E866.71094
G0 F9000 X98.907 Y101.346
G1 F1500 X106.593 Y93.66 E867.07246
G0 F9000 X106.027 Y93.66
G1 F1500 X98.341 Y101.346 E867.43399
G0 F9000 X97.775 Y101.346
G1 F1500 X105.461 Y93.66 E867.79551
G0 F9000 X104.896 Y93.66
G1 F1500 X97.135 Y101.421 E868.16057
G1 F2700 E863.16057
;MESH:NONMESH
G0 F300 X97.135 Y101.421 Z1
G0 F9000 X97.312 Y101.845
G0 X93.416 Y95.665
G0 X94.1 Y94.1
;TIME_ELAPSED:1289.676578
;LAYER:4
;TYPE:WALL-INNER
;MESH:doppia_fenditura.stl
G1 F2700 E868.16057
G1 F1500 X93.556 Y94.804 E868.19016
G1 X93.221 Y95.613 E868.21928
G1 X93.1 Y96.543 E868.25047
G1 X93.1 Y138.457 E869.64454
G1 X93.221 Y139.383 E869.6756
G1 X93.556 Y140.192 E869.70472
G1 X94.1 Y140.896 E869.73432
G1 X94.804 Y141.44 E869.76391
G1 X95.614 Y141.775 E869.79306
G1 X96.544 Y141.9 E869.82427
G1 X138.456 Y141.9 E871.21827
G1 X139.383 Y141.775 E871.24938
G1 X140.188 Y141.443 E871.27834
G1 X140.896 Y140.896 E871.3081
G1 X141.443 Y140.188 E871.33786
G1 X141.775 Y139.383 E871.36682
G1 X141.9 Y138.456 E871.39793
G1 X141.9 Y96.544 E872.79193
G1 X141.775 Y95.613 E872.82317
G1 X141.443 Y94.808 E872.85213
G1 X140.896 Y94.101 E872.88187
G1 X140.188 Y93.556 E872.91158
G1 X139.383 Y93.221 E872.94058
G1 X138.457 Y93.1 E872.97164
G1 X96.543 Y93.1 E874.36571
G1 X95.613 Y93.221 E874.3969
G1 X94.804 Y93.556 E874.42603
G1 X94.1 Y94.1 E874.45562
G0 F9000 X94.312 Y94.313
G0 X97.14 Y101.6
G0 X97.14 Y102.02
G1 F1500 X97.421 Y101.9 E874.46578
G1 X137.579 Y101.9 E875.80144
G1 X137.86 Y102.02 E875.8116
G1 X137.981 Y102.139 E875.81725
G1 X138.068 Y102.305 E875.82348
G1 X138.1 Y102.5 E875.83005
G1 X138.1 Y132.574 E876.83032
G1 X137.981 Y132.86 E876.84062
G1 X137.86 Y132.98 E876.84629
G1 X137.579 Y133.1 E876.85645
G1 X97.421 Y133.1 E878.19211
G1 X97.14 Y132.98 E878.20227
G1 X97.019 Y132.86 E878.20794
G1 X96.932 Y132.695 E878.21415
G1 X96.9 Y132.5 E878.22072
G1 X96.9 Y102.5 E879.21852
G1 X96.932 Y102.305 E879.2251
G1 X97.02 Y102.14 E879.23132
G1 X97.14 Y102.02 E879.23696
G0 F9000 X97.38 Y102.34
;TYPE:WALL-OUTER
G1 F1500 X97.463 Y102.303 E879.23998
G1 X137.537 Y102.303 E880.57285
G1 X137.62 Y102.34 E880.57587
G1 X137.7 Y102.449 E880.58037
G1 X137.698 Y132.535 E881.58103
G1 X137.661 Y132.62 E881.58412
G1 X137.537 Y132.697 E881.58897
G1 X97.463 Y132.697 E882.92184
G1 X97.38 Y132.66 E882.92486
G1 X97.3 Y132.551 E882.92936
G1 X97.3 Y102.449 E883.93055
G1 X97.38 Y102.34 E883.93505
G1 F2700 E878.93505
G0 F9000 X97.38 Y101.6
G0 X94.312 Y94.313
G0 X93.815 Y93.815
G1 F2700 E883.93505
G1 F1500 X93.207 Y94.602 E883.96813
G1 X92.831 Y95.509 E884.00078
G1 X92.7 Y96.517 E884.03459
G1 X92.7 Y138.483 E885.43039
G1 X92.831 Y139.487 E885.46406
G1 X93.207 Y140.394 E885.49672
G1 X93.815 Y141.181 E885.5298
G1 X94.602 Y141.789 E885.56287
G1 X95.509 Y142.165 E885.59553
G1 X96.518 Y142.3 E885.62939
G1 X138.482 Y142.3 E887.02512
G1 X139.487 Y142.165 E887.05884
G1 X140.39 Y141.793 E887.09133
G1 X141.181 Y141.181 E887.12459
G1 X141.793 Y140.39 E887.15785
G1 X142.165 Y139.487 E887.19034
G1 X142.3 Y138.482 E887.22406
G1 X142.3 Y96.518 E888.61979
G1 X142.165 Y95.509 E888.65365
G1 X141.793 Y94.606 E888.68613
G1 X141.181 Y93.815 E888.7194
G1 X140.39 Y93.207 E888.75258
G1 X139.487 Y92.831 E888.78511
G1 X138.483 Y92.7 E888.81879
G1 X96.517 Y92.7 E890.21458
G1 X95.509 Y92.831 E890.24839
G1 X94.602 Y93.207 E890.28105
G1 X93.815 Y93.815 E890.31413
G0 F9000 X94.721 Y93.721
;TYPE:FILL
G1 F3000 X102.82 Y101.82 E890.69508
G0 F9000 X102.334 Y101.82
G1 F3000 X104.649 Y93.18 E890.99258
G0 F9000 X104.649 Y93.4
G0 X102.665 Y93.4
G0 X102.665 Y93.18
G1 F3000 X111.305 Y101.82 E891.39898
G0 F9000 X111.305 Y101.6
G0 X109.2 Y101.6
G0 X109.2 Y101.82
G1 F3000 X140.005 Y93.566 E892.4597
G0 F9000 X139.92 Y93.769
G0 X141.23 Y95.077
G0 X141.433 Y94.994
G1 F3000 X138.18 Y107.133 E892.87769
G0 F9000 X138.18 Y106.479
G1 F3000 X141.82 Y105.503 E893.00304
G0 F9000 X141.6 Y105.503
G0 X141.6 Y106.879
G0 X141.82 Y106.879
G1 F3000 X138.18 Y103.239 E893.17425
G0 F9000 X138.4 Y103.239
G0 X138.328 Y101.672
G0 X136.761 Y101.6
G0 X136.761 Y101.82
G1 F3000 X128.121 Y93.18 E893.58065
G0 F9000 X128.121 Y93.4
G0 X129.496 Y93.4
G0 X129.496 Y93.18
G1 F3000 X127.181 Y101.82 E893.87815
G0 F9000 X127.181 Y101.6
G0 X128.276 Y101.6
G0 X128.276 Y101.82
G1 F3000 X119.635 Y93.18 E894.28458
G0 F9000 X119.635 Y93.4
G0 X118.265 Y93.4
G0 X118.265 Y93.18
G1 F3000 X93.18 Y99.901 E895.14833
G0 F9000 X93.18 Y100.665
G1 F3000 X96.82 Y104.305 E895.31955
G0 F9000 X96.82 Y105.138
G1 F3000 X93.181 Y106.113 E895.44485
G0 F9000 X93.4 Y106.113
G0 X93.4 Y109.15
G0 X93.18 Y109.15
G1 F3000 X96.82 Y112.791 E895.61609
G0 F9000 X96.6 Y112.791
G0 X96.6 Y111.349
G0 X96.819 Y111.349
G1 F3000 X93.181 Y112.324 E895.74136
G0 F9000 X93.18 Y112.801
G1 F3000 X98.438 Y93.18 E896.41698
G0 F9000 X98.438 Y93.4
G0 X110.861 Y93.4
G0 X110.861 Y93.18
G1 F3000 X108.546 Y101.82 E896.71449
G0 F9000 X108.546 Y101.6
G0 X114.757 Y101.6
G0 X114.757 Y101.821
G1 F3000 X117.072 Y93.18 E897.01202
G0 F9000 X117.072 Y93.4
G0 X111.15 Y93.4
G0 X111.15 Y93.18
G1 F3000 X119.79 Y101.82 E897.41842
G0 F9000 X119.79 Y101.6
G0 X120.969 Y101.6
G0 X120.969 Y101.82
G1 F3000 X123.284 Y93.179 E897.71596
G0 F9000 X123.284 Y93.4
G0 X135.707 Y93.4
G0 X135.707 Y93.18
G1 F3000 X133.392 Y101.821 E898.01349
G0 F9000 X133.392 Y101.6
G0 X132.382 Y101.6
G0 X132.382 Y101.82
G1 F3000 X141.82 Y99.292 E898.33847
G0 F9000 X141.82 Y98.394
G1 F3000 X136.606 Y93.18 E898.58372
G0 F9000 X136.606 Y93.4
G0 X138.328 Y101.672
G0 X138.4 Y111.724
G0 X138.18 Y111.724
G1 F3000 X141.82 Y115.364 E898.75493
G0 F9000 X141.6 Y115.364
G0 X141.6 Y116.732
G0 X141.82 Y116.732
G1 F3000 X138.18 Y130.317 E899.22271
G0 F9000 X138.4 Y130.317
G0 X138.4 Y131.325
G0 X138.181 Y131.325
G1 F3000 X141.819 Y130.35 E899.34798
G0 F9000 X141.6 Y130.35
G0 X141.6 Y132.335
G0 X141.82 Y132.335
G1 F3000 X138.18 Y128.695 E899.5192
G0 F9000 X138.4 Y128.695
G0 X138.4 Y125.113
G0 X138.18 Y125.113
G1 F3000 X141.82 Y124.138 E899.64453
G0 F9000 X141.82 Y123.85
G1 F3000 X138.18 Y120.21 E899.81575
G0 F9000 X138.4 Y120.21
G0 X138.4 Y118.902
G0 X138.18 Y118.902
G1 F3000 X141.82 Y117.927 E899.94108
G0 F9000 X141.6 Y117.927
G0 X141.6 Y111.715
G0 X141.819 Y111.715
G1 F3000 X138.181 Y112.69 E900.06635
G0 F9000 X138.4 Y112.69
G0 X138.328 Y133.328
G0 X137.413 Y133.4
G0 X137.413 Y133.18
G1 F3000 X135.098 Y141.82 E900.36386
G0 F9000 X134.335 Y141.82
G1 F3000 X125.695 Y133.18 E900.77025
G0 F9000 X124.989 Y133.18
G1 F3000 X122.674 Y141.821 E901.06779
G0 F9000 X122.194 Y141.82
G1 F3000 X141.819 Y136.562 E901.74354
G0 F9000 X141.6 Y136.562
G0 X141.105 Y140.144
G0 X141.275 Y140.275
G1 F3000 X134.18 Y133.18 E902.07727
G0 F9000 X134.18 Y133.4
G0 X131.259 Y133.4
G0 X131.259 Y133.18
G1 F3000 X99.012 Y141.82 E903.18764
G0 F9000 X99.012 Y141.6
G0 X97.827 Y141.6
G0 X97.827 Y141.821
G1 F3000 X100.143 Y133.18 E903.48518
G1 X100.239 Y133.18
G1 X108.879 Y141.82 E903.89158
G0 F9000 X108.879 Y141.6
G0 X110.251 Y141.6
G0 X110.251 Y141.82
G1 F3000 X112.566 Y133.18 E904.18909
G0 F9000 X112.566 Y133.4
G0 X108.724 Y133.4
G0 X108.724 Y133.18
G1 F3000 X117.364 Y141.82 E904.59549
G0 F9000 X116.463 Y141.82
G1 F3000 X118.778 Y133.18 E904.89299
G0 F9000 X118.778 Y133.4
G0 X117.209 Y133.4
G0 X117.209 Y133.18
G1 F3000 X125.849 Y141.82 E905.29939
G0 F9000 X125.849 Y141.6
G0 X128.886 Y141.6
G0 X128.886 Y141.821
G1 F3000 X131.201 Y133.179 E905.59696
G0 F9000 X131.201 Y133.4
G0 X108.077 Y133.4
G0 X108.077 Y133.18
G1 F3000 X93.181 Y137.171 E906.10988
G0 F9000 X93.4 Y137.171
G0 X93.4 Y135.983
G0 X93.18 Y135.983
G1 F3000 X96.82 Y122.398 E906.57765
G0 F9000 X96.6 Y122.398
G0 X96.6 Y121.276
G0 X96.82 Y121.276
G1 F3000 X93.18 Y117.636 E906.74887
G0 F9000 X93.18 Y118.536
G1 F3000 X96.819 Y117.561 E906.87417
G0 F9000 X96.6 Y117.561
G0 X96.6 Y123.773
G0 X96.819 Y123.773
G1 F3000 X93.181 Y124.748 E906.99944
G0 F9000 X93.4 Y124.748
G0 X93.4 Y126.121
G0 X93.18 Y126.121
G1 F3000 X96.82 Y129.761 E907.17065
G0 F9000 X96.819 Y129.984
G1 F3000 X93.181 Y130.959 E907.29593
G0 F9000 X93.4 Y130.959
G0 X93.4 Y134.606
G0 X93.18 Y134.606
G1 F3000 X100.394 Y141.82 E907.63525
G0 F9000 X100.394 Y141.6
G0 X104.039 Y141.6
G0 X104.039 Y141.821
G1 F3000 X106.355 Y133.18 E907.93279
G0 F9000 X106.355 Y133.7
G1 F2700 E902.93279
;MESH:NONMESH
G0 F300 X106.355 Y133.7 Z1.2
G0 F9000 X96.672 Y133.328
G0 X94.312 Y94.313
G0 X94.1 Y94.1
;TIME_ELAPSED:1341.485056
;LAYER:5
;TYPE:WALL-INNER
;MESH:doppia_fenditura.stl
G1 F2700 E907.93279
G1 F1500 X93.556 Y94.804 E907.96239
G1 X93.221 Y95.613 E907.99151
G1 X93.1 Y96.543 E908.0227
G1 X93.1 Y138.457 E909.41677
G1 X93.221 Y139.383 E909.44783
G1 X93.556 Y140.192 E909.47695
G1 X94.1 Y140.896 E909.50654
G1 X94.804 Y141.44 E909.53613
G1 X95.614 Y141.775 E909.56529
G1 X96.544 Y141.9 E909.5965
G1 X138.456 Y141.9 E910.9905
G1 X139.383 Y141.775 E911.02161
G1 X140.188 Y141.443 E911.05057
G1 X140.896 Y140.896 E911.08033
G1 X141.443 Y140.188 E911.11008
G1 X141.775 Y139.383 E911.13905
G1 X141.9 Y138.456 E911.17016
G1 X141.9 Y96.544 E912.56416
G1 X141.775 Y95.613 E912.5954
G1 X141.443 Y94.808 E912.62436
G1 X140.896 Y94.101 E912.65409
G1 X140.188 Y93.556 E912.68381
G1 X139.383 Y93.221 E912.71281
G1 X138.457 Y93.1 E912.74387
G1 X96.543 Y93.1 E914.13794
G1 X95.613 Y93.221 E914.16913
G1 X94.804 Y93.556 E914.19825
G1 X94.1 Y94.1 E914.22784
G0 F9000 X94.312 Y94.313
G0 X97.14 Y101.6
G0 X97.14 Y102.02
G1 F1500 X97.421 Y101.9 E914.23801
G1 X137.579 Y101.9 E915.57367
G1 X137.86 Y102.02 E915.58383
G1 X137.981 Y102.139 E915.58947
G1 X138.068 Y102.305 E915.59571
G1 X138.1 Y102.5 E915.60228
G1 X138.1 Y132.574 E916.60255
G1 X137.981 Y132.86 E916.61285
G1 X137.86 Y132.98 E916.61852
G1 X137.579 Y133.1 E916.62868
G1 X97.421 Y133.1 E917.96434
G1 X97.14 Y132.98 E917.9745
G1 X97.019 Y132.86 E917.98017
G1 X96.932 Y132.695 E917.98637
G1 X96.9 Y132.5 E917.99295
G1 X96.9 Y102.5 E918.99075
G1 X96.932 Y102.305 E918.99732
G1 X97.02 Y102.14 E919.00354
G1 X97.14 Y102.02 E919.00919
G0 F9000 X97.38 Y102.34
;TYPE:WALL-OUTER
G1 F1500 X97.463 Y102.303 E919.01221
G1 X137.537 Y102.303 E920.34508
G1 X137.62 Y102.34 E920.3481
G1 X137.7 Y102.449 E920.3526
G1 X137.698 Y132.535 E921.35326
G1 X137.661 Y132.62 E921.35634
G1 X137.537 Y132.697 E921.3612
G1 X97.463 Y132.697 E922.69406
G1 X97.38 Y132.66 E922.69709
G1 X97.3 Y132.551 E922.70158
G1 X97.3 Y102.449 E923.70278
G1 X97.38 Y102.34 E923.70728
G1 F2700 E918.70728
G0 F9000 X97.38 Y101.6
G0 X94.312 Y94.313
G0 X93.815 Y93.815
G1 F2700 E923.70728
G1 F1500 X93.207 Y94.602 E923.74036
G1 X92.831 Y95.509 E923.77301
G1 X92.7 Y96.517 E923.80682
G1 X92.7 Y138.483 E925.20261
G1 X92.831 Y139.487 E925.23629
G1 X93.207 Y140.394 E925.26895
G1 X93.815 Y141.181 E925.30202
G1 X94.602 Y141.789 E925.3351
G1 X95.509 Y142.165 E925.36776
G1 X96.518 Y142.3 E925.40162
G1 X138.482 Y142.3 E926.79734
G1 X139.487 Y142.165 E926.83107
G1 X140.39 Y141.793 E926.86355
G1 X141.181 Y141.181 E926.89682
G1 X141.793 Y140.39 E926.93008
G1 X142.165 Y139.487 E926.96256
G1 X142.3 Y138.482 E926.99629
G1 X142.3 Y96.518 E928.39202
G1 X142.165 Y95.509 E928.42588
G1 X141.793 Y94.606 E928.45836
G1 X141.181 Y93.815 E928.49162
G1 X140.39 Y93.207 E928.52481
G1 X139.487 Y92.831 E928.55734
G1 X138.483 Y92.7 E928.59102
G1 X96.517 Y92.7 E929.98681
G1 X95.509 Y92.831 E930.02062
G1 X94.602 Y93.207 E930.05328
G1 X93.815 Y93.815 E930.08635
G0 F9000 X94.312 Y94.313
G0 X94.955 Y93.82
G0 X94.834 Y93.634
;TYPE:FILL
G1 F3000 X103.019 Y101.82 E930.47137
G0 F9000 X102.188 Y101.821
G1 F3000 X104.503 Y93.179 E930.76894
G0 F9000 X104.503 Y93.4
G0 X102.864 Y93.4
G0 X102.864 Y93.18
G1 F3000 X111.504 Y101.82 E931.17534
G0 F9000 X111.504 Y101.6
G0 X109.745 Y101.6
G0 X109.745 Y101.82
G1 F3000 X140.194 Y93.661 E932.22381
G0 F9000 X140.062 Y93.832
G0 X141.165 Y94.935
G0 X141.338 Y94.803
G1 F3000 X138.18 Y106.589 E932.62964
G1 X138.18 Y106.625
G1 X141.819 Y105.649 E932.75495
G0 F9000 X141.6 Y105.649
G0 X141.6 Y106.68
G0 X141.82 Y106.68
G1 F3000 X138.18 Y103.04 E932.92616
G0 F9000 X138.4 Y103.04
G0 X138.328 Y101.672
G0 X136.96 Y101.6
G0 X136.96 Y101.82
G1 F3000 X128.32 Y93.18 E933.33256
G0 F9000 X128.32 Y93.4
G0 X129.35 Y93.4
G0 X129.35 Y93.18
G1 F3000 X127.035 Y101.82 E933.63007
G0 F9000 X127.035 Y101.6
G0 X128.475 Y101.6
G0 X128.475 Y101.82
G1 F3000 X119.835 Y93.18 E934.03647
G0 F9000 X119.835 Y93.4
G0 X118.81 Y93.4
G0 X118.81 Y93.18
G1 F3000 X93.181 Y100.047 E934.91896
G0 F9000 X93.18 Y100.466
G1 F3000 X96.82 Y104.106 E935.09017
G0 F9000 X96.6 Y104.106
G0 X96.6 Y105.284
G0 X96.819 Y105.284
G1 F3000 X93.181 Y106.259 E935.21544
G0 F9000 X93.4 Y106.259
G0 X93.4 Y108.951
G0 X93.18 Y108.951
G1 F3000 X96.82 Y112.591 E935.38666
G0 F9000 X96.6 Y112.591
G0 X96.6 Y111.495
G0 X96.819 Y111.495
G1 F3000 X93.181 Y112.47 E935.51193
G0 F9000 X93.18 Y112.257
G1 F3000 X98.292 Y93.18 E936.16882
G0 F9000 X98.292 Y93.4
G0 X110.715 Y93.4
G0 X110.715 Y93.18
G1 F3000 X108.4 Y101.82 E936.46632
G0 F9000 X108.4 Y101.6
G0 X114.611 Y101.6
G0 X114.611 Y101.82
G1 F3000 X116.926 Y93.18 E936.76383
G0 F9000 X116.926 Y93.4
G0 X111.35 Y93.4
G0 X111.35 Y93.18
G1 F3000 X119.99 Y101.82 E937.17023
G0 F9000 X120.823 Y101.821
G1 F3000 X123.138 Y93.18 E937.46776
G0 F9000 X123.138 Y93.4
G0 X135.561 Y93.4
G0 X135.561 Y93.18
G1 F3000 X133.246 Y101.821 E937.7653
G0 F9000 X132.926 Y101.821
G1 F3000 X141.82 Y99.438 E938.07155
G0 F9000 X141.6 Y99.438
G0 X141.6 Y98.195
G0 X141.82 Y98.195
G1 F3000 X136.805 Y93.18 E938.30744
G0 F9000 X136.805 Y93.4
G0 X138.328 Y101.672
G0 X138.4 Y111.525
G0 X138.18 Y111.525
G1 F3000 X141.82 Y115.165 E938.47865
G0 F9000 X141.6 Y115.165
G0 X141.6 Y116.188
G0 X141.82 Y116.188
G1 F3000 X138.18 Y129.772 E938.9464
G0 F9000 X138.4 Y129.772
G0 X138.4 Y128.495
G0 X138.18 Y128.495
G1 F3000 X141.82 Y132.136 E939.11764
G0 F9000 X141.6 Y132.136
G0 X141.6 Y130.496
G0 X141.819 Y130.496
G1 F3000 X138.181 Y131.471 E939.24291
G0 F9000 X138.4 Y131.471
G0 X138.328 Y133.328
G0 X137.267 Y133.4
G0 X137.267 Y133.179
G1 F3000 X134.952 Y141.82 E939.54044
G0 F9000 X134.534 Y141.82
G1 F3000 X125.894 Y133.18 E939.94684
G0 F9000 X125.894 Y133.4
G0 X124.843 Y133.4
G0 X124.843 Y133.18
G1 F3000 X122.528 Y141.821 E940.24438
G0 F9000 X122.739 Y141.82
G1 F3000 X141.82 Y136.708 E940.9014
G0 F9000 X141.6 Y136.708
G0 X141.179 Y140.048
G0 X141.362 Y140.163
G1 F3000 X134.379 Y133.18 E941.22985
G0 F9000 X134.379 Y133.4
G0 X131.804 Y133.4
G0 X131.804 Y133.18
G1 F3000 X99.556 Y141.82 E942.34026
G0 F9000 X99.556 Y141.6
G0 X100.593 Y141.6
G0 X100.593 Y141.82
G1 F3000 X93.18 Y134.407 E942.68894
G0 F9000 X93.4 Y134.407
G0 X93.4 Y135.439
G0 X93.18 Y135.439
G1 F3000 X96.82 Y121.853 E943.15675
G0 F9000 X96.82 Y121.076
G1 F3000 X93.18 Y117.436 E943.32796
G0 F9000 X93.4 Y117.436
G0 X93.4 Y118.682
G0 X93.18 Y118.682
G1 F3000 X96.819 Y117.707 E943.45327
G0 F9000 X96.6 Y117.707
G0 X96.6 Y123.919
G0 X96.82 Y123.919
G1 F3000 X93.181 Y124.894 E943.57857
G0 F9000 X93.4 Y124.894
G0 X93.4 Y125.922
G0 X93.18 Y125.922
G1 F3000 X96.82 Y129.562 E943.74978
G0 F9000 X96.819 Y130.13
G1 F3000 X93.181 Y131.105 E943.87506
G0 F9000 X93.4 Y131.105
G0 X93.4 Y137.317
G0 X93.18 Y137.317
G1 F3000 X108.623 Y133.179 E944.40681
G0 F9000 X108.923 Y133.18
G1 F3000 X117.564 Y141.82 E944.81323
G0 F9000 X117.564 Y141.6
G0 X116.317 Y141.6
G0 X116.317 Y141.82
G1 F3000 X118.632 Y133.18 E945.11074
G0 F9000 X118.632 Y133.4
G0 X117.409 Y133.4
G0 X117.409 Y133.18
G1 F3000 X126.049 Y141.82 E945.51714
G0 F9000 X126.049 Y141.6
G0 X128.74 Y141.6
G0 X128.74 Y141.821
G1 F3000 X131.055 Y133.18 E945.81467
G0 F9000 X131.055 Y133.4
G0 X138.328 Y133.328
G0 X138.4 Y125.259
G0 X138.181 Y125.259
G1 F3000 X141.82 Y124.284 E945.93998
G0 F9000 X141.82 Y123.65
G1 F3000 X138.18 Y120.01 E946.11119
G0 F9000 X138.18 Y119.048
G1 F3000 X141.82 Y118.073 E946.23653
G0 F9000 X141.6 Y118.073
G0 X141.6 Y111.861
G0 X141.82 Y111.861
G1 F3000 X138.181 Y112.836 E946.36183
G1 F2700 E941.36183
G0 F9000 X138.4 Y112.836
G0 X138.328 Y133.328
G0 X112.42 Y133.4
G0 X112.42 Y133.179
G1 F2700 E946.36183
G1 F3000 X110.105 Y141.821 E946.6594
G0 F9000 X110.105 Y141.6
G0 X109.078 Y141.6
G0 X109.078 Y141.82
G1 F3000 X100.438 Y133.18 E947.0658
G0 F9000 X99.997 Y133.18
G1 F3000 X97.681 Y141.821 E947.36334
G0 F9000 X97.681 Y141.6
G0 X103.893 Y141.6
G0 X103.893 Y141.821
G1 F3000 X106.209 Y133.18 E947.66088
G0 F9000 X106.209 Y133.7
G1 F2700 E942.66088
;MESH:NONMESH
G0 F300 X106.209 Y133.7 Z1.4
G0 F9000 X96.672 Y133.328
G0 X94.312 Y94.313
G0 X94.1 Y94.1
;TIME_ELAPSED:1393.825487
;LAYER:6
;TYPE:WALL-INNER
;MESH:doppia_fenditura.stl
G1 F2700 E947.66088
G1 F1500 X93.556 Y94.804 E947.69048
G1 X93.221 Y95.613 E947.7196
G1 X93.1 Y96.543 E947.75079
G1 X93.1 Y138.457 E949.14486
G1 X93.221 Y139.383 E949.17592
G1 X93.556 Y140.192 E949.20504
G1 X94.1 Y140.896 E949.23463
G1 X94.804 Y141.44 E949.26422
G1 X95.614 Y141.775 E949.29338
G1 X96.544 Y141.9 E949.32459
G1 X138.456 Y141.9 E950.71859
G1 X139.383 Y141.775 E950.7497
G1 X140.188 Y141.443 E950.77866
G1 X140.896 Y140.896 E950.80842
G1 X141.443 Y140.188 E950.83817
G1 X141.775 Y139.383 E950.86714
G1 X141.9 Y138.456 E950.89825
G1 X141.9 Y96.544 E952.29225
G1 X141.775 Y95.613 E952.32349
G1 X141.443 Y94.808 E952.35245
G1 X140.896 Y94.101 E952.38218
G1 X140.188 Y93.556 E952.4119
G1 X139.383 Y93.221 E952.4409
G1 X138.457 Y93.1 E952.47196
G1 X96.543 Y93.1 E953.86603
G1 X95.613 Y93.221 E953.89722
G1 X94.804 Y93.556 E953.92634
G1 X94.1 Y94.1 E953.95593
G0 F9000 X94.312 Y94.313
G0 X97.14 Y101.6
G0 X97.14 Y102.02
G1 F1500 X97.421 Y101.9 E953.9661
G1 X137.579 Y101.9 E955.30176
G1 X137.86 Y102.02 E955.31192
G1 X137.981 Y102.139 E955.31756
G1 X138.068 Y102.305 E955.3238
G1 X138.1 Y102.5 E955.33037
G1 X138.1 Y132.574 E956.33064
G1 X137.981 Y132.86 E956.34094
G1 X137.86 Y132.98 E956.34661
G1 X137.579 Y133.1 E956.35677
G1 X97.421 Y133.1 E957.69243
G1 X97.14 Y132.98 E957.70259
G1 X97.019 Y132.86 E957.70826
G1 X96.932 Y132.695 E957.71446
G1 X96.9 Y132.5 E957.72104
G1 X96.9 Y102.5 E958.71884
G1 X96.932 Y102.305 E958.72541
G1 X97.02 Y102.14 E958.73163
G1 X97.14 Y102.02 E958.73728
G0 F9000 X97.38 Y102.34
;TYPE:WALL-OUTER
G1 F1500 X97.463 Y102.303 E958.7403
G1 X137.537 Y102.303 E960.07317
G1 X137.62 Y102.34 E960.07619
G1 X137.7 Y102.449 E960.08069
G1 X137.698 Y132.535 E961.08135
G1 X137.661 Y132.62 E961.08443
G1 X137.537 Y132.697 E961.08929
G1 X97.463 Y132.697 E962.42215
G1 X97.38 Y132.66 E962.42518
G1 X97.3 Y132.551 E962.42967
G1 X97.3 Y102.449 E963.43087
G1 X97.38 Y102.34 E963.43537
G1 F2700 E958.43537
G0 F9000 X97.38 Y101.6
G0 X94.312 Y94.313
G0 X93.815 Y93.815
G1 F2700 E963.43537
G1 F1500 X93.207 Y94.602 E963.46845
G1 X92.831 Y95.509 E963.5011
G1 X92.7 Y96.517 E963.53491
G1 X92.7 Y138.483 E964.9307
G1 X92.831 Y139.487 E964.96438
G1 X93.207 Y140.394 E964.99704
G1 X93.815 Y141.181 E965.03011
G1 X94.602 Y141.789 E965.06319
G1 X95.509 Y142.165 E965.09585
G1 X96.518 Y142.3 E965.12971
G1 X138.482 Y142.3 E966.52543
G1 X139.487 Y142.165 E966.55916
G1 X140.39 Y141.793 E966.59164
G1 X141.181 Y141.181 E966.62491
G1 X141.793 Y140.39 E966.65817
G1 X142.165 Y139.487 E966.69065
G1 X142.3 Y138.482 E966.72438
G1 X142.3 Y96.518 E968.12011
G1 X142.165 Y95.509 E968.15397
G1 X141.793 Y94.606 E968.18645
G1 X141.181 Y93.815 E968.21971
G1 X140.39 Y93.207 E968.2529
G1 X139.487 Y92.831 E968.28543
G1 X138.483 Y92.7 E968.31911
G1 X96.517 Y92.7 E969.7149
G1 X95.509 Y92.831 E969.74871
G1 X94.602 Y93.207 E969.78137
G1 X93.815 Y93.815 E969.81444
G0 F9000 X94.312 Y94.313
G0 X95.056 Y93.779
G0 X94.972 Y93.574
;TYPE:FILL
G1 F3000 X103.218 Y101.82 E970.20231
G0 F9000 X103.218 Y101.6
G0 X102.042 Y101.6
G0 X102.042 Y101.82
G1 F3000 X104.357 Y93.18 E970.49981
G0 F9000 X104.357 Y93.4
G0 X103.064 Y93.4
G0 X103.064 Y93.18
G1 F3000 X111.704 Y101.82 E970.90621
G0 F9000 X111.704 Y101.6
G0 X110.289 Y101.6
G0 X110.289 Y101.821
G1 F3000 X140.335 Y93.77 E971.9408
G0 F9000 X140.203 Y93.941
G0 X141.057 Y94.794
G0 X141.23 Y94.663
G1 F3000 X138.18 Y106.044 E972.33269
G0 F9000 X138.181 Y106.77
G1 F3000 X141.82 Y105.795 E972.458
G0 F9000 X141.82 Y106.48
G1 F3000 X138.18 Y102.84 E972.62921
G0 F9000 X138.4 Y102.84
G0 X138.328 Y101.672
G0 X137.16 Y101.6
G0 X137.16 Y101.82
G1 F3000 X128.519 Y93.18 E973.03563
G0 F9000 X129.204 Y93.179
G1 F3000 X126.889 Y101.821 E973.3332
G0 F9000 X126.889 Y101.6
G0 X128.674 Y101.6
G0 X128.674 Y101.82
G1 F3000 X120.034 Y93.18 E973.7396
G0 F9000 X119.355 Y93.18
G1 F3000 X93.181 Y100.193 E974.64086
G1 X93.18 Y100.266
G1 X96.82 Y103.907 E974.8121
G0 F9000 X96.6 Y103.907
G0 X96.6 Y105.43
G0 X96.819 Y105.43
G1 F3000 X93.181 Y106.405 E974.93737
G0 F9000 X93.4 Y106.405
G0 X93.4 Y108.752
G0 X93.18 Y108.752
G1 F3000 X96.82 Y112.392 E975.10858
G0 F9000 X96.819 Y111.641
G1 F3000 X93.18 Y112.616 E975.23388
G0 F9000 X93.18 Y111.711
G1 F3000 X98.145 Y93.18 E975.87197
G0 F9000 X98.145 Y93.4
G0 X95.842 Y93.494
G0 X95.815 Y93.275
G1 F3000 X95.466 Y93.369 E975.88399
G0 F9000 X95.55 Y93.574
G0 X110.569 Y93.4
G0 X110.569 Y93.179
G1 F3000 X108.254 Y101.821 E976.18156
G0 F9000 X108.254 Y101.6
G0 X114.465 Y101.6
G0 X114.465 Y101.82
G1 F3000 X116.78 Y93.18 E976.47906
G0 F9000 X116.78 Y93.4
G0 X111.549 Y93.4
G0 X111.549 Y93.18
G1 F3000 X120.189 Y101.82 E976.88546
G0 F9000 X120.677 Y101.821
G1 F3000 X122.992 Y93.18 E977.183
G0 F9000 X122.992 Y93.4
G0 X135.415 Y93.4
G0 X135.415 Y93.18
G1 F3000 X133.1 Y101.82 E977.4805
G0 F9000 X133.471 Y101.821
G1 F3000 X141.82 Y99.584 E977.76798
G0 F9000 X141.6 Y99.584
G0 X141.6 Y97.995
G0 X141.82 Y97.995
G1 F3000 X137.005 Y93.18 E977.99447
G0 F9000 X137.005 Y93.4
G0 X138.328 Y101.672
G0 X138.4 Y111.325
G0 X138.18 Y111.325
G1 F3000 X141.82 Y114.966 E978.1657
G0 F9000 X141.82 Y115.642
G1 F3000 X138.18 Y129.227 E978.63348
G0 F9000 X138.18 Y128.296
G1 F3000 X141.82 Y131.936 E978.8047
G0 F9000 X141.6 Y131.936
G0 X141.6 Y130.642
G0 X141.82 Y130.642
G1 F3000 X138.18 Y131.617 E978.93003
G0 F9000 X138.4 Y131.617
G0 X138.328 Y133.328
G0 X137.121 Y133.4
G0 X137.121 Y133.179
G1 F3000 X134.806 Y141.821 E979.2276
G1 X134.734 Y141.82
G1 X126.093 Y133.18 E979.63402
G0 F9000 X126.093 Y133.4
G0 X124.697 Y133.4
G0 X124.697 Y133.18
G1 F3000 X122.382 Y141.82 E979.93153
G0 F9000 X123.285 Y141.82
G1 F3000 X141.82 Y136.854 E980.56975
G0 F9000 X141.6 Y136.854
G0 X141.505 Y139.171
G0 X141.72 Y139.199
G1 F3000 X141.636 Y139.512 E980.58052
G0 F9000 X141.424 Y140.026
G1 F3000 X134.579 Y133.18 E980.90252
G0 F9000 X134.579 Y133.4
G0 X132.348 Y133.4
G0 X132.348 Y133.18
G1 F3000 X100.101 Y141.82 E982.01289
G0 F9000 X100.792 Y141.82
G1 F3000 X93.18 Y134.207 E982.37095
G0 F9000 X93.18 Y134.894
G1 F3000 X96.82 Y121.308 E982.83876
G0 F9000 X96.82 Y120.877
G1 F3000 X93.18 Y117.237 E983.00998
G0 F9000 X93.4 Y117.237
G0 X93.4 Y118.828
G0 X93.181 Y118.828
G1 F3000 X96.82 Y117.853 E983.13528
G0 F9000 X96.6 Y117.853
G0 X96.6 Y124.065
G0 X96.819 Y124.065
G1 F3000 X93.181 Y125.04 E983.26055
G0 F9000 X93.18 Y125.722
G1 F3000 X96.82 Y129.362 E983.43177
G0 F9000 X96.819 Y130.276
G1 F3000 X93.18 Y131.251 E983.55707
G0 F9000 X93.4 Y131.251
G0 X93.4 Y137.463
G0 X93.181 Y137.463
G1 F3000 X109.167 Y133.179 E984.10753
G1 X109.123 Y133.18
G1 X117.763 Y141.82 E984.51392
G0 F9000 X117.763 Y141.6
G0 X116.171 Y141.6
G0 X116.171 Y141.821
G1 F3000 X118.486 Y133.179 E984.81149
G0 F9000 X117.608 Y133.18
G1 F3000 X126.248 Y141.82 E985.21789
G0 F9000 X126.248 Y141.6
G0 X128.594 Y141.6
G0 X128.594 Y141.821
G1 F3000 X130.909 Y133.18 E985.51543
G0 F9000 X130.909 Y133.4
G0 X138.328 Y133.328
G0 X138.4 Y125.405
G0 X138.181 Y125.405
G1 F3000 X141.819 Y124.43 E985.6407
G0 F9000 X141.82 Y123.451
G1 F3000 X138.18 Y119.811 E985.81191
G0 F9000 X138.18 Y119.194
G1 F3000 X141.82 Y118.219 E985.93725
G0 F9000 X141.6 Y118.219
G0 X141.6 Y112.007
G0 X141.82 Y112.007
G1 F3000 X138.18 Y112.982 E986.06258
G1 F2700 E981.06258
G0 F9000 X138.4 Y112.982
G0 X138.328 Y133.328
G0 X112.274 Y133.4
G0 X112.274 Y133.18
G1 F2700 E986.06258
G1 F3000 X109.959 Y141.821 E986.36012
G0 F9000 X109.278 Y141.82
G1 F3000 X100.638 Y133.18 E986.76652
G0 F9000 X99.851 Y133.18
G1 F3000 X97.536 Y141.82 E987.06402
G0 F9000 X97.536 Y141.6
G0 X103.747 Y141.6
G0 X103.747 Y141.821
G1 F3000 X106.062 Y133.18 E987.36156
G0 F9000 X106.062 Y133.7
G1 F2700 E982.36156
;MESH:NONMESH
G0 F300 X106.062 Y133.7 Z1.6
G0 F9000 X96.672 Y133.328
G0 X94.312 Y94.313
G0 X94.1 Y94.1
;TIME_ELAPSED:1445.754192
;LAYER:7
;TYPE:WALL-INNER
;MESH:doppia_fenditura.stl
G1 F2700 E987.36156
G1 F1500 X93.556 Y94.804 E987.39115
G1 X93.221 Y95.613 E987.42027
G1 X93.1 Y96.543 E987.45147
G1 X93.1 Y138.457 E988.84553
G1 X93.221 Y139.383 E988.87659
G1 X93.556 Y140.192 E988.90571
G1 X94.1 Y140.896 E988.93531
G1 X94.804 Y141.44 E988.9649
G1 X95.614 Y141.775 E988.99405
G1 X96.544 Y141.9 E989.02526
G1 X138.456 Y141.9 E990.41926
G1 X139.383 Y141.775 E990.45037
G1 X140.188 Y141.443 E990.47933
G1 X140.896 Y140.896 E990.50909
G1 X141.443 Y140.188 E990.53885
G1 X141.775 Y139.383 E990.56781
G1 X141.9 Y138.456 E990.59892
G1 X141.9 Y96.544 E991.99292
G1 X141.775 Y95.613 E992.02416
G1 X141.443 Y94.808 E992.05313
G1 X140.896 Y94.101 E992.08286
G1 X140.188 Y93.556 E992.11257
G1 X139.383 Y93.221 E992.14157
G1 X138.457 Y93.1 E992.17263
G1 X96.543 Y93.1 E993.5667
G1 X95.613 Y93.221 E993.59789
G1 X94.804 Y93.556 E993.62702
G1 X94.1 Y94.1 E993.65661
G0 F9000 X94.312 Y94.313
G0 X97.14 Y101.6
G0 X97.14 Y102.02
G1 F1500 X97.421 Y101.9 E993.66677
G1 X137.579 Y101.9 E995.00243
G1 X137.86 Y102.02 E995.01259
G1 X137.981 Y102.139 E995.01824
G1 X138.068 Y102.305 E995.02447
G1 X138.1 Y102.5 E995.03104
G1 X138.1 Y132.574 E996.03131
G1 X137.981 Y132.86 E996.04161
G1 X137.86 Y132.98 E996.04728
G1 X137.579 Y133.1 E996.05744
G1 X97.421 Y133.1 E997.3931
G1 X97.14 Y132.98 E997.40327
G1 X97.019 Y132.86 E997.40893
G1 X96.932 Y132.695 E997.41514
G1 X96.9 Y132.5 E997.42171
G1 X96.9 Y102.5 E998.41951
G1 X96.932 Y102.305 E998.42609
G1 X97.02 Y102.14 E998.43231
G1 X97.14 Y102.02 E998.43795
G0 F9000 X97.38 Y102.34
;TYPE:WALL-OUTER
G1 F1500 X97.463 Y102.303 E998.44097
G1 X137.537 Y102.303 E999.77384
G1 X137.62 Y102.34 E999.77686
G1 X137.7 Y102.449 E999.78136
G1 X137.698 Y132.535 E1000.78202
G1 X137.661 Y132.62 E1000.78511
G1 X137.537 Y132.697 E1000.78996
G1 X97.463 Y132.697 E1002.12283
G1 X97.38 Y132.66 E1002.12585
G1 X97.3 Y132.551 E1002.13035
G1 X97.3 Y102.449 E1003.13154
G1 X97.38 Y102.34 E1003.13604
G1 F2700 E998.13604
G0 F9000 X97.38 Y101.6
G0 X94.312 Y94.313
G0 X93.815 Y93.815
G1 F2700 E1003.13604
G1 F1500 X93.207 Y94.602 E1003.16912
G1 X92.831 Y95.509 E1003.20178
G1 X92.7 Y96.517 E1003.23558
G1 X92.7 Y138.483 E1004.63138
G1 X92.831 Y139.487 E1004.66505
G1 X93.207 Y140.394 E1004.69771
G1 X93.815 Y141.181 E1004.73079
G1 X94.602 Y141.789 E1004.76387
G1 X95.509 Y142.165 E1004.79652
G1 X96.518 Y142.3 E1004.83038
G1 X138.482 Y142.3 E1006.22611
G1 X139.487 Y142.165 E1006.25984
G1 X140.39 Y141.793 E1006.29232
G1 X141.181 Y141.181 E1006.32558
G1 X141.793 Y140.39 E1006.35885
G1 X142.165 Y139.487 E1006.39133
G1 X142.3 Y138.482 E1006.42506
G1 X142.3 Y96.518 E1007.82078
G1 X142.165 Y95.509 E1007.85464
G1 X141.793 Y94.606 E1007.88712
G1 X141.181 Y93.815 E1007.92039
G1 X140.39 Y93.207 E1007.95357
G1 X139.487 Y92.831 E1007.9861
G1 X138.483 Y92.7 E1008.01978
G1 X96.517 Y92.7 E1009.41558
G1 X95.509 Y92.831 E1009.44938
G1 X94.602 Y93.207 E1009.48204
G1 X93.815 Y93.815 E1009.51512
G0 F9000 X94.733 Y93.713
;TYPE:FILL
G1 F3000 X96.721 Y93.18 E1009.58357
G0 F9000 X96.721 Y93.4
G0 X97.998 Y93.4
G0 X97.998 Y93.18
G1 F3000 X93.18 Y111.163 E1010.20279
G0 F9000 X93.4 Y111.163
G0 X93.4 Y112.763
G0 X93.18 Y112.763
G1 F3000 X96.819 Y111.788 E1010.32809
G0 F9000 X96.82 Y112.191
G1 F3000 X93.18 Y108.551 E1010.4993
G0 F9000 X93.4 Y108.551
G0 X93.4 Y106.552
G0 X93.181 Y106.552
G1 F3000 X96.819 Y105.577 E1010.62457
G0 F9000 X96.6 Y105.577
G0 X96.6 Y103.706
G0 X96.82 Y103.706
G1 F3000 X93.18 Y100.066 E1010.79579
G0 F9000 X93.181 Y100.34
G1 F3000 X119.903 Y93.18 E1011.71592
G0 F9000 X120.235 Y93.18
G1 F3000 X128.875 Y101.82 E1012.12232
G0 F9000 X128.875 Y101.6
G0 X126.742 Y101.6
G0 X126.742 Y101.821
G1 F3000 X129.057 Y93.179 E1012.41988
G0 F9000 X128.72 Y93.18
G1 F3000 X137.36 Y101.82 E1012.82628
G0 F9000 X137.36 Y101.6
G0 X138.328 Y101.672
G0 X138.4 Y102.639
G0 X138.18 Y102.639
G1 F3000 X141.82 Y106.28 E1012.99752
G0 F9000 X141.819 Y105.942
G1 F3000 X138.181 Y106.917 E1013.12279
G0 F9000 X138.4 Y106.917
G0 X138.4 Y105.495
G0 X138.18 Y105.495
G1 F3000 X141.121 Y94.521 E1013.50067
G0 F9000 X140.477 Y93.879
G1 F3000 X110.838 Y101.821 E1014.52124
G0 F9000 X110.838 Y101.6
G0 X111.905 Y101.6
G0 X111.905 Y101.82
G1 F3000 X103.264 Y93.18 E1014.92767
G0 F9000 X104.21 Y93.18
G1 F3000 X101.895 Y101.82 E1015.22517
G0 F9000 X101.895 Y101.6
G0 X103.419 Y101.6
G0 X103.419 Y101.82
G1 F3000 X95.114 Y93.515 E1015.61581
G0 F9000 X95.198 Y93.72
G0 X110.422 Y93.4
G0 X110.422 Y93.179
G1 F3000 X108.107 Y101.82 E1015.91335
G0 F9000 X108.107 Y101.6
G0 X114.318 Y101.6
G0 X114.318 Y101.82
G1 F3000 X116.633 Y93.18 E1016.21085
G0 F9000 X116.633 Y93.4
G0 X111.75 Y93.4
G0 X111.75 Y93.18
G1 F3000 X120.39 Y101.82 E1016.61725
G1 X120.53 Y101.821
G1 X122.845 Y93.18 E1016.91479
G0 F9000 X122.845 Y93.4
G0 X135.268 Y93.4
G0 X135.268 Y93.18
G1 F3000 X132.953 Y101.821 E1017.21232
G0 F9000 X132.953 Y101.6
G0 X134.02 Y101.6
G0 X134.02 Y101.821
G1 F3000 X141.82 Y99.731 E1017.4809
G0 F9000 X141.6 Y99.731
G0 X141.6 Y97.794
G0 X141.82 Y97.794
G1 F3000 X137.206 Y93.18 E1017.69793
G0 F9000 X137.206 Y93.4
G0 X138.328 Y101.672
G0 X138.4 Y111.125
G0 X138.18 Y111.125
G1 F3000 X141.82 Y114.765 E1017.86915
G0 F9000 X141.82 Y115.093
G1 F3000 X138.18 Y128.678 E1018.33692
G0 F9000 X138.18 Y128.095
G1 F3000 X141.82 Y131.735 E1018.50814
G0 F9000 X141.819 Y130.789
G1 F3000 X138.18 Y131.764 E1018.63344
G0 F9000 X138.4 Y131.764
G0 X138.328 Y133.328
G0 X136.974 Y133.4
G0 X136.974 Y133.179
G1 F3000 X134.659 Y141.821 E1018.93101
G0 F9000 X134.934 Y141.82
G1 F3000 X126.294 Y133.18 E1019.33741
G0 F9000 X126.294 Y133.4
G0 X124.55 Y133.4
G0 X124.55 Y133.18
G1 F3000 X122.235 Y141.82 E1019.63491
G0 F9000 X122.235 Y141.6
G0 X123.833 Y141.6
G0 X123.833 Y141.82
G1 F3000 X141.82 Y137.001 E1020.25426
G0 F9000 X141.6 Y137.001
G0 X141.6 Y138.277
G0 X141.82 Y138.277
G1 F3000 X141.289 Y140.257 E1020.32244
G0 F9000 X141.483 Y139.883
G1 F3000 X134.78 Y133.18 E1020.63773
G0 F9000 X134.78 Y133.4
G0 X132.897 Y133.4
G0 X132.897 Y133.18
G1 F3000 X100.649 Y141.82 E1021.74813
G0 F9000 X100.993 Y141.82
G1 F3000 X93.18 Y134.007 E1022.11563
G0 F9000 X93.18 Y134.345
G1 F3000 X96.82 Y120.76 E1022.58341
G1 X96.82 Y120.676
G1 X93.18 Y117.036 E1022.75463
G0 F9000 X93.4 Y117.036
G0 X93.4 Y118.975
G0 X93.181 Y118.975
G1 F3000 X96.82 Y118 E1022.87993
G0 F9000 X96.6 Y118
G0 X96.6 Y124.212
G0 X96.819 Y124.212
G1 F3000 X93.181 Y125.187 E1023.0052
G0 F9000 X93.18 Y125.521
G1 F3000 X96.82 Y129.162 E1023.17644
G0 F9000 X96.6 Y129.162
G0 X96.6 Y130.423
G0 X96.819 Y130.423
G1 F3000 X93.18 Y131.398 E1023.30174
G0 F9000 X93.4 Y131.398
G0 X93.4 Y137.61
G0 X93.181 Y137.61
G1 F3000 X109.716 Y133.179 E1023.8711
G0 F9000 X109.324 Y133.18
G1 F3000 X117.964 Y141.82 E1024.2775
G0 F9000 X117.964 Y141.6
G0 X116.024 Y141.6
G0 X116.024 Y141.821
G1 F3000 X118.339 Y133.179 E1024.57507
G0 F9000 X117.809 Y133.18
G1 F3000 X126.449 Y141.82 E1024.98147
G0 F9000 X126.449 Y141.6
G0 X128.447 Y141.6
G0 X128.447 Y141.821
G1 F3000 X130.762 Y133.18 E1025.279
G0 F9000 X130.762 Y133.4
G0 X138.328 Y133.328
G0 X138.4 Y125.552
G0 X138.181 Y125.552
G1 F3000 X141.819 Y124.577 E1025.40427
G0 F9000 X141.6 Y124.577
G0 X141.6 Y123.25
G0 X141.82 Y123.25
G1 F3000 X138.18 Y119.61 E1025.57549
G0 F9000 X138.18 Y119.341
G1 F3000 X141.82 Y118.366 E1025.70082
G0 F9000 X141.6 Y118.366
G0 X141.6 Y112.154
G0 X141.82 Y112.154
G1 F3000 X138.18 Y113.129 E1025.82616
G1 F2700 E1020.82616
G0 F9000 X138.4 Y113.129
G0 X138.328 Y133.328
G0 X112.127 Y133.4
G0 X112.127 Y133.18
G1 F2700 E1025.82616
G1 F3000 X109.812 Y141.821 E1026.12369
G0 F9000 X109.479 Y141.82
G1 F3000 X100.838 Y133.18 E1026.53012
G0 F9000 X100.838 Y133.4
G0 X99.704 Y133.4
G0 X99.704 Y133.18
G1 F3000 X97.389 Y141.82 E1026.82762
G0 F9000 X97.389 Y141.6
G0 X103.6 Y141.6
G0 X103.6 Y141.821
G1 F3000 X105.915 Y133.18 E1027.12516
G0 F9000 X105.915 Y133.7
G1 F2700 E1022.12516
;MESH:NONMESH
G0 F300 X105.915 Y133.7 Z1.8
G0 F9000 X96.672 Y133.328
G0 X94.312 Y94.313
G0 X94.1 Y94.1
;TIME_ELAPSED:1497.824205
;LAYER:8
;TYPE:WALL-INNER
;MESH:doppia_fenditura.stl
G1 F2700 E1027.12516
G1 F1500 X93.556 Y94.804 E1027.15475
G1 X93.221 Y95.613 E1027.18387
G1 X93.1 Y96.543 E1027.21506
G1 X93.1 Y138.457 E1028.60913
G1 X93.221 Y139.383 E1028.64019
G1 X93.556 Y140.192 E1028.66931
G1 X94.1 Y140.896 E1028.6989
G1 X94.804 Y141.44 E1028.7285
G1 X95.614 Y141.775 E1028.75765
G1 X96.544 Y141.9 E1028.78886
G1 X138.456 Y141.9 E1030.18286
G1 X139.383 Y141.775 E1030.21397
G1 X140.188 Y141.443 E1030.24293
G1 X140.896 Y140.896 E1030.27269
G1 X141.443 Y140.188 E1030.30245
G1 X141.775 Y139.383 E1030.33141
G1 X141.9 Y138.456 E1030.36252
G1 X141.9 Y96.544 E1031.75652
G1 X141.775 Y95.613 E1031.78776
G1 X141.443 Y94.808 E1031.81672
G1 X140.896 Y94.101 E1031.84645
G1 X140.188 Y93.556 E1031.87617
G1 X139.383 Y93.221 E1031.90517
G1 X138.457 Y93.1 E1031.93623
G1 X96.543 Y93.1 E1033.3303
G1 X95.613 Y93.221 E1033.36149
G1 X94.804 Y93.556 E1033.39061
G1 X94.1 Y94.1 E1033.42021
G0 F9000 X94.312 Y94.313
G0 X97.14 Y101.6
G0 X97.14 Y102.02
G1 F1500 X97.421 Y101.9 E1033.43037
G1 X137.579 Y101.9 E1034.76603
G1 X137.86 Y102.02 E1034.77619
G1 X137.981 Y102.139 E1034.78184
G1 X138.068 Y102.305 E1034.78807
G1 X138.1 Y102.5 E1034.79464
G1 X138.1 Y132.574 E1035.79491
G1 X137.981 Y132.86 E1035.80521
G1 X137.86 Y132.98 E1035.81088
G1 X137.579 Y133.1 E1035.82104
G1 X97.421 Y133.1 E1037.1567
G1 X97.14 Y132.98 E1037.16686
G1 X97.019 Y132.86 E1037.17253
G1 X96.932 Y132.695 E1037.17874
G1 X96.9 Y132.5 E1037.18531
G1 X96.9 Y102.5 E1038.18311
G1 X96.932 Y102.305 E1038.18968
G1 X97.02 Y102.14 E1038.1959
G1 X97.14 Y102.02 E1038.20155
G0 F9000 X97.38 Y102.34
;TYPE:WALL-OUTER
G1 F1500 X97.463 Y102.303 E1038.20457
G1 X137.537 Y102.303 E1039.53744
G1 X137.62 Y102.34 E1039.54046
G1 X137.7 Y102.449 E1039.54496
G1 X137.698 Y132.535 E1040.54562
G1 X137.661 Y132.62 E1040.54871
G1 X137.537 Y132.697 E1040.55356
G1 X97.463 Y132.697 E1041.88643
G1 X97.38 Y132.66 E1041.88945
G1 X97.3 Y132.551 E1041.89395
G1 X97.3 Y102.449 E1042.89514
G1 X97.38 Y102.34 E1042.89964
G1 F2700 E1037.89964
G0 F9000 X97.38 Y101.6
G0 X94.312 Y94.313
G0 X93.815 Y93.815
G1 F2700 E1042.89964
G1 F1500 X93.207 Y94.602 E1042.93272
G1 X92.831 Y95.509 E1042.96537
G1 X92.7 Y96.517 E1042.99918
G1 X92.7 Y138.483 E1044.39498
G1 X92.831 Y139.487 E1044.42865
G1 X93.207 Y140.394 E1044.46131
G1 X93.815 Y141.181 E1044.49439
G1 X94.602 Y141.789 E1044.52746
G1 X95.509 Y142.165 E1044.56012
G1 X96.518 Y142.3 E1044.59398
G1 X138.482 Y142.3 E1045.98971
G1 X139.487 Y142.165 E1046.02343
G1 X140.39 Y141.793 E1046.05592
G1 X141.181 Y141.181 E1046.08918
G1 X141.793 Y140.39 E1046.12244
G1 X142.165 Y139.487 E1046.15493
G1 X142.3 Y138.482 E1046.18865
G1 X142.3 Y96.518 E1047.58438
G1 X142.165 Y95.509 E1047.61824
G1 X141.793 Y94.606 E1047.65072
G1 X141.181 Y93.815 E1047.68399
G1 X140.39 Y93.207 E1047.71717
G1 X139.487 Y92.831 E1047.7497
G1 X138.483 Y92.7 E1047.78338
G1 X96.517 Y92.7 E1049.17917
G1 X95.509 Y92.831 E1049.21298
G1 X94.602 Y93.207 E1049.24564
G1 X93.815 Y93.815 E1049.27872
G0 F9000 X94.443 Y93.936
;TYPE:FILL
G1 F3000 X97.266 Y93.18 E1049.37592
G0 F9000 X97.852 Y93.18
G1 F3000 X93.18 Y110.618 E1049.97636
G0 F9000 X93.4 Y110.618
G0 X93.4 Y108.351
G0 X93.18 Y108.351
G1 F3000 X96.82 Y111.992 E1050.1476
G1 X96.82 Y111.934
G1 X93.181 Y112.909 E1050.2729
G0 F9000 X93.4 Y112.909
G0 X93.4 Y116.837
G0 X93.18 Y116.837
G1 F3000 X96.82 Y120.477 E1050.44412
G0 F9000 X96.82 Y120.215
G1 F3000 X93.18 Y133.801 E1050.91193
G1 X93.18 Y133.807
G1 X101.193 Y141.82 E1051.28883
G1 X101.194 Y141.82
G1 X133.441 Y133.18 E1052.3992
G0 F9000 X133.441 Y133.4
G0 X134.979 Y133.4
G0 X134.979 Y133.18
G1 F3000 X141.541 Y139.742 E1052.70786
G0 F9000 X141.066 Y140.546
G1 F3000 X141.82 Y137.733 E1052.80472
G0 F9000 X141.82 Y137.147
G1 F3000 X124.378 Y141.82 E1053.40531
G0 F9000 X124.378 Y141.6
G0 X126.648 Y141.6
G0 X126.648 Y141.82
G1 F3000 X118.008 Y133.18 E1053.81171
G1 X118.193 Y133.18
G1 X115.878 Y141.821 E1054.10924
G0 F9000 X115.878 Y141.6
G0 X118.163 Y141.6
G0 X118.163 Y141.82
G1 F3000 X109.523 Y133.18 E1054.51564
G0 F9000 X110.26 Y133.179
G1 F3000 X93.181 Y137.756 E1055.10374
G0 F9000 X93.4 Y137.756
G0 X97.243 Y141.6
G0 X97.243 Y141.821
G1 F3000 X99.558 Y133.18 E1055.40127
G0 F9000 X99.558 Y133.4
G0 X101.038 Y133.4
G0 X101.038 Y133.18
G1 F3000 X109.678 Y141.82 E1055.80767
G1 X109.666 Y141.821
G1 X111.981 Y133.18 E1056.10521
G0 F9000 X111.981 Y133.4
G0 X105.769 Y133.4
G0 X105.769 Y133.18
G1 F3000 X103.454 Y141.82 E1056.40271
G0 F9000 X103.454 Y141.6
G0 X96.672 Y133.328
G0 X96.6 Y130.569
G0 X96.819 Y130.569
G1 F3000 X93.18 Y131.544 E1056.52801
G0 F9000 X93.4 Y131.544
G0 X96.6 Y128.962
G0 X96.82 Y128.962
G1 F3000 X93.18 Y125.322 E1056.69923
G1 X93.181 Y125.333
G1 X96.819 Y124.358 E1056.8245
G0 F9000 X96.6 Y124.358
G0 X96.6 Y118.146
G0 X96.819 Y118.146
G1 F3000 X93.181 Y119.121 E1056.94977
G0 F9000 X93.4 Y119.121
G0 X93.4 Y106.698
G0 X93.18 Y106.698
G1 F3000 X96.819 Y105.723 E1057.07507
G0 F9000 X96.6 Y105.723
G0 X96.6 Y103.506
G0 X96.82 Y103.506
G1 F3000 X93.18 Y99.866 E1057.24629
G0 F9000 X93.181 Y100.486
G1 F3000 X120.449 Y93.18 E1058.18521
G1 X120.434 Y93.18
G1 X129.075 Y101.82 E1058.59164
G0 F9000 X129.075 Y101.6
G0 X126.595 Y101.6
G0 X126.595 Y101.821
G1 F3000 X128.911 Y93.18 E1058.88918
G1 X128.92 Y93.18
G1 X137.56 Y101.82 E1059.29558
G0 F9000 X138.166 Y102.426
G1 F3000 X141.82 Y106.08 E1059.46745
G1 X141.82 Y106.088
G1 X138.18 Y107.063 E1059.59279
G0 F9000 X138.4 Y107.063
G0 X138.4 Y104.95
G0 X138.18 Y104.95
G1 F3000 X141.012 Y94.381 E1059.95672
G0 F9000 X140.618 Y93.987
G1 F3000 X111.382 Y101.821 E1060.96341
G0 F9000 X112.104 Y101.82
G1 F3000 X103.464 Y93.18 E1061.36981
G0 F9000 X104.064 Y93.18
G1 F3000 X101.749 Y101.82 E1061.66732
G0 F9000 X101.749 Y101.6
G0 X103.619 Y101.6
G0 X103.619 Y101.82
G1 F3000 X95.255 Y93.456 E1062.06073
G0 F9000 X95.34 Y93.662
G0 X110.276 Y93.4
G0 X110.276 Y93.18
G1 F3000 X107.961 Y101.821 E1062.35827
G0 F9000 X107.961 Y101.6
G0 X114.172 Y101.6
G0 X114.172 Y101.82
G1 F3000 X116.487 Y93.18 E1062.65577
G0 F9000 X116.487 Y93.4
G0 X111.949 Y93.4
G0 X111.949 Y93.18
G1 F3000 X120.589 Y101.82 E1063.06217
G0 F9000 X120.384 Y101.82
G1 F3000 X122.699 Y93.18 E1063.35968
G0 F9000 X122.699 Y93.4
G0 X135.123 Y93.4
G0 X135.123 Y93.179
G1 F3000 X132.807 Y101.82 E1063.65722
G0 F9000 X132.807 Y101.6
G0 X134.564 Y101.6
G0 X134.564 Y101.821
G1 F3000 X141.819 Y99.877 E1063.90704
G0 F9000 X141.6 Y99.877
G0 X141.6 Y97.595
G0 X141.82 Y97.595
G1 F3000 X137.405 Y93.18 E1064.1147
G0 F9000 X137.405 Y93.4
G0 X138.328 Y101.672
G0 X138.4 Y110.925
G0 X138.18 Y110.925
G1 F3000 X141.82 Y114.565 E1064.28592
G1 X141.82 Y114.549
G1 X138.18 Y128.134 E1064.7537
G0 F9000 X138.18 Y127.896
G1 F3000 X141.82 Y131.536 E1064.92491
G0 F9000 X141.82 Y130.935
G1 F3000 X138.18 Y131.91 E1065.05025
G0 F9000 X138.4 Y131.91
G0 X138.328 Y133.328
G0 X136.828 Y133.4
G0 X136.828 Y133.18
G1 F3000 X134.512 Y141.821 E1065.34779
G0 F9000 X135.134 Y141.82
G1 F3000 X126.494 Y133.18 E1065.75419
G0 F9000 X126.494 Y133.4
G0 X124.405 Y133.4
G0 X124.405 Y133.179
G1 F3000 X122.089 Y141.82 E1066.05173
G0 F9000 X122.089 Y141.6
G0 X128.301 Y141.6
G0 X128.301 Y141.82
G1 F3000 X130.616 Y133.18 E1066.34924
G0 F9000 X130.616 Y133.4
G0 X138.328 Y133.328
G0 X138.4 Y125.698
G0 X138.181 Y125.698
G1 F3000 X141.819 Y124.723 E1066.47451
G0 F9000 X141.6 Y124.723
G0 X141.6 Y123.051
G0 X141.82 Y123.051
G1 F3000 X138.18 Y119.411 E1066.64572
G1 X138.181 Y119.487
G1 X141.819 Y118.512 E1066.77099
G0 F9000 X141.6 Y118.512
G0 X141.6 Y112.3
G0 X141.82 Y112.3
G1 F3000 X138.18 Y113.275 E1066.89633
G0 F9000 X138.7 Y113.275
G1 F2700 E1061.89633
;MESH:NONMESH
G0 F300 X138.7 Y113.275 Z2
G0 F9000 X138.328 Y101.672
G0 X94.312 Y94.313
G0 X94.1 Y94.1
;TIME_ELAPSED:1549.007430
;LAYER:9
;TYPE:WALL-INNER
;MESH:doppia_fenditura.stl
G1 F2700 E1066.89633
G1 F1500 X93.556 Y94.804 E1066.92592
G1 X93.221 Y95.613 E1066.95504
G1 X93.1 Y96.543 E1066.98624
G1 X93.1 Y138.457 E1068.3803
G1 X93.221 Y139.383 E1068.41136
G1 X93.556 Y140.192 E1068.44048
G1 X94.1 Y140.896 E1068.47008
G1 X94.804 Y141.44 E1068.49967
G1 X95.614 Y141.775 E1068.52882
G1 X96.544 Y141.9 E1068.56003
G1 X138.456 Y141.9 E1069.95403
G1 X139.383 Y141.775 E1069.98514
G1 X140.188 Y141.443 E1070.0141
G1 X140.896 Y140.896 E1070.04386
G1 X141.443 Y140.188 E1070.07362
G1 X141.775 Y139.383 E1070.10258
G1 X141.9 Y138.456 E1070.13369
G1 X141.9 Y96.544 E1071.52769
G1 X141.775 Y95.613 E1071.55893
G1 X141.443 Y94.808 E1071.5879
G1 X140.896 Y94.101 E1071.61763
G1 X140.188 Y93.556 E1071.64734
G1 X139.383 Y93.221 E1071.67634
G1 X138.457 Y93.1 E1071.7074
G1 X96.543 Y93.1 E1073.10147
G1 X95.613 Y93.221 E1073.13266
G1 X94.804 Y93.556 E1073.16179
G1 X94.1 Y94.1 E1073.19138
G0 F9000 X94.312 Y94.313
G0 X97.14 Y101.6
G0 X97.14 Y102.02
G1 F1500 X97.421 Y101.9 E1073.20154
G1 X137.579 Y101.9 E1074.5372
G1 X137.86 Y102.02 E1074.54736
G1 X137.981 Y102.139 E1074.55301
G1 X138.068 Y102.305 E1074.55924
G1 X138.1 Y102.5 E1074.56581
G1 X138.1 Y132.574 E1075.56608
G1 X137.981 Y132.86 E1075.57638
G1 X137.86 Y132.98 E1075.58205
G1 X137.579 Y133.1 E1075.59221
G1 X97.421 Y133.1 E1076.92787
G1 X97.14 Y132.98 E1076.93804
G1 X97.019 Y132.86 E1076.9437
G1 X96.932 Y132.695 E1076.94991
G1 X96.9 Y132.5 E1076.95648
G1 X96.9 Y102.5 E1077.95428
G1 X96.932 Y102.305 E1077.96086
G1 X97.02 Y102.14 E1077.96708
G1 X97.14 Y102.02 E1077.97272
G0 F9000 X97.38 Y102.34
;TYPE:WALL-OUTER
G1 F1500 X97.463 Y102.303 E1077.97574
G1 X137.537 Y102.303 E1079.30861
G1 X137.62 Y102.34 E1079.31163
G1 X137.7 Y102.449 E1079.31613
G1 X137.698 Y132.535 E1080.31679
G1 X137.661 Y132.62 E1080.31988
G1 X137.537 Y132.697 E1080.32473
G1 X97.463 Y132.697 E1081.6576
G1 X97.38 Y132.66 E1081.66062
G1 X97.3 Y132.551 E1081.66512
G1 X97.3 Y102.449 E1082.66631
G1 X97.38 Y102.34 E1082.67081
G1 F2700 E1077.67081
G0 F9000 X97.38 Y101.6
G0 X94.312 Y94.313
G0 X93.815 Y93.815
G1 F2700 E1082.67081
G1 F1500 X93.207 Y94.602 E1082.70389
G1 X92.831 Y95.509 E1082.73655
G1 X92.7 Y96.517 E1082.77035
G1 X92.7 Y138.483 E1084.16615
G1 X92.831 Y139.487 E1084.19982
G1 X93.207 Y140.394 E1084.23248
G1 X93.815 Y141.181 E1084.26556
G1 X94.602 Y141.789 E1084.29864
G1 X95.509 Y142.165 E1084.33129
G1 X96.518 Y142.3 E1084.36515
G1 X138.482 Y142.3 E1085.76088
G1 X139.487 Y142.165 E1085.79461
G1 X140.39 Y141.793 E1085.82709
G1 X141.181 Y141.181 E1085.86035
G1 X141.793 Y140.39 E1085.89362
G1 X142.165 Y139.487 E1085.9261
G1 X142.3 Y138.482 E1085.95982
G1 X142.3 Y96.518 E1087.35555
G1 X142.165 Y95.509 E1087.38941
G1 X141.793 Y94.606 E1087.42189
G1 X141.181 Y93.815 E1087.45516
G1 X140.39 Y93.207 E1087.48834
G1 X139.487 Y92.831 E1087.52087
G1 X138.483 Y92.7 E1087.55455
G1 X96.517 Y92.7 E1088.95035
G1 X95.509 Y92.831 E1088.98415
G1 X94.602 Y93.207 E1089.01681
G1 X93.815 Y93.815 E1089.04989
G0 F9000 X94.155 Y94.16
;TYPE:FILL
G1 F3000 X97.815 Y93.18 E1089.17591
G1 X97.705 Y93.18
G1 X93.18 Y110.069 E1089.75745
G0 F9000 X93.4 Y110.069
G0 X93.4 Y108.151
G0 X93.18 Y108.151
G1 F3000 X96.82 Y111.791 E1089.92866
G0 F9000 X96.819 Y112.082
G1 F3000 X93.181 Y113.056 E1090.05393
G0 F9000 X93.4 Y113.056
G0 X93.4 Y116.636
G0 X93.18 Y116.636
G1 F3000 X96.82 Y120.276 E1090.22514
G0 F9000 X96.82 Y119.666
G1 F3000 X93.18 Y133.252 E1090.69295
G0 F9000 X93.18 Y133.606
G1 F3000 X101.393 Y141.82 E1091.07929
G0 F9000 X101.743 Y141.82
G1 F3000 X133.99 Y133.18 E1092.18966
G0 F9000 X133.99 Y133.4
G0 X135.18 Y133.4
G0 X135.18 Y133.18
G1 F3000 X141.6 Y139.601 E1092.49166
G0 F9000 X141.398 Y139.517
G0 X140.688 Y140.688
G0 X140.841 Y140.837
G1 F3000 X141.82 Y137.184 E1092.61745
G1 X141.82 Y137.294
G1 X124.926 Y141.82 E1093.19916
G0 F9000 X124.926 Y141.6
G0 X126.849 Y141.6
G0 X126.849 Y141.82
G1 F3000 X118.209 Y133.18 E1093.60556
G1 X118.046 Y133.18
G1 X115.731 Y141.821 E1093.90309
G0 F9000 X115.731 Y141.6
G0 X118.364 Y141.6
G0 X118.364 Y141.82
G1 F3000 X109.724 Y133.18 E1094.30949
G0 F9000 X109.724 Y133.4
G0 X110.809 Y133.4
G0 X110.809 Y133.179
G1 F3000 X93.181 Y137.903 E1094.91649
G0 F9000 X93.4 Y137.903
G0 X97.096 Y141.6
G0 X97.096 Y141.821
G1 F3000 X99.411 Y133.18 E1095.21403
G0 F9000 X99.411 Y133.4
G0 X101.239 Y133.4
G0 X101.239 Y133.18
G1 F3000 X109.879 Y141.82 E1095.62043
G0 F9000 X109.519 Y141.821
G1 F3000 X111.834 Y133.18 E1095.91796
G0 F9000 X111.834 Y133.4
G0 X105.622 Y133.4
G0 X105.622 Y133.18
G1 F3000 X103.307 Y141.82 E1096.21547
G0 F9000 X103.307 Y141.6
G0 X96.672 Y133.328
G0 X96.6 Y130.716
G0 X96.819 Y130.716
G1 F3000 X93.18 Y131.691 E1096.34077
G0 F9000 X93.4 Y131.691
G0 X96.6 Y128.761
G0 X96.82 Y128.761
G1 F3000 X93.18 Y125.121 E1096.51198
G0 F9000 X93.181 Y125.48
G1 F3000 X96.819 Y124.505 E1096.63725
G0 F9000 X96.6 Y124.505
G0 X96.6 Y118.293
G0 X96.82 Y118.293
G1 F3000 X93.181 Y119.268 E1096.76256
G0 F9000 X93.4 Y119.268
G0 X93.4 Y106.845
G0 X93.181 Y106.845
G1 F3000 X96.819 Y105.87 E1096.88783
G0 F9000 X96.6 Y105.87
G0 X96.6 Y103.305
G0 X96.82 Y103.305
G1 F3000 X93.18 Y99.665 E1097.05904
G0 F9000 X93.181 Y100.633
G1 F3000 X120.998 Y93.18 E1098.01687
G0 F9000 X120.635 Y93.18
G1 F3000 X129.275 Y101.82 E1098.42327
G0 F9000 X129.275 Y101.6
G0 X126.448 Y101.6
G0 X126.448 Y101.821
G1 F3000 X128.764 Y93.18 E1098.72081
G0 F9000 X129.121 Y93.18
G1 F3000 X137.896 Y101.956 E1099.13359
G0 F9000 X138.058 Y102.117
G1 F3000 X141.82 Y105.879 E1099.31054
G0 F9000 X141.82 Y106.235
G1 F3000 X138.18 Y107.21 E1099.43587
G0 F9000 X138.4 Y107.21
G0 X138.4 Y104.401
G0 X138.18 Y104.401
G1 F3000 X140.903 Y94.24 E1099.78576
G0 F9000 X140.76 Y94.096
G1 F3000 X111.931 Y101.821 E1100.77844
G0 F9000 X112.305 Y101.82
G1 F3000 X103.665 Y93.18 E1101.18484
G0 F9000 X103.917 Y93.18
G1 F3000 X101.602 Y101.82 E1101.48234
G0 F9000 X101.602 Y101.6
G0 X103.82 Y101.6
G0 X103.82 Y101.82
G1 F3000 X95.397 Y93.397 E1101.87854
G0 F9000 X95.482 Y93.603
G0 X110.129 Y93.4
G0 X110.129 Y93.179
G1 F3000 X107.814 Y101.821 E1102.1761
G0 F9000 X107.814 Y101.6
G0 X114.025 Y101.6
G0 X114.025 Y101.82
G1 F3000 X116.34 Y93.18 E1102.47361
G0 F9000 X116.34 Y93.4
G0 X112.15 Y93.4
G0 X112.15 Y93.18
G1 F3000 X120.79 Y101.82 E1102.88001
G0 F9000 X120.237 Y101.82
G1 F3000 X122.552 Y93.18 E1103.17751
G0 F9000 X122.552 Y93.4
G0 X134.976 Y93.4
G0 X134.976 Y93.179
G1 F3000 X132.66 Y101.82 E1103.47506
G0 F9000 X132.66 Y101.6
G0 X135.113 Y101.6
G0 X135.113 Y101.821
G1 F3000 X141.819 Y100.024 E1103.70597
G0 F9000 X141.6 Y100.024
G0 X141.6 Y97.394
G0 X141.82 Y97.394
G1 F3000 X137.606 Y93.18 E1103.90418
G0 F9000 X137.606 Y93.4
G0 X138.328 Y101.672
G0 X138.4 Y110.724
G0 X138.18 Y110.724
G1 F3000 X141.82 Y114.365 E1104.07542
G0 F9000 X141.82 Y114
G1 F3000 X138.18 Y127.585 E1104.5432
G1 X138.18 Y127.695
G1 X141.82 Y131.335 E1104.71441
G0 F9000 X141.82 Y131.082
G1 F3000 X138.18 Y132.057 E1104.83975
G0 F9000 X138.4 Y132.057
G0 X138.328 Y133.328
G0 X136.681 Y133.4
G0 X136.681 Y133.18
G1 F3000 X134.365 Y141.821 E1105.13729
G0 F9000 X135.335 Y141.82
G1 F3000 X126.694 Y133.18 E1105.54371
G0 F9000 X126.694 Y133.4
G0 X124.257 Y133.4
G0 X124.257 Y133.18
G1 F3000 X121.942 Y141.82 E1105.84122
G0 F9000 X121.942 Y141.6
G0 X128.154 Y141.6
G0 X128.154 Y141.82
G1 F3000 X130.469 Y133.18 E1106.13872
G0 F9000 X130.469 Y133.4
G0 X138.328 Y133.328
G0 X138.4 Y125.845
G0 X138.181 Y125.845
G1 F3000 X141.819 Y124.87 E1106.26399
G0 F9000 X141.6 Y124.87
G0 X141.6 Y122.85
G0 X141.82 Y122.85
G1 F3000 X138.18 Y119.21 E1106.43521
G0 F9000 X138.18 Y119.634
G1 F3000 X141.819 Y118.659 E1106.56051
G0 F9000 X141.6 Y118.659
G0 X141.6 Y112.447
G0 X141.82 Y112.447
G1 F3000 X138.18 Y113.422 E1106.68584
G0 F9000 X138.7 Y113.422
G1 F2700 E1101.68584
;MESH:NONMESH
G0 F300 X138.7 Y113.422 Z2.2
G0 F9000 X138.328 Y101.672
G0 X94.312 Y94.313
G0 X94.1 Y94.1
;TIME_ELAPSED:1600.570469
;LAYER:10
;TYPE:WALL-INNER
;MESH:doppia_fenditura.stl
G1 F2700 E1106.68584
G1 F1500 X93.556 Y94.804 E1106.71543
G1 X93.221 Y95.613 E1106.74456
G1 X93.1 Y96.543 E1106.77575
G1 X93.1 Y138.457 E1108.16982
G1 X93.221 Y139.383 E1108.20088
G1 X93.556 Y140.192 E1108.23
G1 X94.1 Y140.896 E1108.25959
G1 X94.804 Y141.44 E1108.28918
G1 X95.614 Y141.775 E1108.31834
G1 X96.544 Y141.9 E1108.34955
G1 X138.456 Y141.9 E1109.74355
G1 X139.383 Y141.775 E1109.77466
G1 X140.188 Y141.443 E1109.80362
G1 X140.896 Y140.896 E1109.83338
G1 X141.443 Y140.188 E1109.86313
G1 X141.775 Y139.383 E1109.8921
G1 X141.9 Y138.456 E1109.92321
G1 X141.9 Y96.544 E1111.31721
G1 X141.775 Y95.613 E1111.34845
G1 X141.443 Y94.808 E1111.37741
G1 X140.896 Y94.101 E1111.40714
G1 X140.188 Y93.556 E1111.43686
G1 X139.383 Y93.221 E1111.46586
G1 X138.457 Y93.1 E1111.49692
G1 X96.543 Y93.1 E1112.89099
G1 X95.613 Y93.221 E1112.92218
G1 X94.804 Y93.556 E1112.9513
G1 X94.1 Y94.1 E1112.98089
G0 F9000 X94.312 Y94.313
G0 X97.14 Y101.6
G0 X97.14 Y102.02
G1 F1500 X97.421 Y101.9 E1112.99105
G1 X137.579 Y101.9 E1114.32672
G1 X137.86 Y102.02 E1114.33688
G1 X137.981 Y102.139 E1114.34252
G1 X138.068 Y102.305 E1114.34876
G1 X138.1 Y102.5 E1114.35533
G1 X138.1 Y132.574 E1115.35559
G1 X137.981 Y132.86 E1115.3659
G1 X137.86 Y132.98 E1115.37156
G1 X137.579 Y133.1 E1115.38173
G1 X97.421 Y133.1 E1116.71739
G1 X97.14 Y132.98 E1116.72755
G1 X97.019 Y132.86 E1116.73322
G1 X96.932 Y132.695 E1116.73942
G1 X96.9 Y132.5 E1116.746
G1 X96.9 Y102.5 E1117.7438
G1 X96.932 Y102.305 E1117.75037
G1 X97.02 Y102.14 E1117.75659
G1 X97.14 Y102.02 E1117.76224
G0 F9000 X97.38 Y102.34
;TYPE:WALL-OUTER
G1 F1500 X97.463 Y102.303 E1117.76526
G1 X137.537 Y102.303 E1119.09812
G1 X137.62 Y102.34 E1119.10115
G1 X137.7 Y102.449 E1119.10564
G1 X137.698 Y132.535 E1120.10631
G1 X137.661 Y132.62 E1120.10939
G1 X137.537 Y132.697 E1120.11425
G1 X97.463 Y132.697 E1121.44711
G1 X97.38 Y132.66 E1121.45014
G1 X97.3 Y132.551 E1121.45463
G1 X97.3 Y102.449 E1122.45583
G1 X97.38 Y102.34 E1122.46033
G1 F2700 E1117.46033
G0 F9000 X97.38 Y101.6
G0 X94.312 Y94.313
G0 X93.815 Y93.815
G1 F2700 E1122.46033
G1 F1500 X93.207 Y94.602 E1122.4934
G1 X92.831 Y95.509 E1122.52606
G1 X92.7 Y96.517 E1122.55987
G1 X92.7 Y138.483 E1123.95566
G1 X92.831 Y139.487 E1123.98934
G1 X93.207 Y140.394 E1124.022
G1 X93.815 Y141.181 E1124.05507
G1 X94.602 Y141.789 E1124.08815
G1 X95.509 Y142.165 E1124.12081
G1 X96.518 Y142.3 E1124.15467
G1 X138.482 Y142.3 E1125.55039
G1 X139.487 Y142.165 E1125.58412
G1 X140.39 Y141.793 E1125.6166
G1 X141.181 Y141.181 E1125.64987
G1 X141.793 Y140.39 E1125.68313
G1 X142.165 Y139.487 E1125.71561
G1 X142.3 Y138.482 E1125.74934
G1 X142.3 Y96.518 E1127.14507
G1 X142.165 Y95.509 E1127.17893
G1 X141.793 Y94.606 E1127.21141
G1 X141.181 Y93.815 E1127.24467
G1 X140.39 Y93.207 E1127.27786
G1 X139.487 Y92.831 E1127.31039
G1 X138.483 Y92.7 E1127.34407
G1 X96.517 Y92.7 E1128.73986
G1 X95.509 Y92.831 E1128.77367
G1 X94.602 Y93.207 E1128.80633
G1 X93.815 Y93.815 E1128.8394
G0 F9000 X94.013 Y94.344
;TYPE:FILL
G1 F3000 X98.359 Y93.18 E1128.98905
G0 F9000 X97.559 Y93.18
G1 F3000 X93.18 Y109.525 E1129.55185
G0 F9000 X93.4 Y109.525
G0 X93.4 Y107.951
G0 X93.18 Y107.951
G1 F3000 X96.82 Y111.591 E1129.72307
G0 F9000 X96.82 Y112.227
G1 F3000 X93.181 Y113.202 E1129.84837
G0 F9000 X93.4 Y113.202
G0 X93.4 Y116.436
G0 X93.18 Y116.436
G1 F3000 X96.82 Y120.077 E1130.01961
G0 F9000 X96.82 Y119.122
G1 F3000 X93.18 Y132.708 E1130.48742
G0 F9000 X93.18 Y133.407
G1 F3000 X101.593 Y141.82 E1130.88314
G0 F9000 X102.288 Y141.82
G1 F3000 X134.535 Y133.18 E1131.99351
G0 F9000 X135.379 Y133.18
G1 F3000 X141.658 Y139.459 E1132.28886
G0 F9000 X141.457 Y139.375
G0 X140.527 Y140.81
G0 X140.656 Y140.98
G1 F3000 X141.82 Y136.638 E1132.43837
G0 F9000 X141.819 Y137.44
G1 F3000 X125.471 Y141.82 E1133.00128
G0 F9000 X125.471 Y141.6
G0 X127.049 Y141.6
G0 X127.049 Y141.82
G1 F3000 X118.409 Y133.18 E1133.40768
G0 F9000 X117.9 Y133.18
G1 F3000 X115.584 Y141.821 E1133.70523
G0 F9000 X115.584 Y141.6
G0 X118.563 Y141.6
G0 X118.563 Y141.82
G1 F3000 X109.923 Y133.18 E1134.11163
G0 F9000 X109.923 Y133.4
G0 X111.354 Y133.4
G0 X111.354 Y133.18
G1 F3000 X93.181 Y138.049 E1134.73738
G0 F9000 X93.4 Y138.049
G0 X96.95 Y141.6
G0 X96.95 Y141.821
G1 F3000 X99.265 Y133.18 E1135.03492
G0 F9000 X99.265 Y133.4
G0 X101.438 Y133.4
G0 X101.438 Y133.18
G1 F3000 X110.078 Y141.82 E1135.44132
G0 F9000 X109.373 Y141.82
G1 F3000 X111.688 Y133.18 E1135.73882
G0 F9000 X111.688 Y133.4
G0 X105.476 Y133.4
G0 X105.476 Y133.18
G1 F3000 X103.161 Y141.821 E1136.03636
G0 F9000 X103.161 Y141.6
G0 X96.672 Y133.328
G0 X96.6 Y130.863
G0 X96.819 Y130.863
G1 F3000 X93.181 Y131.837 E1136.16162
G0 F9000 X93.4 Y131.837
G0 X96.6 Y128.562
G0 X96.82 Y128.562
G1 F3000 X93.18 Y124.922 E1136.33283
G0 F9000 X93.18 Y125.626
G1 F3000 X96.819 Y124.651 E1136.45814
G0 F9000 X96.6 Y124.651
G0 X96.6 Y118.439
G0 X96.819 Y118.439
G1 F3000 X93.181 Y119.414 E1136.58341
G0 F9000 X93.4 Y119.414
G0 X93.4 Y106.991
G0 X93.18 Y106.991
G1 F3000 X96.819 Y106.016 E1136.70871
G0 F9000 X96.6 Y106.016
G0 X96.6 Y103.106
G0 X96.82 Y103.106
G1 F3000 X93.18 Y99.466 E1136.87992
G0 F9000 X93.4 Y99.466
G0 X93.4 Y100.779
G0 X93.181 Y100.779
G1 F3000 X121.542 Y93.18 E1137.85649
G0 F9000 X120.835 Y93.18
G1 F3000 X129.475 Y101.82 E1138.26289
G0 F9000 X129.475 Y101.6
G0 X132.514 Y101.6
G0 X132.514 Y101.821
G1 F3000 X134.83 Y93.179 E1138.56046
G0 F9000 X134.83 Y93.4
G0 X137.805 Y93.4
G0 X137.805 Y93.18
G1 F3000 X141.82 Y97.195 E1138.74932
G0 F9000 X141.6 Y97.195
G0 X141.6 Y100.169
G0 X141.82 Y100.169
G1 F3000 X135.658 Y101.821 E1138.9615
G0 F9000 X135.658 Y101.6
G0 X138.328 Y101.672
G0 X138.4 Y103.857
G0 X138.18 Y103.857
G1 F3000 X140.789 Y94.119 E1139.29681
G1 X140.881 Y94.21
G1 X112.476 Y101.821 E1140.27489
G1 X112.504 Y101.82
G1 X103.864 Y93.18 E1140.68129
G1 X103.771 Y93.18
G1 X101.456 Y101.82 E1140.9788
G0 F9000 X101.456 Y101.6
G0 X104.019 Y101.6
G0 X104.019 Y101.82
G1 F3000 X95.539 Y93.34 E1141.37767
G0 F9000 X95.623 Y93.544
G0 X109.983 Y93.4
G0 X109.983 Y93.18
G1 F3000 X107.668 Y101.82 E1141.67518
G0 F9000 X107.668 Y101.6
G0 X113.879 Y101.6
G0 X113.879 Y101.821
G1 F3000 X116.195 Y93.179 E1141.97275
G0 F9000 X116.195 Y93.4
G0 X112.349 Y93.4
G0 X112.349 Y93.18
G1 F3000 X120.99 Y101.82 E1142.37917
G0 F9000 X120.091 Y101.82
G1 F3000 X122.406 Y93.18 E1142.67668
G0 F9000 X122.406 Y93.4
G0 X128.618 Y93.4
G0 X128.618 Y93.18
G1 F3000 X126.302 Y101.821 E1142.97422
G0 F9000 X126.302 Y101.6
G0 X129.32 Y93.4
G0 X129.32 Y93.18
G1 F3000 X141.82 Y105.68 E1143.56219
G0 F9000 X141.82 Y106.381
G1 F3000 X138.18 Y107.356 E1143.68752
G0 F9000 X138.4 Y107.356
G0 X138.4 Y110.525
G0 X138.18 Y110.525
G1 F3000 X141.82 Y114.165 E1143.85873
G0 F9000 X141.82 Y113.456
G1 F3000 X138.18 Y127.04 E1144.32648
G0 F9000 X138.18 Y127.496
G1 F3000 X141.82 Y131.136 E1144.49769
G1 X141.82 Y131.228
G1 X138.18 Y132.203 E1144.62303
G0 F9000 X138.4 Y132.203
G0 X138.328 Y133.328
G0 X136.535 Y133.4
G0 X136.535 Y133.18
G1 F3000 X134.22 Y141.82 E1144.92053
G0 F9000 X134.22 Y141.6
G0 X135.534 Y141.6
G0 X135.534 Y141.82
G1 F3000 X126.894 Y133.18 E1145.32693
G0 F9000 X126.894 Y133.4
G0 X124.112 Y133.4
G0 X124.112 Y133.179
G1 F3000 X121.796 Y141.821 E1145.62451
G0 F9000 X121.796 Y141.6
G0 X128.008 Y141.6
G0 X128.008 Y141.82
G1 F3000 X130.323 Y133.18 E1145.92201
G0 F9000 X130.323 Y133.4
G0 X138.328 Y133.328
G0 X138.4 Y125.991
G0 X138.18 Y125.991
G1 F3000 X141.82 Y125.016 E1146.04735
G0 F9000 X141.6 Y125.016
G0 X141.6 Y122.65
G0 X141.82 Y122.65
G1 F3000 X138.18 Y119.01 E1146.21856
G0 F9000 X138.181 Y119.78
G1 F3000 X141.819 Y118.805 E1146.34383
G0 F9000 X141.6 Y118.805
G0 X141.6 Y112.593
G0 X141.82 Y112.593
G1 F3000 X138.18 Y113.568 E1146.46917
G0 F9000 X138.7 Y113.568
G1 F2700 E1141.46917
;MESH:NONMESH
G0 F300 X138.7 Y113.568 Z2.4
G0 F9000 X138.328 Y101.672
G0 X94.312 Y94.313
G0 X94.1 Y94.1
;TIME_ELAPSED:1652.489306
;LAYER:11
;TYPE:WALL-INNER
;MESH:doppia_fenditura.stl
G1 F2700 E1146.46917
G1 F1500 X93.556 Y94.804 E1146.49876
G1 X93.221 Y95.613 E1146.52788
G1 X93.1 Y96.543 E1146.55908
G1 X93.1 Y138.457 E1147.95314
G1 X93.221 Y139.383 E1147.9842
G1 X93.556 Y140.192 E1148.01332
G1 X94.1 Y140.896 E1148.04292
G1 X94.804 Y141.44 E1148.07251
G1 X95.614 Y141.775 E1148.10166
G1 X96.544 Y141.9 E1148.13287
G1 X138.456 Y141.9 E1149.52687
G1 X139.383 Y141.775 E1149.55798
G1 X140.188 Y141.443 E1149.58694
G1 X140.896 Y140.896 E1149.6167
G1 X141.443 Y140.188 E1149.64646
G1 X141.775 Y139.383 E1149.67542
G1 X141.9 Y138.456 E1149.70653
G1 X141.9 Y96.544 E1151.10053
G1 X141.775 Y95.613 E1151.13177
G1 X141.443 Y94.808 E1151.16074
G1 X140.896 Y94.101 E1151.19047
G1 X140.188 Y93.556 E1151.22018
G1 X139.383 Y93.221 E1151.24918
G1 X138.457 Y93.1 E1151.28024
G1 X96.543 Y93.1 E1152.67431
G1 X95.613 Y93.221 E1152.7055
G1 X94.804 Y93.556 E1152.73463
G1 X94.1 Y94.1 E1152.76422
G0 F9000 X94.312 Y94.313
G0 X97.14 Y101.6
G0 X97.14 Y102.02
G1 F1500 X97.421 Y101.9 E1152.77438
G1 X137.579 Y101.9 E1154.11004
G1 X137.86 Y102.02 E1154.1202
G1 X137.981 Y102.139 E1154.12585
G1 X138.068 Y102.305 E1154.13208
G1 X138.1 Y102.5 E1154.13865
G1 X138.1 Y132.574 E1155.13892
G1 X137.981 Y132.86 E1155.14922
G1 X137.86 Y132.98 E1155.15489
G1 X137.579 Y133.1 E1155.16505
G1 X97.421 Y133.1 E1156.50071
G1 X97.14 Y132.98 E1156.51088
G1 X97.019 Y132.86 E1156.51654
G1 X96.932 Y132.695 E1156.52275
G1 X96.9 Y132.5 E1156.52932
G1 X96.9 Y102.5 E1157.52712
G1 X96.932 Y102.305 E1157.5337
G1 X97.02 Y102.14 E1157.53992
G1 X97.14 Y102.02 E1157.54556
G0 F9000 X97.38 Y102.34
;TYPE:WALL-OUTER
G1 F1500 X97.463 Y102.303 E1157.54858
G1 X137.537 Y102.303 E1158.88145
G1 X137.62 Y102.34 E1158.88447
G1 X137.7 Y102.449 E1158.88897
G1 X137.698 Y132.535 E1159.88963
G1 X137.661 Y132.62 E1159.89272
G1 X137.537 Y132.697 E1159.89757
G1 X97.463 Y132.697 E1161.23044
G1 X97.38 Y132.66 E1161.23346
G1 X97.3 Y132.551 E1161.23796
G1 X97.3 Y102.449 E1162.23915
G1 X97.38 Y102.34 E1162.24365
G1 F2700 E1157.24365
G0 F9000 X97.38 Y101.6
G0 X94.312 Y94.313
G0 X93.815 Y93.815
G1 F2700 E1162.24365
G1 F1500 X93.207 Y94.602 E1162.27673
G1 X92.831 Y95.509 E1162.30938
G1 X92.7 Y96.517 E1162.34319
G1 X92.7 Y138.483 E1163.73899
G1 X92.831 Y139.487 E1163.77266
G1 X93.207 Y140.394 E1163.80532
G1 X93.815 Y141.181 E1163.8384
G1 X94.602 Y141.789 E1163.87147
G1 X95.509 Y142.165 E1163.90413
G1 X96.518 Y142.3 E1163.93799
G1 X138.482 Y142.3 E1165.33372
G1 X139.487 Y142.165 E1165.36744
G1 X140.39 Y141.793 E1165.39993
G1 X141.181 Y141.181 E1165.43319
G1 X141.793 Y140.39 E1165.46646
G1 X142.165 Y139.487 E1165.49894
G1 X142.3 Y138.482 E1165.53266
G1 X142.3 Y96.518 E1166.92839
G1 X142.165 Y95.509 E1166.96225
G1 X141.793 Y94.606 E1166.99473
G1 X141.181 Y93.815 E1167.028
G1 X140.39 Y93.207 E1167.06118
G1 X139.487 Y92.831 E1167.09371
G1 X138.483 Y92.7 E1167.12739
G1 X96.517 Y92.7 E1168.52318
G1 X95.509 Y92.831 E1168.55699
G1 X94.602 Y93.207 E1168.58965
G1 X93.815 Y93.815 E1168.62273
G0 F9000 X93.87 Y94.53
;TYPE:FILL
G1 F3000 X98.908 Y93.18 E1168.7962
G0 F9000 X98.908 Y93.4
G0 X97.412 Y93.4
G0 X97.412 Y93.18
G1 F3000 X93.18 Y108.976 E1169.34011
G0 F9000 X93.4 Y108.976
G0 X93.4 Y107.75
G0 X93.18 Y107.75
G1 F3000 X96.82 Y111.391 E1169.51135
G0 F9000 X96.82 Y112.374
G1 F3000 X93.181 Y113.349 E1169.63665
G0 F9000 X93.4 Y113.349
G0 X93.4 Y116.236
G0 X93.18 Y116.236
G1 F3000 X96.82 Y119.876 E1169.80786
G0 F9000 X96.6 Y119.876
G0 X96.6 Y118.586
G0 X96.819 Y118.586
G1 F3000 X93.181 Y119.561 E1169.93313
G0 F9000 X93.4 Y119.561
G0 X96.6 Y118.573
G0 X96.82 Y118.573
G1 F3000 X93.18 Y132.159 E1170.40094
G1 X93.181 Y131.984
G1 X96.819 Y131.009 E1170.52621
G0 F9000 X96.6 Y131.009
G0 X96.6 Y128.361
G0 X96.82 Y128.361
G1 F3000 X93.18 Y124.721 E1170.69743
G0 F9000 X93.4 Y124.721
G0 X93.4 Y125.773
G0 X93.18 Y125.773
G1 F3000 X96.819 Y124.798 E1170.82273
G0 F9000 X96.6 Y124.798
G0 X96.672 Y133.328
G0 X99.118 Y133.4
G0 X99.118 Y133.18
G1 F3000 X96.803 Y141.821 E1171.12027
G0 F9000 X96.803 Y141.6
G0 X101.794 Y141.6
G0 X101.794 Y141.82
G1 F3000 X93.18 Y133.206 E1171.52544
G0 F9000 X93.4 Y133.206
G0 X93.4 Y138.196
G0 X93.181 Y138.196
G1 F3000 X111.902 Y133.18 E1172.17007
G0 F9000 X111.541 Y133.18
G1 F3000 X109.226 Y141.821 E1172.46761
G0 F9000 X109.226 Y141.6
G0 X110.279 Y141.6
G0 X110.279 Y141.82
G1 F3000 X101.639 Y133.18 E1172.87401
G0 F9000 X101.639 Y133.4
G0 X105.329 Y133.4
G0 X105.329 Y133.18
G1 F3000 X103.014 Y141.82 E1173.17151
G1 X102.837 Y141.82
G1 X135.083 Y133.18 E1174.28185
G0 F9000 X135.58 Y133.18
G1 F3000 X141.706 Y139.306 E1174.57
G0 F9000 X141.491 Y139.278
G0 X141.6 Y137.587
G0 X141.819 Y137.587
G1 F3000 X126.02 Y141.82 E1175.11401
G0 F9000 X126.02 Y141.6
G0 X127.25 Y141.6
G0 X127.25 Y141.82
G1 F3000 X118.609 Y133.18 E1175.52043
G0 F9000 X117.753 Y133.18
G1 F3000 X115.437 Y141.821 E1175.81797
G0 F9000 X115.437 Y141.6
G0 X118.764 Y141.6
G0 X118.764 Y141.82
G1 F3000 X110.124 Y133.18 E1176.22437
G0 F9000 X110.124 Y133.4
G0 X123.965 Y133.4
G0 X123.965 Y133.179
G1 F3000 X121.649 Y141.821 E1176.52195
G0 F9000 X121.649 Y141.6
G0 X127.861 Y141.6
G0 X127.861 Y141.82
G1 F3000 X130.176 Y133.18 E1176.81945
G0 F9000 X130.176 Y133.4
G0 X127.095 Y133.4
G0 X127.095 Y133.18
G1 F3000 X135.735 Y141.82 E1177.22585
G0 F9000 X135.735 Y141.6
G0 X134.072 Y141.6
G0 X134.072 Y141.821
G1 F3000 X136.388 Y133.18 E1177.5234
G0 F9000 X136.388 Y133.4
G0 X138.328 Y133.328
G0 X138.4 Y132.35
G0 X138.18 Y132.35
G1 F3000 X141.82 Y131.375 E1177.64873
G0 F9000 X141.82 Y130.935
G1 F3000 X138.18 Y127.295 E1177.81995
G0 F9000 X138.18 Y126.492
G1 F3000 X141.82 Y112.907 E1178.28772
G1 X141.82 Y112.74
G1 X138.18 Y113.715 E1178.41306
G0 F9000 X138.4 Y113.715
G0 X138.4 Y110.324
G0 X138.18 Y110.324
G1 F3000 X141.82 Y113.964 E1178.58427
G0 F9000 X141.6 Y113.964
G0 X141.6 Y118.952
G0 X141.819 Y118.952
G1 F3000 X138.181 Y119.927 E1178.70954
G0 F9000 X138.4 Y119.927
G0 X138.4 Y118.809
G0 X138.18 Y118.809
G1 F3000 X141.82 Y122.45 E1178.88078
G0 F9000 X141.6 Y122.45
G0 X141.6 Y125.163
G0 X141.82 Y125.163
G1 F3000 X138.18 Y126.138 E1179.00612
G0 F9000 X138.4 Y126.138
G0 X141.6 Y136.09
G0 X141.82 Y136.09
G1 F3000 X140.471 Y141.124 E1179.17946
G1 F2700 E1174.17946
G0 F9000 X140.341 Y140.953
G0 X138.4 Y107.503
G0 X138.18 Y107.503
G1 F2700 E1179.17946
G1 F3000 X141.82 Y106.528 E1179.30479
G0 F9000 X141.6 Y106.528
G0 X141.6 Y105.479
G0 X141.82 Y105.479
G1 F3000 X129.521 Y93.18 E1179.8833
G0 F9000 X129.521 Y93.4
G0 X128.471 Y93.4
G0 X128.471 Y93.18
G1 F3000 X126.155 Y101.821 E1180.18084
G0 F9000 X126.155 Y101.6
G0 X129.676 Y101.6
G0 X129.676 Y101.82
G1 F3000 X121.035 Y93.18 E1180.58727
G0 F9000 X121.035 Y93.4
G0 X122.091 Y93.4
G0 X122.091 Y93.18
G1 F3000 X93.181 Y100.926 E1181.58273
G0 F9000 X93.4 Y100.926
G0 X93.4 Y99.265
G0 X93.18 Y99.265
G1 F3000 X96.82 Y102.905 E1181.75395
G0 F9000 X96.6 Y102.905
G0 X96.6 Y106.163
G0 X96.819 Y106.163
G1 F3000 X93.18 Y107.138 E1181.87925
G0 F9000 X93.4 Y107.138
G0 X96.672 Y101.672
G0 X101.309 Y101.6
G0 X101.309 Y101.82
G1 F3000 X103.624 Y93.18 E1182.17675
G0 F9000 X104.065 Y93.18
G1 F3000 X112.705 Y101.82 E1182.58315
G0 F9000 X113.024 Y101.821
G1 F3000 X140.974 Y94.331 E1183.54557
G0 F9000 X140.668 Y94.025
G1 F3000 X138.18 Y103.308 E1183.86522
G0 F9000 X138.4 Y103.308
G0 X138.328 Y101.672
G0 X136.206 Y101.6
G0 X136.206 Y101.821
G1 F3000 X141.82 Y100.316 E1184.05854
G0 F9000 X141.6 Y100.316
G0 X141.6 Y96.994
G0 X141.82 Y96.994
G1 F3000 X138.006 Y93.18 E1184.23794
G0 F9000 X138.006 Y93.4
G0 X134.683 Y93.4
G0 X134.683 Y93.179
G1 F3000 X132.367 Y101.821 E1184.53552
G0 F9000 X132.367 Y101.6
G0 X121.19 Y101.6
G0 X121.19 Y101.82
G1 F3000 X112.55 Y93.18 E1184.94191
G0 F9000 X112.55 Y93.4
G0 X109.836 Y93.4
G0 X109.836 Y93.18
G1 F3000 X107.521 Y101.82 E1185.23942
G0 F9000 X107.521 Y101.6
G0 X104.22 Y101.6
G0 X104.22 Y101.82
G1 F3000 X95.692 Y93.292 E1185.64055
G0 F9000 X95.719 Y93.51
G0 X113.732 Y101.6
G0 X113.732 Y101.821
G1 F3000 X116.048 Y93.179 E1185.93813
G0 F9000 X116.048 Y93.4
G0 X122.259 Y93.4
G0 X122.259 Y93.18
G1 F3000 X119.944 Y101.82 E1186.23563
G0 F9000 X119.944 Y101.3
;MESH:NONMESH
G0 F300 X119.944 Y101.3 Z2.6
G0 F9000 X94.312 Y94.313
G0 X94.1 Y94.1
;TIME_ELAPSED:1705.102796
;LAYER:12
;TYPE:WALL-INNER
;MESH:doppia_fenditura.stl
G1 F1500 X93.556 Y94.804 E1186.26522
G1 X93.221 Y95.613 E1186.29435
G1 X93.1 Y96.543 E1186.32554
G1 X93.1 Y138.457 E1187.7196
G1 X93.221 Y139.383 E1187.75066
G1 X93.556 Y140.192 E1187.77979
G1 X94.1 Y140.896 E1187.80938
G1 X94.804 Y141.44 E1187.83897
G1 X95.614 Y141.775 E1187.86812
G1 X96.544 Y141.9 E1187.89933
G1 X138.456 Y141.9 E1189.29333
G1 X139.383 Y141.775 E1189.32444
G1 X140.188 Y141.443 E1189.35341
G1 X140.896 Y140.896 E1189.38316
G1 X141.443 Y140.188 E1189.41292
G1 X141.775 Y139.383 E1189.44188
G1 X141.9 Y138.456 E1189.47299
G1 X141.9 Y96.544 E1190.86699
G1 X141.775 Y95.613 E1190.89824
G1 X141.443 Y94.808 E1190.9272
G1 X140.896 Y94.101 E1190.95693
G1 X140.188 Y93.556 E1190.98665
G1 X139.383 Y93.221 E1191.01565
G1 X138.457 Y93.1 E1191.04671
G1 X96.543 Y93.1 E1192.44077
G1 X95.613 Y93.221 E1192.47197
G1 X94.804 Y93.556 E1192.50109
G1 X94.1 Y94.1 E1192.53068
G0 F9000 X94.312 Y94.313
G0 X97.14 Y101.6
G0 X97.14 Y102.02
G1 F1500 X97.421 Y101.9 E1192.54084
G1 X137.579 Y101.9 E1193.8765
G1 X137.86 Y102.02 E1193.88667
G1 X137.981 Y102.139 E1193.89231
G1 X138.068 Y102.305 E1193.89854
G1 X138.1 Y102.5 E1193.90512
G1 X138.1 Y132.574 E1194.90538
G1 X137.981 Y132.86 E1194.91568
G1 X137.86 Y132.98 E1194.92135
G1 X137.579 Y133.1 E1194.93152
G1 X97.421 Y133.1 E1196.26718
G1 X97.14 Y132.98 E1196.27734
G1 X97.019 Y132.86 E1196.28301
G1 X96.932 Y132.695 E1196.28921
G1 X96.9 Y132.5 E1196.29578
G1 X96.9 Y102.5 E1197.29359
G1 X96.932 Y102.305 E1197.30016
G1 X97.02 Y102.14 E1197.30638
G1 X97.14 Y102.02 E1197.31202
G0 F9000 X97.38 Y102.34
;TYPE:WALL-OUTER
G1 F1500 X97.463 Y102.303 E1197.31505
G1 X137.537 Y102.303 E1198.64791
G1 X137.62 Y102.34 E1198.65094
G1 X137.7 Y102.449 E1198.65543
G1 X137.698 Y132.535 E1199.6561
G1 X137.661 Y132.62 E1199.65918
G1 X137.537 Y132.697 E1199.66403
G1 X97.463 Y132.697 E1200.9969
G1 X97.38 Y132.66 E1200.99992
G1 X97.3 Y132.551 E1201.00442
G1 X97.3 Y102.449 E1202.00562
G1 X97.38 Y102.34 E1202.01011
G1 F2700 E1197.01011
G0 F9000 X97.38 Y101.6
G0 X94.312 Y94.313
G0 X93.815 Y93.815
G1 F2700 E1202.01011
G1 F1500 X93.207 Y94.602 E1202.04319
G1 X92.831 Y95.509 E1202.07585
G1 X92.7 Y96.517 E1202.10966
G1 X92.7 Y138.483 E1203.50545
G1 X92.831 Y139.487 E1203.53913
G1 X93.207 Y140.394 E1203.57178
G1 X93.815 Y141.181 E1203.60486
G1 X94.602 Y141.789 E1203.63794
G1 X95.509 Y142.165 E1203.67059
G1 X96.518 Y142.3 E1203.70445
G1 X138.482 Y142.3 E1205.10018
G1 X139.487 Y142.165 E1205.13391
G1 X140.39 Y141.793 E1205.16639
G1 X141.181 Y141.181 E1205.19965
G1 X141.793 Y140.39 E1205.23292
G1 X142.165 Y139.487 E1205.2654
G1 X142.3 Y138.482 E1205.29913
G1 X142.3 Y96.518 E1206.69486
G1 X142.165 Y95.509 E1206.72871
G1 X141.793 Y94.606 E1206.7612
G1 X141.181 Y93.815 E1206.79446
G1 X140.39 Y93.207 E1206.82764
G1 X139.487 Y92.831 E1206.86018
G1 X138.483 Y92.7 E1206.89385
G1 X96.517 Y92.7 E1208.28965
G1 X95.509 Y92.831 E1208.32346
G1 X94.602 Y93.207 E1208.35611
G1 X93.815 Y93.815 E1208.38919
G0 F9000 X93.727 Y94.714
;TYPE:FILL
G1 F3000 X99.452 Y93.18 E1208.58632
G0 F9000 X99.452 Y93.4
G0 X97.267 Y93.4
G0 X97.267 Y93.179
G1 F3000 X93.18 Y108.431 E1209.1115
G0 F9000 X93.18 Y107.551
G1 F3000 X96.82 Y111.191 E1209.28272
G0 F9000 X96.6 Y111.191
G0 X96.6 Y112.52
G0 X96.819 Y112.52
G1 F3000 X93.181 Y113.495 E1209.40799
G0 F9000 X93.4 Y113.495
G0 X93.4 Y116.036
G0 X93.18 Y116.036
G1 F3000 X96.82 Y119.676 E1209.5792
G0 F9000 X96.819 Y118.732
G1 F3000 X93.181 Y119.707 E1209.70447
G0 F9000 X93.4 Y119.707
G0 X96.6 Y118.028
G0 X96.82 Y118.028
G1 F3000 X93.18 Y131.613 E1210.17225
G0 F9000 X93.181 Y132.13
G1 F3000 X96.82 Y131.155 E1210.29755
G0 F9000 X96.6 Y131.155
G0 X96.672 Y133.328
G0 X98.972 Y133.4
G0 X98.972 Y133.18
G1 F3000 X96.657 Y141.821 E1210.59509
G0 F9000 X96.657 Y141.6
G0 X93.4 Y138.342
G0 X93.181 Y138.342
G1 F3000 X112.447 Y133.18 E1211.25848
G0 F9000 X112.447 Y133.4
G0 X111.395 Y133.4
G0 X111.395 Y133.18
G1 F3000 X109.08 Y141.82 E1211.55598
G0 F9000 X109.08 Y141.6
G0 X110.478 Y141.6
G0 X110.478 Y141.82
G1 F3000 X101.838 Y133.18 E1211.96238
G0 F9000 X101.838 Y133.4
G0 X105.184 Y133.4
G0 X105.184 Y133.18
G1 F3000 X102.868 Y141.821 E1212.25993
G0 F9000 X103.381 Y141.82
G1 F3000 X135.629 Y133.18 E1213.37033
G1 X135.779 Y133.18
G1 X141.73 Y139.13 E1213.65022
G0 F9000 X141.514 Y139.102
G0 X141.6 Y137.733
G0 X141.819 Y137.733
G1 F3000 X126.564 Y141.82 E1214.1755
G0 F9000 X127.449 Y141.82
G1 F3000 X118.809 Y133.18 E1214.5819
G0 F9000 X118.809 Y133.4
G0 X117.607 Y133.4
G0 X117.607 Y133.18
G1 F3000 X115.291 Y141.821 E1214.87944
G0 F9000 X115.291 Y141.6
G0 X118.964 Y141.6
G0 X118.964 Y141.82
G1 F3000 X110.324 Y133.18 E1215.28584
G0 F9000 X110.324 Y133.4
G0 X101.993 Y141.6
G0 X101.993 Y141.82
G1 F3000 X93.18 Y133.007 E1215.70038
G0 F9000 X93.4 Y133.007
G0 X96.6 Y128.162
G0 X96.82 Y128.162
G1 F3000 X93.18 Y124.522 E1215.87159
G0 F9000 X93.4 Y124.522
G0 X93.4 Y125.919
G0 X93.181 Y125.919
G1 F3000 X96.819 Y124.944 E1215.99686
G0 F9000 X96.6 Y124.944
G0 X93.4 Y107.284
G0 X93.181 Y107.284
G1 F3000 X96.82 Y106.309 E1216.12217
G0 F9000 X96.6 Y106.309
G0 X96.6 Y102.706
G0 X96.82 Y102.706
G1 F3000 X93.18 Y99.066 E1216.29338
G0 F9000 X93.4 Y99.066
G0 X93.4 Y101.072
G0 X93.18 Y101.072
G1 F3000 X122.635 Y93.18 E1217.30761
G0 F9000 X122.113 Y93.18
G1 F3000 X119.798 Y101.82 E1217.60512
G0 F9000 X119.798 Y101.6
G0 X121.39 Y101.6
G0 X121.39 Y101.82
G1 F3000 X112.75 Y93.18 E1218.01152
G0 F9000 X112.75 Y93.4
G0 X109.69 Y93.4
G0 X109.69 Y93.18
G1 F3000 X107.375 Y101.82 E1218.30902
G0 F9000 X107.375 Y101.6
G0 X104.419 Y101.6
G0 X104.419 Y101.82
G1 F3000 X95.868 Y93.269 E1218.71123
G0 F9000 X95.895 Y93.487
G0 X103.478 Y93.4
G0 X103.478 Y93.18
G1 F3000 X101.163 Y101.82 E1219.00874
G0 F9000 X101.163 Y101.6
G0 X104.264 Y93.4
G0 X104.264 Y93.18
G1 F3000 X112.904 Y101.82 E1219.41514
G0 F9000 X113.57 Y101.82
G1 F3000 X141.068 Y94.452 E1220.36199
G0 F9000 X140.546 Y93.933
G1 F3000 X138.18 Y102.763 E1220.66603
G0 F9000 X138.4 Y102.763
G0 X138.328 Y101.672
G0 X136.752 Y101.6
G0 X136.752 Y101.82
G1 F3000 X141.82 Y100.462 E1220.84054
G0 F9000 X141.6 Y100.462
G0 X141.6 Y96.794
G0 X141.82 Y96.794
G1 F3000 X138.205 Y93.18 E1221.01056
G0 F9000 X138.205 Y93.4
G0 X134.537 Y93.4
G0 X134.537 Y93.18
G1 F3000 X132.221 Y101.821 E1221.3081
G0 F9000 X132.221 Y101.6
G0 X129.875 Y101.6
G0 X129.875 Y101.82
G1 F3000 X121.235 Y93.18 E1221.7145
G0 F9000 X121.235 Y93.4
G0 X115.902 Y93.4
G0 X115.902 Y93.18
G1 F3000 X113.586 Y101.821 E1222.01205
G0 F9000 X113.586 Y101.6
G0 X126.009 Y101.6
G0 X126.009 Y101.821
G1 F3000 X128.325 Y93.18 E1222.30959
G0 F9000 X128.325 Y93.4
G0 X129.72 Y93.4
G0 X129.72 Y93.18
G1 F3000 X141.82 Y105.28 E1222.87874
G0 F9000 X141.6 Y105.28
G0 X141.6 Y106.674
G0 X141.82 Y106.674
G1 F3000 X138.18 Y107.649 E1223.00407
G0 F9000 X138.4 Y107.649
G0 X138.4 Y110.125
G0 X138.18 Y110.125
G1 F3000 X141.82 Y113.765 E1223.17529
G0 F9000 X141.819 Y112.886
G1 F3000 X138.181 Y113.861 E1223.30056
G0 F9000 X138.4 Y113.861
G0 X141.6 Y112.362
G0 X141.82 Y112.362
G1 F3000 X138.18 Y125.947 E1223.76834
G0 F9000 X138.18 Y126.284
G1 F3000 X141.82 Y125.309 E1223.89367
G0 F9000 X141.6 Y125.309
G0 X141.6 Y122.25
G0 X141.82 Y122.25
G1 F3000 X138.18 Y118.61 E1224.06489
G0 F9000 X138.4 Y118.61
G0 X138.4 Y120.073
G0 X138.18 Y120.073
G1 F3000 X141.82 Y119.097 E1224.19023
G0 F9000 X141.6 Y119.097
G0 X138.4 Y127.095
G0 X138.18 Y127.095
G1 F3000 X141.82 Y130.736 E1224.36147
G0 F9000 X141.819 Y131.521
G1 F3000 X138.181 Y132.496 E1224.48674
G0 F9000 X138.4 Y132.496
G0 X138.328 Y133.328
G0 X136.242 Y133.4
G0 X136.242 Y133.18
G1 F3000 X133.927 Y141.82 E1224.78424
G0 F9000 X133.927 Y141.6
G0 X135.934 Y141.6
G0 X135.934 Y141.82
G1 F3000 X127.294 Y133.18 E1225.19064
G0 F9000 X127.294 Y133.4
G0 X130.03 Y133.4
G0 X130.03 Y133.179
G1 F3000 X127.715 Y141.82 E1225.48818
G0 F9000 X127.715 Y141.6
G0 X121.503 Y141.6
G0 X121.503 Y141.821
G1 F3000 X123.819 Y133.18 E1225.78572
G0 F9000 X123.819 Y133.4
G0 X141.6 Y135.545
G0 X141.82 Y135.545
G1 F3000 X140.287 Y141.266 E1225.98272
G0 F9000 X139.975 Y140.856
G1 F2700 E1220.98272
;MESH:NONMESH
G0 F300 X139.975 Y140.856 Z2.8
G0 F9000 X96.672 Y133.328
G0 X94.312 Y94.313
G0 X94.1 Y94.1
;TIME_ELAPSED:1757.719886
;LAYER:13
;TYPE:WALL-INNER
;MESH:doppia_fenditura.stl
G1 F2700 E1225.98272
G1 F1500 X93.556 Y94.804 E1226.01231
G1 X93.221 Y95.613 E1226.04143
G1 X93.1 Y96.543 E1226.07262
G1 X93.1 Y138.457 E1227.46669
G1 X93.221 Y139.383 E1227.49775
G1 X93.556 Y140.192 E1227.52687
G1 X94.1 Y140.896 E1227.55646
G1 X94.804 Y141.44 E1227.58605
G1 X95.614 Y141.775 E1227.61521
G1 X96.544 Y141.9 E1227.64642
G1 X138.456 Y141.9 E1229.04042
G1 X139.383 Y141.775 E1229.07153
G1 X140.188 Y141.443 E1229.10049
G1 X140.896 Y140.896 E1229.13025
G1 X141.443 Y140.188 E1229.16001
G1 X141.775 Y139.383 E1229.18897
G1 X141.9 Y138.456 E1229.22008
G1 X141.9 Y96.544 E1230.61408
G1 X141.775 Y95.613 E1230.64532
G1 X141.443 Y94.808 E1230.67428
G1 X140.896 Y94.101 E1230.70401
G1 X140.188 Y93.556 E1230.73373
G1 X139.383 Y93.221 E1230.76273
G1 X138.457 Y93.1 E1230.79379
G1 X96.543 Y93.1 E1232.18786
G1 X95.613 Y93.221 E1232.21905
G1 X94.804 Y93.556 E1232.24817
G1 X94.1 Y94.1 E1232.27776
G0 F9000 X94.312 Y94.313
G0 X97.14 Y101.6
G0 X97.14 Y102.02
G1 F1500 X97.421 Y101.9 E1232.28793
G1 X137.579 Y101.9 E1233.62359
G1 X137.86 Y102.02 E1233.63375
G1 X137.981 Y102.139 E1233.63939
G1 X138.068 Y102.305 E1233.64563
G1 X138.1 Y102.5 E1233.6522
G1 X138.1 Y132.574 E1234.65247
G1 X137.981 Y132.86 E1234.66277
G1 X137.86 Y132.98 E1234.66844
G1 X137.579 Y133.1 E1234.6786
G1 X97.421 Y133.1 E1236.01426
G1 X97.14 Y132.98 E1236.02442
G1 X97.019 Y132.86 E1236.03009
G1 X96.932 Y132.695 E1236.03629
G1 X96.9 Y132.5 E1236.04287
G1 X96.9 Y102.5 E1237.04067
G1 X96.932 Y102.305 E1237.04724
G1 X97.02 Y102.14 E1237.05346
G1 X97.14 Y102.02 E1237.05911
G0 F9000 X97.38 Y102.34
;TYPE:WALL-OUTER
G1 F1500 X97.463 Y102.303 E1237.06213
G1 X137.537 Y102.303 E1238.395
G1 X137.62 Y102.34 E1238.39802
G1 X137.7 Y102.449 E1238.40252
G1 X137.698 Y132.535 E1239.40318
G1 X137.661 Y132.62 E1239.40626
G1 X137.537 Y132.697 E1239.41112
G1 X97.463 Y132.697 E1240.74399
G1 X97.38 Y132.66 E1240.74701
G1 X97.3 Y132.551 E1240.75151
G1 X97.3 Y102.449 E1241.7527
G1 X97.38 Y102.34 E1241.7572
G1 F2700 E1236.7572
G0 F9000 X97.38 Y101.6
G0 X94.312 Y94.313
G0 X93.815 Y93.815
G1 F2700 E1241.7572
G1 F1500 X93.207 Y94.602 E1241.79028
G1 X92.831 Y95.509 E1241.82293
G1 X92.7 Y96.517 E1241.85674
G1 X92.7 Y138.483 E1243.25254
G1 X92.831 Y139.487 E1243.28621
G1 X93.207 Y140.394 E1243.31887
G1 X93.815 Y141.181 E1243.35195
G1 X94.602 Y141.789 E1243.38502
G1 X95.509 Y142.165 E1243.41768
G1 X96.518 Y142.3 E1243.45154
G1 X138.482 Y142.3 E1244.84727
G1 X139.487 Y142.165 E1244.88099
G1 X140.39 Y141.793 E1244.91348
G1 X141.181 Y141.181 E1244.94674
G1 X141.793 Y140.39 E1244.98
G1 X142.165 Y139.487 E1245.01249
G1 X142.3 Y138.482 E1245.04621
G1 X142.3 Y96.518 E1246.44194
G1 X142.165 Y95.509 E1246.4758
G1 X141.793 Y94.606 E1246.50828
G1 X141.181 Y93.815 E1246.54155
G1 X140.39 Y93.207 E1246.57473
G1 X139.487 Y92.831 E1246.60726
G1 X138.483 Y92.7 E1246.64094
G1 X96.517 Y92.7 E1248.03673
G1 X95.509 Y92.831 E1248.07054
G1 X94.602 Y93.207 E1248.1032
G1 X93.815 Y93.815 E1248.13627
G0 F9000 X94.312 Y94.313
G0 X93.811 Y94.977
G0 X93.607 Y94.892
;TYPE:FILL
G1 F3000 X99.998 Y93.18 E1248.35633
G0 F9000 X99.998 Y93.4
G0 X97.121 Y93.4
G0 X97.121 Y93.18
G1 F3000 X93.18 Y107.887 E1248.86275
G0 F9000 X93.181 Y107.43
G1 F3000 X96.82 Y106.455 E1248.98805
G0 F9000 X96.6 Y106.455
G0 X93.4 Y107.352
G0 X93.18 Y107.352
G1 F3000 X96.82 Y110.992 E1249.15927
G0 F9000 X96.6 Y110.992
G0 X96.6 Y112.666
G0 X96.819 Y112.666
G1 F3000 X93.181 Y113.641 E1249.28454
G0 F9000 X93.4 Y113.641
G0 X93.4 Y115.837
G0 X93.18 Y115.837
G1 F3000 X96.82 Y119.477 E1249.45575
G0 F9000 X96.819 Y118.878
G1 F3000 X93.18 Y119.853 E1249.58105
G0 F9000 X93.4 Y119.853
G0 X96.6 Y117.483
G0 X96.82 Y117.483
G1 F3000 X93.18 Y131.069 E1250.04886
G0 F9000 X93.4 Y131.069
G0 X93.4 Y132.276
G0 X93.181 Y132.276
G1 F3000 X96.819 Y131.301 E1250.17413
G0 F9000 X96.6 Y131.301
G0 X96.672 Y133.328
G0 X98.826 Y133.4
G0 X98.826 Y133.18
G1 F3000 X96.512 Y141.816 E1250.4715
G0 F9000 X96.54 Y141.598
G0 X93.402 Y138.46
G0 X93.185 Y138.487
G1 F3000 X112.992 Y133.18 E1251.15352
G0 F9000 X112.992 Y133.4
G0 X111.249 Y133.4
G0 X111.249 Y133.179
G1 F3000 X108.934 Y141.821 E1251.45109
G0 F9000 X108.934 Y141.6
G0 X110.678 Y141.6
G0 X110.678 Y141.82
G1 F3000 X102.038 Y133.18 E1251.85749
G0 F9000 X102.038 Y133.4
G0 X105.038 Y133.4
G0 X105.038 Y133.18
G1 F3000 X102.722 Y141.821 E1252.15503
G0 F9000 X102.192 Y141.82
G1 F3000 X93.18 Y132.807 E1252.57895
G0 F9000 X93.4 Y132.807
G0 X96.6 Y127.962
G0 X96.82 Y127.962
G1 F3000 X93.18 Y124.322 E1252.75017
G0 F9000 X93.4 Y124.322
G0 X93.4 Y126.065
G0 X93.181 Y126.065
G1 F3000 X96.82 Y125.09 E1252.87547
G0 F9000 X96.6 Y125.09
G0 X96.672 Y133.328
G0 X110.523 Y133.4
G0 X110.523 Y133.18
G1 F3000 X119.163 Y141.82 E1253.28187
G0 F9000 X119.163 Y141.6
G0 X121.357 Y141.6
G0 X121.357 Y141.821
G1 F3000 X123.673 Y133.18 E1253.57942
G0 F9000 X123.673 Y133.4
G0 X127.493 Y133.4
G0 X127.493 Y133.18
G1 F3000 X136.134 Y141.82 E1253.98584
G0 F9000 X136.134 Y141.6
G0 X133.781 Y141.6
G0 X133.781 Y141.82
G1 F3000 X136.096 Y133.179 E1254.28337
G1 X136.173 Y133.18
G1 X103.926 Y141.82 E1255.39374
G0 F9000 X103.926 Y141.6
G0 X115.146 Y141.6
G0 X115.146 Y141.82
G1 F3000 X117.461 Y133.18 E1255.69125
G0 F9000 X117.461 Y133.4
G0 X119.008 Y133.4
G0 X119.008 Y133.18
G1 F3000 X127.648 Y141.82 E1256.09765
G1 X127.569 Y141.821
G1 X129.884 Y133.18 E1256.39518
G0 F9000 X129.884 Y133.4
G0 X135.979 Y133.4
G0 X135.979 Y133.18
G1 F3000 X141.754 Y138.955 E1256.66682
G0 F9000 X141.537 Y138.927
G0 X141.6 Y137.879
G0 X141.819 Y137.879
G1 F3000 X127.11 Y141.82 E1257.1733
G0 F9000 X127.11 Y141.6
G0 X140.025 Y141.187
G0 X140.108 Y141.39
G1 F3000 X141.82 Y135.001 E1257.3933
G0 F9000 X141.6 Y135.001
G0 X141.6 Y131.667
G0 X141.819 Y131.667
G1 F3000 X138.149 Y132.65 E1257.51966
G0 F9000 X138.4 Y132.65
G0 X141.6 Y130.536
G0 X141.82 Y130.536
G1 F3000 X138.18 Y126.896 E1257.69088
G0 F9000 X138.18 Y126.43
G1 F3000 X141.82 Y125.455 E1257.81621
G0 F9000 X141.6 Y125.455
G0 X141.6 Y122.051
G0 X141.82 Y122.051
G1 F3000 X138.18 Y118.411 E1257.98743
G0 F9000 X138.4 Y118.411
G0 X138.4 Y120.219
G0 X138.18 Y120.219
G1 F3000 X141.82 Y119.243 E1258.11277
G0 F9000 X141.6 Y119.243
G0 X141.6 Y113.566
G0 X141.82 Y113.566
G1 F3000 X138.18 Y109.925 E1258.28401
G0 F9000 X138.4 Y109.925
G0 X138.4 Y107.795
G0 X138.18 Y107.795
G1 F3000 X141.819 Y106.82 E1258.40931
G0 F9000 X141.6 Y106.82
G0 X141.6 Y105.08
G0 X141.82 Y105.08
G1 F3000 X129.92 Y93.18 E1258.96905
G0 F9000 X129.92 Y93.4
G0 X128.179 Y93.4
G0 X128.179 Y93.18
G1 F3000 X125.864 Y101.82 E1259.26656
G0 F9000 X125.864 Y101.6
G0 X130.074 Y101.6
G0 X130.074 Y101.82
G1 F3000 X121.434 Y93.18 E1259.67295
G0 F9000 X121.967 Y93.179
G1 F3000 X119.652 Y101.821 E1259.97052
G0 F9000 X119.652 Y101.6
G0 X121.589 Y101.6
G0 X121.589 Y101.82
G1 F3000 X112.949 Y93.18 E1260.37692
G0 F9000 X112.949 Y93.4
G0 X115.756 Y93.4
G0 X115.756 Y93.18
G1 F3000 X113.44 Y101.82 E1260.67443
G0 F9000 X113.104 Y101.82
G1 F3000 X104.464 Y93.18 E1261.08083
G0 F9000 X104.464 Y93.4
G0 X103.332 Y93.4
G0 X103.332 Y93.179
G1 F3000 X101.017 Y101.821 E1261.3784
G0 F9000 X101.017 Y101.6
G0 X104.619 Y101.6
G0 X104.619 Y101.82
G1 F3000 X96.045 Y93.246 E1261.7817
G0 F9000 X96.072 Y93.464
G0 X93.4 Y98.866
G0 X93.18 Y98.866
G1 F3000 X96.821 Y102.507 E1261.95296
G0 F9000 X96.6 Y102.507
G0 X93.4 Y101.218
G0 X93.181 Y101.218
G1 F3000 X123.18 Y93.18 E1262.98592
G0 F9000 X123.18 Y93.4
G0 X134.391 Y93.4
G0 X134.391 Y93.18
G1 F3000 X132.075 Y101.821 E1263.28347
G0 F9000 X132.075 Y101.6
G0 X137.296 Y101.6
G0 X137.296 Y101.821
G1 F3000 X141.82 Y100.608 E1263.43925
G0 F9000 X141.6 Y100.608
G0 X141.6 Y96.595
G0 X141.82 Y96.595
G1 F3000 X138.405 Y93.18 E1263.59988
G0 F9000 X138.405 Y93.4
G0 X140.294 Y94.01
G0 X140.425 Y93.84
G1 F3000 X138.151 Y102.329 E1263.89218
G0 F9000 X138.4 Y102.329
G0 X140.988 Y94.704
G0 X141.161 Y94.573
G1 F3000 X114.114 Y101.82 E1264.8235
G0 F9000 X114.114 Y101.6
G0 X107.229 Y101.6
G0 X107.229 Y101.82
G1 F3000 X109.544 Y93.18 E1265.12101
G1 F2700 E1260.12101
G0 F9000 X109.544 Y93.4
G0 X138.328 Y101.672
G0 X138.4 Y114.007
G0 X138.181 Y114.007
G1 F2700 E1265.12101
G1 F3000 X141.82 Y113.032 E1265.24631
G0 F9000 X141.6 Y113.032
G0 X141.6 Y111.817
G0 X141.82 Y111.817
G1 F3000 X138.18 Y125.402 E1265.71409
G0 F9000 X138.7 Y125.402
G1 F2700 E1260.71409
;MESH:NONMESH
G0 F300 X138.7 Y125.402 Z3
G0 F9000 X138.328 Y101.672
G0 X94.312 Y94.313
G0 X94.1 Y94.1
;TIME_ELAPSED:1811.880167
;LAYER:14
;TYPE:WALL-INNER
;MESH:doppia_fenditura.stl
G1 F2700 E1265.71409
G1 F1500 X93.556 Y94.804 E1265.74368
G1 X93.221 Y95.613 E1265.7728
G1 X93.1 Y96.543 E1265.80399
G1 X93.1 Y138.457 E1267.19806
G1 X93.221 Y139.383 E1267.22912
G1 X93.556 Y140.192 E1267.25824
G1 X94.1 Y140.896 E1267.28783
G1 X94.804 Y141.44 E1267.31743
G1 X95.614 Y141.775 E1267.34658
G1 X96.544 Y141.9 E1267.37779
G1 X138.456 Y141.9 E1268.77179
G1 X139.383 Y141.775 E1268.8029
G1 X140.188 Y141.443 E1268.83186
G1 X140.896 Y140.896 E1268.86162
G1 X141.443 Y140.188 E1268.89138
G1 X141.775 Y139.383 E1268.92034
G1 X141.9 Y138.456 E1268.95145
G1 X141.9 Y96.544 E1270.34545
G1 X141.775 Y95.613 E1270.37669
G1 X141.443 Y94.808 E1270.40565
G1 X140.896 Y94.101 E1270.43539
G1 X140.188 Y93.556 E1270.4651
G1 X139.383 Y93.221 E1270.4941
G1 X138.457 Y93.1 E1270.52516
G1 X96.543 Y93.1 E1271.91923
G1 X95.613 Y93.221 E1271.95042
G1 X94.804 Y93.556 E1271.97954
G1 X94.1 Y94.1 E1272.00914
G0 F9000 X94.312 Y94.313
G0 X97.14 Y101.6
G0 X97.14 Y102.02
G1 F1500 X97.421 Y101.9 E1272.0193
G1 X137.579 Y101.9 E1273.35496
G1 X137.86 Y102.02 E1273.36512
G1 X137.981 Y102.139 E1273.37077
G1 X138.068 Y102.305 E1273.377
G1 X138.1 Y102.5 E1273.38357
G1 X138.1 Y132.574 E1274.38384
G1 X137.981 Y132.86 E1274.39414
G1 X137.86 Y132.98 E1274.39981
G1 X137.579 Y133.1 E1274.40997
G1 X97.421 Y133.1 E1275.74563
G1 X97.14 Y132.98 E1275.75579
G1 X97.019 Y132.86 E1275.76146
G1 X96.932 Y132.695 E1275.76767
G1 X96.9 Y132.5 E1275.77424
G1 X96.9 Y102.5 E1276.77204
G1 X96.932 Y102.305 E1276.77862
G1 X97.02 Y102.14 E1276.78484
G1 X97.14 Y102.02 E1276.79048
G0 F9000 X97.38 Y102.34
;TYPE:WALL-OUTER
G1 F1500 X97.463 Y102.303 E1276.7935
G1 X137.537 Y102.303 E1278.12637
G1 X137.62 Y102.34 E1278.12939
G1 X137.7 Y102.449 E1278.13389
G1 X137.698 Y132.535 E1279.13455
G1 X137.661 Y132.62 E1279.13764
G1 X137.537 Y132.697 E1279.14249
G1 X97.463 Y132.697 E1280.47536
G1 X97.38 Y132.66 E1280.47838
G1 X97.3 Y132.551 E1280.48288
G1 X97.3 Y102.449 E1281.48407
G1 X97.38 Y102.34 E1281.48857
G1 F2700 E1276.48857
G0 F9000 X97.38 Y101.6
G0 X94.312 Y94.313
G0 X93.815 Y93.815
G1 F2700 E1281.48857
G1 F1500 X93.207 Y94.602 E1281.52165
G1 X92.831 Y95.509 E1281.5543
G1 X92.7 Y96.517 E1281.58811
G1 X92.7 Y138.483 E1282.98391
G1 X92.831 Y139.487 E1283.01758
G1 X93.207 Y140.394 E1283.05024
G1 X93.815 Y141.181 E1283.08332
G1 X94.602 Y141.789 E1283.11639
G1 X95.509 Y142.165 E1283.14905
G1 X96.518 Y142.3 E1283.18291
G1 X138.482 Y142.3 E1284.57864
G1 X139.487 Y142.165 E1284.61236
G1 X140.39 Y141.793 E1284.64485
G1 X141.181 Y141.181 E1284.67811
G1 X141.793 Y140.39 E1284.71137
G1 X142.165 Y139.487 E1284.74386
G1 X142.3 Y138.482 E1284.77758
G1 X142.3 Y96.518 E1286.17331
G1 X142.165 Y95.509 E1286.20717
G1 X141.793 Y94.606 E1286.23965
G1 X141.181 Y93.815 E1286.27292
G1 X140.39 Y93.207 E1286.3061
G1 X139.487 Y92.831 E1286.33863
G1 X138.483 Y92.7 E1286.37231
G1 X96.517 Y92.7 E1287.7681
G1 X95.509 Y92.831 E1287.80191
G1 X94.602 Y93.207 E1287.83457
G1 X93.815 Y93.815 E1287.86765
G0 F9000 X94.312 Y94.313
G0 X93.743 Y95.142
G0 X93.539 Y95.057
;TYPE:FILL
G1 F3000 X100.547 Y93.18 E1288.10895
G0 F9000 X100.547 Y93.4
G0 X103.185 Y93.4
G0 X103.185 Y93.179
G1 F3000 X100.87 Y101.821 E1288.40652
G0 F9000 X100.87 Y101.6
G0 X104.819 Y101.6
G0 X104.819 Y101.82
G1 F3000 X96.222 Y93.223 E1288.81089
G0 F9000 X96.974 Y93.18
G1 F3000 X93.18 Y107.338 E1289.29841
G1 X93.18 Y107.151
G1 X96.82 Y110.791 E1289.46962
G0 F9000 X96.6 Y110.791
G0 X96.6 Y112.813
G0 X96.819 Y112.813
G1 F3000 X93.181 Y113.788 E1289.59489
G0 F9000 X93.4 Y113.788
G0 X93.4 Y115.636
G0 X93.18 Y115.636
G1 F3000 X96.82 Y119.276 E1289.7661
G0 F9000 X96.819 Y119.025
G1 F3000 X93.18 Y120 E1289.89141
G0 F9000 X93.4 Y120
G0 X93.4 Y124.121
G0 X93.18 Y124.121
G1 F3000 X96.82 Y127.761 E1290.06262
G0 F9000 X96.6 Y127.761
G0 X96.6 Y125.237
G0 X96.82 Y125.237
G1 F3000 X93.181 Y126.212 E1290.18792
G0 F9000 X93.4 Y126.212
G0 X93.4 Y130.52
G0 X93.18 Y130.52
G1 F3000 X96.82 Y116.934 E1290.65573
G0 F9000 X96.6 Y116.934
G0 X93.4 Y107.577
G0 X93.181 Y107.577
G1 F3000 X96.82 Y106.602 E1290.78104
G0 F9000 X96.6 Y106.602
G0 X96.6 Y102.335
G0 X96.85 Y102.335
G1 F3000 X93.18 Y98.665 E1290.95366
G0 F9000 X93.4 Y98.665
G0 X93.4 Y101.365
G0 X93.181 Y101.365
G1 F3000 X123.729 Y93.18 E1292.00553
G0 F9000 X123.729 Y93.4
G0 X121.82 Y93.4
G0 X121.82 Y93.179
G1 F3000 X119.505 Y101.821 E1292.3031
G0 F9000 X119.505 Y101.6
G0 X121.79 Y101.6
G0 X121.79 Y101.82
G1 F3000 X113.15 Y93.18 E1292.7095
G0 F9000 X113.15 Y93.4
G0 X115.609 Y93.4
G0 X115.609 Y93.18
G1 F3000 X113.293 Y101.82 E1293.00701
G1 X113.305 Y101.82
G1 X104.665 Y93.18 E1293.41341
G0 F9000 X104.665 Y93.4
G0 X109.397 Y93.4
G0 X109.397 Y93.18
G1 F3000 X107.082 Y101.82 E1293.71091
G0 F9000 X107.082 Y101.6
G0 X114.663 Y101.6
G0 X114.663 Y101.82
G1 F3000 X141.255 Y94.695 E1294.62657
G0 F9000 X141.082 Y94.826
G0 X140.172 Y93.917
G0 X140.303 Y93.747
G1 F3000 X138.06 Y102.12 E1294.91487
G0 F9000 X137.68 Y101.865
G1 F3000 X141.82 Y100.755 E1295.05743
G0 F9000 X141.6 Y100.755
G0 X141.6 Y104.879
G0 X141.82 Y104.879
G1 F3000 X130.12 Y93.18 E1295.60774
G0 F9000 X130.12 Y93.4
G0 X128.032 Y93.4
G0 X128.032 Y93.18
G1 F3000 X125.717 Y101.82 E1295.90525
G0 F9000 X125.717 Y101.6
G0 X130.275 Y101.6
G0 X130.275 Y101.82
G1 F3000 X121.635 Y93.18 E1296.31164
G0 F9000 X121.635 Y93.4
G0 X134.244 Y93.4
G0 X134.244 Y93.18
G1 F3000 X131.928 Y101.821 E1296.60919
G0 F9000 X131.928 Y101.6
G0 X138.328 Y101.672
G0 X138.4 Y107.942
G0 X138.18 Y107.942
G1 F3000 X141.82 Y106.967 E1296.73452
G0 F9000 X141.6 Y106.967
G0 X141.6 Y111.268
G0 X141.82 Y111.268
G1 F3000 X138.18 Y124.853 E1297.2023
G0 F9000 X138.4 Y124.853
G0 X138.4 Y126.577
G0 X138.18 Y126.577
G1 F3000 X141.82 Y125.602 E1297.32764
G0 F9000 X141.6 Y125.602
G0 X141.6 Y121.85
G0 X141.82 Y121.85
G1 F3000 X138.18 Y118.21 E1297.49885
G0 F9000 X138.4 Y118.21
G0 X138.4 Y120.366
G0 X138.18 Y120.366
G1 F3000 X141.82 Y119.39 E1297.62419
G0 F9000 X141.6 Y119.39
G0 X141.6 Y113.365
G0 X141.82 Y113.365
G1 F3000 X138.18 Y109.725 E1297.79541
G0 F9000 X138.4 Y109.725
G0 X138.4 Y114.154
G0 X138.181 Y114.154
G1 F3000 X141.819 Y113.179 E1297.92068
G0 F9000 X141.6 Y113.179
G0 X138.4 Y126.695
G0 X138.18 Y126.695
G1 F3000 X141.82 Y130.335 E1298.09189
G0 F9000 X141.6 Y130.335
G0 X141.6 Y131.814
G0 X141.819 Y131.814
G1 F3000 X138.08 Y132.816 E1298.22064
G0 F9000 X138.4 Y132.816
G0 X138.328 Y133.328
G0 X136.722 Y133.4
G0 X136.722 Y133.18
G1 F3000 X104.475 Y141.82 E1299.33101
G0 F9000 X104.475 Y141.6
G0 X102.575 Y141.6
G0 X102.575 Y141.821
G1 F3000 X104.891 Y133.18 E1299.62856
G0 F9000 X104.891 Y133.4
G0 X102.238 Y133.4
G0 X102.238 Y133.18
G1 F3000 X110.879 Y141.82 E1300.03498
G0 F9000 X110.879 Y141.6
G0 X108.787 Y141.6
G0 X108.787 Y141.821
G1 F3000 X111.102 Y133.179 E1300.33255
G0 F9000 X110.724 Y133.18
G1 F3000 X119.364 Y141.82 E1300.73895
G0 F9000 X119.364 Y141.6
G0 X121.21 Y141.6
G0 X121.21 Y141.821
G1 F3000 X123.526 Y133.18 E1301.03649
G0 F9000 X123.526 Y133.4
G0 X127.694 Y133.4
G0 X127.694 Y133.18
G1 F3000 X136.334 Y141.82 E1301.44289
G0 F9000 X136.334 Y141.6
G0 X133.634 Y141.6
G0 X133.634 Y141.82
G1 F3000 X135.949 Y133.179 E1301.74043
G0 F9000 X136.18 Y133.18
G1 F3000 X141.777 Y138.777 E1302.00369
G0 F9000 X141.819 Y138.026
G1 F3000 X127.659 Y141.82 E1302.49127
G1 X127.849 Y141.82
G1 X119.209 Y133.18 E1302.89767
G0 F9000 X119.209 Y133.4
G0 X117.314 Y133.4
G0 X117.314 Y133.18
G1 F3000 X114.999 Y141.82 E1303.19517
G0 F9000 X114.999 Y141.6
G0 X113.54 Y133.4
G0 X113.54 Y133.18
G1 F3000 X93.204 Y138.629 E1303.89541
G0 F9000 X93.421 Y138.602
G0 X96.398 Y141.58
G0 X96.37 Y141.797
G1 F3000 X98.679 Y133.18 E1304.19212
G0 F9000 X98.679 Y133.4
G0 X96.672 Y133.328
G0 X96.6 Y131.448
G0 X96.819 Y131.448
G1 F3000 X93.181 Y132.423 E1304.31739
G1 X93.18 Y132.607
G1 X102.393 Y141.82 E1304.75074
G0 F9000 X102.393 Y141.6
G0 X127.422 Y141.6
G0 X127.422 Y141.821
G1 F3000 X129.737 Y133.179 E1305.04831
G0 F9000 X129.737 Y133.4
G0 X141.6 Y134.452
G0 X141.82 Y134.452
G1 F3000 X139.942 Y141.459 E1305.28959
G1 F2700 E1300.28959
G0 F9000 X139.859 Y141.256
G0 X141.579 Y96.398
G0 X141.797 Y96.371
G1 F2700 E1305.28959
G1 F3000 X138.63 Y93.204 E1305.43856
G0 F9000 X138.563 Y93.717
G1 F2700 E1300.43856
;MESH:NONMESH
G0 F300 X138.563 Y93.717 Z3.2
G0 F9000 X94.312 Y94.313
G0 X94.1 Y94.1
;TIME_ELAPSED:1865.721368
;LAYER:15
;TYPE:WALL-INNER
;MESH:doppia_fenditura.stl
G1 F2700 E1305.43856
G1 F1500 X93.556 Y94.804 E1305.46815
G1 X93.221 Y95.613 E1305.49727
G1 X93.1 Y96.543 E1305.52847
G1 X93.1 Y138.457 E1306.92253
G1 X93.221 Y139.383 E1306.95359
G1 X93.556 Y140.192 E1306.98271
G1 X94.1 Y140.896 E1307.01231
G1 X94.804 Y141.44 E1307.0419
G1 X95.614 Y141.775 E1307.07105
G1 X96.544 Y141.9 E1307.10226
G1 X138.456 Y141.9 E1308.49626
G1 X139.383 Y141.775 E1308.52737
G1 X140.188 Y141.443 E1308.55633
G1 X140.896 Y140.896 E1308.58609
G1 X141.443 Y140.188 E1308.61585
G1 X141.775 Y139.383 E1308.64481
G1 X141.9 Y138.456 E1308.67592
G1 X141.9 Y96.544 E1310.06992
G1 X141.775 Y95.613 E1310.10116
G1 X141.443 Y94.808 E1310.13013
G1 X140.896 Y94.101 E1310.15986
G1 X140.188 Y93.556 E1310.18957
G1 X139.383 Y93.221 E1310.21857
G1 X138.457 Y93.1 E1310.24963
G1 X96.543 Y93.1 E1311.6437
G1 X95.613 Y93.221 E1311.67489
G1 X94.804 Y93.556 E1311.70402
G1 X94.1 Y94.1 E1311.73361
G0 F9000 X94.312 Y94.313
G0 X97.14 Y101.6
G0 X97.14 Y102.02
G1 F1500 X97.421 Y101.9 E1311.74377
G1 X137.579 Y101.9 E1313.07943
G1 X137.86 Y102.02 E1313.08959
G1 X137.981 Y102.139 E1313.09524
G1 X138.068 Y102.305 E1313.10147
G1 X138.1 Y102.5 E1313.10804
G1 X138.1 Y132.574 E1314.10831
G1 X137.981 Y132.86 E1314.11861
G1 X137.86 Y132.98 E1314.12428
G1 X137.579 Y133.1 E1314.13444
G1 X97.421 Y133.1 E1315.4701
G1 X97.14 Y132.98 E1315.48027
G1 X97.019 Y132.86 E1315.48593
G1 X96.932 Y132.695 E1315.49214
G1 X96.9 Y132.5 E1315.49871
G1 X96.9 Y102.5 E1316.49651
G1 X96.932 Y102.305 E1316.50309
G1 X97.02 Y102.14 E1316.50931
G1 X97.14 Y102.02 E1316.51495
G0 F9000 X97.38 Y102.34
;TYPE:WALL-OUTER
G1 F1500 X97.463 Y102.303 E1316.51797
G1 X137.537 Y102.303 E1317.85084
G1 X137.62 Y102.34 E1317.85386
G1 X137.7 Y102.449 E1317.85836
G1 X137.698 Y132.535 E1318.85902
G1 X137.661 Y132.62 E1318.86211
G1 X137.537 Y132.697 E1318.86696
G1 X97.463 Y132.697 E1320.19983
G1 X97.38 Y132.66 E1320.20285
G1 X97.3 Y132.551 E1320.20735
G1 X97.3 Y102.449 E1321.20854
G1 X97.38 Y102.34 E1321.21304
G1 F2700 E1316.21304
G0 F9000 X97.38 Y101.6
G0 X94.312 Y94.313
G0 X93.815 Y93.815
G1 F2700 E1321.21304
G1 F1500 X93.207 Y94.602 E1321.24612
G1 X92.831 Y95.509 E1321.27877
G1 X92.7 Y96.517 E1321.31258
G1 X92.7 Y138.483 E1322.70838
G1 X92.831 Y139.487 E1322.74205
G1 X93.207 Y140.394 E1322.77471
G1 X93.815 Y141.181 E1322.80779
G1 X94.602 Y141.789 E1322.84086
G1 X95.509 Y142.165 E1322.87352
G1 X96.518 Y142.3 E1322.90738
G1 X138.482 Y142.3 E1324.30311
G1 X139.487 Y142.165 E1324.33683
G1 X140.39 Y141.793 E1324.36932
G1 X141.181 Y141.181 E1324.40258
G1 X141.793 Y140.39 E1324.43585
G1 X142.165 Y139.487 E1324.46833
G1 X142.3 Y138.482 E1324.50205
G1 X142.3 Y96.518 E1325.89778
G1 X142.165 Y95.509 E1325.93164
G1 X141.793 Y94.606 E1325.96412
G1 X141.181 Y93.815 E1325.99739
G1 X140.39 Y93.207 E1326.03057
G1 X139.487 Y92.831 E1326.0631
G1 X138.483 Y92.7 E1326.09678
G1 X96.517 Y92.7 E1327.49257
G1 X95.509 Y92.831 E1327.52638
G1 X94.602 Y93.207 E1327.55904
G1 X93.815 Y93.815 E1327.59212
G0 F9000 X94.312 Y94.313
G0 X93.675 Y95.306
G0 X93.471 Y95.221
;TYPE:FILL
G1 F3000 X101.091 Y93.18 E1327.85449
G0 F9000 X101.091 Y93.4
G0 X103.039 Y93.4
G0 X103.039 Y93.18
G1 F3000 X100.724 Y101.82 E1328.152
G0 F9000 X100.724 Y101.6
G0 X96.672 Y101.672
G0 X96.6 Y102.192
G0 X96.905 Y102.192
G1 F3000 X93.18 Y98.466 E1328.32723
G0 F9000 X93.4 Y98.466
G0 X93.4 Y101.511
G0 X93.181 Y101.511
G1 F3000 X124.273 Y93.18 E1329.39784
G0 F9000 X124.273 Y93.4
G0 X121.834 Y93.4
G0 X121.834 Y93.18
G1 F3000 X130.475 Y101.82 E1329.80426
G0 F9000 X130.475 Y101.6
G0 X131.782 Y101.6
G0 X131.782 Y101.821
G1 F3000 X134.097 Y93.18 E1330.1018
G0 F9000 X134.097 Y93.4
G0 X130.32 Y93.4
G0 X130.32 Y93.18
G1 F3000 X141.82 Y104.68 E1330.64272
G0 F9000 X141.6 Y104.68
G0 X141.6 Y107.113
G0 X141.819 Y107.113
G1 F3000 X138.181 Y108.088 E1330.76799
G0 F9000 X138.4 Y108.088
G0 X138.4 Y109.525
G0 X138.18 Y109.525
G1 F3000 X141.82 Y113.165 E1330.9392
G1 X141.82 Y113.325
G1 X138.18 Y114.3 E1331.06454
G0 F9000 X138.4 Y114.3
G0 X138.4 Y118.01
G0 X138.18 Y118.01
G1 F3000 X141.82 Y121.651 E1331.23578
G0 F9000 X141.6 Y121.651
G0 X141.6 Y119.536
G0 X141.82 Y119.536
G1 F3000 X138.18 Y120.512 E1331.36112
G0 F9000 X138.4 Y120.512
G0 X138.4 Y124.308
G0 X138.18 Y124.308
G1 F3000 X141.82 Y110.724 E1331.82887
G0 F9000 X141.6 Y110.724
G0 X138.328 Y101.672
G0 X137.947 Y101.6
G0 X137.947 Y101.995
G1 F3000 X140.182 Y93.653 E1332.11611
G0 F9000 X140.051 Y93.824
G0 X138.831 Y93.45
G0 X138.859 Y93.233
G1 F3000 X141.766 Y96.14 E1332.25284
G0 F9000 X141.549 Y96.167
G0 X141.175 Y94.948
G0 X141.349 Y94.816
G1 F3000 X115.208 Y101.821 E1333.15297
G0 F9000 X115.208 Y101.6
G0 X113.504 Y101.6
G0 X113.504 Y101.82
G1 F3000 X104.864 Y93.18 E1333.55937
G0 F9000 X104.864 Y93.4
G0 X109.251 Y93.4
G0 X109.251 Y93.18
G1 F3000 X106.936 Y101.82 E1333.85688
G0 F9000 X106.936 Y101.6
G0 X105.019 Y101.6
G0 X105.019 Y101.82
G1 F3000 X96.399 Y93.2 E1334.26233
G0 F9000 X96.828 Y93.18
G1 F3000 X93.18 Y106.793 E1334.73108
G1 X93.18 Y106.951
G1 X96.82 Y110.592 E1334.90232
G0 F9000 X96.6 Y110.592
G0 X96.6 Y112.959
G0 X96.819 Y112.959
G1 F3000 X93.18 Y113.934 E1335.02762
G0 F9000 X93.4 Y113.934
G0 X93.4 Y115.437
G0 X93.18 Y115.437
G1 F3000 X96.82 Y119.077 E1335.19884
G1 X96.82 Y119.171
G1 X93.181 Y120.146 E1335.32414
G0 F9000 X93.4 Y120.146
G0 X93.4 Y123.922
G0 X93.18 Y123.922
G1 F3000 X96.82 Y127.562 E1335.49535
G0 F9000 X96.6 Y127.562
G0 X96.6 Y125.383
G0 X96.819 Y125.383
G1 F3000 X93.181 Y126.358 E1335.62062
G0 F9000 X93.4 Y126.358
G0 X93.4 Y129.976
G0 X93.18 Y129.976
G1 F3000 X96.82 Y116.39 E1336.08843
G0 F9000 X96.6 Y116.39
G0 X93.4 Y107.723
G0 X93.181 Y107.723
G1 F3000 X96.819 Y106.748 E1336.2137
G0 F9000 X96.6 Y106.748
G0 X96.672 Y101.672
G0 X113.147 Y101.6
G0 X113.147 Y101.82
G1 F3000 X115.463 Y93.18 E1336.51122
G0 F9000 X115.463 Y93.4
G0 X113.349 Y93.4
G0 X113.349 Y93.18
G1 F3000 X121.989 Y101.82 E1336.91761
G0 F9000 X121.989 Y101.6
G0 X119.359 Y101.6
G0 X119.359 Y101.821
G1 F3000 X121.674 Y93.18 E1337.21515
G0 F9000 X121.674 Y93.4
G0 X127.886 Y93.4
G0 X127.886 Y93.179
G1 F3000 X125.571 Y101.821 E1337.51272
G0 F9000 X125.571 Y101.6
G0 X137.892 Y101.6
G0 X137.892 Y101.954
G1 F3000 X141.82 Y100.902 E1337.64797
G0 F9000 X141.6 Y100.902
G0 X141.6 Y125.748
G0 X141.819 Y125.748
G1 F3000 X138.181 Y126.723 E1337.77324
G0 F9000 X138.18 Y126.496
G1 F3000 X141.82 Y130.136 E1337.94445
G0 F9000 X141.6 Y130.136
G0 X141.6 Y131.96
G0 X141.819 Y131.96
G1 F3000 X137.958 Y132.994 E1338.0774
G0 F9000 X137.267 Y133.18
G1 F3000 X105.019 Y141.82 E1339.1878
G0 F9000 X105.019 Y141.6
G0 X102.593 Y141.6
G0 X102.593 Y141.82
G1 F3000 X93.18 Y132.407 E1339.63056
G1 X93.181 Y132.569
G1 X96.819 Y131.594 E1339.75583
G0 F9000 X96.6 Y131.594
G0 X96.672 Y133.328
G0 X98.533 Y133.4
G0 X98.533 Y133.18
G1 F3000 X96.229 Y141.778 E1340.05189
G0 F9000 X96.257 Y141.561
G0 X93.44 Y138.743
G0 X93.223 Y138.77
G1 F3000 X114.085 Y133.18 E1340.77024
G0 F9000 X114.085 Y133.4
G0 X117.168 Y133.4
G0 X117.168 Y133.18
G1 F3000 X114.853 Y141.82 E1341.06774
G0 F9000 X114.853 Y141.6
G0 X111.078 Y141.6
G0 X111.078 Y141.82
G1 F3000 X102.438 Y133.18 E1341.47414
G0 F9000 X102.438 Y133.4
G0 X104.745 Y133.4
G0 X104.745 Y133.18
G1 F3000 X102.429 Y141.821 E1341.77169
G0 F9000 X102.429 Y141.6
G0 X108.641 Y141.6
G0 X108.641 Y141.821
G1 F3000 X110.956 Y133.18 E1342.06922
G1 X110.923 Y133.18
G1 X119.563 Y141.82 E1342.47562
G0 F9000 X119.563 Y141.6
G0 X121.064 Y141.6
G0 X121.064 Y141.82
G1 F3000 X123.38 Y133.18 E1342.77314
G0 F9000 X123.38 Y133.4
G0 X119.408 Y133.4
G0 X119.408 Y133.18
G1 F3000 X128.049 Y141.82 E1343.17956
G1 X128.203 Y141.82
G1 X141.82 Y138.171 E1343.64844
G0 F9000 X141.801 Y138.602
G1 F3000 X136.379 Y133.18 E1343.90347
G0 F9000 X135.803 Y133.179
G1 F3000 X133.488 Y141.821 E1344.20104
G0 F9000 X133.488 Y141.6
G0 X136.534 Y141.6
G0 X136.534 Y141.82
G1 F3000 X127.894 Y133.18 E1344.60744
G0 F9000 X127.894 Y133.4
G0 X129.591 Y133.4
G0 X129.591 Y133.18
G1 F3000 X127.276 Y141.821 E1344.90498
G0 F9000 X127.276 Y141.6
G0 X139.695 Y141.324
G0 X139.778 Y141.527
G1 F3000 X141.82 Y133.907 E1345.16736
G0 F9000 X141.3 Y133.907
G1 F2700 E1340.16736
;MESH:NONMESH
G0 F300 X141.3 Y133.907 Z3.4
G0 F9000 X138.328 Y101.672
G0 X94.312 Y94.313
G0 X94.1 Y94.1
;TIME_ELAPSED:1918.709932
;LAYER:16
;TYPE:WALL-INNER
;MESH:doppia_fenditura.stl
G1 F2700 E1345.16736
G1 F1500 X93.556 Y94.804 E1345.19695
G1 X93.221 Y95.613 E1345.22608
G1 X93.1 Y96.543 E1345.25727
G1 X93.1 Y138.457 E1346.65134
G1 X93.221 Y139.383 E1346.6824
G1 X93.556 Y140.192 E1346.71152
G1 X94.1 Y140.896 E1346.74111
G1 X94.804 Y141.44 E1346.7707
G1 X95.614 Y141.775 E1346.79986
G1 X96.544 Y141.9 E1346.83107
G1 X138.456 Y141.9 E1348.22506
G1 X139.383 Y141.775 E1348.25618
G1 X140.188 Y141.443 E1348.28514
G1 X140.896 Y140.896 E1348.3149
G1 X141.443 Y140.188 E1348.34465
G1 X141.775 Y139.383 E1348.37362
G1 X141.9 Y138.456 E1348.40473
G1 X141.9 Y96.544 E1349.79873
G1 X141.775 Y95.613 E1349.82997
G1 X141.443 Y94.808 E1349.85893
G1 X140.896 Y94.101 E1349.88866
G1 X140.188 Y93.556 E1349.91838
G1 X139.383 Y93.221 E1349.94738
G1 X138.457 Y93.1 E1349.97844
G1 X96.543 Y93.1 E1351.3725
G1 X95.613 Y93.221 E1351.4037
G1 X94.804 Y93.556 E1351.43282
G1 X94.1 Y94.1 E1351.46241
G0 F9000 X94.312 Y94.313
G0 X97.14 Y101.6
G0 X97.14 Y102.02
G1 F1500 X97.421 Y101.9 E1351.47257
G1 X137.579 Y101.9 E1352.80824
G1 X137.86 Y102.02 E1352.8184
G1 X137.981 Y102.139 E1352.82404
G1 X138.068 Y102.305 E1352.83028
G1 X138.1 Y102.5 E1352.83685
G1 X138.1 Y132.574 E1353.83711
G1 X137.981 Y132.86 E1353.84742
G1 X137.86 Y132.98 E1353.85308
G1 X137.579 Y133.1 E1353.86325
G1 X97.421 Y133.1 E1355.19891
G1 X97.14 Y132.98 E1355.20907
G1 X97.019 Y132.86 E1355.21474
G1 X96.932 Y132.695 E1355.22094
G1 X96.9 Y132.5 E1355.22751
G1 X96.9 Y102.5 E1356.22532
G1 X96.932 Y102.305 E1356.23189
G1 X97.02 Y102.14 E1356.23811
G1 X97.14 Y102.02 E1356.24376
G0 F9000 X97.38 Y102.34
;TYPE:WALL-OUTER
G1 F1500 X97.463 Y102.303 E1356.24678
G1 X137.537 Y102.303 E1357.57964
G1 X137.62 Y102.34 E1357.58267
G1 X137.7 Y102.449 E1357.58716
G1 X137.698 Y132.535 E1358.58783
G1 X137.661 Y132.62 E1358.59091
G1 X137.537 Y132.697 E1358.59577
G1 X97.463 Y132.697 E1359.92863
G1 X97.38 Y132.66 E1359.93166
G1 X97.3 Y132.551 E1359.93615
G1 X97.3 Y102.449 E1360.93735
G1 X97.38 Y102.34 E1360.94185
G1 F2700 E1355.94185
G0 F9000 X97.38 Y101.6
G0 X94.312 Y94.313
G0 X93.815 Y93.815
G1 F2700 E1360.94185
G1 F1500 X93.207 Y94.602 E1360.97492
G1 X92.831 Y95.509 E1361.00758
G1 X92.7 Y96.517 E1361.04139
G1 X92.7 Y138.483 E1362.43718
G1 X92.831 Y139.487 E1362.47086
G1 X93.207 Y140.394 E1362.50352
G1 X93.815 Y141.181 E1362.53659
G1 X94.602 Y141.789 E1362.56967
G1 X95.509 Y142.165 E1362.60233
G1 X96.518 Y142.3 E1362.63619
G1 X138.482 Y142.3 E1364.03191
G1 X139.487 Y142.165 E1364.06564
G1 X140.39 Y141.793 E1364.09812
G1 X141.181 Y141.181 E1364.13139
G1 X141.793 Y140.39 E1364.16465
G1 X142.165 Y139.487 E1364.19713
G1 X142.3 Y138.482 E1364.23086
G1 X142.3 Y96.518 E1365.62659
G1 X142.165 Y95.509 E1365.66045
G1 X141.793 Y94.606 E1365.69293
G1 X141.181 Y93.815 E1365.72619
G1 X140.39 Y93.207 E1365.75938
G1 X139.487 Y92.831 E1365.79191
G1 X138.483 Y92.7 E1365.82559
G1 X96.517 Y92.7 E1367.22138
G1 X95.509 Y92.831 E1367.25519
G1 X94.602 Y93.207 E1367.28784
G1 X93.815 Y93.815 E1367.32092
G0 F9000 X94.312 Y94.313
G0 X93.606 Y95.472
G0 X93.402 Y95.387
;TYPE:FILL
G1 F3000 X101.64 Y93.18 E1367.60458
G0 F9000 X101.64 Y93.4
G0 X102.892 Y93.4
G0 X102.892 Y93.18
G1 F3000 X100.577 Y101.82 E1367.90209
G0 F9000 X100.577 Y101.6
G0 X96.672 Y101.672
G0 X96.6 Y102.068
G0 X96.983 Y102.068
G1 F3000 X93.18 Y98.265 E1368.08097
G0 F9000 X93.4 Y98.265
G0 X93.4 Y101.658
G0 X93.181 Y101.658
G1 F3000 X124.822 Y93.18 E1369.17047
G0 F9000 X124.822 Y93.4
G0 X122.035 Y93.4
G0 X122.035 Y93.18
G1 F3000 X130.675 Y101.82 E1369.57687
G0 F9000 X131.635 Y101.821
G1 F3000 X133.951 Y93.18 E1369.87442
G0 F9000 X133.951 Y93.4
G0 X130.521 Y93.4
G0 X130.521 Y93.18
G1 F3000 X141.82 Y104.479 E1370.40589
G0 F9000 X141.6 Y104.479
G0 X141.6 Y107.26
G0 X141.819 Y107.26
G1 F3000 X138.181 Y108.235 E1370.53116
G0 F9000 X138.4 Y108.235
G0 X138.4 Y109.324
G0 X138.18 Y109.324
G1 F3000 X141.82 Y112.965 E1370.7024
G0 F9000 X141.82 Y113.472
G1 F3000 X138.18 Y114.447 E1370.82773
G0 F9000 X138.4 Y114.447
G0 X138.4 Y117.81
G0 X138.18 Y117.81
G1 F3000 X141.82 Y121.45 E1370.99895
G0 F9000 X141.6 Y121.45
G0 X141.6 Y119.683
G0 X141.82 Y119.683
G1 F3000 X138.18 Y120.659 E1371.12429
G0 F9000 X138.4 Y120.659
G0 X138.4 Y123.76
G0 X138.18 Y123.76
G1 F3000 X141.82 Y110.175 E1371.59207
G0 F9000 X141.6 Y110.175
G0 X138.4 Y102.067
G0 X138.019 Y102.067
G1 F3000 X141.82 Y101.049 E1371.72294
G0 F9000 X141.6 Y101.049
G0 X137.819 Y101.6
G0 X137.819 Y101.923
G1 F3000 X140.053 Y93.587 E1372.00998
G0 F9000 X139.969 Y93.789
G0 X139.062 Y93.481
G0 X139.09 Y93.264
G1 F3000 X141.735 Y95.908 E1372.13437
G0 F9000 X141.518 Y95.935
G0 X141.21 Y95.029
G0 X141.413 Y94.946
G1 F3000 X115.756 Y101.82 E1373.01782
G0 F9000 X115.756 Y101.6
G0 X113.705 Y101.6
G0 X113.705 Y101.82
G1 F3000 X105.065 Y93.18 E1373.42422
G0 F9000 X105.065 Y93.4
G0 X109.104 Y93.4
G0 X109.104 Y93.18
G1 F3000 X106.789 Y101.82 E1373.72173
G0 F9000 X106.789 Y101.6
G0 X105.22 Y101.6
G0 X105.22 Y101.82
G1 F3000 X96.579 Y93.18 E1374.12815
G1 X96.681 Y93.18
G1 X93.18 Y106.244 E1374.57799
G0 F9000 X93.18 Y106.75
G1 F3000 X96.82 Y110.391 E1374.74923
G0 F9000 X96.6 Y110.391
G0 X96.6 Y113.106
G0 X96.819 Y113.106
G1 F3000 X93.18 Y114.081 E1374.87453
G0 F9000 X93.4 Y114.081
G0 X93.4 Y115.236
G0 X93.18 Y115.236
G1 F3000 X96.82 Y118.876 E1375.04575
G0 F9000 X96.819 Y119.318
G1 F3000 X93.181 Y120.293 E1375.17102
G0 F9000 X93.4 Y120.293
G0 X93.4 Y123.721
G0 X93.18 Y123.721
G1 F3000 X96.82 Y127.361 E1375.34223
G0 F9000 X96.6 Y127.361
G0 X96.6 Y125.53
G0 X96.819 Y125.53
G1 F3000 X93.181 Y126.505 E1375.4675
G0 F9000 X93.4 Y126.505
G0 X93.4 Y129.427
G0 X93.18 Y129.427
G1 F3000 X96.82 Y115.841 E1375.93531
G0 F9000 X96.6 Y115.841
G0 X93.4 Y107.87
G0 X93.181 Y107.87
G1 F3000 X96.819 Y106.895 E1376.06058
G0 F9000 X96.6 Y106.895
G0 X96.672 Y101.672
G0 X113 Y101.6
G0 X113 Y101.82
G1 F3000 X115.316 Y93.18 E1376.3581
G0 F9000 X115.316 Y93.4
G0 X113.55 Y93.4
G0 X113.55 Y93.18
G1 F3000 X122.19 Y101.82 E1376.7645
G0 F9000 X122.19 Y101.6
G0 X119.212 Y101.6
G0 X119.212 Y101.821
G1 F3000 X121.527 Y93.18 E1377.06203
G0 F9000 X121.527 Y93.4
G0 X127.739 Y93.4
G0 X127.739 Y93.179
G1 F3000 X125.424 Y101.82 E1377.35957
G1 F2700 E1372.35957
G0 F9000 X125.424 Y101.6
G0 X138.328 Y101.672
G0 X138.4 Y126.295
G0 X138.18 Y126.295
G1 F2700 E1377.35957
G1 F3000 X141.82 Y129.935 E1377.53078
G0 F9000 X141.6 Y129.935
G0 X141.6 Y132.107
G0 X141.819 Y132.107
G1 F3000 X105.568 Y141.82 E1378.77902
G0 F9000 X105.568 Y141.6
G0 X102.794 Y141.6
G0 X102.794 Y141.82
G1 F3000 X93.18 Y132.206 E1379.23124
G0 F9000 X93.181 Y132.716
G1 F3000 X96.819 Y131.741 E1379.35651
G0 F9000 X96.6 Y131.741
G0 X96.672 Y133.328
G0 X98.386 Y133.4
G0 X98.386 Y133.18
G1 F3000 X96.087 Y141.759 E1379.65192
G0 F9000 X96.115 Y141.543
G0 X93.458 Y138.885
G0 X93.241 Y138.912
G1 F3000 X114.633 Y133.18 E1380.38852
G0 F9000 X114.633 Y133.4
G0 X117.021 Y133.4
G0 X117.021 Y133.18
G1 F3000 X114.706 Y141.82 E1380.68602
G0 F9000 X114.706 Y141.6
G0 X111.279 Y141.6
G0 X111.279 Y141.82
G1 F3000 X102.639 Y133.18 E1381.09242
G0 F9000 X102.639 Y133.4
G0 X104.598 Y133.4
G0 X104.598 Y133.18
G1 F3000 X102.282 Y141.821 E1381.38996
G0 F9000 X102.282 Y141.6
G0 X108.494 Y141.6
G0 X108.494 Y141.821
G1 F3000 X110.809 Y133.18 E1381.6875
G0 F9000 X111.124 Y133.18
G1 F3000 X119.764 Y141.82 E1382.0939
G0 F9000 X119.764 Y141.6
G0 X120.917 Y141.6
G0 X120.917 Y141.82
G1 F3000 X123.233 Y133.18 E1382.39141
G0 F9000 X123.233 Y133.4
G0 X119.609 Y133.4
G0 X119.609 Y133.18
G1 F3000 X128.249 Y141.82 E1382.79781
G0 F9000 X128.752 Y141.82
G1 F3000 X141.82 Y138.318 E1383.24779
G1 X141.82 Y138.42
G1 X136.58 Y133.18 E1383.49426
G0 F9000 X135.656 Y133.179
G1 F3000 X133.341 Y141.821 E1383.79183
G0 F9000 X133.341 Y141.6
G0 X136.735 Y141.6
G0 X136.735 Y141.82
G1 F3000 X128.095 Y133.18 E1384.19823
G0 F9000 X128.095 Y133.4
G0 X129.444 Y133.4
G0 X129.444 Y133.18
G1 F3000 X127.129 Y141.821 E1384.49577
G0 F9000 X127.129 Y141.6
G0 X139.53 Y141.392
G0 X139.613 Y141.594
G1 F3000 X141.82 Y133.359 E1384.77933
G0 F9000 X141.6 Y133.359
G0 X138.4 Y126.87
G0 X138.181 Y126.87
G1 F3000 X141.819 Y125.895 E1384.9046
G0 F9000 X141.3 Y125.895
G1 F2700 E1379.9046
;MESH:NONMESH
G0 F300 X141.3 Y125.895 Z3.6
G0 F9000 X138.328 Y101.672
G0 X94.312 Y94.313
G0 X94.1 Y94.1
;TIME_ELAPSED:1972.113198
;LAYER:17
;TYPE:WALL-INNER
;MESH:doppia_fenditura.stl
G1 F2700 E1384.9046
G1 F1500 X93.556 Y94.804 E1384.93419
G1 X93.221 Y95.613 E1384.96332
G1 X93.1 Y96.543 E1384.99451
G1 X93.1 Y138.457 E1386.38857
G1 X93.221 Y139.383 E1386.41963
G1 X93.556 Y140.192 E1386.44876
G1 X94.1 Y140.896 E1386.47835
G1 X94.804 Y141.44 E1386.50794
G1 X95.614 Y141.775 E1386.53709
G1 X96.544 Y141.9 E1386.5683
G1 X138.456 Y141.9 E1387.9623
G1 X139.383 Y141.775 E1387.99341
G1 X140.188 Y141.443 E1388.02238
G1 X140.896 Y140.896 E1388.05213
G1 X141.443 Y140.188 E1388.08189
G1 X141.775 Y139.383 E1388.11085
G1 X141.9 Y138.456 E1388.14196
G1 X141.9 Y96.544 E1389.53596
G1 X141.775 Y95.613 E1389.56721
G1 X141.443 Y94.808 E1389.59617
G1 X140.896 Y94.101 E1389.6259
G1 X140.188 Y93.556 E1389.65562
G1 X139.383 Y93.221 E1389.68462
G1 X138.457 Y93.1 E1389.71568
G1 X96.543 Y93.1 E1391.10974
G1 X95.613 Y93.221 E1391.14094
G1 X94.804 Y93.556 E1391.17006
G1 X94.1 Y94.1 E1391.19965
G0 F9000 X94.312 Y94.313
G0 X97.14 Y101.6
G0 X97.14 Y102.02
G1 F1500 X97.421 Y101.9 E1391.20981
G1 X137.579 Y101.9 E1392.54547
G1 X137.86 Y102.02 E1392.55564
G1 X137.981 Y102.139 E1392.56128
G1 X138.068 Y102.305 E1392.56751
G1 X138.1 Y102.5 E1392.57409
G1 X138.1 Y132.574 E1393.57435
G1 X137.981 Y132.86 E1393.58465
G1 X137.86 Y132.98 E1393.59032
G1 X137.579 Y133.1 E1393.60049
G1 X97.421 Y133.1 E1394.93615
G1 X97.14 Y132.98 E1394.94631
G1 X97.019 Y132.86 E1394.95198
G1 X96.932 Y132.695 E1394.95818
G1 X96.9 Y132.5 E1394.96475
G1 X96.9 Y102.5 E1395.96256
G1 X96.932 Y102.305 E1395.96913
G1 X97.02 Y102.14 E1395.97535
G1 X97.14 Y102.02 E1395.98099
G0 F9000 X97.38 Y102.34
;TYPE:WALL-OUTER
G1 F1500 X97.463 Y102.303 E1395.98402
G1 X137.537 Y102.303 E1397.31688
G1 X137.62 Y102.34 E1397.3199
G1 X137.7 Y102.449 E1397.3244
G1 X137.698 Y132.535 E1398.32507
G1 X137.661 Y132.62 E1398.32815
G1 X137.537 Y132.697 E1398.333
G1 X97.463 Y132.697 E1399.66587
G1 X97.38 Y132.66 E1399.66889
G1 X97.3 Y132.551 E1399.67339
G1 X97.3 Y102.449 E1400.67459
G1 X97.38 Y102.34 E1400.67908
G1 F2700 E1395.67908
G0 F9000 X97.38 Y101.6
G0 X94.312 Y94.313
G0 X93.815 Y93.815
G1 F2700 E1400.67908
G1 F1500 X93.207 Y94.602 E1400.71216
G1 X92.831 Y95.509 E1400.74482
G1 X92.7 Y96.517 E1400.77863
G1 X92.7 Y138.483 E1402.17442
G1 X92.831 Y139.487 E1402.2081
G1 X93.207 Y140.394 E1402.24075
G1 X93.815 Y141.181 E1402.27383
G1 X94.602 Y141.789 E1402.30691
G1 X95.509 Y142.165 E1402.33956
G1 X96.518 Y142.3 E1402.37342
G1 X138.482 Y142.3 E1403.76915
G1 X139.487 Y142.165 E1403.80288
G1 X140.39 Y141.793 E1403.83536
G1 X141.181 Y141.181 E1403.86862
G1 X141.793 Y140.39 E1403.90189
G1 X142.165 Y139.487 E1403.93437
G1 X142.3 Y138.482 E1403.9681
G1 X142.3 Y96.518 E1405.36383
G1 X142.165 Y95.509 E1405.39768
G1 X141.793 Y94.606 E1405.43017
G1 X141.181 Y93.815 E1405.46343
G1 X140.39 Y93.207 E1405.49661
G1 X139.487 Y92.831 E1405.52915
G1 X138.483 Y92.7 E1405.56282
G1 X96.517 Y92.7 E1406.95862
G1 X95.509 Y92.831 E1406.99243
G1 X94.602 Y93.207 E1407.02508
G1 X93.815 Y93.815 E1407.05816
G0 F9000 X94.312 Y94.313
G0 X93.538 Y95.636
G0 X93.334 Y95.551
;TYPE:FILL
G1 F3000 X102.185 Y93.18 E1407.36292
G0 F9000 X102.746 Y93.18
G1 F3000 X100.431 Y101.82 E1407.66043
G0 F9000 X100.431 Y101.6
G0 X97.082 Y101.6
G0 X97.082 Y101.968
G1 F3000 X93.18 Y98.066 E1407.84397
G0 F9000 X93.4 Y98.066
G0 X93.4 Y101.804
G0 X93.181 Y101.804
G1 F3000 X125.367 Y93.18 E1408.95224
G0 F9000 X125.367 Y93.4
G0 X127.593 Y93.4
G0 X127.593 Y93.18
G1 F3000 X125.278 Y101.821 E1409.24978
G0 F9000 X125.278 Y101.6
G0 X122.39 Y101.6
G0 X122.39 Y101.82
G1 F3000 X113.749 Y93.18 E1409.6562
G0 F9000 X113.749 Y93.4
G0 X115.17 Y93.4
G0 X115.17 Y93.18
G1 F3000 X112.854 Y101.82 E1409.95371
G0 F9000 X112.854 Y101.6
G0 X113.904 Y101.6
G0 X113.904 Y101.82
G1 F3000 X105.264 Y93.18 E1410.36011
G0 F9000 X105.264 Y93.4
G0 X108.958 Y93.4
G0 X108.958 Y93.179
G1 F3000 X106.643 Y101.821 E1410.65768
G0 F9000 X106.643 Y101.6
G0 X105.419 Y101.6
G0 X105.419 Y101.82
G1 F3000 X96.779 Y93.18 E1411.06408
G0 F9000 X96.534 Y93.182
G1 F3000 X93.18 Y105.699 E1411.49508
G0 F9000 X93.18 Y106.551
G1 F3000 X96.82 Y110.191 E1411.6663
G0 F9000 X96.6 Y110.191
G0 X96.6 Y113.252
G0 X96.819 Y113.252
G1 F3000 X93.18 Y114.227 E1411.7916
G0 F9000 X93.18 Y115.036
G1 F3000 X96.82 Y118.677 E1411.96284
G0 F9000 X96.82 Y119.464
G1 F3000 X93.181 Y120.439 E1412.08814
G0 F9000 X93.4 Y120.439
G0 X93.4 Y123.522
G0 X93.18 Y123.522
G1 F3000 X96.82 Y127.162 E1412.25935
G0 F9000 X96.6 Y127.162
G0 X96.6 Y125.676
G0 X96.819 Y125.676
G1 F3000 X93.181 Y126.651 E1412.38462
G0 F9000 X93.4 Y126.651
G0 X93.4 Y128.882
G0 X93.18 Y128.882
G1 F3000 X96.82 Y115.297 E1412.8524
G0 F9000 X96.6 Y115.297
G0 X93.4 Y108.016
G0 X93.181 Y108.016
G1 F3000 X96.819 Y107.041 E1412.97767
G0 F9000 X96.6 Y107.041
G0 X96.672 Y101.672
G0 X116.301 Y101.6
G0 X116.301 Y101.821
G1 F3000 X141.468 Y95.077 E1413.84426
G0 F9000 X141.704 Y95.679
G1 F3000 X139.319 Y93.294 E1413.95645
G0 F9000 X139.922 Y93.532
G1 F3000 X137.688 Y101.867 E1414.24345
G0 F9000 X138.096 Y102.192
G1 F3000 X141.819 Y101.195 E1414.37164
G0 F9000 X141.6 Y101.195
G0 X141.6 Y104.28
G0 X141.82 Y104.28
G1 F3000 X130.72 Y93.18 E1414.89375
G0 F9000 X130.72 Y93.4
G0 X133.804 Y93.4
G0 X133.804 Y93.18
G1 F3000 X131.489 Y101.82 E1415.19126
G0 F9000 X130.875 Y101.82
G1 F3000 X122.235 Y93.18 E1415.59766
G0 F9000 X121.381 Y93.18
G1 F3000 X119.066 Y101.82 E1415.89516
G0 F9000 X119.066 Y101.6
G0 X138.328 Y101.672
G0 X138.4 Y108.381
G0 X138.181 Y108.381
G1 F3000 X141.82 Y107.406 E1416.02046
G0 F9000 X141.6 Y107.406
G0 X141.6 Y109.63
G0 X141.82 Y109.63
G1 F3000 X138.18 Y123.215 E1416.48824
G0 F9000 X138.4 Y123.215
G0 X138.4 Y120.805
G0 X138.18 Y120.805
G1 F3000 X141.82 Y119.829 E1416.61358
G0 F9000 X141.6 Y119.829
G0 X141.6 Y121.25
G0 X141.82 Y121.25
G1 F3000 X138.18 Y117.61 E1416.7848
G0 F9000 X138.4 Y117.61
G0 X138.4 Y114.593
G0 X138.18 Y114.593
G1 F3000 X141.82 Y113.618 E1416.91013
G0 F9000 X141.82 Y112.765
G1 F3000 X138.18 Y109.125 E1417.08135
G0 F9000 X138.4 Y109.125
G0 X138.4 Y126.096
G0 X138.18 Y126.096
G1 F3000 X141.82 Y129.736 E1417.25256
G0 F9000 X141.6 Y129.736
G0 X141.6 Y132.253
G0 X141.82 Y132.253
G1 F3000 X106.114 Y141.82 E1418.48204
G0 F9000 X106.114 Y141.6
G0 X108.348 Y141.6
G0 X108.348 Y141.821
G1 F3000 X110.663 Y133.18 E1418.77958
G0 F9000 X111.323 Y133.18
G1 F3000 X119.963 Y141.82 E1419.18597
G0 F9000 X120.771 Y141.82
G1 F3000 X123.087 Y133.18 E1419.48349
G0 F9000 X123.087 Y133.4
G0 X119.809 Y133.4
G0 X119.809 Y133.18
G1 F3000 X128.449 Y141.82 E1419.88989
G0 F9000 X129.296 Y141.82
G1 F3000 X141.818 Y138.465 E1420.32106
G0 F9000 X141.82 Y138.221
G1 F3000 X136.779 Y133.18 E1420.55817
G0 F9000 X136.779 Y133.4
G0 X135.51 Y133.4
G0 X135.51 Y133.18
G1 F3000 X133.195 Y141.821 E1420.85571
G0 F9000 X133.195 Y141.6
G0 X136.934 Y141.6
G0 X136.934 Y141.82
G1 F3000 X128.294 Y133.18 E1421.26211
G0 F9000 X128.294 Y133.4
G0 X129.298 Y133.4
G0 X129.298 Y133.18
G1 F3000 X126.983 Y141.82 E1421.55961
G0 F9000 X126.983 Y141.6
G0 X114.56 Y141.6
G0 X114.56 Y141.821
G1 F3000 X116.875 Y133.179 E1421.85718
G0 F9000 X116.875 Y133.4
G0 X115.179 Y133.4
G0 X115.179 Y133.179
G1 F3000 X93.259 Y139.053 E1422.61197
G0 F9000 X93.477 Y139.026
G0 X95.974 Y141.524
G0 X95.946 Y141.739
G1 F3000 X98.24 Y133.18 E1422.90669
G0 F9000 X98.24 Y133.4
G0 X96.672 Y133.328
G0 X96.6 Y131.887
G0 X96.819 Y131.887
G1 F3000 X93.18 Y132.862 E1423.03199
G0 F9000 X93.18 Y132.007
G1 F3000 X102.993 Y141.82 E1423.49356
G0 F9000 X102.136 Y141.821
G1 F3000 X104.452 Y133.18 E1423.79111
G0 F9000 X104.452 Y133.4
G0 X102.838 Y133.4
G0 X102.838 Y133.18
G1 F3000 X111.478 Y141.82 E1424.19751
G0 F9000 X111.478 Y141.6
G0 X139.366 Y141.46
G0 X139.449 Y141.662
G1 F3000 X141.82 Y132.813 E1424.50221
G0 F9000 X141.6 Y132.813
G0 X141.6 Y126.041
G0 X141.819 Y126.041
G1 F3000 X138.181 Y127.016 E1424.62748
G0 F9000 X138.7 Y127.016
G1 F2700 E1419.62748
;MESH:NONMESH
G0 F300 X138.7 Y127.016 Z3.8
G0 F9000 X138.328 Y101.672
G0 X94.312 Y94.313
G0 X94.1 Y94.1
;TIME_ELAPSED:2024.538190
;LAYER:18
;TYPE:WALL-INNER
;MESH:doppia_fenditura.stl
G1 F2700 E1424.62748
G1 F1500 X93.556 Y94.804 E1424.65707
G1 X93.221 Y95.613 E1424.68619
G1 X93.1 Y96.543 E1424.71739
G1 X93.1 Y138.457 E1426.11145
G1 X93.221 Y139.383 E1426.14251
G1 X93.556 Y140.192 E1426.17163
G1 X94.1 Y140.896 E1426.20123
G1 X94.804 Y141.44 E1426.23082
G1 X95.614 Y141.775 E1426.25997
G1 X96.544 Y141.9 E1426.29118
G1 X138.456 Y141.9 E1427.68518
G1 X139.383 Y141.775 E1427.71629
G1 X140.188 Y141.443 E1427.74525
G1 X140.896 Y140.896 E1427.77501
G1 X141.443 Y140.188 E1427.80477
G1 X141.775 Y139.383 E1427.83373
G1 X141.9 Y138.456 E1427.86484
G1 X141.9 Y96.544 E1429.25884
G1 X141.775 Y95.613 E1429.29008
G1 X141.443 Y94.808 E1429.31905
G1 X140.896 Y94.101 E1429.34878
G1 X140.188 Y93.556 E1429.37849
G1 X139.383 Y93.221 E1429.40749
G1 X138.457 Y93.1 E1429.43855
G1 X96.543 Y93.1 E1430.83262
G1 X95.613 Y93.221 E1430.86381
G1 X94.804 Y93.556 E1430.89294
G1 X94.1 Y94.1 E1430.92253
G0 F9000 X94.312 Y94.313
G0 X97.14 Y101.6
G0 X97.14 Y102.02
G1 F1500 X97.421 Y101.9 E1430.93269
G1 X137.579 Y101.9 E1432.26835
G1 X137.86 Y102.02 E1432.27851
G1 X137.981 Y102.139 E1432.28416
G1 X138.068 Y102.305 E1432.29039
G1 X138.1 Y102.5 E1432.29696
G1 X138.1 Y132.574 E1433.29723
G1 X137.981 Y132.86 E1433.30753
G1 X137.86 Y132.98 E1433.3132
G1 X137.579 Y133.1 E1433.32336
G1 X97.421 Y133.1 E1434.65902
G1 X97.14 Y132.98 E1434.66919
G1 X97.019 Y132.86 E1434.67485
G1 X96.932 Y132.695 E1434.68106
G1 X96.9 Y132.5 E1434.68763
G1 X96.9 Y102.5 E1435.68543
G1 X96.932 Y102.305 E1435.69201
G1 X97.02 Y102.14 E1435.69823
G1 X97.14 Y102.02 E1435.70387
G0 F9000 X97.38 Y102.34
;TYPE:WALL-OUTER
G1 F1500 X97.463 Y102.303 E1435.70689
G1 X137.537 Y102.303 E1437.03976
G1 X137.62 Y102.34 E1437.04278
G1 X137.7 Y102.449 E1437.04728
G1 X137.698 Y132.535 E1438.04794
G1 X137.661 Y132.62 E1438.05103
G1 X137.537 Y132.697 E1438.05588
G1 X97.463 Y132.697 E1439.38875
G1 X97.38 Y132.66 E1439.39177
G1 X97.3 Y132.551 E1439.39627
G1 X97.3 Y102.449 E1440.39746
G1 X97.38 Y102.34 E1440.40196
G1 F2700 E1435.40196
G0 F9000 X97.38 Y101.6
G0 X94.312 Y94.313
G0 X93.815 Y93.815
G1 F2700 E1440.40196
G1 F1500 X93.207 Y94.602 E1440.43504
G1 X92.831 Y95.509 E1440.4677
G1 X92.7 Y96.517 E1440.5015
G1 X92.7 Y138.483 E1441.8973
G1 X92.831 Y139.487 E1441.93097
G1 X93.207 Y140.394 E1441.96363
G1 X93.815 Y141.181 E1441.99671
G1 X94.602 Y141.789 E1442.02979
G1 X95.509 Y142.165 E1442.06244
G1 X96.518 Y142.3 E1442.0963
G1 X138.482 Y142.3 E1443.49203
G1 X139.487 Y142.165 E1443.52576
G1 X140.39 Y141.793 E1443.55824
G1 X141.181 Y141.181 E1443.5915
G1 X141.793 Y140.39 E1443.62477
G1 X142.165 Y139.487 E1443.65725
G1 X142.3 Y138.482 E1443.69097
G1 X142.3 Y96.518 E1445.0867
G1 X142.165 Y95.509 E1445.12056
G1 X141.793 Y94.606 E1445.15304
G1 X141.181 Y93.815 E1445.18631
G1 X140.39 Y93.207 E1445.21949
G1 X139.487 Y92.831 E1445.25202
G1 X138.483 Y92.7 E1445.2857
G1 X96.517 Y92.7 E1446.6815
G1 X95.509 Y92.831 E1446.7153
G1 X94.602 Y93.207 E1446.74796
G1 X93.815 Y93.815 E1446.78104
G0 F9000 X94.312 Y94.313
G0 X93.507 Y95.738
G0 X93.289 Y95.71
;TYPE:FILL
G1 F3000 X102.733 Y93.18 E1447.10622
G1 X102.599 Y93.18
G1 X100.284 Y101.82 E1447.40373
G0 F9000 X100.284 Y101.6
G0 X97.22 Y101.6
G0 X97.22 Y101.905
G1 F3000 X93.18 Y97.865 E1447.59376
G0 F9000 X93.4 Y97.865
G0 X93.4 Y101.951
G0 X93.181 Y101.951
G1 F3000 X125.916 Y93.18 E1448.72093
G0 F9000 X125.916 Y93.4
G0 X127.446 Y93.4
G0 X127.446 Y93.179
G1 F3000 X125.131 Y101.821 E1449.0185
G0 F9000 X125.131 Y101.6
G0 X122.59 Y101.6
G0 X122.59 Y101.82
G1 F3000 X113.95 Y93.18 E1449.4249
G0 F9000 X113.95 Y93.4
G0 X115.023 Y93.4
G0 X115.023 Y93.18
G1 F3000 X112.707 Y101.82 E1449.72241
G0 F9000 X112.707 Y101.6
G0 X114.105 Y101.6
G0 X114.105 Y101.82
G1 F3000 X105.465 Y93.18 E1450.12881
G0 F9000 X105.465 Y93.4
G0 X108.811 Y93.4
G0 X108.811 Y93.179
G1 F3000 X106.496 Y101.821 E1450.42638
G0 F9000 X105.62 Y101.82
G1 F3000 X96.98 Y93.18 E1450.83278
G0 F9000 X96.382 Y93.202
G1 F3000 X93.18 Y105.151 E1451.24423
G0 F9000 X93.4 Y105.151
G0 X93.4 Y106.35
G0 X93.18 Y106.35
G1 F3000 X96.82 Y109.99 E1451.41544
G0 F9000 X96.6 Y109.99
G0 X96.6 Y107.188
G0 X96.819 Y107.188
G1 F3000 X93.181 Y108.163 E1451.54071
G0 F9000 X93.4 Y108.163
G0 X93.4 Y114.374
G0 X93.18 Y114.374
G1 F3000 X96.819 Y113.399 E1451.66601
G0 F9000 X96.6 Y113.399
G0 X96.6 Y114.748
G0 X96.82 Y114.748
G1 F3000 X93.18 Y128.334 E1452.13382
G0 F9000 X93.4 Y128.334
G0 X93.4 Y126.798
G0 X93.181 Y126.798
G1 F3000 X96.819 Y125.823 E1452.25909
G0 F9000 X96.6 Y125.823
G0 X96.6 Y126.961
G0 X96.82 Y126.961
G1 F3000 X93.18 Y123.321 E1452.43031
G0 F9000 X93.4 Y123.321
G0 X93.4 Y120.586
G0 X93.181 Y120.586
G1 F3000 X96.82 Y119.611 E1452.55561
G0 F9000 X96.6 Y119.611
G0 X96.6 Y118.476
G0 X96.82 Y118.476
G1 F3000 X93.18 Y114.836 E1452.72682
G0 F9000 X93.4 Y114.836
G0 X93.4 Y131.806
G0 X93.18 Y131.806
G1 F3000 X103.194 Y141.82 E1453.19785
G0 F9000 X103.194 Y141.6
G0 X101.989 Y141.6
G0 X101.989 Y141.821
G1 F3000 X104.305 Y133.18 E1453.4954
G0 F9000 X104.305 Y133.4
G0 X103.039 Y133.4
G0 X103.039 Y133.18
G1 F3000 X111.679 Y141.82 E1453.9018
G0 F9000 X111.679 Y141.6
G0 X114.413 Y141.6
G0 X114.413 Y141.821
G1 F3000 X116.728 Y133.179 E1454.19936
G0 F9000 X115.728 Y133.179
G1 F3000 X93.278 Y139.195 E1454.9724
G0 F9000 X93.495 Y139.168
G0 X95.833 Y141.506
G0 X95.805 Y141.72
G1 F3000 X98.093 Y133.18 E1455.26646
G0 F9000 X98.093 Y133.4
G0 X96.672 Y133.328
G0 X96.6 Y132.034
G0 X96.819 Y132.034
G1 F3000 X93.18 Y133.009 E1455.39176
G0 F9000 X93.4 Y133.009
G0 X106.662 Y141.6
G0 X106.662 Y141.82
G1 F3000 X141.82 Y132.4 E1456.60237
G1 X141.82 Y132.264
G1 X139.29 Y141.707 E1456.92752
G0 F9000 X139.263 Y141.492
G0 X137.135 Y141.6
G0 X137.135 Y141.82
G1 F3000 X128.495 Y133.18 E1457.33392
G0 F9000 X129.151 Y133.18
G1 F3000 X126.836 Y141.821 E1457.63145
G0 F9000 X126.836 Y141.6
G0 X128.65 Y141.6
G0 X128.65 Y141.82
G1 F3000 X120.009 Y133.18 E1458.03788
G0 F9000 X120.009 Y133.4
G0 X122.94 Y133.4
G0 X122.94 Y133.18
G1 F3000 X120.624 Y141.82 E1458.33539
G0 F9000 X120.164 Y141.82
G1 F3000 X111.524 Y133.18 E1458.74179
G0 F9000 X111.524 Y133.4
G0 X110.516 Y133.4
G0 X110.516 Y133.18
G1 F3000 X108.201 Y141.821 E1459.03933
G0 F9000 X108.201 Y141.6
G0 X129.845 Y141.6
G0 X129.845 Y141.82
G1 F3000 X141.797 Y138.617 E1459.45088
G0 F9000 X141.82 Y138.02
G1 F3000 X136.98 Y133.18 E1459.67854
G0 F9000 X136.98 Y133.4
G0 X135.363 Y133.4
G0 X135.363 Y133.18
G1 F3000 X133.048 Y141.821 E1459.97607
G0 F9000 X133.048 Y141.6
G0 X141.6 Y129.535
G0 X141.82 Y129.535
G1 F3000 X138.18 Y125.895 E1460.14729
G0 F9000 X138.4 Y125.895
G0 X138.4 Y127.163
G0 X138.181 Y127.163
G1 F3000 X141.819 Y126.188 E1460.27256
G0 F9000 X141.6 Y126.188
G0 X138.4 Y122.666
G0 X138.18 Y122.666
G1 F3000 X141.82 Y109.082 E1460.7403
G0 F9000 X141.6 Y109.082
G0 X141.6 Y107.553
G0 X141.82 Y107.553
G1 F3000 X138.181 Y108.528 E1460.86561
G0 F9000 X138.18 Y108.924
G1 F3000 X141.82 Y112.564 E1461.03682
G0 F9000 X141.6 Y112.564
G0 X141.6 Y113.765
G0 X141.82 Y113.765
G1 F3000 X138.18 Y114.74 E1461.16215
G0 F9000 X138.4 Y114.74
G0 X138.4 Y117.409
G0 X138.18 Y117.409
G1 F3000 X141.82 Y121.05 E1461.33339
G0 F9000 X141.6 Y121.05
G0 X141.6 Y119.976
G0 X141.82 Y119.976
G1 F3000 X138.18 Y120.952 E1461.45874
G0 F9000 X138.4 Y120.952
G0 X141.6 Y104.079
G0 X141.82 Y104.079
G1 F3000 X130.921 Y93.18 E1461.97139
G0 F9000 X130.921 Y93.4
G0 X133.657 Y93.4
G0 X133.657 Y93.18
G1 F3000 X131.342 Y101.82 E1462.2689
G0 F9000 X131.076 Y101.82
G1 F3000 X122.436 Y93.18 E1462.67529
G0 F9000 X122.436 Y93.4
G0 X121.234 Y93.4
G0 X121.234 Y93.18
G1 F3000 X118.919 Y101.821 E1462.97283
G0 F9000 X118.919 Y101.6
G0 X116.85 Y101.6
G0 X116.85 Y101.821
G1 F3000 X141.522 Y95.21 E1463.82237
G1 X141.583 Y95.356
G1 X139.642 Y93.415 E1463.91367
G1 X139.789 Y93.477
G1 X137.554 Y101.821 E1464.20098
G0 F9000 X138.15 Y102.325
G1 F3000 X141.82 Y101.342 E1464.32735
G0 F9000 X141.3 Y101.342
G1 F2700 E1459.32735
;MESH:NONMESH
G0 F300 X141.3 Y101.342 Z4
G0 F9000 X94.312 Y94.313
G0 X94.1 Y94.1
;TIME_ELAPSED:2075.802825
;LAYER:19
;TYPE:WALL-INNER
;MESH:doppia_fenditura.stl
G1 F2700 E1464.32735
G1 F1500 X93.556 Y94.804 E1464.35694
G1 X93.221 Y95.613 E1464.38606
G1 X93.1 Y96.543 E1464.41725
G1 X93.1 Y138.457 E1465.81132
G1 X93.221 Y139.383 E1465.84238
G1 X93.556 Y140.192 E1465.8715
G1 X94.1 Y140.896 E1465.90109
G1 X94.804 Y141.44 E1465.93068
G1 X95.614 Y141.775 E1465.95984
G1 X96.544 Y141.9 E1465.99105
G1 X138.456 Y141.9 E1467.38505
G1 X139.383 Y141.775 E1467.41616
G1 X140.188 Y141.443 E1467.44512
G1 X140.896 Y140.896 E1467.47488
G1 X141.443 Y140.188 E1467.50464
G1 X141.775 Y139.383 E1467.5336
G1 X141.9 Y138.456 E1467.56471
G1 X141.9 Y96.544 E1468.95871
G1 X141.775 Y95.613 E1468.98995
G1 X141.443 Y94.808 E1469.01891
G1 X140.896 Y94.101 E1469.04864
G1 X140.188 Y93.556 E1469.07836
G1 X139.383 Y93.221 E1469.10736
G1 X138.457 Y93.1 E1469.13842
G1 X96.543 Y93.1 E1470.53249
G1 X95.613 Y93.221 E1470.56368
G1 X94.804 Y93.556 E1470.5928
G1 X94.1 Y94.1 E1470.62239
G0 F9000 X94.312 Y94.313
G0 X97.14 Y101.6
G0 X97.14 Y102.02
G1 F1500 X97.421 Y101.9 E1470.63256
G1 X137.579 Y101.9 E1471.96822
G1 X137.86 Y102.02 E1471.97838
G1 X137.981 Y102.139 E1471.98403
G1 X138.068 Y102.305 E1471.99026
G1 X138.1 Y102.5 E1471.99683
G1 X138.1 Y132.574 E1472.9971
G1 X137.981 Y132.86 E1473.0074
G1 X137.86 Y132.98 E1473.01307
G1 X137.579 Y133.1 E1473.02323
G1 X97.421 Y133.1 E1474.35889
G1 X97.14 Y132.98 E1474.36905
G1 X97.019 Y132.86 E1474.37472
G1 X96.932 Y132.695 E1474.38093
G1 X96.9 Y132.5 E1474.3875
G1 X96.9 Y102.5 E1475.3853
G1 X96.932 Y102.305 E1475.39187
G1 X97.02 Y102.14 E1475.39809
G1 X97.14 Y102.02 E1475.40374
G0 F9000 X97.38 Y102.34
;TYPE:WALL-OUTER
G1 F1500 X97.463 Y102.303 E1475.40676
G1 X137.537 Y102.303 E1476.73963
G1 X137.62 Y102.34 E1476.74265
G1 X137.7 Y102.449 E1476.74715
G1 X137.698 Y132.535 E1477.74781
G1 X137.661 Y132.62 E1477.75089
G1 X137.537 Y132.697 E1477.75575
G1 X97.463 Y132.697 E1479.08862
G1 X97.38 Y132.66 E1479.09164
G1 X97.3 Y132.551 E1479.09614
G1 X97.3 Y102.449 E1480.09733
G1 X97.38 Y102.34 E1480.10183
G1 F2700 E1475.10183
G0 F9000 X97.38 Y101.6
G0 X94.312 Y94.313
G0 X93.815 Y93.815
G1 F2700 E1480.10183
G1 F1500 X93.207 Y94.602 E1480.13491
G1 X92.831 Y95.509 E1480.16756
G1 X92.7 Y96.517 E1480.20137
G1 X92.7 Y138.483 E1481.59717
G1 X92.831 Y139.487 E1481.63084
G1 X93.207 Y140.394 E1481.6635
G1 X93.815 Y141.181 E1481.69658
G1 X94.602 Y141.789 E1481.72965
G1 X95.509 Y142.165 E1481.76231
G1 X96.518 Y142.3 E1481.79617
G1 X138.482 Y142.3 E1483.1919
G1 X139.487 Y142.165 E1483.22562
G1 X140.39 Y141.793 E1483.25811
G1 X141.181 Y141.181 E1483.29137
G1 X141.793 Y140.39 E1483.32463
G1 X142.165 Y139.487 E1483.35712
G1 X142.3 Y138.482 E1483.39084
G1 X142.3 Y96.518 E1484.78657
G1 X142.165 Y95.509 E1484.82043
G1 X141.793 Y94.606 E1484.85291
G1 X141.181 Y93.815 E1484.88618
G1 X140.39 Y93.207 E1484.91936
G1 X139.487 Y92.831 E1484.95189
G1 X138.483 Y92.7 E1484.98557
G1 X96.517 Y92.7 E1486.38136
G1 X95.509 Y92.831 E1486.41517
G1 X94.602 Y93.207 E1486.44783
G1 X93.815 Y93.815 E1486.4809
G0 F9000 X94.312 Y94.313
G0 X93.487 Y95.889
G0 X93.27 Y95.861
;TYPE:FILL
G1 F3000 X103.278 Y93.18 E1486.82551
G0 F9000 X102.453 Y93.18
G1 F3000 X100.138 Y101.82 E1487.12301
G0 F9000 X100.138 Y101.6
G0 X97.36 Y101.6
G0 X97.36 Y101.846
G1 F3000 X93.18 Y97.666 E1487.31963
G0 F9000 X93.4 Y97.666
G0 X93.4 Y102.097
G0 X93.181 Y102.097
G1 F3000 X126.461 Y93.18 E1488.46557
G0 F9000 X127.3 Y93.18
G1 F3000 X124.985 Y101.821 E1488.76311
G0 F9000 X124.985 Y101.6
G0 X122.79 Y101.6
G0 X122.79 Y101.82
G1 F3000 X114.15 Y93.18 E1489.1695
G0 F9000 X114.877 Y93.179
G1 F3000 X112.561 Y101.82 E1489.46705
G0 F9000 X112.561 Y101.6
G0 X114.305 Y101.6
G0 X114.305 Y101.82
G1 F3000 X105.664 Y93.18 E1489.87347
G0 F9000 X105.664 Y93.4
G0 X108.665 Y93.4
G0 X108.665 Y93.18
G1 F3000 X106.35 Y101.82 E1490.17098
G0 F9000 X105.819 Y101.82
G1 F3000 X97.179 Y93.18 E1490.57737
G0 F9000 X96.23 Y93.222
G1 F3000 X93.18 Y104.606 E1490.96936
G0 F9000 X93.4 Y104.606
G0 X93.4 Y106.151
G0 X93.18 Y106.151
G1 F3000 X96.82 Y109.791 E1491.14058
G0 F9000 X96.6 Y109.791
G0 X96.6 Y107.334
G0 X96.819 Y107.334
G1 F3000 X93.18 Y108.309 E1491.26588
G0 F9000 X93.4 Y108.309
G0 X93.4 Y114.52
G0 X93.181 Y114.52
G1 F3000 X96.82 Y113.545 E1491.39118
G0 F9000 X96.82 Y114.203
G1 F3000 X93.18 Y127.789 E1491.85899
G0 F9000 X93.18 Y126.944
G1 F3000 X96.819 Y125.969 E1491.98429
G0 F9000 X96.82 Y126.762
G1 F3000 X93.18 Y123.121 E1492.15553
G0 F9000 X93.4 Y123.121
G0 X93.4 Y120.732
G0 X93.181 Y120.732
G1 F3000 X96.819 Y119.757 E1492.2808
G0 F9000 X96.6 Y119.757
G0 X96.6 Y118.276
G0 X96.82 Y118.276
G1 F3000 X93.18 Y114.636 E1492.45202
G0 F9000 X93.4 Y114.636
G0 X93.4 Y131.607
G0 X93.18 Y131.607
G1 F3000 X103.393 Y141.82 E1492.93241
G0 F9000 X103.393 Y141.6
G0 X101.843 Y141.6
G0 X101.843 Y141.82
G1 F3000 X104.159 Y133.18 E1493.22992
G0 F9000 X103.238 Y133.18
G1 F3000 X111.878 Y141.82 E1493.63632
G0 F9000 X111.878 Y141.6
G0 X114.267 Y141.6
G0 X114.267 Y141.821
G1 F3000 X116.582 Y133.18 E1493.93385
G0 F9000 X116.272 Y133.18
G1 F3000 X93.296 Y139.336 E1494.72499
G0 F9000 X93.511 Y139.301
G0 X95.692 Y141.487
G0 X95.664 Y141.701
G1 F3000 X97.947 Y133.18 E1495.0184
G0 F9000 X97.947 Y133.4
G0 X96.672 Y133.328
G0 X96.6 Y132.18
G0 X96.819 Y132.18
G1 F3000 X93.181 Y133.155 E1495.14367
G0 F9000 X93.4 Y133.155
G0 X107.207 Y141.6
G0 X107.207 Y141.82
G1 F3000 X141.82 Y132.546 E1496.33551
G0 F9000 X141.82 Y131.72
G1 F3000 X139.138 Y141.728 E1496.68012
G0 F9000 X139.111 Y141.512
G0 X137.334 Y141.6
G0 X137.334 Y141.82
G1 F3000 X128.694 Y133.18 E1497.08652
G0 F9000 X129.005 Y133.18
G1 F3000 X126.69 Y141.82 E1497.38402
G0 F9000 X126.69 Y141.6
G0 X128.849 Y141.6
G0 X128.849 Y141.82
G1 F3000 X120.209 Y133.18 E1497.79042
G0 F9000 X120.209 Y133.4
G0 X122.794 Y133.4
G0 X122.794 Y133.179
G1 F3000 X120.478 Y141.821 E1498.088
G1 X120.364 Y141.82
G1 X111.724 Y133.18 E1498.4944
G0 F9000 X111.724 Y133.4
G0 X110.37 Y133.4
G0 X110.37 Y133.18
G1 F3000 X108.055 Y141.821 E1498.79194
G0 F9000 X108.055 Y141.6
G0 X130.39 Y141.6
G0 X130.39 Y141.82
G1 F3000 X141.777 Y138.769 E1499.18403
G0 F9000 X141.82 Y137.821
G1 F3000 X137.179 Y133.18 E1499.40233
G0 F9000 X137.179 Y133.4
G0 X135.217 Y133.4
G0 X135.217 Y133.18
G1 F3000 X132.902 Y141.821 E1499.69986
G0 F9000 X132.902 Y141.6
G0 X141.6 Y129.335
G0 X141.82 Y129.335
G1 F3000 X138.18 Y125.695 E1499.87108
G0 F9000 X138.4 Y125.695
G0 X138.4 Y127.309
G0 X138.18 Y127.309
G1 F3000 X141.82 Y126.334 E1499.99641
G0 F9000 X141.6 Y126.334
G0 X141.6 Y120.85
G0 X141.82 Y120.85
G1 F3000 X138.18 Y117.21 E1500.16763
G0 F9000 X138.4 Y117.21
G0 X138.4 Y114.886
G0 X138.18 Y114.886
G1 F3000 X141.82 Y113.911 E1500.29296
G0 F9000 X141.6 Y113.911
G0 X141.6 Y112.365
G0 X141.82 Y112.365
G1 F3000 X138.18 Y108.725 E1500.46417
G1 X138.18 Y108.674
G1 X141.82 Y107.699 E1500.58951
G0 F9000 X141.82 Y108.537
G1 F3000 X138.18 Y122.122 E1501.05729
G0 F9000 X138.4 Y122.122
G0 X138.4 Y121.097
G0 X138.181 Y121.097
G1 F3000 X141.819 Y120.123 E1501.18255
G0 F9000 X141.6 Y120.123
G0 X141.6 Y103.88
G0 X141.82 Y103.88
G1 F3000 X131.12 Y93.18 E1501.68584
G0 F9000 X131.12 Y93.4
G0 X133.512 Y93.4
G0 X133.512 Y93.179
G1 F3000 X131.196 Y101.821 E1501.98342
G1 X131.275 Y101.82
G1 X122.635 Y93.18 E1502.38982
G0 F9000 X122.635 Y93.4
G0 X121.088 Y93.4
G0 X121.088 Y93.18
G1 F3000 X118.773 Y101.82 E1502.68732
G0 F9000 X118.773 Y101.6
G0 X117.394 Y101.6
G0 X117.394 Y101.821
G1 F3000 X141.576 Y95.341 E1503.52
G0 F9000 X141.443 Y95.017
G1 F3000 X139.984 Y93.558 E1503.58862
G0 F9000 X139.658 Y93.423
G1 F3000 X137.408 Y101.821 E1503.87779
G0 F9000 X138.173 Y102.465
G1 F3000 X141.82 Y101.487 E1504.00338
G0 F9000 X141.3 Y101.487
G1 F2700 E1499.00338
;MESH:NONMESH
G0 F300 X141.3 Y101.487 Z4.2
G0 F9000 X94.312 Y94.313
G0 X94.1 Y94.1
;TIME_ELAPSED:2126.579396
;LAYER:20
;TYPE:WALL-INNER
;MESH:doppia_fenditura.stl
G1 F2700 E1504.00338
G1 F1500 X93.556 Y94.804 E1504.03297
G1 X93.221 Y95.613 E1504.06209
G1 X93.1 Y96.543 E1504.09329
G1 X93.1 Y138.457 E1505.48735
G1 X93.221 Y139.383 E1505.51841
G1 X93.556 Y140.192 E1505.54754
G1 X94.1 Y140.896 E1505.57713
G1 X94.804 Y141.44 E1505.60672
G1 X95.614 Y141.775 E1505.63587
G1 X96.544 Y141.9 E1505.66708
G1 X138.456 Y141.9 E1507.06108
G1 X139.383 Y141.775 E1507.09219
G1 X140.188 Y141.443 E1507.12115
G1 X140.896 Y140.896 E1507.15091
G1 X141.443 Y140.188 E1507.18067
G1 X141.775 Y139.383 E1507.20963
G1 X141.9 Y138.456 E1507.24074
G1 X141.9 Y96.544 E1508.63474
G1 X141.775 Y95.613 E1508.66598
G1 X141.443 Y94.808 E1508.69495
G1 X140.896 Y94.101 E1508.72468
G1 X140.188 Y93.556 E1508.75439
G1 X139.383 Y93.221 E1508.7834
G1 X138.457 Y93.1 E1508.81446
G1 X96.543 Y93.1 E1510.20852
G1 X95.613 Y93.221 E1510.23971
G1 X94.804 Y93.556 E1510.26884
G1 X94.1 Y94.1 E1510.29843
G0 F9000 X94.312 Y94.313
G0 X97.14 Y101.6
G0 X97.14 Y102.02
G1 F1500 X97.421 Y101.9 E1510.30859
G1 X137.579 Y101.9 E1511.64425
G1 X137.86 Y102.02 E1511.65441
G1 X137.981 Y102.139 E1511.66006
G1 X138.068 Y102.305 E1511.66629
G1 X138.1 Y102.5 E1511.67286
G1 X138.1 Y132.574 E1512.67313
G1 X137.981 Y132.86 E1512.68343
G1 X137.86 Y132.98 E1512.6891
G1 X137.579 Y133.1 E1512.69926
G1 X97.421 Y133.1 E1514.03492
G1 X97.14 Y132.98 E1514.04509
G1 X97.019 Y132.86 E1514.05075
G1 X96.932 Y132.695 E1514.05696
G1 X96.9 Y132.5 E1514.06353
G1 X96.9 Y102.5 E1515.06134
G1 X96.932 Y102.305 E1515.06791
G1 X97.02 Y102.14 E1515.07413
G1 X97.14 Y102.02 E1515.07977
G0 F9000 X97.38 Y102.34
;TYPE:WALL-OUTER
G1 F1500 X97.463 Y102.303 E1515.08279
G1 X137.537 Y102.303 E1516.41566
G1 X137.62 Y102.34 E1516.41868
G1 X137.7 Y102.449 E1516.42318
G1 X137.698 Y132.535 E1517.42384
G1 X137.661 Y132.62 E1517.42693
G1 X137.537 Y132.697 E1517.43178
G1 X97.463 Y132.697 E1518.76465
G1 X97.38 Y132.66 E1518.76767
G1 X97.3 Y132.551 E1518.77217
G1 X97.3 Y102.449 E1519.77337
G1 X97.38 Y102.34 E1519.77786
G1 F2700 E1514.77786
G0 F9000 X97.38 Y101.6
G0 X94.312 Y94.313
G0 X93.815 Y93.815
G1 F2700 E1519.77786
G1 F1500 X93.207 Y94.602 E1519.81094
G1 X92.831 Y95.509 E1519.8436
G1 X92.7 Y96.517 E1519.8774
G1 X92.7 Y138.483 E1521.2732
G1 X92.831 Y139.487 E1521.30688
G1 X93.207 Y140.394 E1521.33953
G1 X93.815 Y141.181 E1521.37261
G1 X94.602 Y141.789 E1521.40569
G1 X95.509 Y142.165 E1521.43834
G1 X96.518 Y142.3 E1521.4722
G1 X138.482 Y142.3 E1522.86793
G1 X139.487 Y142.165 E1522.90166
G1 X140.39 Y141.793 E1522.93414
G1 X141.181 Y141.181 E1522.9674
G1 X141.793 Y140.39 E1523.00067
G1 X142.165 Y139.487 E1523.03315
G1 X142.3 Y138.482 E1523.06688
G1 X142.3 Y96.518 E1524.4626
G1 X142.165 Y95.509 E1524.49646
G1 X141.793 Y94.606 E1524.52895
G1 X141.181 Y93.815 E1524.56221
G1 X140.39 Y93.207 E1524.59539
G1 X139.487 Y92.831 E1524.62793
G1 X138.483 Y92.7 E1524.6616
G1 X96.517 Y92.7 E1526.0574
G1 X95.509 Y92.831 E1526.0912
G1 X94.602 Y93.207 E1526.12386
G1 X93.815 Y93.815 E1526.15694
G0 F9000 X94.312 Y94.313
G0 X93.467 Y96.041
G0 X93.25 Y96.013
;TYPE:FILL
G1 F3000 X103.822 Y93.18 E1526.52097
G0 F9000 X103.822 Y93.4
G0 X102.307 Y93.4
G0 X102.307 Y93.18
G1 F3000 X99.992 Y101.82 E1526.81847
G0 F9000 X99.992 Y101.6
G0 X97.533 Y101.6
G0 X97.533 Y101.82
G1 F3000 X93.18 Y97.466 E1527.02325
G0 F9000 X93.4 Y97.466
G0 X93.4 Y102.243
G0 X93.18 Y102.243
G1 F3000 X127.005 Y93.18 E1528.18796
G1 X127.154 Y93.18
G1 X124.839 Y101.821 E1528.48549
G0 F9000 X124.839 Y101.6
G0 X122.989 Y101.6
G0 X122.989 Y101.82
G1 F3000 X114.349 Y93.18 E1528.89189
G0 F9000 X114.731 Y93.18
G1 F3000 X112.415 Y101.821 E1529.18944
G0 F9000 X112.415 Y101.6
G0 X114.504 Y101.6
G0 X114.504 Y101.82
G1 F3000 X105.864 Y93.18 E1529.59584
G0 F9000 X105.864 Y93.4
G0 X108.519 Y93.4
G0 X108.519 Y93.18
G1 F3000 X106.204 Y101.82 E1529.89334
G1 X106.019 Y101.82
G1 X97.379 Y93.18 E1530.29974
G0 F9000 X97.379 Y93.4
G0 X96.106 Y93.459
G0 X96.079 Y93.241
G1 F3000 X93.18 Y104.062 E1530.67234
G0 F9000 X93.4 Y104.062
G0 X93.4 Y105.951
G0 X93.18 Y105.951
G1 F3000 X96.82 Y109.592 E1530.84358
G0 F9000 X96.6 Y109.592
G0 X96.6 Y107.479
G0 X96.82 Y107.479
G1 F3000 X93.181 Y108.454 E1530.96888
G0 F9000 X93.4 Y108.454
G0 X93.4 Y114.437
G0 X93.18 Y114.437
G1 F3000 X96.82 Y118.077 E1531.14009
G0 F9000 X96.6 Y118.077
G0 X96.6 Y119.903
G0 X96.819 Y119.903
G1 F3000 X93.181 Y120.878 E1531.26537
G0 F9000 X93.4 Y120.878
G0 X93.4 Y122.922
G0 X93.18 Y122.922
G1 F3000 X96.82 Y126.562 E1531.43658
G0 F9000 X96.819 Y126.115
G1 F3000 X93.18 Y127.09 E1531.56188
G1 X93.18 Y127.243
G1 X96.82 Y113.658 E1532.02966
G1 X96.819 Y113.691
G1 X93.181 Y114.666 E1532.15493
G0 F9000 X93.4 Y114.666
G0 X93.4 Y131.407
G0 X93.18 Y131.407
G1 F3000 X103.593 Y141.82 E1532.64473
G0 F9000 X103.593 Y141.6
G0 X101.697 Y141.6
G0 X101.697 Y141.821
G1 F3000 X104.013 Y133.179 E1532.9423
G0 F9000 X103.438 Y133.18
G1 F3000 X112.078 Y141.82 E1533.3487
G0 F9000 X112.078 Y141.6
G0 X114.121 Y141.6
G0 X114.121 Y141.821
G1 F3000 X116.436 Y133.18 E1533.64624
G0 F9000 X116.817 Y133.18
G1 F3000 X93.343 Y139.469 E1534.45452
G0 F9000 X93.548 Y139.385
G0 X95.615 Y141.453
G0 X95.531 Y141.653
G1 F3000 X97.801 Y133.18 E1534.74627
G0 F9000 X97.801 Y133.4
G0 X96.672 Y133.328
G0 X96.6 Y132.326
G0 X96.82 Y132.326
G1 F3000 X93.181 Y133.301 E1534.87158
G0 F9000 X93.4 Y133.301
G0 X107.751 Y141.6
G0 X107.751 Y141.82
G1 F3000 X141.82 Y132.692 E1536.04468
G0 F9000 X141.6 Y132.692
G0 X141.6 Y131.175
G0 X141.82 Y131.175
G1 F3000 X138.987 Y141.748 E1536.40875
G0 F9000 X138.96 Y141.532
G0 X137.534 Y141.6
G0 X137.534 Y141.82
G1 F3000 X128.894 Y133.18 E1536.81514
G1 X128.859 Y133.179
G1 X126.544 Y141.82 E1537.11268
G0 F9000 X126.544 Y141.6
G0 X129.048 Y141.6
G0 X129.048 Y141.82
G1 F3000 X120.408 Y133.18 E1537.51908
G0 F9000 X120.408 Y133.4
G0 X122.648 Y133.4
G0 X122.648 Y133.18
G1 F3000 X120.332 Y141.821 E1537.81662
G0 F9000 X120.563 Y141.82
G1 F3000 X111.923 Y133.18 E1538.22302
G0 F9000 X111.923 Y133.4
G0 X110.224 Y133.4
G0 X110.224 Y133.18
G1 F3000 X107.909 Y141.82 E1538.52053
G0 F9000 X107.909 Y141.6
G0 X130.935 Y141.6
G0 X130.935 Y141.82
G1 F3000 X141.756 Y138.92 E1538.89314
G0 F9000 X141.542 Y138.892
G0 X141.6 Y137.621
G0 X141.82 Y137.621
G1 F3000 X137.379 Y133.18 E1539.10203
G0 F9000 X137.379 Y133.4
G0 X135.071 Y133.4
G0 X135.071 Y133.18
G1 F3000 X132.756 Y141.82 E1539.39953
G0 F9000 X132.756 Y141.6
G0 X138.328 Y133.328
G0 X138.4 Y127.455
G0 X138.18 Y127.455
G1 F3000 X141.82 Y126.48 E1539.52487
G0 F9000 X141.6 Y126.48
G0 X141.6 Y129.136
G0 X141.82 Y129.136
G1 F3000 X138.18 Y125.496 E1539.69608
G0 F9000 X138.4 Y125.496
G0 X138.4 Y121.576
G0 X138.18 Y121.576
G1 F3000 X141.82 Y107.991 E1540.16386
G1 X141.82 Y107.845
G1 X138.18 Y108.82 E1540.28919
G0 F9000 X138.18 Y108.525
G1 F3000 X141.82 Y112.166 E1540.46043
G0 F9000 X141.6 Y112.166
G0 X141.6 Y114.057
G0 X141.819 Y114.057
G1 F3000 X138.18 Y115.032 E1540.58573
G0 F9000 X138.4 Y115.032
G0 X138.4 Y117.011
G0 X138.18 Y117.011
G1 F3000 X141.82 Y120.651 E1540.75695
G0 F9000 X141.819 Y120.269
G1 F3000 X138.181 Y121.244 E1540.88222
G0 F9000 X138.4 Y121.244
G0 X141.6 Y103.68
G0 X141.82 Y103.68
G1 F3000 X131.32 Y93.18 E1541.37611
G0 F9000 X131.32 Y93.4
G0 X133.366 Y93.4
G0 X133.366 Y93.18
G1 F3000 X131.05 Y101.821 E1541.67365
G0 F9000 X131.474 Y101.82
G1 F3000 X122.834 Y93.18 E1542.08005
G0 F9000 X122.834 Y93.4
G0 X120.942 Y93.4
G0 X120.942 Y93.18
G1 F3000 X118.627 Y101.82 E1542.37755
G0 F9000 X117.939 Y101.821
G1 F3000 X141.631 Y95.472 E1543.19336
G0 F9000 X141.428 Y95.555
G0 X140.862 Y94.541
G0 X141.035 Y94.41
G1 F3000 X140.593 Y93.968 E1543.21415
G0 F9000 X140.461 Y94.139
G0 X139.442 Y93.571
G0 X139.527 Y93.368
G1 F3000 X137.262 Y101.82 E1543.50518
G0 F9000 X137.262 Y101.6
G0 X138.328 Y101.672
G0 X138.4 Y102.609
G0 X138.18 Y102.609
G1 F3000 X141.82 Y101.633 E1543.63053
G0 F9000 X141.3 Y101.633
G1 F2700 E1538.63053
;MESH:NONMESH
G0 F300 X141.3 Y101.633 Z4.4
G0 F9000 X94.312 Y94.313
G0 X94.1 Y94.1
;TIME_ELAPSED:2177.644994
;LAYER:21
;TYPE:WALL-INNER
;MESH:doppia_fenditura.stl
G1 F2700 E1543.63053
G1 F1500 X93.556 Y94.804 E1543.66012
G1 X93.221 Y95.613 E1543.68924
G1 X93.1 Y96.543 E1543.72043
G1 X93.1 Y138.457 E1545.1145
G1 X93.221 Y139.383 E1545.14556
G1 X93.556 Y140.192 E1545.17468
G1 X94.1 Y140.896 E1545.20427
G1 X94.804 Y141.44 E1545.23386
G1 X95.614 Y141.775 E1545.26302
G1 X96.544 Y141.9 E1545.29423
G1 X138.456 Y141.9 E1546.68823
G1 X139.383 Y141.775 E1546.71934
G1 X140.188 Y141.443 E1546.7483
G1 X140.896 Y140.896 E1546.77806
G1 X141.443 Y140.188 E1546.80782
G1 X141.775 Y139.383 E1546.83678
G1 X141.9 Y138.456 E1546.86789
G1 X141.9 Y96.544 E1548.26189
G1 X141.775 Y95.613 E1548.29313
G1 X141.443 Y94.808 E1548.32209
G1 X140.896 Y94.101 E1548.35182
G1 X140.188 Y93.556 E1548.38154
G1 X139.383 Y93.221 E1548.41054
G1 X138.457 Y93.1 E1548.4416
G1 X96.543 Y93.1 E1549.83567
G1 X95.613 Y93.221 E1549.86686
G1 X94.804 Y93.556 E1549.89598
G1 X94.1 Y94.1 E1549.92557
G0 F9000 X94.312 Y94.313
G0 X97.14 Y101.6
G0 X97.14 Y102.02
G1 F1500 X97.421 Y101.9 E1549.93574
G1 X137.579 Y101.9 E1551.2714
G1 X137.86 Y102.02 E1551.28156
G1 X137.981 Y102.139 E1551.2872
G1 X138.068 Y102.305 E1551.29344
G1 X138.1 Y102.5 E1551.30001
G1 X138.1 Y132.574 E1552.30028
G1 X137.981 Y132.86 E1552.31058
G1 X137.86 Y132.98 E1552.31625
G1 X137.579 Y133.1 E1552.32641
G1 X97.421 Y133.1 E1553.66207
G1 X97.14 Y132.98 E1553.67223
G1 X97.019 Y132.86 E1553.6779
G1 X96.932 Y132.695 E1553.6841
G1 X96.9 Y132.5 E1553.69068
G1 X96.9 Y102.5 E1554.68848
G1 X96.932 Y102.305 E1554.69505
G1 X97.02 Y102.14 E1554.70127
G1 X97.14 Y102.02 E1554.70692
G0 F9000 X97.38 Y102.34
;TYPE:WALL-OUTER
G1 F1500 X97.463 Y102.303 E1554.70994
G1 X137.537 Y102.303 E1556.04281
G1 X137.62 Y102.34 E1556.04583
G1 X137.7 Y102.449 E1556.05033
G1 X137.698 Y132.535 E1557.05099
G1 X137.661 Y132.62 E1557.05407
G1 X137.537 Y132.697 E1557.05893
G1 X97.463 Y132.697 E1558.3918
G1 X97.38 Y132.66 E1558.39482
G1 X97.3 Y132.551 E1558.39931
G1 X97.3 Y102.449 E1559.40051
G1 X97.38 Y102.34 E1559.40501
G1 F2700 E1554.40501
G0 F9000 X97.38 Y101.6
G0 X94.312 Y94.313
G0 X93.815 Y93.815
G1 F2700 E1559.40501
G1 F1500 X93.207 Y94.602 E1559.43809
G1 X92.831 Y95.509 E1559.47074
G1 X92.7 Y96.517 E1559.50455
G1 X92.7 Y138.483 E1560.90035
G1 X92.831 Y139.487 E1560.93402
G1 X93.207 Y140.394 E1560.96668
G1 X93.815 Y141.181 E1560.99975
G1 X94.602 Y141.789 E1561.03283
G1 X95.509 Y142.165 E1561.06549
G1 X96.518 Y142.3 E1561.09935
G1 X138.482 Y142.3 E1562.49508
G1 X139.487 Y142.165 E1562.5288
G1 X140.39 Y141.793 E1562.56128
G1 X141.181 Y141.181 E1562.59455
G1 X141.793 Y140.39 E1562.62781
G1 X142.165 Y139.487 E1562.6603
G1 X142.3 Y138.482 E1562.69402
G1 X142.3 Y96.518 E1564.08975
G1 X142.165 Y95.509 E1564.12361
G1 X141.793 Y94.606 E1564.15609
G1 X141.181 Y93.815 E1564.18936
G1 X140.39 Y93.207 E1564.22254
G1 X139.487 Y92.831 E1564.25507
G1 X138.483 Y92.7 E1564.28875
G1 X96.517 Y92.7 E1565.68454
G1 X95.509 Y92.831 E1565.71835
G1 X94.602 Y93.207 E1565.75101
G1 X93.815 Y93.815 E1565.78408
G0 F9000 X94.312 Y94.313
G0 X95.954 Y93.479
G0 X95.927 Y93.261
;TYPE:FILL
G1 F3000 X93.18 Y103.513 E1566.1371
G0 F9000 X93.4 Y103.513
G0 X93.4 Y102.39
G0 X93.181 Y102.39
G1 F3000 X127.554 Y93.18 E1567.32067
G0 F9000 X127.007 Y93.18
G1 F3000 X124.692 Y101.821 E1567.61821
G0 F9000 X124.692 Y101.6
G0 X123.19 Y101.6
G0 X123.19 Y101.82
G1 F3000 X114.55 Y93.18 E1568.02461
G1 X114.584 Y93.179
G1 X112.268 Y101.821 E1568.32219
G0 F9000 X112.268 Y101.6
G0 X114.705 Y101.6
G0 X114.705 Y101.82
G1 F3000 X106.065 Y93.18 E1568.72859
G0 F9000 X106.065 Y93.4
G0 X104.371 Y93.4
G0 X104.371 Y93.18
G1 F3000 X93.231 Y96.165 E1569.11217
G0 F9000 X93.447 Y96.193
G0 X93.4 Y97.265
G0 X93.18 Y97.265
G1 F3000 X97.734 Y101.82 E1569.3264
G0 F9000 X97.734 Y101.6
G0 X99.845 Y101.6
G0 X99.845 Y101.82
G1 F3000 X102.16 Y93.18 E1569.62391
G0 F9000 X102.16 Y93.4
G0 X97.579 Y93.4
G0 X97.579 Y93.18
G1 F3000 X106.219 Y101.82 E1570.03031
G1 X106.057 Y101.82
G1 X108.372 Y93.18 E1570.32781
G0 F9000 X108.372 Y93.4
G0 X120.795 Y93.4
G0 X120.795 Y93.18
G1 F3000 X118.48 Y101.82 E1570.62531
G1 X118.487 Y101.821
G1 X141.685 Y95.605 E1571.4241
G0 F9000 X141.483 Y95.688
G0 X139.31 Y93.516
G0 X139.395 Y93.313
G1 F3000 X137.115 Y101.82 E1571.71703
G0 F9000 X137.115 Y101.6
G0 X138.328 Y101.672
G0 X138.4 Y102.756
G0 X138.18 Y102.756
G1 F3000 X141.82 Y101.78 E1571.84238
G0 F9000 X141.6 Y101.78
G0 X141.6 Y103.479
G0 X141.82 Y103.479
G1 F3000 X131.52 Y93.18 E1572.32683
G0 F9000 X131.52 Y93.4
G0 X133.219 Y93.4
G0 X133.219 Y93.18
G1 F3000 X130.903 Y101.821 E1572.62438
G0 F9000 X131.675 Y101.82
G1 F3000 X123.035 Y93.18 E1573.03078
G0 F9000 X123.035 Y93.4
G0 X138.328 Y101.672
G0 X138.4 Y108.325
G0 X138.18 Y108.325
G1 F3000 X141.82 Y111.965 E1573.20199
G0 F9000 X141.6 Y111.965
G0 X141.6 Y114.204
G0 X141.82 Y114.204
G1 F3000 X138.18 Y115.179 E1573.32733
G0 F9000 X138.4 Y115.179
G0 X138.4 Y116.81
G0 X138.18 Y116.81
G1 F3000 X141.82 Y120.45 E1573.49854
G1 X141.819 Y120.416
G1 X138.181 Y121.391 E1573.62381
G0 F9000 X138.18 Y121.028
G1 F3000 X141.82 Y107.443 E1574.09159
G0 F9000 X141.82 Y107.992
G1 F3000 X138.18 Y108.967 E1574.21692
G0 F9000 X138.4 Y108.967
G0 X138.4 Y125.295
G0 X138.18 Y125.295
G1 F3000 X141.82 Y128.935 E1574.38814
G0 F9000 X141.6 Y128.935
G0 X141.6 Y130.627
G0 X141.82 Y130.627
G1 F3000 X138.834 Y141.77 E1574.77183
G0 F9000 X138.807 Y141.552
G0 X137.735 Y141.6
G0 X137.735 Y141.82
G1 F3000 X129.094 Y133.18 E1575.17825
G0 F9000 X128.712 Y133.18
G1 F3000 X126.397 Y141.82 E1575.47576
G0 F9000 X126.397 Y141.6
G0 X129.249 Y141.6
G0 X129.249 Y141.82
G1 F3000 X120.609 Y133.18 E1575.88216
G0 F9000 X120.609 Y133.4
G0 X122.501 Y133.4
G0 X122.501 Y133.18
G1 F3000 X120.185 Y141.821 E1576.1797
G0 F9000 X120.764 Y141.82
G1 F3000 X112.124 Y133.18 E1576.5861
G0 F9000 X112.124 Y133.4
G0 X110.077 Y133.4
G0 X110.077 Y133.18
G1 F3000 X107.762 Y141.82 E1576.88361
G0 F9000 X108.3 Y141.82
G1 F3000 X141.82 Y132.839 E1578.03781
G0 F9000 X141.6 Y132.839
G0 X137.579 Y133.4
G0 X137.579 Y133.179
G1 F3000 X141.82 Y137.421 E1578.23732
G0 F9000 X141.6 Y137.421
G0 X141.522 Y139.045
G0 X141.736 Y139.073
G1 F3000 X131.484 Y141.82 E1578.59033
G0 F9000 X131.484 Y141.6
G0 X132.609 Y141.6
G0 X132.609 Y141.82
G1 F3000 X134.924 Y133.18 E1578.88783
G0 F9000 X134.924 Y133.4
G0 X138.328 Y133.328
G0 X138.4 Y127.602
G0 X138.18 Y127.602
G1 F3000 X141.82 Y126.627 E1579.01317
G0 F9000 X141.6 Y126.627
G0 X138.328 Y133.328
G0 X117.366 Y133.4
G0 X117.366 Y133.18
G1 F3000 X93.397 Y139.602 E1579.8385
G0 F9000 X93.616 Y140.128
G1 F3000 X94.867 Y141.379 E1579.89734
G0 F9000 X95.398 Y141.598
G1 F3000 X97.654 Y133.18 E1580.1872
G0 F9000 X97.654 Y133.4
G0 X96.672 Y133.328
G0 X96.6 Y132.473
G0 X96.82 Y132.473
G1 F3000 X93.181 Y133.448 E1580.31251
G0 F9000 X93.4 Y133.448
G0 X93.4 Y131.206
G0 X93.18 Y131.206
G1 F3000 X103.793 Y141.82 E1580.81173
G0 F9000 X103.793 Y141.6
G0 X101.55 Y141.6
G0 X101.55 Y141.821
G1 F3000 X103.866 Y133.18 E1581.10928
G0 F9000 X103.639 Y133.18
G1 F3000 X112.279 Y141.82 E1581.51568
G0 F9000 X112.279 Y141.6
G0 X113.974 Y141.6
G0 X113.974 Y141.821
G1 F3000 X116.289 Y133.18 E1581.81321
G0 F9000 X116.289 Y133.4
G0 X96.672 Y133.328
G0 X96.6 Y126.361
G0 X96.82 Y126.361
G1 F3000 X93.18 Y122.721 E1581.98443
G0 F9000 X93.4 Y122.721
G0 X93.4 Y121.025
G0 X93.181 Y121.025
G1 F3000 X96.819 Y120.05 E1582.1097
G0 F9000 X96.6 Y120.05
G0 X96.6 Y117.876
G0 X96.82 Y117.876
G1 F3000 X93.18 Y114.236 E1582.28091
G0 F9000 X93.181 Y114.813
G1 F3000 X96.82 Y113.838 E1582.40621
G0 F9000 X96.82 Y113.11
G1 F3000 X93.18 Y126.695 E1582.87399
G0 F9000 X93.18 Y127.237
G1 F3000 X96.819 Y126.262 E1582.99929
G0 F9000 X96.6 Y126.262
G0 X96.6 Y109.391
G0 X96.82 Y109.391
G1 F3000 X93.18 Y105.751 E1583.17051
G0 F9000 X93.4 Y105.751
G0 X93.4 Y108.601
G0 X93.181 Y108.601
G1 F3000 X96.82 Y107.626 E1583.29581
G0 F9000 X96.3 Y107.626
;MESH:NONMESH
G0 F300 X96.3 Y107.626 Z4.6
G0 F9000 X94.312 Y94.313
G0 X94.1 Y94.1
;TIME_ELAPSED:2229.039210
;LAYER:22
;TYPE:WALL-INNER
;MESH:doppia_fenditura.stl
G1 F1500 X93.556 Y94.804 E1583.3254
G1 X93.221 Y95.613 E1583.35453
G1 X93.1 Y96.543 E1583.38572
G1 X93.1 Y138.457 E1584.77978
G1 X93.221 Y139.383 E1584.81084
G1 X93.556 Y140.192 E1584.83997
G1 X94.1 Y140.896 E1584.86956
G1 X94.804 Y141.44 E1584.89915
G1 X95.614 Y141.775 E1584.9283
G1 X96.544 Y141.9 E1584.95951
G1 X138.456 Y141.9 E1586.35351
G1 X139.383 Y141.775 E1586.38462
G1 X140.188 Y141.443 E1586.41359
G1 X140.896 Y140.896 E1586.44334
G1 X141.443 Y140.188 E1586.4731
G1 X141.775 Y139.383 E1586.50206
G1 X141.9 Y138.456 E1586.53317
G1 X141.9 Y96.544 E1587.92717
G1 X141.775 Y95.613 E1587.95842
G1 X141.443 Y94.808 E1587.98738
G1 X140.896 Y94.101 E1588.01711
G1 X140.188 Y93.556 E1588.04683
G1 X139.383 Y93.221 E1588.07583
G1 X138.457 Y93.1 E1588.10689
G1 X96.543 Y93.1 E1589.50095
G1 X95.613 Y93.221 E1589.53215
G1 X94.804 Y93.556 E1589.56127
G1 X94.1 Y94.1 E1589.59086
G0 F9000 X94.312 Y94.313
G0 X97.14 Y101.6
G0 X97.14 Y102.02
G1 F1500 X97.421 Y101.9 E1589.60102
G1 X137.579 Y101.9 E1590.93668
G1 X137.86 Y102.02 E1590.94685
G1 X137.981 Y102.139 E1590.95249
G1 X138.068 Y102.305 E1590.95872
G1 X138.1 Y102.5 E1590.9653
G1 X138.1 Y132.574 E1591.96556
G1 X137.981 Y132.86 E1591.97587
G1 X137.86 Y132.98 E1591.98153
G1 X137.579 Y133.1 E1591.9917
G1 X97.421 Y133.1 E1593.32736
G1 X97.14 Y132.98 E1593.33752
G1 X97.019 Y132.86 E1593.34319
G1 X96.932 Y132.695 E1593.34939
G1 X96.9 Y132.5 E1593.35596
G1 X96.9 Y102.5 E1594.35377
G1 X96.932 Y102.305 E1594.36034
G1 X97.02 Y102.14 E1594.36656
G1 X97.14 Y102.02 E1594.3722
G0 F9000 X97.38 Y102.34
;TYPE:WALL-OUTER
G1 F1500 X97.463 Y102.303 E1594.37523
G1 X137.537 Y102.303 E1595.70809
G1 X137.62 Y102.34 E1595.71112
G1 X137.7 Y102.449 E1595.71561
G1 X137.698 Y132.535 E1596.71628
G1 X137.661 Y132.62 E1596.71936
G1 X137.537 Y132.697 E1596.72422
G1 X97.463 Y132.697 E1598.05708
G1 X97.38 Y132.66 E1598.0601
G1 X97.3 Y132.551 E1598.0646
G1 X97.3 Y102.449 E1599.0658
G1 X97.38 Y102.34 E1599.07029
G1 F2700 E1594.07029
G0 F9000 X97.38 Y101.6
G0 X94.312 Y94.313
G0 X93.815 Y93.815
G1 F2700 E1599.07029
G1 F1500 X93.207 Y94.602 E1599.10337
G1 X92.831 Y95.509 E1599.13603
G1 X92.7 Y96.517 E1599.16984
G1 X92.7 Y138.483 E1600.56563
G1 X92.831 Y139.487 E1600.59931
G1 X93.207 Y140.394 E1600.63196
G1 X93.815 Y141.181 E1600.66504
G1 X94.602 Y141.789 E1600.69812
G1 X95.509 Y142.165 E1600.73077
G1 X96.518 Y142.3 E1600.76463
G1 X138.482 Y142.3 E1602.16036
G1 X139.487 Y142.165 E1602.19409
G1 X140.39 Y141.793 E1602.22657
G1 X141.181 Y141.181 E1602.25983
G1 X141.793 Y140.39 E1602.2931
G1 X142.165 Y139.487 E1602.32558
G1 X142.3 Y138.482 E1602.35931
G1 X142.3 Y96.518 E1603.75504
G1 X142.165 Y95.509 E1603.78889
G1 X141.793 Y94.606 E1603.82138
G1 X141.181 Y93.815 E1603.85464
G1 X140.39 Y93.207 E1603.88782
G1 X139.487 Y92.831 E1603.92036
G1 X138.483 Y92.7 E1603.95403
G1 X96.517 Y92.7 E1605.34983
G1 X95.509 Y92.831 E1605.38364
G1 X94.602 Y93.207 E1605.41629
G1 X93.815 Y93.815 E1605.44937
G0 F9000 X94.312 Y94.313
G0 X95.803 Y93.499
G0 X95.776 Y93.28
;TYPE:FILL
G1 F3000 X93.18 Y102.968 E1605.78296
G0 F9000 X93.18 Y102.536
G1 F3000 X128.099 Y93.18 E1606.98534
G0 F9000 X128.099 Y93.4
G0 X126.861 Y93.4
G0 X126.861 Y93.18
G1 F3000 X124.546 Y101.82 E1607.28284
G0 F9000 X124.546 Y101.6
G0 X123.389 Y101.6
G0 X123.389 Y101.82
G1 F3000 X114.749 Y93.18 E1607.68924
G0 F9000 X114.438 Y93.18
G1 F3000 X112.123 Y101.82 E1607.98675
G0 F9000 X112.123 Y101.6
G0 X114.904 Y101.6
G0 X114.904 Y101.82
G1 F3000 X106.264 Y93.18 E1608.39315
G0 F9000 X106.264 Y93.4
G0 X104.917 Y93.4
G0 X104.917 Y93.18
G1 F3000 X93.212 Y96.316 E1608.79619
G0 F9000 X93.18 Y97.066
G1 F3000 X97.934 Y101.82 E1609.0198
G0 F9000 X97.934 Y101.6
G0 X99.699 Y101.6
G0 X99.699 Y101.82
G1 F3000 X102.014 Y93.18 E1609.3173
G0 F9000 X102.014 Y93.4
G0 X97.779 Y93.4
G0 X97.779 Y93.18
G1 F3000 X106.419 Y101.82 E1609.7237
G0 F9000 X105.911 Y101.82
G1 F3000 X108.226 Y93.18 E1610.02121
G0 F9000 X108.226 Y93.4
G0 X120.649 Y93.4
G0 X120.649 Y93.179
G1 F3000 X118.334 Y101.821 E1610.31877
G0 F9000 X119.033 Y101.82
G1 F3000 X141.712 Y95.744 E1611.09968
G0 F9000 X141.497 Y95.771
G0 X139.228 Y93.502
G0 X139.256 Y93.285
G1 F3000 X136.969 Y101.821 E1611.39361
G0 F9000 X136.969 Y101.6
G0 X138.328 Y101.672
G0 X138.4 Y102.902
G0 X138.18 Y102.902
G1 F3000 X141.82 Y101.926 E1611.51895
G0 F9000 X141.6 Y101.926
G0 X141.6 Y103.28
G0 X141.82 Y103.28
G1 F3000 X131.72 Y93.18 E1611.99402
G0 F9000 X131.72 Y93.4
G0 X133.073 Y93.4
G0 X133.073 Y93.18
G1 F3000 X130.757 Y101.821 E1612.29157
G0 F9000 X130.757 Y101.6
G0 X131.875 Y101.6
G0 X131.875 Y101.82
G1 F3000 X123.235 Y93.18 E1612.69797
G0 F9000 X123.235 Y93.4
G0 X138.328 Y101.672
G0 X138.4 Y108.125
G0 X138.18 Y108.125
G1 F3000 X141.82 Y111.765 E1612.86918
G0 F9000 X141.6 Y111.765
G0 X141.6 Y114.35
G0 X141.819 Y114.35
G1 F3000 X138.181 Y115.325 E1612.99445
G0 F9000 X138.4 Y115.325
G0 X138.4 Y116.61
G0 X138.18 Y116.61
G1 F3000 X141.82 Y120.251 E1613.16569
G0 F9000 X141.82 Y120.561
G1 F3000 X138.18 Y121.537 E1613.29103
G0 F9000 X138.4 Y121.537
G0 X138.4 Y120.483
G0 X138.18 Y120.483
G1 F3000 X141.82 Y106.898 E1613.75881
G0 F9000 X141.6 Y106.898
G0 X141.6 Y108.138
G0 X141.82 Y108.138
G1 F3000 X138.18 Y109.113 E1613.88414
G0 F9000 X138.4 Y109.113
G0 X138.4 Y125.096
G0 X138.18 Y125.096
G1 F3000 X141.82 Y128.736 E1614.05536
G0 F9000 X141.6 Y128.736
G0 X141.6 Y130.082
G0 X141.82 Y130.082
G1 F3000 X138.683 Y141.79 E1614.4585
G0 F9000 X137.934 Y141.82
G1 F3000 X129.294 Y133.18 E1614.8649
G0 F9000 X128.566 Y133.179
G1 F3000 X126.251 Y141.821 E1615.16247
G0 F9000 X126.251 Y141.6
G0 X129.449 Y141.6
G0 X129.449 Y141.82
G1 F3000 X120.808 Y133.18 E1615.56889
G0 F9000 X120.808 Y133.4
G0 X122.355 Y133.4
G0 X122.355 Y133.18
G1 F3000 X120.039 Y141.821 E1615.86644
G0 F9000 X120.963 Y141.82
G1 F3000 X112.323 Y133.18 E1616.27284
G0 F9000 X112.323 Y133.4
G0 X109.931 Y133.4
G0 X109.931 Y133.18
G1 F3000 X107.616 Y141.821 E1616.57037
G0 F9000 X107.616 Y141.6
G0 X108.845 Y141.6
G0 X108.845 Y141.82
G1 F3000 X141.819 Y132.985 E1617.70578
G0 F9000 X141.6 Y132.985
G0 X137.719 Y133.4
G0 X137.719 Y133.12
G1 F3000 X141.82 Y137.221 E1617.89868
G0 F9000 X141.6 Y137.221
G0 X141.502 Y139.196
G0 X141.716 Y139.224
G1 F3000 X132.028 Y141.82 E1618.23227
G0 F9000 X132.463 Y141.82
G1 F3000 X134.778 Y133.18 E1618.52977
G0 F9000 X134.778 Y133.4
G0 X138.328 Y133.328
G0 X138.4 Y127.748
G0 X138.18 Y127.748
G1 F3000 X141.82 Y126.773 E1618.65511
G0 F9000 X141.6 Y126.773
G0 X138.328 Y133.328
G0 X117.91 Y133.4
G0 X117.91 Y133.18
G1 F3000 X93.452 Y139.733 E1619.49728
G1 X93.475 Y139.788
G1 X95.206 Y141.519 E1619.5787
G1 X95.267 Y141.544
G1 X97.508 Y133.18 E1619.8667
G0 F9000 X96.841 Y132.613
G1 F3000 X93.181 Y133.594 E1619.99273
G0 F9000 X93.4 Y133.594
G0 X93.4 Y131.007
G0 X93.18 Y131.007
G1 F3000 X103.993 Y141.82 E1620.50134
G0 F9000 X103.993 Y141.6
G0 X101.404 Y141.6
G0 X101.404 Y141.821
G1 F3000 X103.72 Y133.18 E1620.79888
G1 X103.838 Y133.18
G1 X112.478 Y141.82 E1621.20528
G0 F9000 X112.478 Y141.6
G0 X113.828 Y141.6
G0 X113.828 Y141.82
G1 F3000 X116.143 Y133.18 E1621.50278
G0 F9000 X116.143 Y133.4
G0 X96.672 Y133.328
G0 X96.6 Y126.408
G0 X96.819 Y126.408
G1 F3000 X93.181 Y127.382 E1621.62805
G0 F9000 X93.4 Y127.382
G0 X93.4 Y126.15
G0 X93.18 Y126.15
G1 F3000 X96.82 Y112.564 E1622.09586
G0 F9000 X96.6 Y112.564
G0 X96.6 Y113.984
G0 X96.819 Y113.984
G1 F3000 X93.181 Y114.959 E1622.22113
G0 F9000 X93.18 Y114.037
G1 F3000 X96.82 Y117.677 E1622.39234
G0 F9000 X96.6 Y117.677
G0 X96.6 Y120.196
G0 X96.819 Y120.196
G1 F3000 X93.18 Y121.171 E1622.51764
G0 F9000 X93.4 Y121.171
G0 X93.4 Y122.522
G0 X93.18 Y122.522
G1 F3000 X96.82 Y126.162 E1622.68886
G0 F9000 X96.6 Y126.162
G0 X96.6 Y109.191
G0 X96.82 Y109.191
G1 F3000 X93.18 Y105.551 E1622.86007
G0 F9000 X93.4 Y105.551
G0 X93.4 Y108.747
G0 X93.181 Y108.747
G1 F3000 X96.82 Y107.772 E1622.98538
G0 F9000 X96.3 Y107.772
;MESH:NONMESH
G0 F300 X96.3 Y107.772 Z4.8
G0 F9000 X94.312 Y94.313
G0 X94.1 Y94.1
;TIME_ELAPSED:2280.398350
;LAYER:23
;TYPE:WALL-INNER
;MESH:doppia_fenditura.stl
G1 F1500 X93.556 Y94.804 E1623.01497
G1 X93.221 Y95.613 E1623.04409
G1 X93.1 Y96.543 E1623.07528
G1 X93.1 Y138.457 E1624.46935
G1 X93.221 Y139.383 E1624.50041
G1 X93.556 Y140.192 E1624.52953
G1 X94.1 Y140.896 E1624.55912
G1 X94.804 Y141.44 E1624.58871
G1 X95.614 Y141.775 E1624.61787
G1 X96.544 Y141.9 E1624.64908
G1 X138.456 Y141.9 E1626.04308
G1 X139.383 Y141.775 E1626.07419
G1 X140.188 Y141.443 E1626.10315
G1 X140.896 Y140.896 E1626.13291
G1 X141.443 Y140.188 E1626.16267
G1 X141.775 Y139.383 E1626.19163
G1 X141.9 Y138.456 E1626.22274
G1 X141.9 Y96.544 E1627.61674
G1 X141.775 Y95.613 E1627.64798
G1 X141.443 Y94.808 E1627.67694
G1 X140.896 Y94.101 E1627.70667
G1 X140.188 Y93.556 E1627.73639
G1 X139.383 Y93.221 E1627.76539
G1 X138.457 Y93.1 E1627.79645
G1 X96.543 Y93.1 E1629.19052
G1 X95.613 Y93.221 E1629.22171
G1 X94.804 Y93.556 E1629.25083
G1 X94.1 Y94.1 E1629.28042
G0 F9000 X94.312 Y94.313
G0 X97.14 Y101.6
G0 X97.14 Y102.02
G1 F1500 X97.421 Y101.9 E1629.29059
G1 X137.579 Y101.9 E1630.62625
G1 X137.86 Y102.02 E1630.63641
G1 X137.981 Y102.139 E1630.64205
G1 X138.068 Y102.305 E1630.64829
G1 X138.1 Y102.5 E1630.65486
G1 X138.1 Y132.574 E1631.65513
G1 X137.981 Y132.86 E1631.66543
G1 X137.86 Y132.98 E1631.6711
G1 X137.579 Y133.1 E1631.68126
G1 X97.421 Y133.1 E1633.01692
G1 X97.14 Y132.98 E1633.02708
G1 X97.019 Y132.86 E1633.03275
G1 X96.932 Y132.695 E1633.03895
G1 X96.9 Y132.5 E1633.04553
G1 X96.9 Y102.5 E1634.04333
G1 X96.932 Y102.305 E1634.0499
G1 X97.02 Y102.14 E1634.05612
G1 X97.14 Y102.02 E1634.06177
G0 F9000 X97.38 Y102.34
;TYPE:WALL-OUTER
G1 F1500 X97.463 Y102.303 E1634.06479
G1 X137.537 Y102.303 E1635.39766
G1 X137.62 Y102.34 E1635.40068
G1 X137.7 Y102.449 E1635.40518
G1 X137.698 Y132.535 E1636.40584
G1 X137.661 Y132.62 E1636.40892
G1 X137.537 Y132.697 E1636.41378
G1 X97.463 Y132.697 E1637.74665
G1 X97.38 Y132.66 E1637.74967
G1 X97.3 Y132.551 E1637.75416
G1 X97.3 Y102.449 E1638.75536
G1 X97.38 Y102.34 E1638.75986
G1 F2700 E1633.75986
G0 F9000 X97.38 Y101.6
G0 X94.312 Y94.313
G0 X93.815 Y93.815
G1 F2700 E1638.75986
G1 F1500 X93.207 Y94.602 E1638.79294
G1 X92.831 Y95.509 E1638.82559
G1 X92.7 Y96.517 E1638.8594
G1 X92.7 Y138.483 E1640.25519
G1 X92.831 Y139.487 E1640.28887
G1 X93.207 Y140.394 E1640.32153
G1 X93.815 Y141.181 E1640.3546
G1 X94.602 Y141.789 E1640.38768
G1 X95.509 Y142.165 E1640.42034
G1 X96.518 Y142.3 E1640.4542
G1 X138.482 Y142.3 E1641.84993
G1 X139.487 Y142.165 E1641.88365
G1 X140.39 Y141.793 E1641.91613
G1 X141.181 Y141.181 E1641.9494
G1 X141.793 Y140.39 E1641.98266
G1 X142.165 Y139.487 E1642.01514
G1 X142.3 Y138.482 E1642.04887
G1 X142.3 Y96.518 E1643.4446
G1 X142.165 Y95.509 E1643.47846
G1 X141.793 Y94.606 E1643.51094
G1 X141.181 Y93.815 E1643.5442
G1 X140.39 Y93.207 E1643.57739
G1 X139.487 Y92.831 E1643.60992
G1 X138.483 Y92.7 E1643.6436
G1 X96.517 Y92.7 E1645.03939
G1 X95.509 Y92.831 E1645.0732
G1 X94.602 Y93.207 E1645.10586
G1 X93.815 Y93.815 E1645.13893
G0 F9000 X94.312 Y94.313
G0 X95.699 Y93.511
G0 X95.623 Y93.303
;TYPE:FILL
G1 F3000 X93.18 Y102.42 E1645.45286
G0 F9000 X93.18 Y102.683
G1 F3000 X128.647 Y93.18 E1646.67411
G0 F9000 X128.647 Y93.4
G0 X126.714 Y93.4
G0 X126.714 Y93.18
G1 F3000 X124.399 Y101.82 E1646.97162
G0 F9000 X123.59 Y101.82
G1 F3000 X114.95 Y93.18 E1647.37801
G0 F9000 X114.291 Y93.18
G1 F3000 X111.975 Y101.821 E1647.67556
G0 F9000 X111.975 Y101.6
G0 X115.105 Y101.6
G0 X115.105 Y101.82
G1 F3000 X106.465 Y93.18 E1648.08196
G0 F9000 X106.465 Y93.4
G0 X105.464 Y93.4
G0 X105.464 Y93.18
G1 F3000 X93.191 Y96.468 E1648.50456
G0 F9000 X93.18 Y96.865
G1 F3000 X98.134 Y101.82 E1648.7376
G0 F9000 X98.134 Y101.6
G0 X99.552 Y101.6
G0 X99.552 Y101.82
G1 F3000 X101.867 Y93.18 E1649.0351
G0 F9000 X101.867 Y93.4
G0 X97.98 Y93.4
G0 X97.98 Y93.18
G1 F3000 X106.62 Y101.82 E1649.4415
G0 F9000 X105.764 Y101.82
G1 F3000 X108.079 Y93.18 E1649.73901
G0 F9000 X108.079 Y93.4
G0 X120.502 Y93.4
G0 X120.502 Y93.179
G1 F3000 X118.187 Y101.821 E1650.03658
G0 F9000 X118.187 Y101.6
G0 X119.582 Y101.6
G0 X119.582 Y101.82
G1 F3000 X141.73 Y95.886 E1650.7992
G0 F9000 X141.515 Y95.913
G0 X139.086 Y93.484
G0 X139.114 Y93.266
G1 F3000 X136.822 Y101.821 E1651.09378
G0 F9000 X136.822 Y101.6
G0 X138.328 Y101.672
G0 X138.4 Y103.049
G0 X138.18 Y103.049
G1 F3000 X141.82 Y102.073 E1651.21912
G0 F9000 X141.6 Y102.073
G0 X141.6 Y103.079
G0 X141.82 Y103.079
G1 F3000 X131.921 Y93.18 E1651.68474
G0 F9000 X131.921 Y93.4
G0 X132.926 Y93.4
G0 X132.926 Y93.18
G1 F3000 X130.61 Y101.821 E1651.98228
G0 F9000 X130.61 Y101.6
G0 X132.076 Y101.6
G0 X132.076 Y101.82
G1 F3000 X123.435 Y93.18 E1652.38871
G0 F9000 X123.435 Y93.4
G0 X138.328 Y101.672
G0 X138.4 Y107.924
G0 X138.18 Y107.924
G1 F3000 X141.82 Y111.564 E1652.55992
G0 F9000 X141.6 Y111.564
G0 X141.6 Y114.497
G0 X141.819 Y114.497
G1 F3000 X138.181 Y115.472 E1652.68519
G0 F9000 X138.18 Y116.41
G1 F3000 X141.82 Y120.05 E1652.85641
G0 F9000 X141.82 Y120.708
G1 F3000 X138.18 Y121.684 E1652.98175
G0 F9000 X138.4 Y121.684
G0 X138.4 Y119.934
G0 X138.18 Y119.934
G1 F3000 X141.82 Y106.35 E1653.4495
G0 F9000 X141.6 Y106.35
G0 X141.6 Y108.285
G0 X141.82 Y108.285
G1 F3000 X138.18 Y109.26 E1653.57483
G0 F9000 X138.4 Y109.26
G0 X138.4 Y124.895
G0 X138.18 Y124.895
G1 F3000 X141.82 Y128.535 E1653.74604
G0 F9000 X141.82 Y129.533
G1 F3000 X138.53 Y141.81 E1654.16879
G0 F9000 X138.135 Y141.82
G1 F3000 X129.495 Y133.18 E1654.57519
G0 F9000 X129.495 Y133.4
G0 X128.419 Y133.4
G0 X128.419 Y133.179
G1 F3000 X126.104 Y141.821 E1654.87275
G0 F9000 X126.104 Y141.6
G0 X129.649 Y141.6
G0 X129.649 Y141.82
G1 F3000 X121.009 Y133.18 E1655.27915
G0 F9000 X121.009 Y133.4
G0 X122.208 Y133.4
G0 X122.208 Y133.18
G1 F3000 X119.892 Y141.821 E1655.5767
G0 F9000 X119.892 Y141.6
G0 X121.164 Y141.6
G0 X121.164 Y141.82
G1 F3000 X112.524 Y133.18 E1655.9831
G0 F9000 X112.524 Y133.4
G0 X109.784 Y133.4
G0 X109.784 Y133.18
G1 F3000 X107.469 Y141.82 E1656.2806
G0 F9000 X107.469 Y141.6
G0 X109.393 Y141.6
G0 X109.393 Y141.82
G1 F3000 X141.819 Y133.132 E1657.39714
G0 F9000 X141.6 Y133.132
G0 X141.6 Y137.02
G0 X141.82 Y137.02
G1 F3000 X137.86 Y133.061 E1657.58338
G0 F9000 X137.86 Y133.4
G0 X134.631 Y133.4
G0 X134.631 Y133.18
G1 F3000 X132.316 Y141.82 E1657.88088
G0 F9000 X132.577 Y141.82
G1 F3000 X141.691 Y139.378 E1658.19471
G0 F9000 X141.491 Y139.294
G0 X138.4 Y127.895
G0 X138.18 Y127.895
G1 F3000 X141.82 Y126.92 E1658.32004
G0 F9000 X141.6 Y126.92
G0 X138.328 Y133.328
G0 X118.459 Y133.4
G0 X118.459 Y133.18
G1 F3000 X93.507 Y139.865 E1659.17922
G0 F9000 X93.334 Y139.446
G1 F3000 X95.548 Y141.66 E1659.28336
G0 F9000 X95.135 Y141.489
G1 F3000 X97.367 Y133.157 E1659.57025
G0 F9000 X96.875 Y132.751
G1 F3000 X93.181 Y133.741 E1659.69745
G0 F9000 X93.4 Y133.741
G0 X93.4 Y130.806
G0 X93.18 Y130.806
G1 F3000 X104.194 Y141.82 E1660.21552
G0 F9000 X104.194 Y141.6
G0 X101.257 Y141.6
G0 X101.257 Y141.821
G1 F3000 X103.573 Y133.18 E1660.51306
G0 F9000 X104.039 Y133.18
G1 F3000 X112.679 Y141.82 E1660.91946
G0 F9000 X112.679 Y141.6
G0 X113.681 Y141.6
G0 X113.681 Y141.821
G1 F3000 X115.996 Y133.18 E1661.217
G0 F9000 X115.996 Y133.4
G0 X96.672 Y133.328
G0 X96.6 Y126.555
G0 X96.819 Y126.555
G1 F3000 X93.181 Y127.529 E1661.34226
G0 F9000 X93.4 Y127.529
G0 X93.4 Y125.602
G0 X93.18 Y125.602
G1 F3000 X96.82 Y112.016 E1661.81007
G0 F9000 X96.6 Y112.016
G0 X96.6 Y114.131
G0 X96.819 Y114.131
G1 F3000 X93.181 Y115.106 E1661.93534
G0 F9000 X93.4 Y115.106
G0 X93.4 Y113.836
G0 X93.18 Y113.836
G1 F3000 X96.82 Y117.476 E1662.10655
G0 F9000 X96.6 Y117.476
G0 X96.6 Y120.343
G0 X96.819 Y120.343
G1 F3000 X93.18 Y121.318 E1662.23186
G0 F9000 X93.4 Y121.318
G0 X93.4 Y122.321
G0 X93.18 Y122.321
G1 F3000 X96.82 Y125.961 E1662.40307
G0 F9000 X96.6 Y125.961
G0 X96.6 Y108.991
G0 X96.82 Y108.991
G1 F3000 X93.18 Y105.35 E1662.57431
G0 F9000 X93.4 Y105.35
G0 X93.4 Y108.894
G0 X93.181 Y108.894
G1 F3000 X96.82 Y107.919 E1662.69961
G0 F9000 X96.3 Y107.919
;MESH:NONMESH
G0 F300 X96.3 Y107.919 Z5
G0 F9000 X94.312 Y94.313
G0 X94.1 Y94.1
;TIME_ELAPSED:2332.049091
;LAYER:24
;TYPE:WALL-INNER
;MESH:doppia_fenditura.stl
G1 F1500 X93.556 Y94.804 E1662.7292
G1 X93.221 Y95.613 E1662.75832
G1 X93.1 Y96.543 E1662.78952
G1 X93.1 Y138.457 E1664.18358
G1 X93.221 Y139.383 E1664.21464
G1 X93.556 Y140.192 E1664.24377
G1 X94.1 Y140.896 E1664.27336
G1 X94.804 Y141.44 E1664.30295
G1 X95.614 Y141.775 E1664.3321
G1 X96.544 Y141.9 E1664.36331
G1 X138.456 Y141.9 E1665.75731
G1 X139.383 Y141.775 E1665.78842
G1 X140.188 Y141.443 E1665.81738
G1 X140.896 Y140.896 E1665.84714
G1 X141.443 Y140.188 E1665.8769
G1 X141.775 Y139.383 E1665.90586
G1 X141.9 Y138.456 E1665.93697
G1 X141.9 Y96.544 E1667.33097
G1 X141.775 Y95.613 E1667.36222
G1 X141.443 Y94.808 E1667.39118
G1 X140.896 Y94.101 E1667.42091
G1 X140.188 Y93.556 E1667.45063
G1 X139.383 Y93.221 E1667.47963
G1 X138.457 Y93.1 E1667.51069
G1 X96.543 Y93.1 E1668.90475
G1 X95.613 Y93.221 E1668.93594
G1 X94.804 Y93.556 E1668.96507
G1 X94.1 Y94.1 E1668.99466
G0 F9000 X94.312 Y94.313
G0 X97.14 Y101.6
G0 X97.14 Y102.02
G1 F1500 X97.421 Y101.9 E1669.00482
G1 X137.579 Y101.9 E1670.34048
G1 X137.86 Y102.02 E1670.35064
G1 X137.981 Y102.139 E1670.35629
G1 X138.068 Y102.305 E1670.36252
G1 X138.1 Y102.5 E1670.3691
G1 X138.1 Y132.574 E1671.36936
G1 X137.981 Y132.86 E1671.37966
G1 X137.86 Y132.98 E1671.38533
G1 X137.579 Y133.1 E1671.39549
G1 X97.421 Y133.1 E1672.73115
G1 X97.14 Y132.98 E1672.74132
G1 X97.019 Y132.86 E1672.74699
G1 X96.932 Y132.695 E1672.75319
G1 X96.9 Y132.5 E1672.75976
G1 X96.9 Y102.5 E1673.75757
G1 X96.932 Y102.305 E1673.76414
G1 X97.02 Y102.14 E1673.77036
G1 X97.14 Y102.02 E1673.776
G0 F9000 X97.38 Y102.34
;TYPE:WALL-OUTER
G1 F1500 X97.463 Y102.303 E1673.77902
G1 X137.537 Y102.303 E1675.11189
G1 X137.62 Y102.34 E1675.11491
G1 X137.7 Y102.449 E1675.11941
G1 X137.698 Y132.535 E1676.12008
G1 X137.661 Y132.62 E1676.12316
G1 X137.537 Y132.697 E1676.12801
G1 X97.463 Y132.697 E1677.46088
G1 X97.38 Y132.66 E1677.4639
G1 X97.3 Y132.551 E1677.4684
G1 X97.3 Y102.449 E1678.4696
G1 X97.38 Y102.34 E1678.47409
G1 F2700 E1673.47409
G0 F9000 X97.38 Y101.6
G0 X94.312 Y94.313
G0 X93.815 Y93.815
G1 F2700 E1678.47409
G1 F1500 X93.207 Y94.602 E1678.50717
G1 X92.831 Y95.509 E1678.53983
G1 X92.7 Y96.517 E1678.57364
G1 X92.7 Y138.483 E1679.96943
G1 X92.831 Y139.487 E1680.00311
G1 X93.207 Y140.394 E1680.03576
G1 X93.815 Y141.181 E1680.06884
G1 X94.602 Y141.789 E1680.10192
G1 X95.509 Y142.165 E1680.13457
G1 X96.518 Y142.3 E1680.16843
G1 X138.482 Y142.3 E1681.56416
G1 X139.487 Y142.165 E1681.59789
G1 X140.39 Y141.793 E1681.63037
G1 X141.181 Y141.181 E1681.66363
G1 X141.793 Y140.39 E1681.6969
G1 X142.165 Y139.487 E1681.72938
G1 X142.3 Y138.482 E1681.76311
G1 X142.3 Y96.518 E1683.15883
G1 X142.165 Y95.509 E1683.19269
G1 X141.793 Y94.606 E1683.22518
G1 X141.181 Y93.815 E1683.25844
G1 X140.39 Y93.207 E1683.29162
G1 X139.487 Y92.831 E1683.32416
G1 X138.483 Y92.7 E1683.35783
G1 X96.517 Y92.7 E1684.75363
G1 X95.509 Y92.831 E1684.78744
G1 X94.602 Y93.207 E1684.82009
G1 X93.815 Y93.815 E1684.85317
G0 F9000 X94.312 Y94.313
G0 X95.542 Y93.578
G0 X95.458 Y93.372
;TYPE:FILL
G1 F3000 X93.18 Y101.874 E1685.14592
G0 F9000 X93.181 Y102.829
G1 F3000 X129.192 Y93.18 E1686.3859
G0 F9000 X129.192 Y93.4
G0 X126.568 Y93.4
G0 X126.568 Y93.18
G1 F3000 X124.253 Y101.82 E1686.68341
G0 F9000 X123.79 Y101.82
G1 F3000 X115.15 Y93.18 E1687.08981
G0 F9000 X115.15 Y93.4
G0 X114.145 Y93.4
G0 X114.145 Y93.18
G1 F3000 X111.83 Y101.82 E1687.38731
G0 F9000 X111.83 Y101.6
G0 X115.304 Y101.6
G0 X115.304 Y101.82
G1 F3000 X106.664 Y93.18 E1687.79371
G0 F9000 X106.01 Y93.18
G1 F3000 X93.18 Y96.617 E1688.23548
G1 X93.18 Y96.666
G1 X98.334 Y101.82 E1688.47791
G0 F9000 X98.334 Y101.6
G0 X99.406 Y101.6
G0 X99.406 Y101.82
G1 F3000 X101.721 Y93.179 E1688.77545
G0 F9000 X101.721 Y93.4
G0 X98.179 Y93.4
G0 X98.179 Y93.18
G1 F3000 X106.819 Y101.82 E1689.18185
G0 F9000 X106.819 Y101.6
G0 X105.618 Y101.6
G0 X105.618 Y101.82
G1 F3000 X107.933 Y93.18 E1689.47935
G0 F9000 X107.933 Y93.4
G0 X120.356 Y93.4
G0 X120.356 Y93.18
G1 F3000 X118.041 Y101.821 E1689.77689
G0 F9000 X118.041 Y101.6
G0 X120.126 Y101.6
G0 X120.126 Y101.82
G1 F3000 X141.749 Y96.027 E1690.52143
G0 F9000 X141.534 Y96.054
G0 X138.945 Y93.465
G0 X138.973 Y93.248
G1 F3000 X136.676 Y101.821 E1690.81663
G0 F9000 X136.676 Y101.6
G0 X138.328 Y101.672
G0 X138.4 Y103.195
G0 X138.18 Y103.195
G1 F3000 X141.82 Y102.219 E1690.94197
G0 F9000 X141.82 Y102.88
G1 F3000 X132.12 Y93.18 E1691.39823
G0 F9000 X132.78 Y93.18
G1 F3000 X130.464 Y101.821 E1691.69578
G0 F9000 X130.464 Y101.6
G0 X132.275 Y101.6
G0 X132.275 Y101.82
G1 F3000 X123.635 Y93.18 E1692.10218
G0 F9000 X123.635 Y93.4
G0 X138.328 Y101.672
G0 X138.4 Y107.725
G0 X138.18 Y107.725
G1 F3000 X141.82 Y111.365 E1692.27339
G0 F9000 X141.6 Y111.365
G0 X141.6 Y108.431
G0 X141.819 Y108.431
G1 F3000 X138.18 Y109.406 E1692.39869
G0 F9000 X138.4 Y109.406
G0 X141.6 Y105.805
G0 X141.82 Y105.805
G1 F3000 X138.18 Y119.39 E1692.86647
G0 F9000 X138.4 Y119.39
G0 X138.4 Y121.83
G0 X138.18 Y121.83
G1 F3000 X141.82 Y120.854 E1692.99181
G0 F9000 X141.6 Y120.854
G0 X141.6 Y119.85
G0 X141.82 Y119.85
G1 F3000 X138.18 Y116.21 E1693.16303
G0 F9000 X138.18 Y115.618
G1 F3000 X141.82 Y114.643 E1693.28836
G0 F9000 X141.6 Y114.643
G0 X138.4 Y124.695
G0 X138.18 Y124.695
G1 F3000 X141.82 Y128.336 E1693.4596
G0 F9000 X141.82 Y128.988
G1 F3000 X138.381 Y141.82 E1693.90146
G1 X138.334 Y141.82
G1 X129.694 Y133.18 E1694.30785
G0 F9000 X129.694 Y133.4
G0 X128.273 Y133.4
G0 X128.273 Y133.18
G1 F3000 X125.958 Y141.821 E1694.60539
G0 F9000 X125.958 Y141.6
G0 X129.849 Y141.6
G0 X129.849 Y141.82
G1 F3000 X121.209 Y133.18 E1695.01179
G0 F9000 X122.062 Y133.18
G1 F3000 X119.746 Y141.821 E1695.30934
G0 F9000 X119.746 Y141.6
G0 X121.364 Y141.6
G0 X121.364 Y141.82
G1 F3000 X112.723 Y133.18 E1695.71576
G0 F9000 X112.723 Y133.4
G0 X109.638 Y133.4
G0 X109.638 Y133.179
G1 F3000 X107.323 Y141.821 E1696.01333
G0 F9000 X107.323 Y141.6
G0 X109.938 Y141.6
G0 X109.938 Y141.82
G1 F3000 X141.819 Y133.278 E1697.11109
G0 F9000 X141.6 Y133.278
G0 X141.6 Y136.821
G0 X141.82 Y136.821
G1 F3000 X137.976 Y132.976 E1697.29193
G0 F9000 X138.4 Y132.976
G0 X138.328 Y133.328
G0 X134.485 Y133.4
G0 X134.485 Y133.179
G1 F3000 X132.17 Y141.82 E1697.58946
G0 F9000 X133.122 Y141.82
G1 F3000 X141.623 Y139.542 E1697.88218
G0 F9000 X141.423 Y139.458
G0 X138.4 Y128.041
G0 X138.181 Y128.041
G1 F3000 X141.82 Y127.066 E1698.00749
G0 F9000 X141.6 Y127.066
G0 X138.328 Y133.328
G0 X119.003 Y133.4
G0 X119.003 Y133.18
G1 F3000 X93.561 Y139.997 E1698.88354
G0 F9000 X93.277 Y139.189
G1 F3000 X95.807 Y141.72 E1699.00257
G0 F9000 X95.003 Y141.435
G1 F3000 X97.236 Y133.102 E1699.2895
G0 F9000 X96.942 Y132.879
G1 F3000 X93.181 Y133.887 E1699.41901
G0 F9000 X93.4 Y133.887
G0 X93.4 Y130.607
G0 X93.18 Y130.607
G1 F3000 X104.393 Y141.82 E1699.94643
G0 F9000 X104.393 Y141.6
G0 X101.111 Y141.6
G0 X101.111 Y141.821
G1 F3000 X103.427 Y133.18 E1700.24398
G0 F9000 X104.238 Y133.18
G1 F3000 X112.878 Y141.82 E1700.65038
G0 F9000 X113.535 Y141.82
G1 F3000 X115.85 Y133.18 E1700.94788
G0 F9000 X115.85 Y133.4
G0 X96.672 Y133.328
G0 X96.6 Y126.7
G0 X96.82 Y126.7
G1 F3000 X93.181 Y127.675 E1701.07318
G0 F9000 X93.4 Y127.675
G0 X93.4 Y125.057
G0 X93.18 Y125.057
G1 F3000 X96.82 Y111.471 E1701.54099
G0 F9000 X96.6 Y111.471
G0 X96.6 Y108.791
G0 X96.82 Y108.791
G1 F3000 X93.18 Y105.151 E1701.71221
G0 F9000 X93.4 Y105.151
G0 X93.4 Y109.04
G0 X93.181 Y109.04
G1 F3000 X96.819 Y108.066 E1701.83747
G0 F9000 X96.6 Y108.066
G0 X96.6 Y114.277
G0 X96.819 Y114.277
G1 F3000 X93.181 Y115.252 E1701.96274
G0 F9000 X93.4 Y115.252
G0 X93.4 Y113.636
G0 X93.18 Y113.636
G1 F3000 X96.82 Y117.276 E1702.13396
G0 F9000 X96.6 Y117.276
G0 X96.6 Y120.489
G0 X96.819 Y120.489
G1 F3000 X93.181 Y121.464 E1702.25923
G0 F9000 X93.18 Y122.122
G1 F3000 X96.82 Y125.762 E1702.43044
G0 F9000 X96.3 Y125.762
G1 F2700 E1697.43044
;MESH:NONMESH
G0 F300 X96.3 Y125.762 Z5.2
G0 F9000 X94.312 Y94.313
G0 X94.1 Y94.1
;TIME_ELAPSED:2383.940713
;LAYER:25
;TYPE:WALL-INNER
;MESH:doppia_fenditura.stl
G1 F2700 E1702.43044
G1 F1500 X93.556 Y94.804 E1702.46003
G1 X93.221 Y95.613 E1702.48915
G1 X93.1 Y96.543 E1702.52035
G1 X93.1 Y138.457 E1703.91441
G1 X93.221 Y139.383 E1703.94547
G1 X93.556 Y140.192 E1703.9746
G1 X94.1 Y140.896 E1704.00419
G1 X94.804 Y141.44 E1704.03378
G1 X95.614 Y141.775 E1704.06293
G1 X96.544 Y141.9 E1704.09414
G1 X138.456 Y141.9 E1705.48814
G1 X139.383 Y141.775 E1705.51925
G1 X140.188 Y141.443 E1705.54821
G1 X140.896 Y140.896 E1705.57797
G1 X141.443 Y140.188 E1705.60773
G1 X141.775 Y139.383 E1705.63669
G1 X141.9 Y138.456 E1705.6678
G1 X141.9 Y96.544 E1707.0618
G1 X141.775 Y95.613 E1707.09305
G1 X141.443 Y94.808 E1707.12201
G1 X140.896 Y94.101 E1707.15174
G1 X140.188 Y93.556 E1707.18146
G1 X139.383 Y93.221 E1707.21046
G1 X138.457 Y93.1 E1707.24152
G1 X96.543 Y93.1 E1708.63558
G1 X95.613 Y93.221 E1708.66677
G1 X94.804 Y93.556 E1708.6959
G1 X94.1 Y94.1 E1708.72549
G0 F9000 X94.312 Y94.313
G0 X97.14 Y101.6
G0 X97.14 Y102.02
G1 F1500 X97.421 Y101.9 E1708.73565
G1 X137.579 Y101.9 E1710.07131
G1 X137.86 Y102.02 E1710.08147
G1 X137.981 Y102.139 E1710.08712
G1 X138.068 Y102.305 E1710.09335
G1 X138.1 Y102.5 E1710.09993
G1 X138.1 Y132.574 E1711.10019
G1 X137.981 Y132.86 E1711.11049
G1 X137.86 Y132.98 E1711.11616
G1 X137.579 Y133.1 E1711.12632
G1 X97.421 Y133.1 E1712.46198
G1 X97.14 Y132.98 E1712.47215
G1 X97.019 Y132.86 E1712.47782
G1 X96.932 Y132.695 E1712.48402
G1 X96.9 Y132.5 E1712.49059
G1 X96.9 Y102.5 E1713.4884
G1 X96.932 Y102.305 E1713.49497
G1 X97.02 Y102.14 E1713.50119
G1 X97.14 Y102.02 E1713.50683
G0 F9000 X97.38 Y102.34
;TYPE:WALL-OUTER
G1 F1500 X97.463 Y102.303 E1713.50985
G1 X137.537 Y102.303 E1714.84272
G1 X137.62 Y102.34 E1714.84574
G1 X137.7 Y102.449 E1714.85024
G1 X137.698 Y132.535 E1715.85091
G1 X137.661 Y132.62 E1715.85399
G1 X137.537 Y132.697 E1715.85884
G1 X97.463 Y132.697 E1717.19171
G1 X97.38 Y132.66 E1717.19473
G1 X97.3 Y132.551 E1717.19923
G1 X97.3 Y102.449 E1718.20043
G1 X97.38 Y102.34 E1718.20492
G1 F2700 E1713.20492
G0 F9000 X97.38 Y101.6
G0 X94.312 Y94.313
G0 X93.815 Y93.815
G1 F2700 E1718.20492
G1 F1500 X93.207 Y94.602 E1718.238
G1 X92.831 Y95.509 E1718.27066
G1 X92.7 Y96.517 E1718.30447
G1 X92.7 Y138.483 E1719.70026
G1 X92.831 Y139.487 E1719.73394
G1 X93.207 Y140.394 E1719.76659
G1 X93.815 Y141.181 E1719.79967
G1 X94.602 Y141.789 E1719.83275
G1 X95.509 Y142.165 E1719.8654
G1 X96.518 Y142.3 E1719.89926
G1 X138.482 Y142.3 E1721.29499
G1 X139.487 Y142.165 E1721.32872
G1 X140.39 Y141.793 E1721.3612
G1 X141.181 Y141.181 E1721.39446
G1 X141.793 Y140.39 E1721.42773
G1 X142.165 Y139.487 E1721.46021
G1 X142.3 Y138.482 E1721.49394
G1 X142.3 Y96.518 E1722.88966
G1 X142.165 Y95.509 E1722.92352
G1 X141.793 Y94.606 E1722.95601
G1 X141.181 Y93.815 E1722.98927
G1 X140.39 Y93.207 E1723.02245
G1 X139.487 Y92.831 E1723.05499
G1 X138.483 Y92.7 E1723.08866
G1 X96.517 Y92.7 E1724.48446
G1 X95.509 Y92.831 E1724.51827
G1 X94.602 Y93.207 E1724.55092
G1 X93.815 Y93.815 E1724.584
G0 F9000 X94.312 Y94.313
G0 X95.378 Y93.646
G0 X95.294 Y93.44
;TYPE:FILL
G1 F3000 X93.18 Y101.329 E1724.85565
G0 F9000 X93.4 Y101.329
G0 X93.4 Y102.975
G0 X93.181 Y102.975
G1 F3000 X97.309 Y101.869 E1724.99779
G1 X97.489 Y101.82
G1 X129.737 Y93.18 E1726.10819
G0 F9000 X129.737 Y93.4
G0 X132.319 Y93.4
G0 X132.319 Y93.18
G1 F3000 X141.82 Y102.68 E1726.55506
G0 F9000 X141.82 Y102.365
G1 F3000 X138.18 Y103.341 E1726.68041
G0 F9000 X138.4 Y103.341
G0 X138.328 Y101.672
G0 X136.53 Y101.6
G0 X136.53 Y101.821
G1 F3000 X138.832 Y93.229 E1726.97626
G0 F9000 X138.804 Y93.447
G0 X141.552 Y96.194
G0 X141.769 Y96.167
G1 F3000 X120.671 Y101.821 E1727.70274
G0 F9000 X120.671 Y101.6
G0 X117.895 Y101.6
G0 X117.895 Y101.821
G1 F3000 X120.21 Y93.18 E1728.00028
G0 F9000 X120.21 Y93.4
G0 X123.834 Y93.4
G0 X123.834 Y93.18
G1 F3000 X132.474 Y101.82 E1728.40667
G0 F9000 X132.474 Y101.6
G0 X130.318 Y101.6
G0 X130.318 Y101.82
G1 F3000 X132.634 Y93.18 E1728.70419
G0 F9000 X132.634 Y93.4
G0 X126.422 Y93.4
G0 X126.422 Y93.179
G1 F3000 X124.107 Y101.821 E1729.00176
G1 X123.989 Y101.82
G1 X115.349 Y93.18 E1729.40815
G0 F9000 X115.349 Y93.4
G0 X113.999 Y93.4
G0 X113.999 Y93.18
G1 F3000 X111.684 Y101.82 E1729.70566
G0 F9000 X111.684 Y101.6
G0 X115.504 Y101.6
G0 X115.504 Y101.82
G1 F3000 X106.864 Y93.18 E1730.11206
G0 F9000 X106.554 Y93.18
G1 F3000 X93.181 Y96.763 E1730.57253
G0 F9000 X93.189 Y96.476
G1 F3000 X98.533 Y101.82 E1730.8239
G0 F9000 X99.26 Y101.82
G1 F3000 X101.575 Y93.18 E1731.1214
G0 F9000 X101.575 Y93.4
G0 X98.378 Y93.4
G0 X98.378 Y93.18
G1 F3000 X107.018 Y101.82 E1731.5278
G0 F9000 X107.018 Y101.6
G0 X105.472 Y101.6
G0 X105.472 Y101.821
G1 F3000 X107.787 Y93.179 E1731.82537
G0 F9000 X107.787 Y93.4
G0 X96.672 Y101.672
G0 X96.6 Y108.212
G0 X96.819 Y108.212
G1 F3000 X93.181 Y109.187 E1731.95064
G0 F9000 X93.4 Y109.187
G0 X96.6 Y108.592
G0 X96.82 Y108.592
G1 F3000 X93.18 Y104.952 E1732.12186
G0 F9000 X93.4 Y104.952
G0 X96.6 Y110.927
G0 X96.82 Y110.927
G1 F3000 X93.18 Y124.512 E1732.58963
G0 F9000 X93.4 Y124.512
G0 X93.4 Y121.922
G0 X93.18 Y121.922
G1 F3000 X96.82 Y125.562 E1732.76085
G0 F9000 X96.6 Y125.562
G0 X96.6 Y126.847
G0 X96.819 Y126.847
G1 F3000 X93.181 Y127.821 E1732.88611
G0 F9000 X93.4 Y127.821
G0 X93.4 Y130.407
G0 X93.18 Y130.407
G1 F3000 X104.592 Y141.82 E1733.42292
G0 F9000 X104.592 Y141.6
G0 X107.177 Y141.6
G0 X107.177 Y141.821
G1 F3000 X109.492 Y133.18 E1733.72045
G0 F9000 X109.492 Y133.4
G0 X112.923 Y133.4
G0 X112.923 Y133.18
G1 F3000 X121.563 Y141.82 E1734.12685
G0 F9000 X121.563 Y141.6
G0 X119.6 Y141.6
G0 X119.6 Y141.82
G1 F3000 X121.916 Y133.18 E1734.42437
G0 F9000 X121.408 Y133.18
G1 F3000 X130.048 Y141.82 E1734.83077
G0 F9000 X130.048 Y141.6
G0 X132.024 Y141.6
G0 X132.024 Y141.821
G1 F3000 X134.339 Y133.179 E1735.12833
G0 F9000 X134.339 Y133.4
G0 X138.328 Y133.328
G0 X138.4 Y132.862
G0 X138.06 Y132.862
G1 F3000 X141.82 Y136.622 E1735.30519
G0 F9000 X141.6 Y136.622
G0 X141.355 Y139.622
G0 X141.555 Y139.706
G1 F3000 X133.666 Y141.82 E1735.57684
G0 F9000 X133.666 Y141.6
G0 X138.235 Y141.6
G0 X138.235 Y141.82
G1 F3000 X141.82 Y128.443 E1736.03746
G0 F9000 X141.82 Y128.136
G1 F3000 X138.18 Y124.496 E1736.20867
G0 F9000 X138.4 Y124.496
G0 X138.4 Y121.976
G0 X138.18 Y121.976
G1 F3000 X141.82 Y121 E1736.33402
G0 F9000 X141.6 Y121
G0 X141.6 Y119.651
G0 X141.82 Y119.651
G1 F3000 X138.18 Y116.011 E1736.50523
G0 F9000 X138.18 Y115.764
G1 F3000 X141.82 Y114.789 E1736.63057
G0 F9000 X141.6 Y114.789
G0 X141.6 Y111.166
G0 X141.82 Y111.166
G1 F3000 X138.18 Y107.525 E1736.80181
G0 F9000 X138.4 Y107.525
G0 X138.4 Y109.552
G0 X138.181 Y109.552
G1 F3000 X141.82 Y108.577 E1736.92711
G0 F9000 X141.6 Y108.577
G0 X141.6 Y105.26
G0 X141.82 Y105.26
G1 F3000 X138.18 Y118.845 E1737.39489
G0 F9000 X138.4 Y118.845
G0 X141.6 Y127.212
G0 X141.819 Y127.212
G1 F3000 X138.181 Y128.187 E1737.52016
G0 F9000 X138.4 Y128.187
G0 X141.6 Y133.424
G0 X141.82 Y133.424
G1 F3000 X110.483 Y141.82 E1738.59919
G0 F9000 X110.483 Y141.6
G0 X113.078 Y141.6
G0 X113.078 Y141.82
G1 F3000 X104.438 Y133.18 E1739.00559
G0 F9000 X104.438 Y133.4
G0 X103.281 Y133.4
G0 X103.281 Y133.18
G1 F3000 X100.965 Y141.821 E1739.30313
G0 F9000 X100.965 Y141.6
G0 X96.066 Y141.536
G0 X96.038 Y141.751
G1 F3000 X93.246 Y138.959 E1739.43446
G0 F9000 X93.464 Y138.932
G0 X93.821 Y140.044
G0 X93.616 Y140.128
G1 F3000 X119.548 Y133.18 E1740.32738
G0 F9000 X119.548 Y133.4
G0 X115.704 Y133.4
G0 X115.704 Y133.179
G1 F3000 X113.389 Y141.821 E1740.62495
G0 F9000 X113.389 Y141.6
G0 X125.812 Y141.6
G0 X125.812 Y141.821
G1 F3000 X128.127 Y133.18 E1740.92249
G0 F9000 X128.127 Y133.4
G0 X129.893 Y133.4
G0 X129.893 Y133.18
G1 F3000 X138.524 Y141.81 E1741.32844
G1 F2700 E1736.32844
G0 F9000 X138.497 Y141.593
G0 X97.105 Y133.4
G0 X97.105 Y133.046
G1 F2700 E1741.32844
G1 F3000 X94.872 Y141.381 E1741.61544
G0 F9000 X94.956 Y141.18
G0 X93.4 Y134.033
G0 X93.18 Y134.033
G1 F3000 X97.046 Y132.997 E1741.74856
G0 F9000 X97.046 Y133.4
G0 X96.672 Y133.328
G0 X93.4 Y121.61
G0 X93.181 Y121.61
G1 F3000 X96.82 Y120.635 E1741.87386
G0 F9000 X96.6 Y120.635
G0 X96.6 Y117.077
G0 X96.82 Y117.077
G1 F3000 X93.18 Y113.437 E1742.04508
G0 F9000 X93.4 Y113.437
G0 X93.4 Y115.398
G0 X93.18 Y115.398
G1 F3000 X96.819 Y114.423 E1742.17038
G0 F9000 X96.3 Y114.423
;MESH:NONMESH
G0 F300 X96.3 Y114.423 Z5.4
G0 F9000 X94.312 Y94.313
G0 X94.1 Y94.1
;TIME_ELAPSED:2436.882288
;LAYER:26
;TYPE:WALL-INNER
;MESH:doppia_fenditura.stl
G1 F1500 X93.556 Y94.804 E1742.19997
G1 X93.221 Y95.613 E1742.2291
G1 X93.1 Y96.543 E1742.26029
G1 X93.1 Y138.457 E1743.65435
G1 X93.221 Y139.383 E1743.68541
G1 X93.556 Y140.192 E1743.71454
G1 X94.1 Y140.896 E1743.74413
G1 X94.804 Y141.44 E1743.77372
G1 X95.614 Y141.775 E1743.80287
G1 X96.544 Y141.9 E1743.83408
G1 X138.456 Y141.9 E1745.22808
G1 X139.383 Y141.775 E1745.25919
G1 X140.188 Y141.443 E1745.28816
G1 X140.896 Y140.896 E1745.31791
G1 X141.443 Y140.188 E1745.34767
G1 X141.775 Y139.383 E1745.37663
G1 X141.9 Y138.456 E1745.40774
G1 X141.9 Y96.544 E1746.80174
G1 X141.775 Y95.613 E1746.83299
G1 X141.443 Y94.808 E1746.86195
G1 X140.896 Y94.101 E1746.89168
G1 X140.188 Y93.556 E1746.9214
G1 X139.383 Y93.221 E1746.9504
G1 X138.457 Y93.1 E1746.98146
G1 X96.543 Y93.1 E1748.37552
G1 X95.613 Y93.221 E1748.40672
G1 X94.804 Y93.556 E1748.43584
G1 X94.1 Y94.1 E1748.46543
G1 F2700 E1743.46543
G0 F9000 X94.157 Y94.191
G0 X93.697 Y94.885
G0 X93.398 Y95.7
G0 X97.031 Y101.876
G0 X97.14 Y102.02
G1 F2700 E1748.46543
G1 F1500 X97.421 Y101.9 E1748.47559
G1 X137.579 Y101.9 E1749.81125
G1 X137.86 Y102.02 E1749.82142
G1 X137.981 Y102.139 E1749.82706
G1 X138.068 Y102.305 E1749.83329
G1 X138.1 Y102.5 E1749.83987
G1 X138.1 Y132.574 E1750.84013
G1 X137.981 Y132.86 E1750.85043
G1 X137.86 Y132.98 E1750.8561
G1 X137.579 Y133.1 E1750.86627
G1 X97.421 Y133.1 E1752.20193
G1 X97.14 Y132.98 E1752.21209
G1 X97.019 Y132.86 E1752.21776
G1 X96.932 Y132.695 E1752.22396
G1 X96.9 Y132.5 E1752.23053
G1 X96.9 Y102.5 E1753.22834
G1 X96.932 Y102.305 E1753.23491
G1 X97.02 Y102.14 E1753.24113
G1 X97.14 Y102.02 E1753.24677
G0 F9000 X97.38 Y102.34
;TYPE:WALL-OUTER
G1 F1500 X97.463 Y102.303 E1753.2498
G1 X137.537 Y102.303 E1754.58266
G1 X137.62 Y102.34 E1754.58569
G1 X137.7 Y102.449 E1754.59018
G1 X137.698 Y132.535 E1755.59085
G1 X137.661 Y132.62 E1755.59393
G1 X137.537 Y132.697 E1755.59878
G1 X97.463 Y132.697 E1756.93165
G1 X97.38 Y132.66 E1756.93467
G1 X97.3 Y132.551 E1756.93917
G1 X97.3 Y102.449 E1757.94037
G1 X97.38 Y102.34 E1757.94486
G1 F2700 E1752.94486
G0 F9000 X97.38 Y102
G0 X97.344 Y101.745
G0 X93.416 Y95.665
G0 X93.815 Y93.815
G1 F2700 E1757.94486
G1 F1500 X93.207 Y94.602 E1757.97794
G1 X92.831 Y95.509 E1758.0106
G1 X92.7 Y96.517 E1758.04441
G1 X92.7 Y138.483 E1759.4402
G1 X92.831 Y139.487 E1759.47388
G1 X93.207 Y140.394 E1759.50653
G1 X93.815 Y141.181 E1759.53961
G1 X94.602 Y141.789 E1759.57269
G1 X95.509 Y142.165 E1759.60534
G1 X96.518 Y142.3 E1759.6392
G1 X138.482 Y142.3 E1761.03493
G1 X139.487 Y142.165 E1761.06866
G1 X140.39 Y141.793 E1761.10114
G1 X141.181 Y141.181 E1761.1344
G1 X141.793 Y140.39 E1761.16767
G1 X142.165 Y139.487 E1761.20015
G1 X142.3 Y138.482 E1761.23388
G1 X142.3 Y96.518 E1762.62961
G1 X142.165 Y95.509 E1762.66346
G1 X141.793 Y94.606 E1762.69595
G1 X141.181 Y93.815 E1762.72921
G1 X140.39 Y93.207 E1762.76239
G1 X139.487 Y92.831 E1762.79493
G1 X138.483 Y92.7 E1762.8286
G1 X96.517 Y92.7 E1764.2244
G1 X95.509 Y92.831 E1764.25821
G1 X94.602 Y93.207 E1764.29086
G1 X93.815 Y93.815 E1764.32394
G1 F2700 E1759.32394
G0 F9000 X94.157 Y94.191
G0 X93.697 Y94.885
G0 X93.398 Y95.7
G0 X97.031 Y101.876
G0 X96.75 Y101.898
;TYPE:SKIN
G1 F2700 E1764.32394
G1 F1500 X96.587 Y102.186 E1764.33495
G1 X96.54 Y102.496 E1764.34538
G1 X96.542 Y132.533 E1765.34441
G1 X96.603 Y132.838 E1765.35476
G1 X96.75 Y133.098 E1765.36469
G1 X96.961 Y133.289 E1765.37416
G1 X97.371 Y133.457 E1765.38889
G1 X137.629 Y133.457 E1766.72788
G1 X138.075 Y133.271 E1766.74395
G1 X138.289 Y133.035 E1766.75455
G1 X138.458 Y132.623 E1766.76936
G1 X138.458 Y102.468 E1767.77232
G1 X138.418 Y102.22 E1767.78067
G1 X138.28 Y101.943 E1767.79097
G1 X138.072 Y101.722 E1767.80106
G1 X137.629 Y101.543 E1767.81695
G1 X97.371 Y101.543 E1769.15594
G1 X96.958 Y101.711 E1769.17077
G1 X96.75 Y101.898 E1769.18007
G1 F2700 E1764.18007
G0 F9000 X96.936 Y102.084
G0 X97.394 Y101.724
G0 X93.416 Y95.665
G0 X94.355 Y94.355
G1 F2700 E1769.18007
G1 F1500 X94.99 Y93.867 E1769.20671
G1 X95.701 Y93.571 E1769.23232
G1 X96.569 Y93.46 E1769.26143
G1 X138.427 Y93.46 E1770.65363
G1 X139.291 Y93.571 E1770.6826
G1 X140.002 Y93.867 E1770.70822
G1 X140.633 Y94.351 E1770.73467
G1 X141.125 Y94.989 E1770.76147
G1 X141.421 Y95.705 E1770.78723
G1 X141.54 Y96.574 E1770.81641
G1 X141.539 Y138.418 E1772.20814
G1 X141.421 Y139.287 E1772.23731
G1 X141.125 Y140.006 E1772.26317
G1 X140.637 Y140.637 E1772.28971
G1 X140.006 Y141.125 E1772.31624
G1 X139.287 Y141.421 E1772.3421
G1 X138.422 Y141.539 E1772.37113
G1 X96.574 Y141.54 E1773.763
G1 X95.705 Y141.421 E1773.79218
G1 X94.986 Y141.125 E1773.81804
G1 X94.355 Y140.637 E1773.84457
G1 X93.867 Y140.002 E1773.87121
G1 X93.571 Y139.291 E1773.89682
G1 X93.461 Y138.427 E1773.92579
G1 X93.46 Y96.569 E1775.31799
G1 X93.571 Y95.701 E1775.3471
G1 X93.867 Y94.99 E1775.37271
G1 X94.355 Y94.355 E1775.39935
G1 F2700 E1770.39935
G0 F9000 X94.199 Y94.151
G0 X94.885 Y93.697
G0 X95.655 Y93.378
G0 X96.554 Y93.261
G0 X138.446 Y93.261
G0 X139.341 Y93.378
G0 X140.107 Y93.697
G0 X140.654 Y94.116
G0 X141.285 Y94.766
G0 X140.977 Y95.157
G1 F2700 E1775.39935
G1 F1500 X139.836 Y94.016 E1775.45302
G0 F9000 X138.989 Y93.734
G1 F1500 X141.259 Y96.005 E1775.55982
G0 F9000 X141.339 Y96.65
G1 F1500 X138.35 Y93.661 E1775.70041
G0 F9000 X137.784 Y93.661
G1 F1500 X141.339 Y97.216 E1775.86763
G0 F9000 X141.339 Y97.782
G1 F1500 X137.218 Y93.661 E1776.06147
G0 F9000 X136.653 Y93.661
G1 F1500 X141.339 Y98.347 E1776.28188
G0 F9000 X141.339 Y98.913
G1 F1500 X136.087 Y93.661 E1776.52892
G0 F9000 X135.521 Y93.661
G1 F1500 X141.339 Y99.479 E1776.80258
G0 F9000 X141.339 Y100.044
G1 F1500 X134.956 Y93.661 E1777.10282
G0 F9000 X134.39 Y93.661
G1 F1500 X141.339 Y100.61 E1777.42968
G0 F9000 X141.339 Y101.176
G1 F1500 X133.824 Y93.661 E1777.78316
G0 F9000 X133.259 Y93.661
G1 F1500 X141.339 Y101.741 E1778.16322
G0 F9000 X141.339 Y102.307
G1 F1500 X132.693 Y93.661 E1778.5699
G0 F9000 X132.127 Y93.661
G1 F1500 X141.339 Y102.873 E1779.0032
G0 F9000 X141.339 Y103.438
G1 F1500 X131.561 Y93.661 E1779.46311
G0 F9000 X130.996 Y93.661
G1 F1500 X141.339 Y104.004 E1779.94961
G0 F9000 X141.339 Y104.57
G1 F1500 X130.43 Y93.661 E1780.46273
G0 F9000 X129.864 Y93.661
G1 F1500 X137.544 Y101.34 E1780.82395
G0 F9000 X136.978 Y101.34
G1 F1500 X129.299 Y93.661 E1781.18515
G0 F9000 X128.733 Y93.661
G1 F1500 X136.412 Y101.34 E1781.54635
G0 F9000 X135.847 Y101.34
G1 F1500 X128.167 Y93.661 E1781.90757
G0 F9000 X127.602 Y93.661
G1 F1500 X135.281 Y101.34 E1782.26876
G0 F9000 X134.715 Y101.34
G1 F1500 X127.036 Y93.661 E1782.62996
G0 F9000 X126.47 Y93.661
G1 F1500 X134.149 Y101.34 E1782.99116
G0 F9000 X133.584 Y101.34
G1 F1500 X125.905 Y93.661 E1783.35235
G0 F9000 X125.339 Y93.661
G1 F1500 X133.019 Y101.34 E1783.71357
G0 F9000 X132.453 Y101.34
G1 F1500 X124.773 Y93.661 E1784.07479
G0 F9000 X124.208 Y93.661
G1 F1500 X131.887 Y101.34 E1784.43599
G0 F9000 X131.322 Y101.34
G1 F1500 X123.642 Y93.661 E1784.79721
G0 F9000 X123.076 Y93.661
G1 F1500 X130.756 Y101.34 E1785.15843
G0 F9000 X130.19 Y101.34
G1 F1500 X122.51 Y93.661 E1785.51965
G0 F9000 X121.945 Y93.661
G1 F1500 X129.625 Y101.34 E1785.88087
G0 F9000 X129.059 Y101.34
G1 F1500 X121.379 Y93.661 E1786.24209
G0 F9000 X120.813 Y93.661
G1 F1500 X128.494 Y101.341 E1786.60336
G0 F9000 X127.928 Y101.341
G1 F1500 X120.248 Y93.661 E1786.9646
G0 F9000 X119.682 Y93.661
G1 F1500 X127.363 Y101.341 E1787.32587
G0 F9000 X126.797 Y101.341
G1 F1500 X119.116 Y93.661 E1787.68714
G0 F9000 X118.551 Y93.661
G1 F1500 X126.231 Y101.341 E1788.04838
G0 F9000 X125.666 Y101.341
G1 F1500 X117.985 Y93.661 E1788.40965
G0 F9000 X117.419 Y93.661
G1 F1500 X125.1 Y101.341 E1788.77092
G0 F9000 X124.534 Y101.341
G1 F1500 X116.854 Y93.661 E1789.13216
G0 F9000 X116.288 Y93.661
G1 F1500 X123.969 Y101.342 E1789.49345
G0 F9000 X123.404 Y101.342
G1 F1500 X115.722 Y93.661 E1789.85476
G0 F9000 X115.157 Y93.661
G1 F1500 X122.838 Y101.342 E1790.21605
G0 F9000 X122.272 Y101.342
G1 F1500 X114.591 Y93.661 E1790.57735
G0 F9000 X114.025 Y93.661
G1 F1500 X121.707 Y101.342 E1790.93866
G0 F9000 X121.141 Y101.342
G1 F1500 X113.46 Y93.661 E1791.29995
G0 F9000 X112.894 Y93.661
G1 F1500 X120.575 Y101.342 E1791.66124
G0 F9000 X120.009 Y101.342
G1 F1500 X112.328 Y93.661 E1792.02253
G0 F9000 X111.762 Y93.661
G1 F1500 X119.444 Y101.343 E1792.38387
G0 F9000 X118.879 Y101.343
G1 F1500 X111.197 Y93.661 E1792.74521
G0 F9000 X110.631 Y93.661
G1 F1500 X118.313 Y101.343 E1793.10654
G0 F9000 X117.747 Y101.343
G1 F1500 X110.065 Y93.661 E1793.46788
G0 F9000 X109.5 Y93.661
G1 F1500 X117.182 Y101.343 E1793.82922
G0 F9000 X116.616 Y101.343
G1 F1500 X108.934 Y93.661 E1794.19056
G0 F9000 X108.368 Y93.661
G1 F1500 X116.05 Y101.343 E1794.5519
G0 F9000 X115.485 Y101.343
G1 F1500 X107.803 Y93.661 E1794.91323
G0 F9000 X107.237 Y93.661
G1 F1500 X114.92 Y101.343 E1795.27459
G0 F9000 X114.354 Y101.343
G1 F1500 X106.671 Y93.661 E1795.63596
G0 F9000 X106.106 Y93.661
G1 F1500 X113.788 Y101.343 E1795.99729
G0 F9000 X113.223 Y101.343
G1 F1500 X105.54 Y93.661 E1796.35865
G0 F9000 X104.974 Y93.661
G1 F1500 X112.657 Y101.343 E1796.72002
G0 F9000 X112.091 Y101.343
G1 F1500 X104.409 Y93.661 E1797.08135
G0 F9000 X103.843 Y93.661
G1 F1500 X111.526 Y101.343 E1797.44271
G0 F9000 X110.96 Y101.343
G1 F1500 X103.277 Y93.661 E1797.80408
G0 F9000 X102.712 Y93.661
G1 F1500 X110.395 Y101.344 E1798.16546
G0 F9000 X109.829 Y101.344
G1 F1500 X102.146 Y93.661 E1798.52685
G0 F9000 X101.58 Y93.661
G1 F1500 X109.264 Y101.344 E1798.88825
G0 F9000 X108.698 Y101.344
G1 F1500 X101.014 Y93.661 E1799.24966
G0 F9000 X100.449 Y93.661
G1 F1500 X108.132 Y101.344 E1799.61105
G0 F9000 X107.566 Y101.344
G1 F1500 X99.883 Y93.661 E1799.97243
G0 F9000 X99.317 Y93.661
G1 F1500 X107.001 Y101.344 E1800.33384
G0 F9000 X106.435 Y101.344
G1 F1500 X98.752 Y93.661 E1800.69522
G0 F9000 X98.186 Y93.661
G1 F1500 X105.87 Y101.345 E1801.05666
G0 F9000 X105.304 Y101.345
G1 F1500 X97.62 Y93.661 E1801.41809
G0 F9000 X97.055 Y93.661
G1 F1500 X104.739 Y101.345 E1801.77952
G0 F9000 X104.173 Y101.345
G1 F1500 X96.5 Y93.672 E1802.14043
G0 F9000 X95.998 Y93.735
G1 F1500 X103.607 Y101.345 E1802.49836
G0 F9000 X103.042 Y101.345
G1 F1500 X95.549 Y93.851 E1802.85083
G0 F9000 X95.15 Y94.018
G1 F1500 X102.476 Y101.345 E1803.19545
G0 F9000 X101.91 Y101.345
G1 F1500 X94.818 Y94.252 E1803.52906
G0 F9000 X94.498 Y94.498
G1 F1500 X101.345 Y101.345 E1803.85112
G0 F9000 X100.78 Y101.345
G1 F1500 X94.252 Y94.818 E1804.15815
G0 F9000 X94.018 Y95.15
G1 F1500 X100.214 Y101.345 E1804.44957
G0 F9000 X99.648 Y101.345
G1 F1500 X93.851 Y95.549 E1804.72222
G0 F9000 X93.735 Y95.998
G1 F1500 X99.083 Y101.345 E1804.97375
G0 F9000 X98.517 Y101.345
G1 F1500 X93.672 Y96.5 E1805.20165
G0 F9000 X93.661 Y97.055
G1 F1500 X97.951 Y101.345 E1805.40343
G0 F9000 X97.386 Y101.345
G1 F1500 X93.661 Y97.62 E1805.57865
G0 F9000 X93.661 Y98.186
G1 F1500 X96.966 Y101.491 E1805.7341
G0 F9000 X96.645 Y101.736
G1 F1500 X93.661 Y98.752 E1805.87446
G0 F9000 X93.661 Y99.317
G1 F1500 X96.43 Y102.087 E1806.00473
G0 F9000 X96.34 Y102.562
G1 F1500 X93.661 Y99.883 E1806.13074
G0 F9000 X93.661 Y100.449
G1 F1500 X96.34 Y103.128 E1806.25675
G0 F9000 X96.34 Y103.694
G1 F1500 X93.661 Y101.014 E1806.38279
G0 F9000 X93.661 Y101.58
G1 F1500 X96.34 Y104.259 E1806.5088
G0 F9000 X96.34 Y104.825
G1 F1500 X93.661 Y102.146 E1806.63481
G0 F9000 X93.661 Y102.712
G1 F1500 X96.34 Y105.391 E1806.76083
G0 F9000 X96.34 Y105.956
G1 F1500 X93.661 Y103.277 E1806.88684
G0 F9000 X93.661 Y103.843
G1 F1500 X96.34 Y106.522 E1807.01285
G0 F9000 X96.34 Y107.088
G1 F1500 X93.661 Y104.409 E1807.13886
G0 F9000 X93.661 Y104.974
G1 F1500 X96.34 Y107.653 E1807.26487
G0 F9000 X96.34 Y108.219
G1 F1500 X93.661 Y105.54 E1807.39089
G0 F9000 X93.661 Y106.106
G1 F1500 X96.34 Y108.785 E1807.5169
G0 F9000 X96.34 Y109.351
G1 F1500 X93.661 Y106.671 E1807.64293
G0 F9000 X93.661 Y107.237
G1 F1500 X96.34 Y109.916 E1807.76894
G0 F9000 X96.34 Y110.482
G1 F1500 X93.661 Y107.803 E1807.89496
G0 F9000 X93.661 Y108.368
G1 F1500 X96.34 Y111.048 E1808.02099
G0 F9000 X96.34 Y111.613
G1 F1500 X93.661 Y108.934 E1808.147
G0 F9000 X93.661 Y109.5
G1 F1500 X96.34 Y112.179 E1808.27302
G0 F9000 X96.34 Y112.745
G1 F1500 X93.661 Y110.065 E1808.39905
G0 F9000 X93.661 Y110.631
G1 F1500 X96.34 Y113.31 E1808.52506
G0 F9000 X96.34 Y113.876
G1 F1500 X93.661 Y111.197 E1808.65108
G0 F9000 X93.661 Y111.762
G1 F1500 X96.34 Y114.442 E1808.77711
G0 F9000 X96.34 Y115.007
G1 F1500 X93.661 Y112.328 E1808.90312
G0 F9000 X93.661 Y112.894
G1 F1500 X96.34 Y115.573 E1809.02913
G0 F9000 X96.34 Y116.139
G1 F1500 X93.661 Y113.46 E1809.15515
G0 F9000 X93.661 Y114.025
G1 F1500 X96.34 Y116.704 E1809.28116
G0 F9000 X96.34 Y117.27
G1 F1500 X93.661 Y114.591 E1809.40717
G0 F9000 X93.661 Y115.157
G1 F1500 X96.34 Y117.836 E1809.53318
G0 F9000 X96.34 Y118.401
G1 F1500 X93.661 Y115.722 E1809.65919
G0 F9000 X93.661 Y116.288
G1 F1500 X96.34 Y118.967 E1809.78521
G0 F9000 X96.34 Y119.533
G1 F1500 X93.661 Y116.854 E1809.91122
G0 F9000 X93.661 Y117.419
G1 F1500 X96.34 Y120.099 E1810.03725
G0 F9000 X96.34 Y120.664
G1 F1500 X93.661 Y117.985 E1810.16327
G0 F9000 X93.661 Y118.551
G1 F1500 X96.34 Y121.23 E1810.28928
G0 F9000 X96.34 Y121.796
G1 F1500 X93.661 Y119.116 E1810.41531
G0 F9000 X93.661 Y119.682
G1 F1500 X96.34 Y122.361 E1810.54133
G0 F9000 X96.34 Y122.927
G1 F1500 X93.661 Y120.248 E1810.66734
G0 F9000 X93.661 Y120.813
G1 F1500 X96.34 Y123.493 E1810.79337
G0 F9000 X96.34 Y124.058
G1 F1500 X93.661 Y121.379 E1810.91938
G0 F9000 X93.661 Y121.945
G1 F1500 X96.34 Y124.624 E1811.0454
G0 F9000 X96.34 Y125.19
G1 F1500 X93.661 Y122.51 E1811.17143
G0 F9000 X93.661 Y123.076
G1 F1500 X96.34 Y125.755 E1811.29744
G0 F9000 X96.34 Y126.321
G1 F1500 X93.661 Y123.642 E1811.42346
G0 F9000 X93.661 Y124.208
G1 F1500 X96.34 Y126.887 E1811.54947
G0 F9000 X96.34 Y127.452
G1 F1500 X93.661 Y124.773 E1811.67548
G0 F9000 X93.661 Y125.339
G1 F1500 X96.34 Y128.018 E1811.80149
G0 F9000 X96.34 Y128.584
G1 F1500 X93.661 Y125.905 E1811.9275
G0 F9000 X93.661 Y126.47
G1 F1500 X96.34 Y129.15 E1812.05354
G0 F9000 X96.34 Y129.715
G1 F1500 X93.661 Y127.036 E1812.17955
G0 F9000 X93.661 Y127.602
G1 F1500 X96.34 Y130.281 E1812.30556
G0 F9000 X96.34 Y130.847
G1 F1500 X93.661 Y128.167 E1812.4316
G0 F9000 X93.661 Y128.733
G1 F1500 X96.34 Y131.412 E1812.55761
G0 F9000 X96.34 Y131.978
G1 F1500 X93.661 Y129.299 E1812.68362
G0 F9000 X93.661 Y129.864
G1 F1500 X96.348 Y132.551 E1812.81001
G0 F9000 X96.799 Y132.492
G0 X97.456 Y133.2
G0 X97.456 Y133.659
G1 F1500 X105.135 Y141.339 E1813.17123
G0 F9000 X104.57 Y141.339
G1 F1500 X93.661 Y130.43 E1813.68436
G0 F9000 X93.661 Y130.996
G1 F1500 X104.004 Y141.339 E1814.17086
G0 F9000 X103.438 Y141.339
G1 F1500 X93.661 Y131.561 E1814.63076
G0 F9000 X93.661 Y132.127
G1 F1500 X102.873 Y141.339 E1815.06407
G0 F9000 X102.307 Y141.339
G1 F1500 X93.661 Y132.693 E1815.47075
G0 F9000 X93.661 Y133.259
G1 F1500 X101.741 Y141.339 E1815.85081
G0 F9000 X101.176 Y141.339
G1 F1500 X93.661 Y133.824 E1816.20429
G0 F9000 X93.661 Y134.39
G1 F1500 X100.61 Y141.339 E1816.53115
G0 F9000 X100.044 Y141.339
G1 F1500 X93.661 Y134.956 E1816.83139
G0 F9000 X93.661 Y135.521
G1 F1500 X99.479 Y141.339 E1817.10505
G0 F9000 X98.913 Y141.339
G1 F1500 X93.661 Y136.087 E1817.35209
G0 F9000 X93.661 Y136.653
G1 F1500 X98.347 Y141.339 E1817.5725
G0 F9000 X97.782 Y141.339
G1 F1500 X93.661 Y137.218 E1817.76634
G0 F9000 X93.661 Y137.784
G1 F1500 X97.216 Y141.339 E1817.93356
G0 F9000 X96.65 Y141.339
G1 F1500 X93.661 Y138.35 E1818.07415
G0 F9000 X93.734 Y138.989
G1 F1500 X96.005 Y141.259 E1818.18095
G0 F9000 X95.158 Y140.979
G1 F1500 X94.015 Y139.835 E1818.23473
G1 F2700 E1813.23473
G0 F9000 X93.59 Y140.01
G0 X93.378 Y139.341
G0 X93.293 Y138.404
G0 X97.402 Y133.281
G0 X98.021 Y133.659
G1 F2700 E1818.23473
G1 F1500 X105.701 Y141.339 E1818.59598
G0 F9000 X106.267 Y141.339
G1 F1500 X98.587 Y133.659 E1818.95722
G0 F9000 X99.153 Y133.659
G1 F1500 X106.833 Y141.339 E1819.31846
G0 F9000 X107.398 Y141.339
G1 F1500 X99.718 Y133.659 E1819.67971
G0 F9000 X100.284 Y133.659
G1 F1500 X107.964 Y141.339 E1820.04095
G0 F9000 X108.53 Y141.339
G1 F1500 X100.85 Y133.659 E1820.4022
G0 F9000 X101.415 Y133.659
G1 F1500 X109.095 Y141.339 E1820.76344
G0 F9000 X109.661 Y141.339
G1 F1500 X101.981 Y133.659 E1821.12468
G0 F9000 X102.546 Y133.659
G1 F1500 X110.227 Y141.339 E1821.48595
G0 F9000 X110.792 Y141.339
G1 F1500 X103.112 Y133.659 E1821.84719
G0 F9000 X103.677 Y133.659
G1 F1500 X111.358 Y141.339 E1822.20846
G0 F9000 X111.924 Y141.339
G1 F1500 X104.243 Y133.659 E1822.56973
G0 F9000 X104.809 Y133.659
G1 F1500 X112.489 Y141.339 E1822.93097
G0 F9000 X113.055 Y141.339
G1 F1500 X105.374 Y133.659 E1823.29224
G0 F9000 X105.94 Y133.659
G1 F1500 X113.621 Y141.339 E1823.65351
G0 F9000 X114.186 Y141.339
G1 F1500 X106.506 Y133.659 E1824.01475
G0 F9000 X107.072 Y133.659
G1 F1500 X114.752 Y141.339 E1824.37599
G0 F9000 X115.318 Y141.339
G1 F1500 X107.637 Y133.658 E1824.73728
G0 F9000 X108.202 Y133.658
G1 F1500 X115.883 Y141.339 E1825.09857
G0 F9000 X116.449 Y141.339
G1 F1500 X108.768 Y133.658 E1825.45986
G0 F9000 X109.334 Y133.658
G1 F1500 X117.015 Y141.339 E1825.82116
G0 F9000 X117.581 Y141.339
G1 F1500 X109.899 Y133.658 E1826.18247
G0 F9000 X110.465 Y133.658
G1 F1500 X118.146 Y141.339 E1826.54376
G0 F9000 X118.712 Y141.339
G1 F1500 X111.031 Y133.658 E1826.90505
G0 F9000 X111.596 Y133.658
G1 F1500 X119.278 Y141.339 E1827.26637
G0 F9000 X119.843 Y141.339
G1 F1500 X112.162 Y133.658 E1827.62766
G0 F9000 X112.727 Y133.657
G1 F1500 X120.409 Y141.339 E1827.98899
G0 F9000 X120.975 Y141.339
G1 F1500 X113.293 Y133.657 E1828.35033
G0 F9000 X113.858 Y133.657
G1 F1500 X121.54 Y141.339 E1828.71167
G0 F9000 X122.106 Y141.339
G1 F1500 X114.424 Y133.657 E1829.07301
G0 F9000 X114.99 Y133.657
G1 F1500 X122.672 Y141.339 E1829.43434
G0 F9000 X123.237 Y141.339
G1 F1500 X115.555 Y133.657 E1829.79568
G0 F9000 X116.121 Y133.657
G1 F1500 X123.803 Y141.339 E1830.15702
G0 F9000 X124.369 Y141.339
G1 F1500 X116.687 Y133.657 E1830.51836
G0 F9000 X117.252 Y133.657
G1 F1500 X124.934 Y141.339 E1830.8797
G0 F9000 X125.5 Y141.339
G1 F1500 X117.817 Y133.657 E1831.24106
G0 F9000 X118.383 Y133.657
G1 F1500 X126.066 Y141.339 E1831.60242
G0 F9000 X126.632 Y141.339
G1 F1500 X118.949 Y133.657 E1831.96378
G0 F9000 X119.514 Y133.657
G1 F1500 X127.197 Y141.339 E1832.32514
G0 F9000 X127.763 Y141.339
G1 F1500 X120.08 Y133.657 E1832.6865
G0 F9000 X120.646 Y133.657
G1 F1500 X128.329 Y141.339 E1833.04786
G0 F9000 X128.894 Y141.339
G1 F1500 X121.212 Y133.657 E1833.4092
G0 F9000 X121.777 Y133.657
G1 F1500 X129.46 Y141.339 E1833.77056
G0 F9000 X130.026 Y141.339
G1 F1500 X122.343 Y133.657 E1834.13192
G0 F9000 X122.908 Y133.656
G1 F1500 X130.591 Y141.339 E1834.49331
G0 F9000 X131.157 Y141.339
G1 F1500 X123.474 Y133.656 E1834.85469
G0 F9000 X124.039 Y133.656
G1 F1500 X131.723 Y141.339 E1835.2161
G0 F9000 X132.288 Y141.339
G1 F1500 X124.605 Y133.656 E1835.57749
G0 F9000 X125.171 Y133.656
G1 F1500 X132.854 Y141.339 E1835.93887
G0 F9000 X133.42 Y141.339
G1 F1500 X125.736 Y133.656 E1836.30028
G0 F9000 X126.302 Y133.656
G1 F1500 X133.985 Y141.339 E1836.66166
G0 F9000 X134.551 Y141.339
G1 F1500 X126.868 Y133.656 E1837.02305
G0 F9000 X127.433 Y133.656
G1 F1500 X135.117 Y141.339 E1837.38446
G0 F9000 X135.682 Y141.339
G1 F1500 X127.998 Y133.655 E1837.74589
G0 F9000 X128.564 Y133.655
G1 F1500 X136.248 Y141.339 E1838.10732
G0 F9000 X136.814 Y141.339
G1 F1500 X129.13 Y133.655 E1838.46875
G0 F9000 X129.695 Y133.655
G1 F1500 X137.38 Y141.339 E1838.83021
G0 F9000 X137.945 Y141.339
G1 F1500 X130.261 Y133.655 E1839.19164
G0 F9000 X130.827 Y133.655
G1 F1500 X138.498 Y141.327 E1839.55248
G0 F9000 X138.996 Y141.259
G1 F1500 X131.392 Y133.655 E1839.91015
G0 F9000 X131.958 Y133.655
G1 F1500 X139.442 Y141.139 E1840.26218
G0 F9000 X139.843 Y140.974
G1 F1500 X132.524 Y133.655 E1840.60644
G0 F9000 X133.089 Y133.654
G1 F1500 X140.175 Y140.74 E1840.93974
G0 F9000 X140.494 Y140.494
G1 F1500 X133.654 Y133.654 E1841.26148
G0 F9000 X134.22 Y133.654
G1 F1500 X140.74 Y140.175 E1841.56818
G0 F9000 X140.974 Y139.843
G1 F1500 X134.786 Y133.654 E1841.85927
G0 F9000 X135.352 Y133.654
G1 F1500 X141.139 Y139.442 E1842.13149
G0 F9000 X141.258 Y138.995
G1 F1500 X135.917 Y133.654 E1842.38272
G0 F9000 X136.483 Y133.654
G1 F1500 X141.326 Y138.497 E1842.61052
G0 F9000 X141.339 Y137.945
G1 F1500 X137.049 Y133.654 E1842.81233
G0 F9000 X137.614 Y133.654
G1 F1500 X141.339 Y137.379 E1842.98754
G0 F9000 X141.339 Y136.813
G1 F1500 X138.033 Y133.507 E1843.14305
G0 F9000 X138.349 Y133.258
G1 F1500 X141.339 Y136.247 E1843.28366
G0 F9000 X141.339 Y135.682
G1 F1500 X138.561 Y132.904 E1843.41433
G0 F9000 X138.656 Y132.433
G1 F1500 X141.339 Y135.116 E1843.54053
G0 F9000 X141.339 Y134.55
G1 F1500 X138.656 Y131.868 E1843.66671
G0 F9000 X138.656 Y131.302
G1 F1500 X141.339 Y133.985 E1843.79291
G0 F9000 X141.339 Y133.419
G1 F1500 X138.656 Y130.736 E1843.91911
G0 F9000 X138.656 Y130.171
G1 F1500 X141.339 Y132.853 E1844.04529
G0 F9000 X141.339 Y132.288
G1 F1500 X138.656 Y129.605 E1844.17149
G0 F9000 X138.656 Y129.039
G1 F1500 X141.339 Y131.722 E1844.29769
G0 F9000 X141.339 Y131.156
G1 F1500 X138.656 Y128.474 E1844.42386
G0 F9000 X138.657 Y127.909
G1 F1500 X141.339 Y130.591 E1844.55002
G0 F9000 X141.339 Y130.025
G1 F1500 X138.657 Y127.343 E1844.67617
G0 F9000 X138.657 Y126.777
G1 F1500 X141.339 Y129.459 E1844.80232
G0 F9000 X141.339 Y128.894
G1 F1500 X138.657 Y126.211 E1844.9285
G0 F9000 X138.657 Y125.646
G1 F1500 X141.339 Y128.328 E1845.05465
G0 F9000 X141.339 Y127.762
G1 F1500 X138.657 Y125.08 E1845.18081
G0 F9000 X138.657 Y124.514
G1 F1500 X141.339 Y127.196 E1845.30696
G0 F9000 X141.339 Y126.631
G1 F1500 X138.657 Y123.949 E1845.43311
G0 F9000 X138.657 Y123.384
G1 F1500 X141.339 Y126.065 E1845.55924
G0 F9000 X141.339 Y125.499
G1 F1500 X138.657 Y122.818 E1845.68537
G0 F9000 X138.657 Y122.252
G1 F1500 X141.339 Y124.934 E1845.81152
G0 F9000 X141.339 Y124.368
G1 F1500 X138.657 Y121.687 E1845.93765
G0 F9000 X138.657 Y121.121
G1 F1500 X141.339 Y123.802 E1846.06378
G0 F9000 X141.339 Y123.237
G1 F1500 X138.657 Y120.555 E1846.18994
G0 F9000 X138.657 Y119.99
G1 F1500 X141.339 Y122.671 E1846.31607
G0 F9000 X141.339 Y122.105
G1 F1500 X138.658 Y119.425 E1846.44215
G0 F9000 X138.658 Y118.859
G1 F1500 X141.339 Y121.54 E1846.56825
G0 F9000 X141.339 Y120.974
G1 F1500 X138.658 Y118.293 E1846.69436
G0 F9000 X138.658 Y117.728
G1 F1500 X141.339 Y120.408 E1846.82044
G0 F9000 X141.339 Y119.843
G1 F1500 X138.658 Y117.162 E1846.94655
G0 F9000 X138.658 Y116.596
G1 F1500 X141.339 Y119.277 E1847.07265
G0 F9000 X141.339 Y118.711
G1 F1500 X138.658 Y116.031 E1847.19874
G0 F9000 X138.658 Y115.465
G1 F1500 X141.339 Y118.146 E1847.32484
G0 F9000 X141.339 Y117.58
G1 F1500 X138.659 Y114.9 E1847.4509
G0 F9000 X138.659 Y114.334
G1 F1500 X141.339 Y117.015 E1847.57698
G0 F9000 X141.339 Y116.449
G1 F1500 X138.659 Y113.769 E1847.70304
G0 F9000 X138.659 Y113.203
G1 F1500 X141.339 Y115.883 E1847.8291
G0 F9000 X141.339 Y115.318
G1 F1500 X138.659 Y112.637 E1847.95518
G0 F9000 X138.659 Y112.071
G1 F1500 X141.339 Y114.752 E1848.08127
G0 F9000 X141.339 Y114.186
G1 F1500 X138.659 Y111.506 E1848.20733
G0 F9000 X138.659 Y110.941
G1 F1500 X141.339 Y113.621 E1848.33339
G0 F9000 X141.339 Y113.055
G1 F1500 X138.659 Y110.375 E1848.45944
G0 F9000 X138.659 Y109.809
G1 F1500 X141.339 Y112.489 E1848.5855
G0 F9000 X141.339 Y111.924
G1 F1500 X138.659 Y109.244 E1848.71156
G0 F9000 X138.659 Y108.678
G1 F1500 X141.339 Y111.358 E1848.83762
G0 F9000 X141.339 Y110.792
G1 F1500 X138.659 Y108.112 E1848.96368
G0 F9000 X138.659 Y107.547
G1 F1500 X141.339 Y110.227 E1849.08974
G0 F9000 X141.339 Y109.661
G1 F1500 X138.659 Y106.981 E1849.2158
G0 F9000 X138.66 Y106.416
G1 F1500 X141.339 Y109.095 E1849.34181
G0 F9000 X141.339 Y108.53
G1 F1500 X138.66 Y105.85 E1849.46785
G0 F9000 X138.66 Y105.285
G1 F1500 X141.339 Y107.964 E1849.59386
G0 F9000 X141.339 Y107.398
G1 F1500 X138.66 Y104.719 E1849.71987
G0 F9000 X138.66 Y104.153
G1 F1500 X141.339 Y106.833 E1849.8459
G0 F9000 X141.339 Y106.267
G1 F1500 X138.66 Y103.588 E1849.97192
G0 F9000 X138.66 Y103.022
G1 F1500 X141.339 Y105.701 E1850.09793
G0 F9000 X141.339 Y105.135
G1 F1500 X138.653 Y102.449 E1850.22427
G1 F2700 E1845.22427
;MESH:NONMESH
G0 F300 X138.653 Y102.449 Z5.6
G0 F9000 X138.201 Y102.508
G0 X137.928 Y102.072
G0 X97.402 Y101.719
G0 X93.416 Y95.665
G0 X94.1 Y94.1
;TIME_ELAPSED:2596.307674
;LAYER:27
;TYPE:WALL-INNER
;MESH:doppia_fenditura.stl
G1 F2700 E1850.22427
G1 F1500 X93.556 Y94.804 E1850.25386
G1 X93.221 Y95.613 E1850.28298
G1 X93.1 Y96.543 E1850.31418
G1 X93.1 Y138.457 E1851.70824
G1 X93.221 Y139.383 E1851.7393
G1 X93.556 Y140.192 E1851.76843
G1 X94.1 Y140.896 E1851.79802
G1 X94.804 Y141.44 E1851.82761
G1 X95.614 Y141.775 E1851.85676
G1 X96.544 Y141.9 E1851.88797
G1 X138.456 Y141.9 E1853.28197
G1 X139.383 Y141.775 E1853.31308
G1 X140.188 Y141.443 E1853.34204
G1 X140.896 Y140.896 E1853.3718
G1 X141.443 Y140.188 E1853.40156
G1 X141.775 Y139.383 E1853.43052
G1 X141.9 Y138.456 E1853.46163
G1 X141.9 Y96.544 E1854.85563
G1 X141.775 Y95.613 E1854.88687
G1 X141.443 Y94.808 E1854.91584
G1 X140.896 Y94.101 E1854.94557
G1 X140.188 Y93.556 E1854.97529
G1 X139.383 Y93.221 E1855.00429
G1 X138.457 Y93.1 E1855.03535
G1 X96.543 Y93.1 E1856.42941
G1 X95.613 Y93.221 E1856.4606
G1 X94.804 Y93.556 E1856.48973
G1 X94.1 Y94.1 E1856.51932
G1 F2700 E1851.51932
G0 F9000 X94.157 Y94.191
G0 X93.697 Y94.885
G0 X93.398 Y95.7
G0 X97.031 Y101.876
G0 X97.14 Y102.02
G1 F2700 E1856.51932
G1 F1500 X97.421 Y101.9 E1856.52948
G1 X137.579 Y101.9 E1857.86514
G1 X137.86 Y102.02 E1857.8753
G1 X137.981 Y102.139 E1857.88095
G1 X138.068 Y102.305 E1857.88718
G1 X138.1 Y102.5 E1857.89376
G1 X138.1 Y132.574 E1858.89402
G1 X137.981 Y132.86 E1858.90432
G1 X137.86 Y132.98 E1858.90999
G1 X137.579 Y133.1 E1858.92015
G1 X97.421 Y133.1 E1860.25581
G1 X97.14 Y132.98 E1860.26598
G1 X97.019 Y132.86 E1860.27165
G1 X96.932 Y132.695 E1860.27785
G1 X96.9 Y132.5 E1860.28442
G1 X96.9 Y102.5 E1861.28223
G1 X96.932 Y102.305 E1861.2888
G1 X97.02 Y102.14 E1861.29502
G1 X97.14 Y102.02 E1861.30066
G0 F9000 X97.38 Y102.34
;TYPE:WALL-OUTER
G1 F1500 X97.463 Y102.303 E1861.30368
G1 X137.537 Y102.303 E1862.63655
G1 X137.62 Y102.34 E1862.63957
G1 X137.7 Y102.449 E1862.64407
G1 X137.698 Y132.535 E1863.64474
G1 X137.661 Y132.62 E1863.64782
G1 X137.537 Y132.697 E1863.65267
G1 X97.463 Y132.697 E1864.98554
G1 X97.38 Y132.66 E1864.98856
G1 X97.3 Y132.551 E1864.99306
G1 X97.3 Y102.449 E1865.99426
G1 X97.38 Y102.34 E1865.99875
G1 F2700 E1860.99875
G0 F9000 X97.38 Y102
G0 X97.344 Y101.745
G0 X93.416 Y95.665
G0 X93.815 Y93.815
G1 F2700 E1865.99875
G1 F1500 X93.207 Y94.602 E1866.03183
G1 X92.831 Y95.509 E1866.06449
G1 X92.7 Y96.517 E1866.09829
G1 X92.7 Y138.483 E1867.49409
G1 X92.831 Y139.487 E1867.52777
G1 X93.207 Y140.394 E1867.56042
G1 X93.815 Y141.181 E1867.5935
G1 X94.602 Y141.789 E1867.62658
G1 X95.509 Y142.165 E1867.65923
G1 X96.518 Y142.3 E1867.69309
G1 X138.482 Y142.3 E1869.08882
G1 X139.487 Y142.165 E1869.12255
G1 X140.39 Y141.793 E1869.15503
G1 X141.181 Y141.181 E1869.18829
G1 X141.793 Y140.39 E1869.22156
G1 X142.165 Y139.487 E1869.25404
G1 X142.3 Y138.482 E1869.28777
G1 X142.3 Y96.518 E1870.68349
G1 X142.165 Y95.509 E1870.71735
G1 X141.793 Y94.606 E1870.74984
G1 X141.181 Y93.815 E1870.7831
G1 X140.39 Y93.207 E1870.81628
G1 X139.487 Y92.831 E1870.84882
G1 X138.483 Y92.7 E1870.88249
G1 X96.517 Y92.7 E1872.27829
G1 X95.509 Y92.831 E1872.3121
G1 X94.602 Y93.207 E1872.34475
G1 X93.815 Y93.815 E1872.37783
G1 F2700 E1867.37783
G0 F9000 X94.157 Y94.191
G0 X93.697 Y94.885
G0 X93.398 Y95.7
G0 X97.031 Y101.876
G0 X96.75 Y101.898
;TYPE:SKIN
G1 F2700 E1872.37783
G1 F1500 X96.587 Y102.186 E1872.38884
G1 X96.54 Y102.496 E1872.39926
G1 X96.542 Y132.533 E1873.3983
G1 X96.603 Y132.838 E1873.40864
G1 X96.75 Y133.098 E1873.41858
G1 X96.961 Y133.289 E1873.42804
G1 X97.371 Y133.457 E1873.44278
G1 X137.629 Y133.457 E1874.78177
G1 X138.075 Y133.271 E1874.79784
G1 X138.289 Y133.035 E1874.80844
G1 X138.458 Y132.623 E1874.82325
G1 X138.458 Y102.468 E1875.82621
G1 X138.418 Y102.22 E1875.83456
G1 X138.28 Y101.943 E1875.84485
G1 X138.072 Y101.722 E1875.85495
G1 X137.629 Y101.543 E1875.87084
G1 X97.371 Y101.543 E1877.20983
G1 X96.958 Y101.711 E1877.22466
G1 X96.75 Y101.898 E1877.23396
G1 F2700 E1872.23396
G0 F9000 X96.936 Y102.084
G0 X97.394 Y101.724
G0 X93.416 Y95.665
G0 X94.355 Y94.355
G1 F2700 E1877.23396
G1 F1500 X94.99 Y93.867 E1877.2606
G1 X95.701 Y93.571 E1877.28621
G1 X96.569 Y93.46 E1877.31532
G1 X138.427 Y93.46 E1878.70752
G1 X139.291 Y93.571 E1878.73649
G1 X140.002 Y93.867 E1878.76211
G1 X140.633 Y94.351 E1878.78856
G1 X141.125 Y94.989 E1878.81535
G1 X141.421 Y95.705 E1878.84112
G1 X141.54 Y96.574 E1878.8703
G1 X141.539 Y138.418 E1880.26203
G1 X141.421 Y139.287 E1880.2912
G1 X141.125 Y140.006 E1880.31706
G1 X140.637 Y140.637 E1880.34359
G1 X140.006 Y141.125 E1880.37012
G1 X139.287 Y141.421 E1880.39599
G1 X138.422 Y141.539 E1880.42502
G1 X96.574 Y141.54 E1881.81689
G1 X95.705 Y141.421 E1881.84607
G1 X94.986 Y141.125 E1881.87193
G1 X94.355 Y140.637 E1881.89846
G1 X93.867 Y140.002 E1881.92509
G1 X93.571 Y139.291 E1881.95071
G1 X93.461 Y138.427 E1881.97968
G1 X93.46 Y96.569 E1883.37188
G1 X93.571 Y95.701 E1883.40099
G1 X93.867 Y94.99 E1883.4266
G1 X94.355 Y94.355 E1883.45324
G0 F9000 X94.199 Y94.151
G0 X93.914 Y94.567
G0 X93.315 Y95.668
G0 X93.777 Y95.728
G1 F1500 X95.728 Y93.777 E1883.54501
G0 F9000 X96.384 Y93.686
G1 F1500 X93.686 Y96.384 E1883.67191
G0 F9000 X93.661 Y96.975
G1 F1500 X96.976 Y93.66 E1883.82784
G0 F9000 X97.542 Y93.66
G1 F1500 X93.661 Y97.541 E1884.01039
G0 F9000 X93.661 Y98.107
G1 F1500 X98.108 Y93.66 E1884.21956
G0 F9000 X98.673 Y93.66
G1 F1500 X93.661 Y98.673 E1884.45534
G0 F9000 X93.661 Y99.238
G1 F1500 X99.239 Y93.66 E1884.71771
G0 F9000 X99.805 Y93.66
G1 F1500 X93.661 Y99.804 E1885.0067
G0 F9000 X93.661 Y100.37
G1 F1500 X100.37 Y93.66 E1885.3223
G0 F9000 X100.936 Y93.66
G1 F1500 X93.661 Y100.935 E1885.66449
G0 F9000 X93.661 Y101.501
G1 F1500 X101.502 Y93.66 E1886.03331
G0 F9000 X102.067 Y93.66
G1 F1500 X93.661 Y102.067 E1886.42872
G0 F9000 X93.661 Y102.632
G1 F1500 X102.633 Y93.66 E1886.85074
G0 F9000 X103.199 Y93.66
G1 F1500 X93.661 Y103.198 E1887.29938
G0 F9000 X93.661 Y103.764
G1 F1500 X103.764 Y93.66 E1887.77462
G0 F9000 X104.33 Y93.66
G1 F1500 X93.661 Y104.329 E1888.27645
G0 F9000 X93.661 Y104.895
G1 F1500 X96.398 Y102.158 E1888.40519
G0 F9000 X96.34 Y102.782
G1 F1500 X93.661 Y105.461 E1888.5312
G0 F9000 X93.661 Y106.026
G1 F1500 X96.34 Y103.347 E1888.65722
G0 F9000 X96.34 Y103.913
G1 F1500 X93.661 Y106.592 E1888.78323
G0 F9000 X93.661 Y107.158
G1 F1500 X96.34 Y104.479 E1888.90924
G0 F9000 X96.34 Y105.044
G1 F1500 X93.661 Y107.723 E1889.03525
G0 F9000 X93.661 Y108.289
G1 F1500 X96.34 Y105.61 E1889.16126
G0 F9000 X96.34 Y106.176
G1 F1500 X93.661 Y108.855 E1889.28728
G0 F9000 X93.661 Y109.421
G1 F1500 X96.34 Y106.741 E1889.41331
G0 F9000 X96.34 Y107.307
G1 F1500 X93.661 Y109.986 E1889.53932
G0 F9000 X93.661 Y110.552
G1 F1500 X96.34 Y107.873 E1889.66534
G0 F9000 X96.34 Y108.438
G1 F1500 X93.661 Y111.118 E1889.79137
G0 F9000 X93.661 Y111.683
G1 F1500 X96.34 Y109.004 E1889.91738
G0 F9000 X96.34 Y109.57
G1 F1500 X93.661 Y112.249 E1890.04339
G0 F9000 X93.661 Y112.815
G1 F1500 X96.34 Y110.135 E1890.16943
G0 F9000 X96.34 Y110.701
G1 F1500 X93.661 Y113.38 E1890.29544
G0 F9000 X93.661 Y113.946
G1 F1500 X96.34 Y111.267 E1890.42145
G0 F9000 X96.34 Y111.832
G1 F1500 X93.661 Y114.512 E1890.54749
G0 F9000 X93.661 Y115.077
G1 F1500 X96.34 Y112.398 E1890.6735
G0 F9000 X96.34 Y112.964
G1 F1500 X93.661 Y115.643 E1890.79951
G0 F9000 X93.661 Y116.209
G1 F1500 X96.34 Y113.53 E1890.92553
G0 F9000 X96.34 Y114.095
G1 F1500 X93.661 Y116.774 E1891.05154
G0 F9000 X93.661 Y117.34
G1 F1500 X96.34 Y114.661 E1891.17755
G0 F9000 X96.34 Y115.227
G1 F1500 X93.661 Y117.905 E1891.30354
G0 F9000 X93.661 Y118.471
G1 F1500 X96.34 Y115.792 E1891.42955
G0 F9000 X96.34 Y116.358
G1 F1500 X93.661 Y119.036 E1891.55554
G0 F9000 X93.661 Y119.602
G1 F1500 X96.34 Y116.924 E1891.68153
G0 F9000 X96.34 Y117.489
G1 F1500 X93.661 Y120.168 E1891.80754
G0 F9000 X93.661 Y120.734
G1 F1500 X96.34 Y118.055 E1891.93355
G0 F9000 X96.34 Y118.621
G1 F1500 X93.661 Y121.299 E1892.05954
G0 F9000 X93.661 Y121.865
G1 F1500 X96.34 Y119.186 E1892.18555
G0 F9000 X96.34 Y119.752
G1 F1500 X93.661 Y122.431 E1892.31156
G0 F9000 X93.661 Y122.996
G1 F1500 X96.34 Y120.318 E1892.43755
G0 F9000 X96.34 Y120.883
G1 F1500 X93.661 Y123.562 E1892.56356
G0 F9000 X93.661 Y124.128
G1 F1500 X96.34 Y121.449 E1892.68958
G0 F9000 X96.34 Y122.015
G1 F1500 X93.661 Y124.693 E1892.81556
G0 F9000 X93.661 Y125.259
G1 F1500 X96.34 Y122.58 E1892.94158
G0 F9000 X96.34 Y123.146
G1 F1500 X93.661 Y125.825 E1893.06759
G0 F9000 X93.661 Y126.39
G1 F1500 X96.34 Y123.712 E1893.19358
G0 F9000 X96.34 Y124.278
G1 F1500 X93.661 Y126.956 E1893.31956
G0 F9000 X93.661 Y127.522
G1 F1500 X96.34 Y124.843 E1893.44558
G0 F9000 X96.34 Y125.409
G1 F1500 X93.661 Y128.087 E1893.57156
G0 F9000 X93.661 Y128.653
G1 F1500 X96.34 Y125.975 E1893.69755
G0 F9000 X96.34 Y126.54
G1 F1500 X93.661 Y129.219 E1893.82357
G0 F9000 X93.661 Y129.784
G1 F1500 X96.34 Y127.106 E1893.94955
G0 F9000 X96.34 Y127.672
G1 F1500 X93.661 Y130.35 E1894.07554
G0 F9000 X93.661 Y130.916
G1 F1500 X96.34 Y128.237 E1894.20155
G0 F9000 X96.34 Y128.803
G1 F1500 X93.661 Y131.482 E1894.32757
G0 F9000 X93.661 Y132.047
G1 F1500 X96.34 Y129.369 E1894.45355
G0 F9000 X96.34 Y129.934
G1 F1500 X93.661 Y132.613 E1894.57957
G0 F9000 X93.661 Y133.179
G1 F1500 X96.34 Y130.5 E1894.70558
G0 F9000 X96.34 Y131.066
G1 F1500 X93.661 Y133.744 E1894.83157
G0 F9000 X93.661 Y134.31
G1 F1500 X96.34 Y131.631 E1894.95758
G0 F9000 X96.34 Y132.197
G1 F1500 X93.661 Y134.876 E1895.08359
G0 F9000 X93.661 Y135.441
G1 F1500 X96.373 Y132.73 E1895.21113
G0 F9000 X96.533 Y133.135
G1 F1500 X93.661 Y136.007 E1895.34622
G0 F9000 X93.661 Y136.573
G1 F1500 X96.799 Y133.435 E1895.49382
G0 F9000 X97.194 Y133.606
G1 F1500 X93.661 Y137.138 E1895.65998
G0 F9000 X93.661 Y137.704
G1 F1500 X97.707 Y133.659 E1895.85027
G0 F9000 X98.272 Y133.659
G1 F1500 X93.661 Y138.27 E1896.06716
G0 F9000 X93.709 Y138.787
G1 F1500 X98.838 Y133.659 E1896.30839
G0 F9000 X99.404 Y133.659
G1 F1500 X93.784 Y139.279 E1896.57273
G0 F9000 X93.95 Y139.678
G1 F1500 X99.969 Y133.659 E1896.85585
G0 F9000 X100.535 Y133.659
G1 F1500 X94.151 Y140.042 E1897.15611
G0 F9000 X94.397 Y140.363
G1 F1500 X101.101 Y133.659 E1897.47144
G0 F9000 X101.666 Y133.659
G1 F1500 X94.686 Y140.639 E1897.79976
G0 F9000 X95.005 Y140.885
G1 F1500 X102.232 Y133.659 E1898.13967
G0 F9000 X102.798 Y133.658
G1 F1500 X95.384 Y141.072 E1898.48841
G0 F9000 X95.792 Y141.23
G1 F1500 X103.364 Y133.658 E1898.84457
G0 F9000 X103.93 Y133.658
G1 F1500 X96.29 Y141.298 E1899.20393
G0 F9000 X96.814 Y141.34
G1 F1500 X104.496 Y133.658 E1899.56527
G0 F9000 X105.061 Y133.658
G1 F1500 X97.379 Y141.34 E1899.92661
G0 F9000 X97.945 Y141.34
G1 F1500 X105.627 Y133.658 E1900.28795
G0 F9000 X106.193 Y133.658
G1 F1500 X98.511 Y141.34 E1900.64928
G0 F9000 X99.076 Y141.34
G1 F1500 X106.758 Y133.658 E1901.01062
G0 F9000 X107.324 Y133.658
G1 F1500 X99.642 Y141.34 E1901.37196
G0 F9000 X100.208 Y141.34
G1 F1500 X107.89 Y133.657 E1901.73332
G0 F9000 X108.456 Y133.657
G1 F1500 X100.773 Y141.34 E1902.0947
G0 F9000 X101.339 Y141.34
G1 F1500 X109.022 Y133.657 E1902.45609
G0 F9000 X109.587 Y133.657
G1 F1500 X101.905 Y141.34 E1902.81745
G0 F9000 X102.47 Y141.34
G1 F1500 X110.153 Y133.657 E1903.17883
G0 F9000 X110.719 Y133.657
G1 F1500 X103.036 Y141.34 E1903.54022
G0 F9000 X103.602 Y141.34
G1 F1500 X111.284 Y133.657 E1903.90158
G0 F9000 X111.85 Y133.657
G1 F1500 X104.167 Y141.34 E1904.26297
G0 F9000 X104.733 Y141.34
G1 F1500 X112.416 Y133.657 E1904.62435
G0 F9000 X112.982 Y133.657
G1 F1500 X105.299 Y141.34 E1904.98574
G0 F9000 X105.864 Y141.34
G1 F1500 X113.548 Y133.657 E1905.34714
G0 F9000 X114.114 Y133.657
G1 F1500 X106.43 Y141.34 E1905.70855
G0 F9000 X106.996 Y141.34
G1 F1500 X114.679 Y133.657 E1906.06994
G0 F9000 X115.245 Y133.657
G1 F1500 X107.562 Y141.34 E1906.43132
G0 F9000 X108.127 Y141.34
G1 F1500 X115.811 Y133.657 E1906.79273
G0 F9000 X116.376 Y133.657
G1 F1500 X108.693 Y141.34 E1907.15411
G0 F9000 X109.259 Y141.34
G1 F1500 X116.942 Y133.657 E1907.5155
G0 F9000 X117.508 Y133.656
G1 F1500 X109.824 Y141.34 E1907.87693
G0 F9000 X110.39 Y141.34
G1 F1500 X118.074 Y133.656 E1908.23836
G0 F9000 X118.64 Y133.656
G1 F1500 X110.956 Y141.34 E1908.59979
G0 F9000 X111.521 Y141.34
G1 F1500 X119.205 Y133.656 E1908.96123
G0 F9000 X119.771 Y133.656
G1 F1500 X112.087 Y141.34 E1909.32266
G0 F9000 X112.653 Y141.34
G1 F1500 X120.337 Y133.656 E1909.68409
G0 F9000 X120.903 Y133.656
G1 F1500 X113.218 Y141.34 E1910.04555
G0 F9000 X113.784 Y141.34
G1 F1500 X121.468 Y133.656 E1910.40698
G0 F9000 X122.034 Y133.656
G1 F1500 X114.35 Y141.34 E1910.76841
G0 F9000 X114.915 Y141.34
G1 F1500 X122.6 Y133.655 E1911.12989
G0 F9000 X123.166 Y133.655
G1 F1500 X115.481 Y141.34 E1911.49137
G0 F9000 X116.047 Y141.34
G1 F1500 X123.732 Y133.655 E1911.85285
G0 F9000 X124.297 Y133.655
G1 F1500 X116.613 Y141.34 E1912.2143
G0 F9000 X117.178 Y141.34
G1 F1500 X124.863 Y133.655 E1912.57578
G0 F9000 X125.429 Y133.655
G1 F1500 X117.744 Y141.34 E1912.93726
G0 F9000 X118.31 Y141.34
G1 F1500 X125.994 Y133.655 E1913.29871
G0 F9000 X126.56 Y133.655
G1 F1500 X118.875 Y141.34 E1913.66019
G0 F9000 X119.441 Y141.34
G1 F1500 X127.126 Y133.655 E1914.02167
G0 F9000 X127.692 Y133.654
G1 F1500 X120.007 Y141.34 E1914.38317
G0 F9000 X120.572 Y141.34
G1 F1500 X128.258 Y133.654 E1914.7447
G0 F9000 X128.824 Y133.654
G1 F1500 X121.138 Y141.34 E1915.10623
G0 F9000 X121.704 Y141.34
G1 F1500 X129.389 Y133.654 E1915.46773
G0 F9000 X129.955 Y133.654
G1 F1500 X122.269 Y141.34 E1915.82925
G0 F9000 X122.835 Y141.34
G1 F1500 X130.521 Y133.654 E1916.19078
G0 F9000 X131.086 Y133.654
G1 F1500 X123.401 Y141.34 E1916.55228
G0 F9000 X123.966 Y141.34
G1 F1500 X131.652 Y133.654 E1916.91381
G0 F9000 X132.218 Y133.654
G1 F1500 X124.532 Y141.34 E1917.27533
G0 F9000 X125.098 Y141.34
G1 F1500 X132.784 Y133.654 E1917.63686
G0 F9000 X133.35 Y133.654
G1 F1500 X125.663 Y141.34 E1917.99841
G0 F9000 X126.229 Y141.34
G1 F1500 X133.915 Y133.654 E1918.35993
G0 F9000 X134.481 Y133.654
G1 F1500 X126.795 Y141.34 E1918.72146
G0 F9000 X127.361 Y141.34
G1 F1500 X135.047 Y133.654 E1919.08299
G0 F9000 X135.612 Y133.654
G1 F1500 X127.926 Y141.34 E1919.44451
G0 F9000 X128.492 Y141.34
G1 F1500 X136.178 Y133.654 E1919.80604
G0 F9000 X136.744 Y133.654
G1 F1500 X129.058 Y141.34 E1920.16756
G0 F9000 X129.623 Y141.34
G1 F1500 X137.31 Y133.654 E1920.52911
G0 F9000 X138.015 Y133.514
G1 F1500 X130.189 Y141.34 E1920.89722
G0 F9000 X130.755 Y141.34
G1 F1500 X141.339 Y130.756 E1921.39506
G0 F9000 X141.339 Y131.322
G1 F1500 X131.32 Y141.34 E1921.8663
G0 F9000 X131.886 Y141.34
G1 F1500 X141.339 Y131.887 E1922.31094
G0 F9000 X141.339 Y132.453
G1 F1500 X132.452 Y141.34 E1922.72896
G0 F9000 X133.017 Y141.34
G1 F1500 X141.339 Y133.019 E1923.12038
G0 F9000 X141.339 Y133.584
G1 F1500 X133.583 Y141.34 E1923.4852
G0 F9000 X134.149 Y141.34
G1 F1500 X141.339 Y134.15 E1923.82339
G0 F9000 X141.339 Y134.716
G1 F1500 X134.714 Y141.34 E1924.13499
G0 F9000 X135.28 Y141.34
G1 F1500 X141.339 Y135.282 E1924.41996
G0 F9000 X141.339 Y135.847
G1 F1500 X135.846 Y141.34 E1924.67834
G0 F9000 X136.412 Y141.34
G1 F1500 X141.339 Y136.413 E1924.91009
G0 F9000 X141.339 Y136.979
G1 F1500 X136.977 Y141.34 E1925.11524
G0 F9000 X137.543 Y141.34
G1 F1500 X141.339 Y137.544 E1925.29379
G0 F9000 X141.339 Y138.11
G1 F1500 X138.109 Y141.34 E1925.44572
G0 F9000 X138.717 Y141.297
G1 F1500 X141.296 Y138.718 E1925.56703
G0 F9000 X141.141 Y139.439
G1 F1500 X139.439 Y141.141 E1925.64708
G1 F2700 E1920.64708
G0 F9000 X139.615 Y141.571
G0 X140.087 Y141.269
G0 X137.598 Y133.281
G0 X138.515 Y133.014
G1 F2700 E1925.64708
G1 F1500 X141.339 Y130.19 E1925.77992
G0 F9000 X141.339 Y129.625
G1 F1500 X138.656 Y132.307 E1925.90609
G0 F9000 X138.656 Y131.742
G1 F1500 X141.339 Y129.059 E1926.03229
G0 F9000 X141.339 Y128.493
G1 F1500 X138.656 Y131.176 E1926.15849
G0 F9000 X138.656 Y130.61
G1 F1500 X141.339 Y127.928 E1926.28467
G0 F9000 X141.339 Y127.362
G1 F1500 X138.656 Y130.045 E1926.41087
G0 F9000 X138.656 Y129.479
G1 F1500 X141.339 Y126.796 E1926.53707
G0 F9000 X141.339 Y126.231
G1 F1500 X138.656 Y128.913 E1926.66325
G0 F9000 X138.656 Y128.348
G1 F1500 X141.339 Y125.665 E1926.78945
G0 F9000 X141.339 Y125.099
G1 F1500 X138.656 Y127.782 E1926.91565
G0 F9000 X138.657 Y127.216
G1 F1500 X141.339 Y124.534 E1927.0418
G0 F9000 X141.339 Y123.968
G1 F1500 X138.657 Y126.65 E1927.16795
G0 F9000 X138.657 Y126.084
G1 F1500 X141.339 Y123.402 E1927.29411
G0 F9000 X141.339 Y122.836
G1 F1500 X138.657 Y125.519 E1927.42028
G0 F9000 X138.657 Y124.953
G1 F1500 X141.339 Y122.271 E1927.54644
G0 F9000 X141.339 Y121.705
G1 F1500 X138.657 Y124.387 E1927.67259
G0 F9000 X138.657 Y123.821
G1 F1500 X141.339 Y121.139 E1927.79874
G0 F9000 X141.339 Y120.574
G1 F1500 X138.657 Y123.256 E1927.9249
G0 F9000 X138.657 Y122.69
G1 F1500 X141.339 Y120.008 E1928.05105
G0 F9000 X141.339 Y119.442
G1 F1500 X138.657 Y122.124 E1928.1772
G0 F9000 X138.657 Y121.558
G1 F1500 X141.339 Y118.877 E1928.30333
G0 F9000 X141.339 Y118.311
G1 F1500 X138.657 Y120.992 E1928.42946
G0 F9000 X138.657 Y120.427
G1 F1500 X141.339 Y117.745 E1928.55561
G0 F9000 X141.339 Y117.179
G1 F1500 X138.657 Y119.861 E1928.68177
G0 F9000 X138.657 Y119.295
G1 F1500 X141.339 Y116.613 E1928.80792
G0 F9000 X141.339 Y116.048
G1 F1500 X138.657 Y118.73 E1928.93407
G0 F9000 X138.657 Y118.164
G1 F1500 X141.339 Y115.482 E1929.06023
G0 F9000 X141.339 Y114.916
G1 F1500 X138.657 Y117.598 E1929.18638
G0 F9000 X138.658 Y117.032
G1 F1500 X141.339 Y114.35 E1929.31251
G0 F9000 X141.339 Y113.785
G1 F1500 X138.658 Y116.466 E1929.43861
G0 F9000 X138.658 Y115.9
G1 F1500 X141.339 Y113.219 E1929.56472
G0 F9000 X141.339 Y112.653
G1 F1500 X138.658 Y115.335 E1929.69085
G0 F9000 X138.658 Y114.769
G1 F1500 X141.339 Y112.088 E1929.81696
G0 F9000 X141.339 Y111.522
G1 F1500 X138.658 Y114.203 E1929.94306
G0 F9000 X138.658 Y113.638
G1 F1500 X141.339 Y110.956 E1930.06919
G0 F9000 X141.339 Y110.391
G1 F1500 X138.658 Y113.072 E1930.1953
G0 F9000 X138.659 Y112.506
G1 F1500 X141.339 Y109.825 E1930.32138
G0 F9000 X141.339 Y109.259
G1 F1500 X138.659 Y111.94 E1930.44746
G0 F9000 X138.659 Y111.374
G1 F1500 X141.339 Y108.694 E1930.57352
G0 F9000 X141.339 Y108.128
G1 F1500 X138.659 Y110.809 E1930.6996
G0 F9000 X138.659 Y110.243
G1 F1500 X141.339 Y107.562 E1930.82569
G0 F9000 X141.339 Y106.997
G1 F1500 X138.659 Y109.677 E1930.95175
G0 F9000 X138.659 Y109.112
G1 F1500 X141.339 Y106.431 E1931.07783
G0 F9000 X141.339 Y105.865
G1 F1500 X138.659 Y108.546 E1931.20391
G0 F9000 X138.659 Y107.98
G1 F1500 X141.339 Y105.3 E1931.32997
G0 F9000 X141.339 Y104.734
G1 F1500 X138.659 Y107.414 E1931.45603
G0 F9000 X138.659 Y106.848
G1 F1500 X141.339 Y104.168 E1931.58209
G0 F9000 X141.339 Y103.602
G1 F1500 X138.659 Y106.282 E1931.70815
G0 F9000 X138.659 Y105.717
G1 F1500 X141.339 Y103.037 E1931.83421
G0 F9000 X141.339 Y102.471
G1 F1500 X138.659 Y105.151 E1931.96026
G0 F9000 X138.659 Y104.585
G1 F1500 X141.339 Y101.905 E1932.08632
G0 F9000 X141.339 Y101.34
G1 F1500 X138.659 Y104.02 E1932.21238
G0 F9000 X138.659 Y103.454
G1 F1500 X141.339 Y100.774 E1932.33844
G0 F9000 X141.339 Y100.208
G1 F1500 X138.659 Y102.888 E1932.4645
G0 F9000 X138.638 Y102.344
G1 F1500 X141.339 Y99.643 E1932.59155
G0 F9000 X141.339 Y99.077
G1 F1500 X138.492 Y101.924 E1932.72546
G0 F9000 X138.241 Y101.61
G1 F1500 X141.339 Y98.511 E1932.87121
G0 F9000 X141.339 Y97.946
G1 F1500 X137.865 Y101.42 E1933.03461
G0 F9000 X137.379 Y101.34
G1 F1500 X141.339 Y97.38 E1933.22088
G0 F9000 X141.339 Y96.814
G1 F1500 X136.813 Y101.34 E1933.43377
G0 F9000 X136.247 Y101.34
G1 F1500 X141.298 Y96.29 E1933.67133
G0 F9000 X141.23 Y95.792
G1 F1500 X135.682 Y101.34 E1933.93229
G0 F9000 X135.116 Y101.34
G1 F1500 X141.071 Y95.385 E1934.21239
G0 F9000 X140.885 Y95.006
G1 F1500 X134.55 Y101.34 E1934.51035
G0 F9000 X133.985 Y101.34
G1 F1500 X140.639 Y94.687 E1934.82331
G0 F9000 X140.364 Y94.396
G1 F1500 X133.419 Y101.34 E1935.14996
G0 F9000 X132.853 Y101.341
G1 F1500 X140.043 Y94.151 E1935.48815
G0 F9000 X139.679 Y93.949
G1 F1500 X132.287 Y101.341 E1935.83585
G0 F9000 X131.721 Y101.341
G1 F1500 X139.28 Y93.783 E1936.19138
G0 F9000 X138.788 Y93.709
G1 F1500 X131.156 Y101.341 E1936.55036
G0 F9000 X130.59 Y101.341
G1 F1500 X138.271 Y93.66 E1936.91165
G0 F9000 X137.706 Y93.66
G1 F1500 X130.024 Y101.341 E1937.27297
G0 F9000 X129.459 Y101.341
G1 F1500 X137.14 Y93.66 E1937.63426
G0 F9000 X136.574 Y93.66
G1 F1500 X128.893 Y101.341 E1937.99555
G0 F9000 X128.326 Y101.342
G1 F1500 X136.008 Y93.66 E1938.35689
G0 F9000 X135.443 Y93.66
G1 F1500 X127.761 Y101.342 E1938.71823
G0 F9000 X127.195 Y101.342
G1 F1500 X134.877 Y93.66 E1939.07956
G0 F9000 X134.311 Y93.66
G1 F1500 X126.629 Y101.342 E1939.4409
G0 F9000 X126.064 Y101.342
G1 F1500 X133.746 Y93.66 E1939.80224
G0 F9000 X133.18 Y93.66
G1 F1500 X125.498 Y101.342 E1940.16358
G0 F9000 X124.932 Y101.342
G1 F1500 X132.614 Y93.66 E1940.52491
G0 F9000 X132.049 Y93.66
G1 F1500 X124.367 Y101.342 E1940.88625
G0 F9000 X123.8 Y101.343
G1 F1500 X131.483 Y93.66 E1941.24764
G0 F9000 X130.917 Y93.66
G1 F1500 X123.235 Y101.343 E1941.609
G0 F9000 X122.669 Y101.343
G1 F1500 X130.352 Y93.66 E1941.97038
G0 F9000 X129.786 Y93.66
G1 F1500 X122.103 Y101.343 E1942.33177
G0 F9000 X121.538 Y101.343
G1 F1500 X129.22 Y93.66 E1942.69313
G0 F9000 X128.655 Y93.66
G1 F1500 X120.972 Y101.343 E1943.05451
G0 F9000 X120.406 Y101.343
G1 F1500 X128.089 Y93.66 E1943.4159
G0 F9000 X127.523 Y93.66
G1 F1500 X119.84 Y101.343 E1943.77728
G0 F9000 X119.274 Y101.343
G1 F1500 X126.957 Y93.66 E1944.13867
G0 F9000 X126.392 Y93.66
G1 F1500 X118.708 Y101.343 E1944.50008
G0 F9000 X118.143 Y101.343
G1 F1500 X125.826 Y93.66 E1944.86146
G0 F9000 X125.26 Y93.66
G1 F1500 X117.577 Y101.343 E1945.22285
G0 F9000 X117.011 Y101.343
G1 F1500 X124.695 Y93.66 E1945.58425
G0 F9000 X124.129 Y93.66
G1 F1500 X116.446 Y101.343 E1945.94564
G0 F9000 X115.88 Y101.343
G1 F1500 X123.563 Y93.66 E1946.30702
G0 F9000 X122.998 Y93.66
G1 F1500 X115.314 Y101.343 E1946.66843
G0 F9000 X114.748 Y101.344
G1 F1500 X122.432 Y93.66 E1947.02986
G0 F9000 X121.866 Y93.66
G1 F1500 X114.182 Y101.344 E1947.3913
G0 F9000 X113.617 Y101.344
G1 F1500 X121.301 Y93.66 E1947.75273
G0 F9000 X120.735 Y93.66
G1 F1500 X113.051 Y101.344 E1948.11416
G0 F9000 X112.485 Y101.344
G1 F1500 X120.169 Y93.66 E1948.47559
G0 F9000 X119.604 Y93.66
G1 F1500 X111.919 Y101.344 E1948.83705
G0 F9000 X111.354 Y101.344
G1 F1500 X119.038 Y93.66 E1949.19848
G0 F9000 X118.472 Y93.66
G1 F1500 X110.788 Y101.344 E1949.55991
G0 F9000 X110.222 Y101.345
G1 F1500 X117.907 Y93.66 E1949.92139
G0 F9000 X117.341 Y93.66
G1 F1500 X109.656 Y101.345 E1950.28287
G0 F9000 X109.09 Y101.345
G1 F1500 X116.775 Y93.66 E1950.64435
G0 F9000 X116.209 Y93.66
G1 F1500 X108.525 Y101.345 E1951.0058
G0 F9000 X107.959 Y101.345
G1 F1500 X115.644 Y93.66 E1951.36728
G0 F9000 X115.078 Y93.66
G1 F1500 X107.393 Y101.345 E1951.72876
G0 F9000 X106.828 Y101.345
G1 F1500 X114.512 Y93.66 E1952.09021
G0 F9000 X113.947 Y93.66
G1 F1500 X106.261 Y101.345 E1952.45172
G0 F9000 X105.695 Y101.345
G1 F1500 X113.381 Y93.66 E1952.81322
G0 F9000 X112.815 Y93.66
G1 F1500 X105.13 Y101.345 E1953.1747
G0 F9000 X104.564 Y101.345
G1 F1500 X112.25 Y93.66 E1953.5362
G0 F9000 X111.684 Y93.66
G1 F1500 X103.998 Y101.345 E1953.8977
G0 F9000 X103.433 Y101.345
G1 F1500 X111.118 Y93.66 E1954.25918
G0 F9000 X110.553 Y93.66
G1 F1500 X102.867 Y101.345 E1954.62068
G0 F9000 X102.301 Y101.345
G1 F1500 X109.987 Y93.66 E1954.98219
G0 F9000 X109.421 Y93.66
G1 F1500 X101.735 Y101.346 E1955.34371
G0 F9000 X101.169 Y101.346
G1 F1500 X108.856 Y93.66 E1955.70526
G0 F9000 X108.29 Y93.66
G1 F1500 X100.604 Y101.346 E1956.06679
G0 F9000 X100.038 Y101.346
G1 F1500 X107.724 Y93.66 E1956.42831
G0 F9000 X107.158 Y93.66
G1 F1500 X99.472 Y101.346 E1956.78984
G0 F9000 X98.907 Y101.346
G1 F1500 X106.593 Y93.66 E1957.15137
G0 F9000 X106.027 Y93.66
G1 F1500 X98.341 Y101.346 E1957.51289
G0 F9000 X97.775 Y101.346
G1 F1500 X105.461 Y93.66 E1957.87442
G0 F9000 X104.896 Y93.66
G1 F1500 X97.135 Y101.421 E1958.23947
G1 F2700 E1953.23947
;MESH:NONMESH
G0 F300 X97.135 Y101.421 Z5.8
G0 F9000 X97.312 Y101.845
G0 X93.416 Y95.665
G0 X94.1 Y94.1
;TIME_ELAPSED:2754.311660
;LAYER:28
;TYPE:WALL-INNER
;MESH:doppia_fenditura.stl
G1 F2700 E1958.23947
G1 F1500 X93.556 Y94.804 E1958.26906
G1 X93.221 Y95.613 E1958.29818
G1 X93.1 Y96.543 E1958.32938
G1 X93.1 Y138.457 E1959.72344
G1 X93.221 Y139.383 E1959.7545
G1 X93.556 Y140.192 E1959.78363
G1 X94.1 Y140.896 E1959.81322
G1 X94.804 Y141.44 E1959.84281
G1 X95.614 Y141.775 E1959.87196
G1 X96.544 Y141.9 E1959.90317
G1 X138.456 Y141.9 E1961.29717
G1 X139.383 Y141.775 E1961.32828
G1 X140.188 Y141.443 E1961.35725
G1 X140.896 Y140.896 E1961.387
G1 X141.443 Y140.188 E1961.41676
G1 X141.775 Y139.383 E1961.44572
G1 X141.9 Y138.456 E1961.47683
G1 X141.9 Y96.544 E1962.87083
G1 X141.775 Y95.613 E1962.90208
G1 X141.443 Y94.808 E1962.93104
G1 X140.896 Y94.101 E1962.96077
G1 X140.188 Y93.556 E1962.99049
G1 X139.383 Y93.221 E1963.01949
G1 X138.457 Y93.1 E1963.05055
G1 X96.543 Y93.1 E1964.44461
G1 X95.613 Y93.221 E1964.4758
G1 X94.804 Y93.556 E1964.50493
G1 X94.1 Y94.1 E1964.53452
G1 F2700 E1959.53452
G0 F9000 X94.157 Y94.191
G0 X93.697 Y94.885
G0 X93.398 Y95.7
G0 X97.031 Y101.876
G0 X97.14 Y102.02
G1 F2700 E1964.53452
G1 F1500 X97.421 Y101.9 E1964.54468
G1 X137.579 Y101.9 E1965.88034
G1 X137.86 Y102.02 E1965.8905
G1 X137.981 Y102.139 E1965.89615
G1 X138.068 Y102.305 E1965.90238
G1 X138.1 Y102.5 E1965.90896
G1 X138.1 Y132.574 E1966.90922
G1 X137.981 Y132.86 E1966.91952
G1 X137.86 Y132.98 E1966.92519
G1 X137.579 Y133.1 E1966.93535
G1 X97.421 Y133.1 E1968.27101
G1 X97.14 Y132.98 E1968.28118
G1 X97.019 Y132.86 E1968.28685
G1 X96.932 Y132.695 E1968.29305
G1 X96.9 Y132.5 E1968.29962
G1 X96.9 Y102.5 E1969.29743
G1 X96.932 Y102.305 E1969.304
G1 X97.02 Y102.14 E1969.31022
G1 X97.14 Y102.02 E1969.31586
G0 F9000 X97.38 Y102.34
;TYPE:WALL-OUTER
G1 F1500 X97.463 Y102.303 E1969.31889
G1 X137.537 Y102.303 E1970.65175
G1 X137.62 Y102.34 E1970.65477
G1 X137.7 Y102.449 E1970.65927
G1 X137.698 Y132.535 E1971.65994
G1 X137.661 Y132.62 E1971.66302
G1 X137.537 Y132.697 E1971.66787
G1 X97.463 Y132.697 E1973.00074
G1 X97.38 Y132.66 E1973.00376
G1 X97.3 Y132.551 E1973.00826
G1 X97.3 Y102.449 E1974.00946
G1 X97.38 Y102.34 E1974.01395
G1 F2700 E1969.01395
G0 F9000 X97.38 Y102
G0 X97.344 Y101.745
G0 X93.416 Y95.665
G0 X93.815 Y93.815
G1 F2700 E1974.01395
G1 F1500 X93.207 Y94.602 E1974.04703
G1 X92.831 Y95.509 E1974.07969
G1 X92.7 Y96.517 E1974.1135
G1 X92.7 Y138.483 E1975.50929
G1 X92.831 Y139.487 E1975.54297
G1 X93.207 Y140.394 E1975.57562
G1 X93.815 Y141.181 E1975.6087
G1 X94.602 Y141.789 E1975.64178
G1 X95.509 Y142.165 E1975.67443
G1 X96.518 Y142.3 E1975.70829
G1 X138.482 Y142.3 E1977.10402
G1 X139.487 Y142.165 E1977.13775
G1 X140.39 Y141.793 E1977.17023
G1 X141.181 Y141.181 E1977.20349
G1 X141.793 Y140.39 E1977.23676
G1 X142.165 Y139.487 E1977.26924
G1 X142.3 Y138.482 E1977.30297
G1 X142.3 Y96.518 E1978.6987
G1 X142.165 Y95.509 E1978.73255
G1 X141.793 Y94.606 E1978.76504
G1 X141.181 Y93.815 E1978.7983
G1 X140.39 Y93.207 E1978.83148
G1 X139.487 Y92.831 E1978.86402
G1 X138.483 Y92.7 E1978.89769
G1 X96.517 Y92.7 E1980.29349
G1 X95.509 Y92.831 E1980.3273
G1 X94.602 Y93.207 E1980.35995
G1 X93.815 Y93.815 E1980.39303
G1 F2700 E1975.39303
G0 F9000 X94.157 Y94.191
G0 X93.697 Y94.885
G0 X93.398 Y95.7
G0 X97.031 Y101.876
G0 X96.75 Y101.898
;TYPE:SKIN
G1 F2700 E1980.39303
G1 F1500 X96.603 Y102.158 E1980.40296
G1 X96.542 Y102.463 E1980.41331
G1 X96.54 Y132.5 E1981.41234
G1 X96.587 Y132.81 E1981.42277
G1 X96.75 Y133.098 E1981.43378
G1 X96.961 Y133.289 E1981.44324
G1 X97.371 Y133.457 E1981.45798
G1 X137.629 Y133.457 E1982.79697
G1 X138.075 Y133.271 E1982.81304
G1 X138.289 Y133.035 E1982.82364
G1 X138.458 Y132.623 E1982.83845
G1 X138.458 Y102.468 E1983.84141
G1 X138.418 Y102.22 E1983.84976
G1 X138.28 Y101.943 E1983.86006
G1 X138.072 Y101.722 E1983.87015
G1 X137.629 Y101.543 E1983.88604
G1 X97.371 Y101.543 E1985.22503
G1 X96.958 Y101.711 E1985.23986
G1 X96.75 Y101.898 E1985.24916
G1 F2700 E1980.24916
G0 F9000 X96.936 Y102.084
G0 X97.394 Y101.724
G0 X93.416 Y95.665
G0 X94.355 Y94.355
G1 F2700 E1985.24916
G1 F1500 X94.99 Y93.867 E1985.2758
G1 X95.701 Y93.571 E1985.30141
G1 X96.569 Y93.46 E1985.33052
G1 X138.427 Y93.46 E1986.72272
G1 X139.291 Y93.571 E1986.75169
G1 X140.002 Y93.867 E1986.77731
G1 X140.633 Y94.351 E1986.80376
G1 X141.125 Y94.989 E1986.83055
G1 X141.421 Y95.705 E1986.85632
G1 X141.54 Y96.574 E1986.8855
G1 X141.539 Y138.418 E1988.27723
G1 X141.421 Y139.287 E1988.3064
G1 X141.125 Y140.006 E1988.33226
G1 X140.637 Y140.637 E1988.35879
G1 X140.006 Y141.125 E1988.38533
G1 X139.287 Y141.421 E1988.41119
G1 X138.422 Y141.539 E1988.44022
G1 X96.574 Y141.54 E1989.83209
G1 X95.705 Y141.421 E1989.86127
G1 X94.986 Y141.125 E1989.88713
G1 X94.355 Y140.637 E1989.91366
G1 X93.867 Y140.002 E1989.94029
G1 X93.571 Y139.291 E1989.96591
G1 X93.461 Y138.427 E1989.99488
G1 X93.46 Y96.569 E1991.38708
G1 X93.571 Y95.701 E1991.41619
G1 X93.867 Y94.99 E1991.4418
G1 X94.355 Y94.355 E1991.46844
G1 F2700 E1986.46844
G0 F9000 X94.199 Y94.151
G0 X94.885 Y93.697
G0 X95.655 Y93.378
G0 X96.554 Y93.261
G0 X138.446 Y93.261
G0 X139.341 Y93.378
G0 X140.107 Y93.697
G0 X140.654 Y94.116
G0 X141.285 Y94.766
G0 X140.977 Y95.157
G1 F2700 E1991.46844
G1 F1500 X139.836 Y94.016 E1991.52211
G0 F9000 X138.989 Y93.734
G1 F1500 X141.259 Y96.005 E1991.62891
G0 F9000 X141.339 Y96.65
G1 F1500 X138.35 Y93.661 E1991.7695
G0 F9000 X137.784 Y93.661
G1 F1500 X141.339 Y97.216 E1991.93671
G0 F9000 X141.339 Y97.782
G1 F1500 X137.218 Y93.661 E1992.13055
G0 F9000 X136.653 Y93.661
G1 F1500 X141.339 Y98.347 E1992.35097
G0 F9000 X141.339 Y98.913
G1 F1500 X136.087 Y93.661 E1992.59801
G0 F9000 X135.521 Y93.661
G1 F1500 X141.339 Y99.479 E1992.87167
G0 F9000 X141.339 Y100.044
G1 F1500 X134.956 Y93.661 E1993.1719
G0 F9000 X134.39 Y93.661
G1 F1500 X141.339 Y100.61 E1993.49876
G0 F9000 X141.339 Y101.176
G1 F1500 X133.824 Y93.661 E1993.85225
G0 F9000 X133.259 Y93.661
G1 F1500 X141.339 Y101.741 E1994.23231
G0 F9000 X141.339 Y102.307
G1 F1500 X132.693 Y93.661 E1994.63899
G0 F9000 X132.127 Y93.661
G1 F1500 X141.339 Y102.873 E1995.07229
G0 F9000 X141.339 Y103.438
G1 F1500 X131.561 Y93.661 E1995.53219
G0 F9000 X130.996 Y93.661
G1 F1500 X141.339 Y104.004 E1996.0187
G0 F9000 X141.339 Y104.57
G1 F1500 X130.43 Y93.661 E1996.53182
G0 F9000 X129.864 Y93.661
G1 F1500 X137.544 Y101.34 E1996.89304
G0 F9000 X136.978 Y101.34
G1 F1500 X129.299 Y93.661 E1997.25424
G0 F9000 X128.733 Y93.661
G1 F1500 X136.412 Y101.34 E1997.61544
G0 F9000 X135.847 Y101.34
G1 F1500 X128.167 Y93.661 E1997.97666
G0 F9000 X127.602 Y93.661
G1 F1500 X135.281 Y101.34 E1998.33785
G0 F9000 X134.715 Y101.34
G1 F1500 X127.036 Y93.661 E1998.69905
G0 F9000 X126.47 Y93.661
G1 F1500 X134.149 Y101.34 E1999.06025
G0 F9000 X133.584 Y101.34
G1 F1500 X125.905 Y93.661 E1999.42144
G0 F9000 X125.339 Y93.661
G1 F1500 X133.019 Y101.34 E1999.78266
G0 F9000 X132.453 Y101.34
G1 F1500 X124.773 Y93.661 E2000.14388
G0 F9000 X124.208 Y93.661
G1 F1500 X131.887 Y101.34 E2000.50508
G0 F9000 X131.322 Y101.34
G1 F1500 X123.642 Y93.661 E2000.8663
G0 F9000 X123.076 Y93.661
G1 F1500 X130.756 Y101.34 E2001.22752
G0 F9000 X130.19 Y101.34
G1 F1500 X122.51 Y93.661 E2001.58874
G0 F9000 X121.945 Y93.661
G1 F1500 X129.625 Y101.34 E2001.94996
G0 F9000 X129.059 Y101.34
G1 F1500 X121.379 Y93.661 E2002.31118
G0 F9000 X120.813 Y93.661
G1 F1500 X128.494 Y101.341 E2002.67245
G0 F9000 X127.928 Y101.341
G1 F1500 X120.248 Y93.661 E2003.03369
G0 F9000 X119.682 Y93.661
G1 F1500 X127.363 Y101.341 E2003.39496
G0 F9000 X126.797 Y101.341
G1 F1500 X119.116 Y93.661 E2003.75623
G0 F9000 X118.551 Y93.661
G1 F1500 X126.231 Y101.341 E2004.11747
G0 F9000 X125.666 Y101.341
G1 F1500 X117.985 Y93.661 E2004.47874
G0 F9000 X117.419 Y93.661
G1 F1500 X125.1 Y101.341 E2004.84
G0 F9000 X124.534 Y101.341
G1 F1500 X116.854 Y93.661 E2005.20125
G0 F9000 X116.288 Y93.661
G1 F1500 X123.969 Y101.342 E2005.56254
G0 F9000 X123.404 Y101.342
G1 F1500 X115.722 Y93.661 E2005.92385
G0 F9000 X115.157 Y93.661
G1 F1500 X122.838 Y101.342 E2006.28514
G0 F9000 X122.272 Y101.342
G1 F1500 X114.591 Y93.661 E2006.64643
G0 F9000 X114.025 Y93.661
G1 F1500 X121.707 Y101.342 E2007.00775
G0 F9000 X121.141 Y101.342
G1 F1500 X113.46 Y93.661 E2007.36904
G0 F9000 X112.894 Y93.661
G1 F1500 X120.575 Y101.342 E2007.73033
G0 F9000 X120.009 Y101.342
G1 F1500 X112.328 Y93.661 E2008.09162
G0 F9000 X111.762 Y93.661
G1 F1500 X119.444 Y101.343 E2008.45296
G0 F9000 X118.879 Y101.343
G1 F1500 X111.197 Y93.661 E2008.8143
G0 F9000 X110.631 Y93.661
G1 F1500 X118.313 Y101.343 E2009.17563
G0 F9000 X117.747 Y101.343
G1 F1500 X110.065 Y93.661 E2009.53697
G0 F9000 X109.5 Y93.661
G1 F1500 X117.182 Y101.343 E2009.89831
G0 F9000 X116.616 Y101.343
G1 F1500 X108.934 Y93.661 E2010.25965
G0 F9000 X108.368 Y93.661
G1 F1500 X116.05 Y101.343 E2010.62098
G0 F9000 X115.485 Y101.343
G1 F1500 X107.803 Y93.661 E2010.98232
G0 F9000 X107.237 Y93.661
G1 F1500 X114.92 Y101.343 E2011.34368
G0 F9000 X114.354 Y101.343
G1 F1500 X106.671 Y93.661 E2011.70504
G0 F9000 X106.106 Y93.661
G1 F1500 X113.788 Y101.343 E2012.06638
G0 F9000 X113.223 Y101.343
G1 F1500 X105.54 Y93.661 E2012.42774
G0 F9000 X104.974 Y93.661
G1 F1500 X112.657 Y101.343 E2012.7891
G0 F9000 X112.091 Y101.343
G1 F1500 X104.409 Y93.661 E2013.15044
G0 F9000 X103.843 Y93.661
G1 F1500 X111.526 Y101.343 E2013.5118
G0 F9000 X110.96 Y101.343
G1 F1500 X103.277 Y93.661 E2013.87317
G0 F9000 X102.712 Y93.661
G1 F1500 X110.395 Y101.344 E2014.23455
G0 F9000 X109.829 Y101.344
G1 F1500 X102.146 Y93.661 E2014.59593
G0 F9000 X101.58 Y93.661
G1 F1500 X109.264 Y101.344 E2014.95734
G0 F9000 X108.698 Y101.344
G1 F1500 X101.014 Y93.661 E2015.31875
G0 F9000 X100.449 Y93.661
G1 F1500 X108.132 Y101.344 E2015.68014
G0 F9000 X107.566 Y101.344
G1 F1500 X99.883 Y93.661 E2016.04152
G0 F9000 X99.317 Y93.661
G1 F1500 X107.001 Y101.344 E2016.40293
G0 F9000 X106.435 Y101.344
G1 F1500 X98.752 Y93.661 E2016.76431
G0 F9000 X98.186 Y93.661
G1 F1500 X105.87 Y101.345 E2017.12575
G0 F9000 X105.304 Y101.345
G1 F1500 X97.62 Y93.661 E2017.48718
G0 F9000 X97.055 Y93.661
G1 F1500 X104.739 Y101.345 E2017.84861
G0 F9000 X104.173 Y101.345
G1 F1500 X96.5 Y93.672 E2018.20952
G0 F9000 X95.998 Y93.735
G1 F1500 X103.607 Y101.345 E2018.56745
G0 F9000 X103.042 Y101.345
G1 F1500 X95.549 Y93.851 E2018.91992
G0 F9000 X95.15 Y94.018
G1 F1500 X102.476 Y101.345 E2019.26454
G0 F9000 X101.91 Y101.345
G1 F1500 X94.818 Y94.252 E2019.59815
G0 F9000 X94.498 Y94.498
G1 F1500 X101.345 Y101.345 E2019.92021
G0 F9000 X100.78 Y101.345
G1 F1500 X94.252 Y94.818 E2020.22724
G0 F9000 X94.018 Y95.15
G1 F1500 X100.214 Y101.345 E2020.51866
G0 F9000 X99.648 Y101.345
G1 F1500 X93.851 Y95.549 E2020.79131
G0 F9000 X93.735 Y95.998
G1 F1500 X99.083 Y101.345 E2021.04284
G0 F9000 X98.517 Y101.345
G1 F1500 X93.672 Y96.5 E2021.27073
G0 F9000 X93.661 Y97.055
G1 F1500 X97.951 Y101.345 E2021.47252
G0 F9000 X97.386 Y101.345
G1 F1500 X93.661 Y97.62 E2021.64774
G0 F9000 X93.661 Y98.186
G1 F1500 X96.966 Y101.491 E2021.80319
G0 F9000 X96.645 Y101.736
G1 F1500 X93.661 Y98.752 E2021.94355
G0 F9000 X93.661 Y99.317
G1 F1500 X96.423 Y102.08 E2022.07349
G0 F9000 X96.345 Y102.568
G1 F1500 X93.661 Y99.883 E2022.19976
G0 F9000 X93.661 Y100.449
G1 F1500 X96.345 Y103.134 E2022.32603
G0 F9000 X96.345 Y103.699
G1 F1500 X93.661 Y101.014 E2022.4523
G0 F9000 X93.661 Y101.58
G1 F1500 X96.345 Y104.265 E2022.57857
G0 F9000 X96.345 Y104.831
G1 F1500 X93.661 Y102.146 E2022.70484
G0 F9000 X93.661 Y102.712
G1 F1500 X96.345 Y105.396 E2022.83109
G0 F9000 X96.345 Y105.962
G1 F1500 X93.661 Y103.277 E2022.95736
G0 F9000 X93.661 Y103.843
G1 F1500 X96.345 Y106.527 E2023.08361
G0 F9000 X96.345 Y107.093
G1 F1500 X93.661 Y104.409 E2023.20986
G0 F9000 X93.661 Y104.974
G1 F1500 X96.345 Y107.658 E2023.3361
G0 F9000 X96.345 Y108.224
G1 F1500 X93.661 Y105.54 E2023.46235
G0 F9000 X93.661 Y106.106
G1 F1500 X96.345 Y108.79 E2023.5886
G0 F9000 X96.345 Y109.355
G1 F1500 X93.661 Y106.671 E2023.71484
G0 F9000 X93.661 Y107.237
G1 F1500 X96.345 Y109.921 E2023.84109
G0 F9000 X96.344 Y110.486
G1 F1500 X93.661 Y107.803 E2023.96729
G0 F9000 X93.661 Y108.368
G1 F1500 X96.344 Y111.052 E2024.09351
G0 F9000 X96.344 Y111.618
G1 F1500 X93.661 Y108.934 E2024.21974
G0 F9000 X93.661 Y109.5
G1 F1500 X96.344 Y112.183 E2024.34594
G0 F9000 X96.344 Y112.749
G1 F1500 X93.661 Y110.065 E2024.47216
G0 F9000 X93.661 Y110.631
G1 F1500 X96.344 Y113.315 E2024.59839
G0 F9000 X96.343 Y113.88
G1 F1500 X93.661 Y111.197 E2024.72456
G0 F9000 X93.661 Y111.762
G1 F1500 X96.343 Y114.445 E2024.85074
G0 F9000 X96.343 Y115.011
G1 F1500 X93.661 Y112.328 E2024.97692
G0 F9000 X93.661 Y112.894
G1 F1500 X96.343 Y115.577 E2025.10309
G0 F9000 X96.343 Y116.142
G1 F1500 X93.661 Y113.46 E2025.22925
G0 F9000 X93.661 Y114.025
G1 F1500 X96.343 Y116.708 E2025.35542
G0 F9000 X96.343 Y117.274
G1 F1500 X93.661 Y114.591 E2025.4816
G0 F9000 X93.661 Y115.157
G1 F1500 X96.343 Y117.839 E2025.60775
G0 F9000 X96.343 Y118.404
G1 F1500 X93.661 Y115.722 E2025.7339
G0 F9000 X93.661 Y116.288
G1 F1500 X96.343 Y118.97 E2025.86006
G0 F9000 X96.343 Y119.536
G1 F1500 X93.661 Y116.854 E2025.98621
G0 F9000 X93.661 Y117.419
G1 F1500 X96.343 Y120.101 E2026.11236
G0 F9000 X96.343 Y120.667
G1 F1500 X93.661 Y117.985 E2026.23852
G0 F9000 X93.661 Y118.551
G1 F1500 X96.342 Y121.232 E2026.36462
G0 F9000 X96.342 Y121.798
G1 F1500 X93.661 Y119.116 E2026.49075
G0 F9000 X93.661 Y119.682
G1 F1500 X96.342 Y122.363 E2026.61686
G0 F9000 X96.342 Y122.929
G1 F1500 X93.661 Y120.248 E2026.74296
G0 F9000 X93.661 Y120.813
G1 F1500 X96.342 Y123.495 E2026.86909
G0 F9000 X96.342 Y124.06
G1 F1500 X93.661 Y121.379 E2026.9952
G0 F9000 X93.661 Y121.945
G1 F1500 X96.342 Y124.626 E2027.12131
G0 F9000 X96.341 Y125.191
G1 F1500 X93.661 Y122.51 E2027.24739
G0 F9000 X93.661 Y123.076
G1 F1500 X96.341 Y125.757 E2027.37347
G0 F9000 X96.341 Y126.323
G1 F1500 X93.661 Y123.642 E2027.49955
G0 F9000 X93.661 Y124.208
G1 F1500 X96.341 Y126.888 E2027.62561
G0 F9000 X96.341 Y127.454
G1 F1500 X93.661 Y124.773 E2027.75169
G0 F9000 X93.661 Y125.339
G1 F1500 X96.341 Y128.02 E2027.87778
G0 F9000 X96.341 Y128.585
G1 F1500 X93.661 Y125.905 E2028.00384
G0 F9000 X93.661 Y126.47
G1 F1500 X96.34 Y129.15 E2028.12987
G0 F9000 X96.34 Y129.716
G1 F1500 X93.661 Y127.036 E2028.25591
G0 F9000 X93.661 Y127.602
G1 F1500 X96.34 Y130.282 E2028.38194
G0 F9000 X96.34 Y130.847
G1 F1500 X93.661 Y128.167 E2028.50798
G0 F9000 X93.661 Y128.733
G1 F1500 X96.34 Y131.413 E2028.63401
G0 F9000 X96.34 Y131.979
G1 F1500 X93.661 Y129.299 E2028.76005
G0 F9000 X93.661 Y129.864
G1 F1500 X96.348 Y132.551 E2028.88644
G0 F9000 X96.799 Y132.492
G0 X97.456 Y133.2
G0 X97.456 Y133.659
G1 F1500 X105.135 Y141.339 E2029.24766
G0 F9000 X104.57 Y141.339
G1 F1500 X93.661 Y130.43 E2029.76078
G0 F9000 X93.661 Y130.996
G1 F1500 X104.004 Y141.339 E2030.24729
G0 F9000 X103.438 Y141.339
G1 F1500 X93.661 Y131.561 E2030.70719
G0 F9000 X93.661 Y132.127
G1 F1500 X102.873 Y141.339 E2031.14049
G0 F9000 X102.307 Y141.339
G1 F1500 X93.661 Y132.693 E2031.54718
G0 F9000 X93.661 Y133.259
G1 F1500 X101.741 Y141.339 E2031.92723
G0 F9000 X101.176 Y141.339
G1 F1500 X93.661 Y133.824 E2032.28072
G0 F9000 X93.661 Y134.39
G1 F1500 X100.61 Y141.339 E2032.60758
G0 F9000 X100.044 Y141.339
G1 F1500 X93.661 Y134.956 E2032.90781
G0 F9000 X93.661 Y135.521
G1 F1500 X99.479 Y141.339 E2033.18147
G0 F9000 X98.913 Y141.339
G1 F1500 X93.661 Y136.087 E2033.42851
G0 F9000 X93.661 Y136.653
G1 F1500 X98.347 Y141.339 E2033.64893
G0 F9000 X97.782 Y141.339
G1 F1500 X93.661 Y137.218 E2033.84277
G0 F9000 X93.661 Y137.784
G1 F1500 X97.216 Y141.339 E2034.00998
G0 F9000 X96.65 Y141.339
G1 F1500 X93.661 Y138.35 E2034.15058
G0 F9000 X93.734 Y138.989
G1 F1500 X96.005 Y141.259 E2034.25737
G0 F9000 X95.158 Y140.979
G1 F1500 X94.015 Y139.835 E2034.31116
G1 F2700 E2029.31116
G0 F9000 X93.59 Y140.01
G0 X93.378 Y139.341
G0 X93.293 Y138.404
G0 X97.402 Y133.281
G0 X98.021 Y133.659
G1 F2700 E2034.31116
G1 F1500 X105.701 Y141.339 E2034.6724
G0 F9000 X106.267 Y141.339
G1 F1500 X98.587 Y133.659 E2035.03365
G0 F9000 X99.153 Y133.659
G1 F1500 X106.833 Y141.339 E2035.39489
G0 F9000 X107.398 Y141.339
G1 F1500 X99.718 Y133.659 E2035.75613
G0 F9000 X100.284 Y133.659
G1 F1500 X107.964 Y141.339 E2036.11738
G0 F9000 X108.53 Y141.339
G1 F1500 X100.85 Y133.659 E2036.47862
G0 F9000 X101.415 Y133.659
G1 F1500 X109.095 Y141.339 E2036.83987
G0 F9000 X109.661 Y141.339
G1 F1500 X101.981 Y133.659 E2037.20111
G0 F9000 X102.546 Y133.659
G1 F1500 X110.227 Y141.339 E2037.56238
G0 F9000 X110.792 Y141.339
G1 F1500 X103.112 Y133.659 E2037.92362
G0 F9000 X103.677 Y133.659
G1 F1500 X111.358 Y141.339 E2038.28489
G0 F9000 X111.924 Y141.339
G1 F1500 X104.243 Y133.659 E2038.64615
G0 F9000 X104.809 Y133.659
G1 F1500 X112.489 Y141.339 E2039.0074
G0 F9000 X113.055 Y141.339
G1 F1500 X105.374 Y133.659 E2039.36867
G0 F9000 X105.94 Y133.659
G1 F1500 X113.621 Y141.339 E2039.72993
G0 F9000 X114.186 Y141.339
G1 F1500 X106.506 Y133.659 E2040.09118
G0 F9000 X107.072 Y133.659
G1 F1500 X114.752 Y141.339 E2040.45242
G0 F9000 X115.318 Y141.339
G1 F1500 X107.637 Y133.658 E2040.81371
G0 F9000 X108.202 Y133.658
G1 F1500 X115.883 Y141.339 E2041.175
G0 F9000 X116.449 Y141.339
G1 F1500 X108.768 Y133.658 E2041.53629
G0 F9000 X109.334 Y133.658
G1 F1500 X117.015 Y141.339 E2041.89758
G0 F9000 X117.581 Y141.339
G1 F1500 X109.899 Y133.658 E2042.2589
G0 F9000 X110.465 Y133.658
G1 F1500 X118.146 Y141.339 E2042.62019
G0 F9000 X118.712 Y141.339
G1 F1500 X111.031 Y133.658 E2042.98148
G0 F9000 X111.596 Y133.658
G1 F1500 X119.278 Y141.339 E2043.34279
G0 F9000 X119.843 Y141.339
G1 F1500 X112.162 Y133.658 E2043.70408
G0 F9000 X112.727 Y133.657
G1 F1500 X120.409 Y141.339 E2044.06542
G0 F9000 X120.975 Y141.339
G1 F1500 X113.293 Y133.657 E2044.42676
G0 F9000 X113.858 Y133.657
G1 F1500 X121.54 Y141.339 E2044.7881
G0 F9000 X122.106 Y141.339
G1 F1500 X114.424 Y133.657 E2045.14943
G0 F9000 X114.99 Y133.657
G1 F1500 X122.672 Y141.339 E2045.51077
G0 F9000 X123.237 Y141.339
G1 F1500 X115.555 Y133.657 E2045.87211
G0 F9000 X116.121 Y133.657
G1 F1500 X123.803 Y141.339 E2046.23345
G0 F9000 X124.369 Y141.339
G1 F1500 X116.687 Y133.657 E2046.59478
G0 F9000 X117.252 Y133.657
G1 F1500 X124.934 Y141.339 E2046.95612
G0 F9000 X125.5 Y141.339
G1 F1500 X117.817 Y133.657 E2047.31748
G0 F9000 X118.383 Y133.657
G1 F1500 X126.066 Y141.339 E2047.67884
G0 F9000 X126.632 Y141.339
G1 F1500 X118.949 Y133.657 E2048.04021
G0 F9000 X119.514 Y133.657
G1 F1500 X127.197 Y141.339 E2048.40157
G0 F9000 X127.763 Y141.339
G1 F1500 X120.08 Y133.657 E2048.76293
G0 F9000 X120.646 Y133.657
G1 F1500 X128.329 Y141.339 E2049.12429
G0 F9000 X128.894 Y141.339
G1 F1500 X121.212 Y133.657 E2049.48563
G0 F9000 X121.777 Y133.657
G1 F1500 X129.46 Y141.339 E2049.84699
G0 F9000 X130.026 Y141.339
G1 F1500 X122.343 Y133.657 E2050.20835
G0 F9000 X122.908 Y133.656
G1 F1500 X130.591 Y141.339 E2050.56973
G0 F9000 X131.157 Y141.339
G1 F1500 X123.474 Y133.656 E2050.93112
G0 F9000 X124.039 Y133.656
G1 F1500 X131.723 Y141.339 E2051.29253
G0 F9000 X132.288 Y141.339
G1 F1500 X124.605 Y133.656 E2051.65391
G0 F9000 X125.171 Y133.656
G1 F1500 X132.854 Y141.339 E2052.0153
G0 F9000 X133.42 Y141.339
G1 F1500 X125.736 Y133.656 E2052.37671
G0 F9000 X126.302 Y133.656
G1 F1500 X133.985 Y141.339 E2052.73809
G0 F9000 X134.551 Y141.339
G1 F1500 X126.868 Y133.656 E2053.09948
G0 F9000 X127.433 Y133.656
G1 F1500 X135.117 Y141.339 E2053.46088
G0 F9000 X135.682 Y141.339
G1 F1500 X127.998 Y133.655 E2053.82232
G0 F9000 X128.564 Y133.655
G1 F1500 X136.248 Y141.339 E2054.18375
G0 F9000 X136.814 Y141.339
G1 F1500 X129.13 Y133.655 E2054.54518
G0 F9000 X129.695 Y133.655
G1 F1500 X137.38 Y141.339 E2054.90663
G0 F9000 X137.945 Y141.339
G1 F1500 X130.261 Y133.655 E2055.26807
G0 F9000 X130.827 Y133.655
G1 F1500 X138.498 Y141.327 E2055.62891
G0 F9000 X138.996 Y141.259
G1 F1500 X131.392 Y133.655 E2055.98658
G0 F9000 X131.958 Y133.655
G1 F1500 X139.442 Y141.139 E2056.3386
G0 F9000 X139.843 Y140.974
G1 F1500 X132.524 Y133.655 E2056.68287
G0 F9000 X133.089 Y133.654
G1 F1500 X140.175 Y140.74 E2057.01617
G0 F9000 X140.494 Y140.494
G1 F1500 X133.654 Y133.654 E2057.3379
G0 F9000 X134.22 Y133.654
G1 F1500 X140.74 Y140.175 E2057.64461
G0 F9000 X140.974 Y139.843
G1 F1500 X134.786 Y133.654 E2057.9357
G0 F9000 X135.352 Y133.654
G1 F1500 X141.139 Y139.442 E2058.20792
G0 F9000 X141.258 Y138.995
G1 F1500 X135.917 Y133.654 E2058.45915
G0 F9000 X136.483 Y133.654
G1 F1500 X141.326 Y138.497 E2058.68695
G0 F9000 X141.339 Y137.945
G1 F1500 X137.049 Y133.654 E2058.88876
G0 F9000 X137.614 Y133.654
G1 F1500 X141.339 Y137.379 E2059.06397
G0 F9000 X141.339 Y136.813
G1 F1500 X138.033 Y133.507 E2059.21947
G0 F9000 X138.349 Y133.258
G1 F1500 X141.339 Y136.247 E2059.36009
G0 F9000 X141.339 Y135.682
G1 F1500 X138.561 Y132.904 E2059.49076
G0 F9000 X138.656 Y132.433
G1 F1500 X141.339 Y135.116 E2059.61696
G0 F9000 X141.339 Y134.55
G1 F1500 X138.656 Y131.868 E2059.74314
G0 F9000 X138.656 Y131.302
G1 F1500 X141.339 Y133.985 E2059.86934
G0 F9000 X141.339 Y133.419
G1 F1500 X138.656 Y130.736 E2059.99554
G0 F9000 X138.656 Y130.171
G1 F1500 X141.339 Y132.853 E2060.12171
G0 F9000 X141.339 Y132.288
G1 F1500 X138.656 Y129.605 E2060.24791
G0 F9000 X138.656 Y129.039
G1 F1500 X141.339 Y131.722 E2060.37411
G0 F9000 X141.339 Y131.156
G1 F1500 X138.656 Y128.474 E2060.50029
G0 F9000 X138.657 Y127.909
G1 F1500 X141.339 Y130.591 E2060.62644
G0 F9000 X141.339 Y130.025
G1 F1500 X138.657 Y127.343 E2060.7526
G0 F9000 X138.657 Y126.777
G1 F1500 X141.339 Y129.459 E2060.87875
G0 F9000 X141.339 Y128.894
G1 F1500 X138.657 Y126.211 E2061.00493
G0 F9000 X138.657 Y125.646
G1 F1500 X141.339 Y128.328 E2061.13108
G0 F9000 X141.339 Y127.762
G1 F1500 X138.657 Y125.08 E2061.25723
G0 F9000 X138.657 Y124.514
G1 F1500 X141.339 Y127.196 E2061.38338
G0 F9000 X141.339 Y126.631
G1 F1500 X138.657 Y123.949 E2061.50954
G0 F9000 X138.657 Y123.384
G1 F1500 X141.339 Y126.065 E2061.63567
G0 F9000 X141.339 Y125.499
G1 F1500 X138.657 Y122.818 E2061.7618
G0 F9000 X138.657 Y122.252
G1 F1500 X141.339 Y124.934 E2061.88795
G0 F9000 X141.339 Y124.368
G1 F1500 X138.657 Y121.687 E2062.01408
G0 F9000 X138.657 Y121.121
G1 F1500 X141.339 Y123.802 E2062.14021
G0 F9000 X141.339 Y123.237
G1 F1500 X138.657 Y120.555 E2062.26636
G0 F9000 X138.657 Y119.99
G1 F1500 X141.339 Y122.671 E2062.39249
G0 F9000 X141.339 Y122.105
G1 F1500 X138.658 Y119.425 E2062.51857
G0 F9000 X138.658 Y118.859
G1 F1500 X141.339 Y121.54 E2062.64468
G0 F9000 X141.339 Y120.974
G1 F1500 X138.658 Y118.293 E2062.77079
G0 F9000 X138.658 Y117.728
G1 F1500 X141.339 Y120.408 E2062.89687
G0 F9000 X141.339 Y119.843
G1 F1500 X138.658 Y117.162 E2063.02297
G0 F9000 X138.658 Y116.596
G1 F1500 X141.339 Y119.277 E2063.14908
G0 F9000 X141.339 Y118.711
G1 F1500 X138.658 Y116.031 E2063.27516
G0 F9000 X138.658 Y115.465
G1 F1500 X141.339 Y118.146 E2063.40127
G0 F9000 X141.339 Y117.58
G1 F1500 X138.659 Y114.9 E2063.52733
G0 F9000 X138.659 Y114.334
G1 F1500 X141.339 Y117.015 E2063.65341
G0 F9000 X141.339 Y116.449
G1 F1500 X138.659 Y113.769 E2063.77947
G0 F9000 X138.659 Y113.203
G1 F1500 X141.339 Y115.883 E2063.90553
G0 F9000 X141.339 Y115.318
G1 F1500 X138.659 Y112.637 E2064.03161
G0 F9000 X138.659 Y112.071
G1 F1500 X141.339 Y114.752 E2064.15769
G0 F9000 X141.339 Y114.186
G1 F1500 X138.659 Y111.506 E2064.28375
G0 F9000 X138.659 Y110.941
G1 F1500 X141.339 Y113.621 E2064.40981
G0 F9000 X141.339 Y113.055
G1 F1500 X138.659 Y110.375 E2064.53587
G0 F9000 X138.659 Y109.809
G1 F1500 X141.339 Y112.489 E2064.66193
G0 F9000 X141.339 Y111.924
G1 F1500 X138.659 Y109.244 E2064.78799
G0 F9000 X138.659 Y108.678
G1 F1500 X141.339 Y111.358 E2064.91405
G0 F9000 X141.339 Y110.792
G1 F1500 X138.659 Y108.112 E2065.04011
G0 F9000 X138.659 Y107.547
G1 F1500 X141.339 Y110.227 E2065.16617
G0 F9000 X141.339 Y109.661
G1 F1500 X138.659 Y106.981 E2065.29222
G0 F9000 X138.66 Y106.416
G1 F1500 X141.339 Y109.095 E2065.41824
G0 F9000 X141.339 Y108.53
G1 F1500 X138.66 Y105.85 E2065.54427
G0 F9000 X138.66 Y105.285
G1 F1500 X141.339 Y107.964 E2065.67028
G0 F9000 X141.339 Y107.398
G1 F1500 X138.66 Y104.719 E2065.7963
G0 F9000 X138.66 Y104.153
G1 F1500 X141.339 Y106.833 E2065.92233
G0 F9000 X141.339 Y106.267
G1 F1500 X138.66 Y103.588 E2066.04834
G0 F9000 X138.66 Y103.022
G1 F1500 X141.339 Y105.701 E2066.17436
G0 F9000 X141.339 Y105.135
G1 F1500 X138.653 Y102.449 E2066.3007
G1 F2700 E2061.3007
;MESH:NONMESH
G0 F300 X138.653 Y102.449 Z6
G0 F9000 X138.201 Y102.508
G0 X137.928 Y102.072
G0 X97.402 Y101.719
G0 X93.416 Y95.665
G0 X94.1 Y94.1
;TIME_ELAPSED:2913.940741
;LAYER:29
;TYPE:WALL-INNER
;MESH:doppia_fenditura.stl
G1 F2700 E2066.3007
G1 F1500 X93.556 Y94.804 E2066.33029
G1 X93.221 Y95.613 E2066.35941
G1 X93.1 Y96.543 E2066.3906
G1 X93.1 Y138.457 E2067.78467
G1 X93.221 Y139.383 E2067.81573
G1 X93.556 Y140.192 E2067.84485
G1 X94.1 Y140.896 E2067.87444
G1 X94.804 Y141.44 E2067.90404
G1 X95.614 Y141.775 E2067.93319
G1 X96.544 Y141.9 E2067.9644
G1 X138.456 Y141.9 E2069.3584
G1 X139.383 Y141.775 E2069.38951
G1 X140.188 Y141.443 E2069.41847
G1 X140.896 Y140.896 E2069.44823
G1 X141.443 Y140.188 E2069.47799
G1 X141.775 Y139.383 E2069.50695
G1 X141.9 Y138.456 E2069.53806
G1 X141.9 Y96.544 E2070.93206
G1 X141.775 Y95.613 E2070.9633
G1 X141.443 Y94.808 E2070.99226
G1 X140.896 Y94.101 E2071.022
G1 X140.188 Y93.556 E2071.05171
G1 X139.383 Y93.221 E2071.08071
G1 X138.457 Y93.1 E2071.11177
G1 X96.543 Y93.1 E2072.50584
G1 X95.613 Y93.221 E2072.53703
G1 X94.804 Y93.556 E2072.56615
G1 X94.1 Y94.1 E2072.59575
G1 F2700 E2067.59575
G0 F9000 X94.157 Y94.191
G0 X93.697 Y94.885
G0 X93.398 Y95.7
G0 X97.031 Y101.876
G0 X97.14 Y102.02
G1 F2700 E2072.59575
G1 F1500 X97.421 Y101.9 E2072.60591
G1 X137.579 Y101.9 E2073.94157
G1 X137.86 Y102.02 E2073.95173
G1 X137.981 Y102.139 E2073.95738
G1 X138.068 Y102.305 E2073.96361
G1 X138.1 Y102.5 E2073.97018
G1 X138.1 Y132.574 E2074.97045
G1 X137.981 Y132.86 E2074.98075
G1 X137.86 Y132.98 E2074.98642
G1 X137.579 Y133.1 E2074.99658
G1 X97.421 Y133.1 E2076.33224
G1 X97.14 Y132.98 E2076.3424
G1 X97.019 Y132.86 E2076.34807
G1 X96.932 Y132.695 E2076.35428
G1 X96.9 Y132.5 E2076.36085
G1 X96.9 Y102.5 E2077.35865
G1 X96.932 Y102.305 E2077.36522
G1 X97.02 Y102.14 E2077.37144
G1 X97.14 Y102.02 E2077.37709
G0 F9000 X97.38 Y102.34
;TYPE:WALL-OUTER
G1 F1500 X97.463 Y102.303 E2077.38011
G1 X137.537 Y102.303 E2078.71298
G1 X137.62 Y102.34 E2078.716
G1 X137.7 Y102.449 E2078.7205
G1 X137.698 Y132.535 E2079.72116
G1 X137.661 Y132.62 E2079.72425
G1 X137.537 Y132.697 E2079.7291
G1 X97.463 Y132.697 E2081.06197
G1 X97.38 Y132.66 E2081.06499
G1 X97.3 Y132.551 E2081.06949
G1 X97.3 Y102.449 E2082.07068
G1 X97.38 Y102.34 E2082.07518
G1 F2700 E2077.07518
G0 F9000 X97.38 Y102
G0 X97.344 Y101.745
G0 X93.416 Y95.665
G0 X93.815 Y93.815
G1 F2700 E2082.07518
G1 F1500 X93.207 Y94.602 E2082.10826
G1 X92.831 Y95.509 E2082.14091
G1 X92.7 Y96.517 E2082.17472
G1 X92.7 Y138.483 E2083.57052
G1 X92.831 Y139.487 E2083.60419
G1 X93.207 Y140.394 E2083.63685
G1 X93.815 Y141.181 E2083.66993
G1 X94.602 Y141.789 E2083.703
G1 X95.509 Y142.165 E2083.73566
G1 X96.518 Y142.3 E2083.76952
G1 X138.482 Y142.3 E2085.16525
G1 X139.487 Y142.165 E2085.19897
G1 X140.39 Y141.793 E2085.23146
G1 X141.181 Y141.181 E2085.26472
G1 X141.793 Y140.39 E2085.29798
G1 X142.165 Y139.487 E2085.33047
G1 X142.3 Y138.482 E2085.36419
G1 X142.3 Y96.518 E2086.75992
G1 X142.165 Y95.509 E2086.79378
G1 X141.793 Y94.606 E2086.82626
G1 X141.181 Y93.815 E2086.85953
G1 X140.39 Y93.207 E2086.89271
G1 X139.487 Y92.831 E2086.92524
G1 X138.483 Y92.7 E2086.95892
G1 X96.517 Y92.7 E2088.35471
G1 X95.509 Y92.831 E2088.38852
G1 X94.602 Y93.207 E2088.42118
G1 X93.815 Y93.815 E2088.45426
G1 F2700 E2083.45426
G0 F9000 X94.157 Y94.191
G0 X93.697 Y94.885
G0 X93.398 Y95.7
G0 X97.031 Y101.876
G0 X96.75 Y101.898
;TYPE:SKIN
G1 F2700 E2088.45426
G1 F1500 X96.587 Y102.186 E2088.46526
G1 X96.54 Y102.496 E2088.47569
G1 X96.542 Y132.533 E2089.47473
G1 X96.603 Y132.838 E2089.48507
G1 X96.75 Y133.098 E2089.495
G1 X96.961 Y133.289 E2089.50447
G1 X97.371 Y133.457 E2089.51921
G1 X137.629 Y133.457 E2090.85819
G1 X138.075 Y133.271 E2090.87427
G1 X138.289 Y133.035 E2090.88486
G1 X138.458 Y132.623 E2090.89967
G1 X138.458 Y102.468 E2091.90263
G1 X138.418 Y102.22 E2091.91099
G1 X138.28 Y101.943 E2091.92128
G1 X138.072 Y101.722 E2091.93138
G1 X137.629 Y101.543 E2091.94727
G1 X97.371 Y101.543 E2093.28625
G1 X96.958 Y101.711 E2093.30108
G1 X96.75 Y101.898 E2093.31039
G1 F2700 E2088.31039
G0 F9000 X96.936 Y102.084
G0 X97.394 Y101.724
G0 X93.416 Y95.665
G0 X94.355 Y94.355
G1 F2700 E2093.31039
G1 F1500 X94.99 Y93.867 E2093.33702
G1 X95.701 Y93.571 E2093.36264
G1 X96.569 Y93.46 E2093.39174
G1 X138.427 Y93.46 E2094.78395
G1 X139.291 Y93.571 E2094.81292
G1 X140.002 Y93.867 E2094.83853
G1 X140.633 Y94.351 E2094.86498
G1 X141.125 Y94.989 E2094.89178
G1 X141.421 Y95.705 E2094.91755
G1 X141.54 Y96.574 E2094.94672
G1 X141.539 Y138.418 E2096.33846
G1 X141.421 Y139.287 E2096.36763
G1 X141.125 Y140.006 E2096.39349
G1 X140.637 Y140.637 E2096.42002
G1 X140.006 Y141.125 E2096.44655
G1 X139.287 Y141.421 E2096.47241
G1 X138.422 Y141.539 E2096.50145
G1 X96.574 Y141.54 E2097.89332
G1 X95.705 Y141.421 E2097.92249
G1 X94.986 Y141.125 E2097.94835
G1 X94.355 Y140.637 E2097.97488
G1 X93.867 Y140.002 E2098.00152
G1 X93.571 Y139.291 E2098.02714
G1 X93.461 Y138.427 E2098.05611
G1 X93.46 Y96.569 E2099.44831
G1 X93.571 Y95.701 E2099.47741
G1 X93.867 Y94.99 E2099.50303
G1 X94.355 Y94.355 E2099.52966
G0 F9000 X94.199 Y94.151
G0 X93.914 Y94.567
G0 X93.315 Y95.668
G0 X93.777 Y95.728
G1 F1500 X95.729 Y93.776 E2099.62148
G0 F9000 X96.386 Y93.685
G1 F1500 X93.685 Y96.385 E2099.7485
G0 F9000 X93.661 Y96.975
G1 F1500 X96.976 Y93.66 E2099.90443
G0 F9000 X97.542 Y93.66
G1 F1500 X93.661 Y97.541 E2100.08698
G0 F9000 X93.661 Y98.107
G1 F1500 X98.108 Y93.66 E2100.29616
G0 F9000 X98.673 Y93.66
G1 F1500 X93.661 Y98.673 E2100.53193
G0 F9000 X93.661 Y99.238
G1 F1500 X99.239 Y93.66 E2100.7943
G0 F9000 X99.805 Y93.66
G1 F1500 X93.661 Y99.804 E2101.08329
G0 F9000 X93.661 Y100.37
G1 F1500 X100.37 Y93.66 E2101.39889
G0 F9000 X100.936 Y93.66
G1 F1500 X93.661 Y100.935 E2101.74108
G0 F9000 X93.661 Y101.501
G1 F1500 X101.502 Y93.66 E2102.1099
G0 F9000 X102.067 Y93.66
G1 F1500 X93.661 Y102.067 E2102.50532
G0 F9000 X93.661 Y102.632
G1 F1500 X102.633 Y93.66 E2102.92733
G0 F9000 X103.199 Y93.66
G1 F1500 X93.661 Y103.198 E2103.37597
G0 F9000 X93.661 Y103.764
G1 F1500 X103.764 Y93.66 E2103.85121
G0 F9000 X104.33 Y93.66
G1 F1500 X93.661 Y104.329 E2104.35304
G0 F9000 X93.661 Y104.895
G1 F1500 X96.399 Y102.156 E2104.48185
G0 F9000 X96.34 Y102.782
G1 F1500 X93.661 Y105.461 E2104.60787
G0 F9000 X93.661 Y106.026
G1 F1500 X96.34 Y103.347 E2104.73388
G0 F9000 X96.34 Y103.913
G1 F1500 X93.661 Y106.592 E2104.85989
G0 F9000 X93.661 Y107.158
G1 F1500 X96.34 Y104.479 E2104.9859
G0 F9000 X96.34 Y105.044
G1 F1500 X93.661 Y107.723 E2105.11191
G0 F9000 X93.661 Y108.289
G1 F1500 X96.34 Y105.61 E2105.23793
G0 F9000 X96.34 Y106.176
G1 F1500 X93.661 Y108.855 E2105.36394
G0 F9000 X93.661 Y109.421
G1 F1500 X96.34 Y106.741 E2105.48997
G0 F9000 X96.34 Y107.307
G1 F1500 X93.661 Y109.986 E2105.61599
G0 F9000 X93.661 Y110.552
G1 F1500 X96.34 Y107.873 E2105.742
G0 F9000 X96.34 Y108.438
G1 F1500 X93.661 Y111.118 E2105.86803
G0 F9000 X93.661 Y111.683
G1 F1500 X96.34 Y109.004 E2105.99404
G0 F9000 X96.34 Y109.57
G1 F1500 X93.661 Y112.249 E2106.12006
G0 F9000 X93.661 Y112.815
G1 F1500 X96.34 Y110.135 E2106.24609
G0 F9000 X96.34 Y110.701
G1 F1500 X93.661 Y113.38 E2106.3721
G0 F9000 X93.661 Y113.946
G1 F1500 X96.34 Y111.267 E2106.49812
G0 F9000 X96.34 Y111.832
G1 F1500 X93.661 Y114.512 E2106.62415
G0 F9000 X93.661 Y115.077
G1 F1500 X96.34 Y112.398 E2106.75016
G0 F9000 X96.34 Y112.964
G1 F1500 X93.661 Y115.643 E2106.87618
G0 F9000 X93.661 Y116.209
G1 F1500 X96.34 Y113.53 E2107.00219
G0 F9000 X96.34 Y114.095
G1 F1500 X93.661 Y116.774 E2107.1282
G0 F9000 X93.661 Y117.34
G1 F1500 X96.34 Y114.661 E2107.25421
G0 F9000 X96.34 Y115.227
G1 F1500 X93.661 Y117.905 E2107.3802
G0 F9000 X93.661 Y118.471
G1 F1500 X96.34 Y115.792 E2107.50621
G0 F9000 X96.34 Y116.358
G1 F1500 X93.661 Y119.036 E2107.6322
G0 F9000 X93.661 Y119.602
G1 F1500 X96.34 Y116.924 E2107.75819
G0 F9000 X96.34 Y117.489
G1 F1500 X93.661 Y120.168 E2107.8842
G0 F9000 X93.661 Y120.734
G1 F1500 X96.34 Y118.055 E2108.01021
G0 F9000 X96.34 Y118.621
G1 F1500 X93.661 Y121.299 E2108.1362
G0 F9000 X93.661 Y121.865
G1 F1500 X96.34 Y119.186 E2108.26221
G0 F9000 X96.34 Y119.752
G1 F1500 X93.661 Y122.431 E2108.38822
G0 F9000 X93.661 Y122.996
G1 F1500 X96.34 Y120.318 E2108.51421
G0 F9000 X96.34 Y120.883
G1 F1500 X93.661 Y123.562 E2108.64023
G0 F9000 X93.661 Y124.128
G1 F1500 X96.34 Y121.449 E2108.76624
G0 F9000 X96.34 Y122.015
G1 F1500 X93.661 Y124.693 E2108.89223
G0 F9000 X93.661 Y125.259
G1 F1500 X96.34 Y122.58 E2109.01824
G0 F9000 X96.34 Y123.146
G1 F1500 X93.661 Y125.825 E2109.14425
G0 F9000 X93.661 Y126.39
G1 F1500 X96.34 Y123.712 E2109.27024
G0 F9000 X96.34 Y124.278
G1 F1500 X93.661 Y126.956 E2109.39623
G0 F9000 X93.661 Y127.522
G1 F1500 X96.34 Y124.843 E2109.52224
G0 F9000 X96.34 Y125.409
G1 F1500 X93.661 Y128.087 E2109.64823
G0 F9000 X93.661 Y128.653
G1 F1500 X96.34 Y125.975 E2109.77422
G0 F9000 X96.34 Y126.54
G1 F1500 X93.661 Y129.219 E2109.90023
G0 F9000 X93.661 Y129.784
G1 F1500 X96.34 Y127.106 E2110.02622
G0 F9000 X96.34 Y127.672
G1 F1500 X93.661 Y130.35 E2110.1522
G0 F9000 X93.661 Y130.916
G1 F1500 X96.34 Y128.237 E2110.27822
G0 F9000 X96.34 Y128.803
G1 F1500 X93.661 Y131.482 E2110.40423
G0 F9000 X93.661 Y132.047
G1 F1500 X96.34 Y129.369 E2110.53022
G0 F9000 X96.34 Y129.934
G1 F1500 X93.661 Y132.613 E2110.65623
G0 F9000 X93.661 Y133.179
G1 F1500 X96.34 Y130.5 E2110.78224
G0 F9000 X96.34 Y131.066
G1 F1500 X93.661 Y133.744 E2110.90823
G0 F9000 X93.661 Y134.31
G1 F1500 X96.34 Y131.631 E2111.03424
G0 F9000 X96.34 Y132.197
G1 F1500 X93.661 Y134.876 E2111.16025
G0 F9000 X93.661 Y135.441
G1 F1500 X96.373 Y132.73 E2111.28779
G0 F9000 X96.534 Y133.135
G1 F1500 X93.661 Y136.007 E2111.42291
G0 F9000 X93.661 Y136.573
G1 F1500 X96.799 Y133.435 E2111.57051
G0 F9000 X97.195 Y133.604
G1 F1500 X93.661 Y137.138 E2111.73674
G0 F9000 X93.661 Y137.704
G1 F1500 X97.707 Y133.659 E2111.92703
G0 F9000 X98.272 Y133.659
G1 F1500 X93.661 Y138.27 E2112.14391
G0 F9000 X93.709 Y138.787
G1 F1500 X98.838 Y133.659 E2112.38514
G0 F9000 X99.404 Y133.659
G1 F1500 X93.784 Y139.279 E2112.64949
G0 F9000 X93.95 Y139.678
G1 F1500 X99.969 Y133.659 E2112.9326
G0 F9000 X100.535 Y133.659
G1 F1500 X94.151 Y140.042 E2113.23286
G0 F9000 X94.397 Y140.363
G1 F1500 X101.101 Y133.659 E2113.5482
G0 F9000 X101.666 Y133.659
G1 F1500 X94.685 Y140.64 E2113.87656
G0 F9000 X95.004 Y140.887
G1 F1500 X102.232 Y133.659 E2114.21655
G0 F9000 X102.798 Y133.658
G1 F1500 X95.384 Y141.073 E2114.5653
G0 F9000 X95.792 Y141.23
G1 F1500 X103.364 Y133.658 E2114.92147
G0 F9000 X103.93 Y133.658
G1 F1500 X96.289 Y141.299 E2115.28088
G0 F9000 X96.814 Y141.34
G1 F1500 X104.496 Y133.658 E2115.64221
G0 F9000 X105.061 Y133.658
G1 F1500 X97.379 Y141.34 E2116.00355
G0 F9000 X97.945 Y141.34
G1 F1500 X105.627 Y133.658 E2116.36489
G0 F9000 X106.193 Y133.658
G1 F1500 X98.511 Y141.34 E2116.72623
G0 F9000 X99.076 Y141.34
G1 F1500 X106.758 Y133.658 E2117.08756
G0 F9000 X107.324 Y133.658
G1 F1500 X99.642 Y141.34 E2117.4489
G0 F9000 X100.208 Y141.34
G1 F1500 X107.89 Y133.657 E2117.81026
G0 F9000 X108.456 Y133.657
G1 F1500 X100.773 Y141.34 E2118.17165
G0 F9000 X101.339 Y141.34
G1 F1500 X109.022 Y133.657 E2118.53303
G0 F9000 X109.587 Y133.657
G1 F1500 X101.905 Y141.34 E2118.89439
G0 F9000 X102.47 Y141.34
G1 F1500 X110.153 Y133.657 E2119.25578
G0 F9000 X110.719 Y133.657
G1 F1500 X103.036 Y141.34 E2119.61716
G0 F9000 X103.602 Y141.34
G1 F1500 X111.284 Y133.657 E2119.97853
G0 F9000 X111.85 Y133.657
G1 F1500 X104.167 Y141.34 E2120.33991
G0 F9000 X104.733 Y141.34
G1 F1500 X112.416 Y133.657 E2120.70129
G0 F9000 X112.982 Y133.657
G1 F1500 X105.299 Y141.34 E2121.06268
G0 F9000 X105.864 Y141.34
G1 F1500 X113.548 Y133.657 E2121.42409
G0 F9000 X114.114 Y133.657
G1 F1500 X106.43 Y141.34 E2121.7855
G0 F9000 X106.996 Y141.34
G1 F1500 X114.679 Y133.657 E2122.14688
G0 F9000 X115.245 Y133.657
G1 F1500 X107.562 Y141.34 E2122.50827
G0 F9000 X108.127 Y141.34
G1 F1500 X115.811 Y133.657 E2122.86967
G0 F9000 X116.376 Y133.657
G1 F1500 X108.693 Y141.34 E2123.23106
G0 F9000 X109.259 Y141.34
G1 F1500 X116.942 Y133.657 E2123.59244
G0 F9000 X117.508 Y133.656
G1 F1500 X109.824 Y141.34 E2123.95388
G0 F9000 X110.39 Y141.34
G1 F1500 X118.074 Y133.656 E2124.31531
G0 F9000 X118.64 Y133.656
G1 F1500 X110.956 Y141.34 E2124.67674
G0 F9000 X111.521 Y141.34
G1 F1500 X119.205 Y133.656 E2125.03817
G0 F9000 X119.771 Y133.656
G1 F1500 X112.087 Y141.34 E2125.3996
G0 F9000 X112.653 Y141.34
G1 F1500 X120.337 Y133.656 E2125.76103
G0 F9000 X120.903 Y133.656
G1 F1500 X113.218 Y141.34 E2126.12249
G0 F9000 X113.784 Y141.34
G1 F1500 X121.468 Y133.656 E2126.48392
G0 F9000 X122.034 Y133.656
G1 F1500 X114.35 Y141.34 E2126.84535
G0 F9000 X114.915 Y141.34
G1 F1500 X122.6 Y133.655 E2127.20683
G0 F9000 X123.166 Y133.655
G1 F1500 X115.481 Y141.34 E2127.56831
G0 F9000 X116.047 Y141.34
G1 F1500 X123.732 Y133.655 E2127.92979
G0 F9000 X124.297 Y133.655
G1 F1500 X116.613 Y141.34 E2128.29124
G0 F9000 X117.178 Y141.34
G1 F1500 X124.863 Y133.655 E2128.65272
G0 F9000 X125.429 Y133.655
G1 F1500 X117.744 Y141.34 E2129.0142
G0 F9000 X118.31 Y141.34
G1 F1500 X125.994 Y133.655 E2129.37566
G0 F9000 X126.56 Y133.655
G1 F1500 X118.875 Y141.34 E2129.73714
G0 F9000 X119.441 Y141.34
G1 F1500 X127.126 Y133.655 E2130.09862
G0 F9000 X127.692 Y133.654
G1 F1500 X120.007 Y141.34 E2130.46012
G0 F9000 X120.572 Y141.34
G1 F1500 X128.258 Y133.654 E2130.82164
G0 F9000 X128.824 Y133.654
G1 F1500 X121.138 Y141.34 E2131.18317
G0 F9000 X121.704 Y141.34
G1 F1500 X129.389 Y133.654 E2131.54467
G0 F9000 X129.955 Y133.654
G1 F1500 X122.269 Y141.34 E2131.9062
G0 F9000 X122.835 Y141.34
G1 F1500 X130.521 Y133.654 E2132.26772
G0 F9000 X131.086 Y133.654
G1 F1500 X123.401 Y141.34 E2132.62923
G0 F9000 X123.966 Y141.34
G1 F1500 X131.652 Y133.654 E2132.99075
G0 F9000 X132.218 Y133.654
G1 F1500 X124.532 Y141.34 E2133.35228
G0 F9000 X125.098 Y141.34
G1 F1500 X132.784 Y133.654 E2133.7138
G0 F9000 X133.35 Y133.654
G1 F1500 X125.663 Y141.34 E2134.07535
G0 F9000 X126.229 Y141.34
G1 F1500 X133.915 Y133.654 E2134.43688
G0 F9000 X134.481 Y133.654
G1 F1500 X126.795 Y141.34 E2134.7984
G0 F9000 X127.361 Y141.34
G1 F1500 X135.047 Y133.654 E2135.15993
G0 F9000 X135.612 Y133.654
G1 F1500 X127.926 Y141.34 E2135.52146
G0 F9000 X128.492 Y141.34
G1 F1500 X136.178 Y133.654 E2135.88298
G0 F9000 X136.744 Y133.654
G1 F1500 X129.058 Y141.34 E2136.24451
G0 F9000 X129.623 Y141.34
G1 F1500 X137.31 Y133.654 E2136.60606
G0 F9000 X138.015 Y133.514
G1 F1500 X130.189 Y141.34 E2136.97417
G0 F9000 X130.755 Y141.34
G1 F1500 X141.339 Y130.755 E2137.47203
G0 F9000 X141.339 Y130.19
G1 F1500 X138.515 Y133.014 E2137.60486
G0 F9000 X138.656 Y132.307
G1 F1500 X141.339 Y129.624 E2137.73106
G0 F9000 X141.339 Y129.058
G1 F1500 X138.656 Y131.742 E2137.85729
G0 F9000 X138.656 Y131.176
G1 F1500 X141.339 Y128.493 E2137.98349
G0 F9000 X141.339 Y127.927
G1 F1500 X138.656 Y130.61 E2138.10969
G0 F9000 X138.656 Y130.045
G1 F1500 X141.339 Y127.361 E2138.23591
G0 F9000 X141.339 Y126.796
G1 F1500 X138.656 Y129.479 E2138.36211
G0 F9000 X138.656 Y128.913
G1 F1500 X141.339 Y126.23 E2138.48831
G0 F9000 X141.339 Y125.664
G1 F1500 X138.657 Y128.347 E2138.61449
G0 F9000 X138.657 Y127.781
G1 F1500 X141.339 Y125.099 E2138.74064
G0 F9000 X141.339 Y124.533
G1 F1500 X138.657 Y127.216 E2138.86682
G0 F9000 X138.657 Y126.65
G1 F1500 X141.339 Y123.967 E2138.99299
G0 F9000 X141.339 Y123.401
G1 F1500 X138.657 Y126.084 E2139.11917
G0 F9000 X138.657 Y125.519
G1 F1500 X141.339 Y122.836 E2139.24535
G0 F9000 X141.339 Y122.27
G1 F1500 X138.657 Y124.953 E2139.37152
G0 F9000 X138.657 Y124.387
G1 F1500 X141.339 Y121.704 E2139.4977
G0 F9000 X141.339 Y121.139
G1 F1500 X138.657 Y123.821 E2139.62385
G0 F9000 X138.657 Y123.255
G1 F1500 X141.339 Y120.573 E2139.75001
G0 F9000 X141.339 Y120.007
G1 F1500 X138.657 Y122.689 E2139.87616
G0 F9000 X138.657 Y122.124
G1 F1500 X141.339 Y119.442 E2140.00231
G0 F9000 X141.339 Y118.876
G1 F1500 X138.657 Y121.558 E2140.12847
G0 F9000 X138.657 Y120.992
G1 F1500 X141.339 Y118.31 E2140.25462
G0 F9000 X141.339 Y117.745
G1 F1500 X138.657 Y120.427 E2140.38077
G0 F9000 X138.657 Y119.861
G1 F1500 X141.339 Y117.179 E2140.50692
G0 F9000 X141.339 Y116.613
G1 F1500 X138.658 Y119.295 E2140.63305
G0 F9000 X138.658 Y118.729
G1 F1500 X141.339 Y116.048 E2140.75916
G0 F9000 X141.339 Y115.482
G1 F1500 X138.658 Y118.163 E2140.88527
G0 F9000 X138.658 Y117.598
G1 F1500 X141.339 Y114.916 E2141.0114
G0 F9000 X141.339 Y114.35
G1 F1500 X138.658 Y117.032 E2141.13753
G0 F9000 X138.658 Y116.466
G1 F1500 X141.339 Y113.785 E2141.26363
G0 F9000 X141.339 Y113.219
G1 F1500 X138.658 Y115.9 E2141.38974
G0 F9000 X138.659 Y115.334
G1 F1500 X141.339 Y112.653 E2141.51582
G0 F9000 X141.339 Y112.088
G1 F1500 X138.659 Y114.768 E2141.64188
G0 F9000 X138.659 Y114.203
G1 F1500 X141.339 Y111.522 E2141.76796
G0 F9000 X141.339 Y110.956
G1 F1500 X138.659 Y113.637 E2141.89404
G0 F9000 X138.659 Y113.071
G1 F1500 X141.339 Y110.391 E2142.0201
G0 F9000 X141.339 Y109.825
G1 F1500 X138.659 Y112.506 E2142.14619
G0 F9000 X138.659 Y111.94
G1 F1500 X141.339 Y109.259 E2142.27227
G0 F9000 X141.339 Y108.694
G1 F1500 X138.659 Y111.374 E2142.39833
G0 F9000 X138.659 Y110.808
G1 F1500 X141.339 Y108.128 E2142.52439
G0 F9000 X141.339 Y107.562
G1 F1500 X138.659 Y110.242 E2142.65045
G0 F9000 X138.659 Y109.677
G1 F1500 X141.339 Y106.997 E2142.7765
G0 F9000 X141.339 Y106.431
G1 F1500 X138.659 Y109.111 E2142.90256
G0 F9000 X138.659 Y108.545
G1 F1500 X141.339 Y105.865 E2143.02862
G0 F9000 X141.339 Y105.3
G1 F1500 X138.659 Y107.979 E2143.15466
G0 F9000 X138.659 Y107.414
G1 F1500 X141.339 Y104.734 E2143.28072
G0 F9000 X141.339 Y104.168
G1 F1500 X138.659 Y106.848 E2143.40678
G0 F9000 X138.66 Y106.282
G1 F1500 X141.339 Y103.602 E2143.53281
G0 F9000 X141.339 Y103.037
G1 F1500 X138.66 Y105.716 E2143.65882
G0 F9000 X138.66 Y105.15
G1 F1500 X141.339 Y102.471 E2143.78483
G0 F9000 X141.339 Y101.905
G1 F1500 X138.66 Y104.585 E2143.91087
G0 F9000 X138.66 Y104.019
G1 F1500 X141.339 Y101.34 E2144.03688
G0 F9000 X141.339 Y100.774
G1 F1500 X138.66 Y103.453 E2144.16289
G0 F9000 X138.66 Y102.888
G1 F1500 X141.339 Y100.208 E2144.28893
G0 F9000 X141.339 Y99.643
G1 F1500 X138.638 Y102.344 E2144.41598
G0 F9000 X138.492 Y101.924
G1 F1500 X141.339 Y99.077 E2144.54989
G0 F9000 X141.339 Y98.511
G1 F1500 X138.241 Y101.61 E2144.69563
G0 F9000 X137.865 Y101.42
G1 F1500 X141.339 Y97.946 E2144.85904
G0 F9000 X141.339 Y97.38
G1 F1500 X137.379 Y101.34 E2145.04531
G0 F9000 X136.813 Y101.34
G1 F1500 X141.339 Y96.814 E2145.2582
G0 F9000 X141.298 Y96.29
G1 F1500 X136.247 Y101.34 E2145.49576
G0 F9000 X135.682 Y101.34
G1 F1500 X141.23 Y95.792 E2145.75672
G0 F9000 X141.071 Y95.385
G1 F1500 X135.116 Y101.34 E2146.03682
G0 F9000 X134.55 Y101.34
G1 F1500 X140.885 Y95.006 E2146.33478
G0 F9000 X140.639 Y94.687
G1 F1500 X133.985 Y101.34 E2146.64774
G0 F9000 X133.419 Y101.34
G1 F1500 X140.364 Y94.396 E2146.97439
G0 F9000 X140.043 Y94.151
G1 F1500 X132.853 Y101.341 E2147.31258
G0 F9000 X132.287 Y101.341
G1 F1500 X139.679 Y93.949 E2147.66028
G0 F9000 X139.28 Y93.783
G1 F1500 X131.721 Y101.341 E2148.01581
G0 F9000 X131.156 Y101.341
G1 F1500 X138.789 Y93.708 E2148.37484
G0 F9000 X138.271 Y93.66
G1 F1500 X130.59 Y101.341 E2148.73613
G0 F9000 X130.024 Y101.341
G1 F1500 X137.706 Y93.66 E2149.09744
G0 F9000 X137.14 Y93.66
G1 F1500 X129.459 Y101.341 E2149.45874
G0 F9000 X128.893 Y101.341
G1 F1500 X136.574 Y93.66 E2149.82003
G0 F9000 X136.008 Y93.66
G1 F1500 X128.326 Y101.342 E2150.18136
G0 F9000 X127.761 Y101.342
G1 F1500 X135.443 Y93.66 E2150.5427
G0 F9000 X134.877 Y93.66
G1 F1500 X127.195 Y101.342 E2150.90404
G0 F9000 X126.629 Y101.342
G1 F1500 X134.311 Y93.66 E2151.26538
G0 F9000 X133.746 Y93.66
G1 F1500 X126.064 Y101.342 E2151.62671
G0 F9000 X125.498 Y101.342
G1 F1500 X133.18 Y93.66 E2151.98805
G0 F9000 X132.614 Y93.66
G1 F1500 X124.932 Y101.342 E2152.34939
G0 F9000 X124.367 Y101.342
G1 F1500 X132.049 Y93.66 E2152.71073
G0 F9000 X131.483 Y93.66
G1 F1500 X123.8 Y101.343 E2153.07211
G0 F9000 X123.235 Y101.343
G1 F1500 X130.917 Y93.66 E2153.43347
G0 F9000 X130.352 Y93.66
G1 F1500 X122.669 Y101.343 E2153.79486
G0 F9000 X122.103 Y101.343
G1 F1500 X129.786 Y93.66 E2154.15624
G0 F9000 X129.22 Y93.66
G1 F1500 X121.538 Y101.343 E2154.5176
G0 F9000 X120.972 Y101.343
G1 F1500 X128.655 Y93.66 E2154.87899
G0 F9000 X128.089 Y93.66
G1 F1500 X120.406 Y101.343 E2155.24037
G0 F9000 X119.84 Y101.343
G1 F1500 X127.523 Y93.66 E2155.60176
G0 F9000 X126.957 Y93.66
G1 F1500 X119.274 Y101.343 E2155.96314
G0 F9000 X118.708 Y101.343
G1 F1500 X126.392 Y93.66 E2156.32455
G0 F9000 X125.826 Y93.66
G1 F1500 X118.143 Y101.343 E2156.68594
G0 F9000 X117.577 Y101.343
G1 F1500 X125.26 Y93.66 E2157.04732
G0 F9000 X124.695 Y93.66
G1 F1500 X117.011 Y101.343 E2157.40873
G0 F9000 X116.446 Y101.343
G1 F1500 X124.129 Y93.66 E2157.77011
G0 F9000 X123.563 Y93.66
G1 F1500 X115.88 Y101.343 E2158.1315
G0 F9000 X115.314 Y101.343
G1 F1500 X122.998 Y93.66 E2158.49291
G0 F9000 X122.432 Y93.66
G1 F1500 X114.748 Y101.344 E2158.85434
G0 F9000 X114.182 Y101.344
G1 F1500 X121.866 Y93.66 E2159.21577
G0 F9000 X121.301 Y93.66
G1 F1500 X113.617 Y101.344 E2159.5772
G0 F9000 X113.051 Y101.344
G1 F1500 X120.735 Y93.66 E2159.93863
G0 F9000 X120.169 Y93.66
G1 F1500 X112.485 Y101.344 E2160.30007
G0 F9000 X111.919 Y101.344
G1 F1500 X119.604 Y93.66 E2160.66152
G0 F9000 X119.038 Y93.66
G1 F1500 X111.354 Y101.344 E2161.02295
G0 F9000 X110.788 Y101.344
G1 F1500 X118.472 Y93.66 E2161.38439
G0 F9000 X117.907 Y93.66
G1 F1500 X110.222 Y101.345 E2161.74586
G0 F9000 X109.656 Y101.345
G1 F1500 X117.341 Y93.66 E2162.10734
G0 F9000 X116.775 Y93.66
G1 F1500 X109.09 Y101.345 E2162.46882
G0 F9000 X108.525 Y101.345
G1 F1500 X116.209 Y93.66 E2162.83028
G0 F9000 X115.644 Y93.66
G1 F1500 X107.959 Y101.345 E2163.19176
G0 F9000 X107.393 Y101.345
G1 F1500 X115.078 Y93.66 E2163.55324
G0 F9000 X114.512 Y93.66
G1 F1500 X106.828 Y101.345 E2163.91469
G0 F9000 X106.261 Y101.345
G1 F1500 X113.947 Y93.66 E2164.27619
G0 F9000 X113.381 Y93.66
G1 F1500 X105.695 Y101.345 E2164.6377
G0 F9000 X105.13 Y101.345
G1 F1500 X112.815 Y93.66 E2164.99917
G0 F9000 X112.25 Y93.66
G1 F1500 X104.564 Y101.345 E2165.36068
G0 F9000 X103.998 Y101.345
G1 F1500 X111.684 Y93.66 E2165.72218
G0 F9000 X111.118 Y93.66
G1 F1500 X103.433 Y101.345 E2166.08366
G0 F9000 X102.867 Y101.345
G1 F1500 X110.553 Y93.66 E2166.44516
G0 F9000 X109.987 Y93.66
G1 F1500 X102.301 Y101.345 E2166.80666
G0 F9000 X101.735 Y101.346
G1 F1500 X109.421 Y93.66 E2167.16819
G0 F9000 X108.856 Y93.66
G1 F1500 X101.169 Y101.346 E2167.52974
G0 F9000 X100.604 Y101.346
G1 F1500 X108.29 Y93.66 E2167.89126
G0 F9000 X107.724 Y93.66
G1 F1500 X100.038 Y101.346 E2168.25279
G0 F9000 X99.472 Y101.346
G1 F1500 X107.158 Y93.66 E2168.61432
G0 F9000 X106.593 Y93.66
G1 F1500 X98.907 Y101.346 E2168.97584
G0 F9000 X98.341 Y101.346
G1 F1500 X106.027 Y93.66 E2169.33737
G0 F9000 X105.461 Y93.66
G1 F1500 X97.775 Y101.346 E2169.69889
G0 F9000 X97.135 Y101.421
G1 F1500 X104.896 Y93.66 E2170.06395
G1 F2700 E2165.06395
G0 F9000 X104.896 Y93.2
G0 X138.446 Y93.261
G0 X139.341 Y93.378
G0 X140.107 Y93.697
G0 X140.782 Y94.215
G0 X141.303 Y94.889
G0 X141.618 Y95.655
G0 X141.716 Y96.385
G0 X141.8 Y131.321
G1 F2700 E2170.06395
G0 F9000 X141.339 Y131.321
G1 F1500 X131.32 Y141.34 E2170.53521
G0 F9000 X131.886 Y141.34
G1 F1500 X141.339 Y131.887 E2170.97985
G0 F9000 X141.339 Y132.452
G1 F1500 X132.452 Y141.34 E2171.39789
G0 F9000 X133.017 Y141.34
G1 F1500 X141.339 Y133.018 E2171.78933
G0 F9000 X141.339 Y133.584
G1 F1500 X133.583 Y141.34 E2172.15415
G0 F9000 X134.149 Y141.34
G1 F1500 X141.339 Y134.149 E2172.49237
G0 F9000 X141.339 Y134.715
G1 F1500 X134.714 Y141.34 E2172.80399
G0 F9000 X135.28 Y141.34
G1 F1500 X141.339 Y135.281 E2173.08899
G0 F9000 X141.339 Y135.847
G1 F1500 X135.846 Y141.34 E2173.34736
G0 F9000 X136.412 Y141.34
G1 F1500 X141.339 Y136.412 E2173.57913
G0 F9000 X141.339 Y136.978
G1 F1500 X136.977 Y141.34 E2173.78431
G0 F9000 X137.543 Y141.34
G1 F1500 X141.339 Y137.544 E2173.96286
G0 F9000 X141.339 Y138.109
G1 F1500 X138.109 Y141.34 E2174.11481
G0 F9000 X138.717 Y141.298
G1 F1500 X141.296 Y138.718 E2174.23615
G0 F9000 X141.142 Y139.438
G1 F1500 X139.437 Y141.143 E2174.31634
;TIME_ELAPSED:3072.027747
G1 F2700 E2169.31634
M140 S0
M107
G91 ;Relative positioning
G1 E-2 F2700 ;Retract a bit
G1 E-2 Z0.2 F2400 ;Retract and raise Z
G1 X5 Y5 F3000 ;Wipe out
G1 Z10 ;Raise Z more
G90 ;Absolute positioning

G1 X0 Y235.0 ;Present print
M106 S0 ;Turn-off fan
M104 S0 ;Turn-off hotend
M140 S0 ;Turn-off bed

M84 X Y E ;Disable all steppers but Z

M82 ;absolute extrusion mode
M104 S0
;End of Gcode
;SETTING_3 {"global_quality": "[general]\\nversion = 4\\nname = Standard Quality
;SETTING_3  #2\\ndefinition = creality_ender3\\n\\n[metadata]\\ntype = quality_c
;SETTING_3 hanges\\nquality_type = standard\\nsetting_version = 23\\n\\n[values]
;SETTING_3 \\nadhesion_type = brim\\n\\n", "extruder_quality": ["[general]\\nver
;SETTING_3 sion = 4\\nname = Standard Quality #2\\ndefinition = creality_ender3\
;SETTING_3 \n\\n[metadata]\\ntype = quality_changes\\nquality_type = standard\\n
;SETTING_3 setting_version = 23\\nposition = 0\\n\\n[values]\\ninfill_sparse_den
;SETTING_3 sity = 20\\nmaterial_print_temperature = 220.0\\nz_seam_position = fr
;SETTING_3 ontleft\\n\\n"]}
