;FLAVOR:Marlin
;TIME:3589
;Filament used: 2.9276m
;Layer height: 0.2
;MINX:75.923
;MINY:75.932
;MINZ:0.2
;MAXX:159.076
;MAXY:159.077
;MAXZ:6
;TARGET_MACHINE.NAME:Creality Ender-3
;Generated with Cura_SteamEngine 5.7.2
M140 S50
M105
M190 S50
M104 S215
M105
M109 S215
M82 ;absolute extrusion mode
; Ender 3 Custom Start G-code
G92 E0 ; Reset Extruder
G28 ; Home all axes
G1 Z2.0 F3000 ; Move Z Axis up little to prevent scratching of Heat Bed
G1 X0.1 Y20 Z0.3 F5000.0 ; Move to start position
G1 X0.1 Y200.0 Z0.3 F1500.0 E15 ; Draw the first line
G1 X0.4 Y200.0 Z0.3 F5000.0 ; Move to side a little
G1 X0.4 Y20 Z0.3 F1500.0 E30 ; Draw the second line
G92 E0 ; Reset Extruder
G1 Z2.0 F3000 ; Move Z Axis up little to prevent scratching of Heat Bed
G1 X5 Y20 Z0.3 F5000.0 ; Move over to prevent blob squish
G92 E0
G92 E0
G1 F2700 E-5
;LAYER_COUNT:30
;LAYER:0
M107
G0 F6000 X109.641 Y79.021 Z0.2
;TYPE:SKIRT
G1 F2700 E0
G1 F1200 X111.545 Y77.525 E0.08054
G1 X114.402 Y76.343 E0.18337
G1 X117.489 Y75.932 E0.28695
G1 X120.644 Y76.363 E0.39286
G1 X123.491 Y77.543 E0.49537
G1 X125.797 Y79.412 E0.59409
G1 X156.174 Y109.874 E2.02493
G1 X157.465 Y111.548 E2.09524
G1 X158.637 Y114.375 E2.19703
G1 X159.076 Y117.494 E2.30179
G1 X158.637 Y120.627 E2.40701
G1 X157.448 Y123.492 E2.51018
G1 X156.092 Y125.234 E2.58361
G1 X125.35 Y155.988 E4.0299
G1 X123.483 Y157.451 E4.10879
G1 X120.622 Y158.637 E4.2118
G1 X117.5 Y159.077 E4.31666
G1 X114.378 Y158.637 E4.42153
G1 X111.517 Y157.451 E4.52454
G1 X109.542 Y155.892 E4.60823
G1 X78.908 Y125.234 E6.04972
G1 X77.547 Y123.486 E6.1234
G1 X76.363 Y120.63 E6.22623
G1 X75.923 Y117.5 E6.33136
G1 X76.363 Y114.37 E6.43649
G1 X77.547 Y111.514 E6.53932
G1 X78.908 Y109.766 E6.613
G1 X109.641 Y79.021 E8.05887
G0 F6000 X109.888 Y79.336
G1 F1200 X111.749 Y77.874 E8.13758
G1 X114.51 Y76.732 E8.23696
G1 X117.488 Y76.335 E8.33689
G1 X120.536 Y76.752 E8.43921
G1 X123.284 Y77.891 E8.53815
G1 X125.545 Y79.723 E8.63493
G1 X155.857 Y110.118 E10.06267
G1 X157.117 Y111.752 E10.1313
G1 X158.248 Y114.479 E10.22949
G1 X158.672 Y117.495 E10.33079
G1 X158.248 Y120.522 E10.43245
G1 X157.101 Y123.286 E10.53198
G1 X155.776 Y124.988 E10.60372
G1 X125.103 Y155.673 E12.04677
G1 X123.277 Y157.104 E12.12393
G1 X120.518 Y158.248 E12.22327
G1 X117.5 Y158.673 E12.32464
G1 X114.482 Y158.248 E12.42601
G1 X111.723 Y157.104 E12.52535
G1 X109.825 Y155.609 E12.60571
G1 X79.224 Y124.988 E14.04556
G1 X77.894 Y123.28 E14.11756
G1 X76.752 Y120.526 E14.21672
G1 X76.327 Y117.5 E14.31835
G1 X76.752 Y114.474 E14.41998
G1 X77.894 Y111.72 E14.51915
G1 X79.224 Y110.012 E14.59115
G1 X109.888 Y79.336 E16.03377
G0 F6000 X110.135 Y79.651
G1 F1200 X111.953 Y78.223 E16.11066
G1 X114.614 Y77.122 E16.20644
G1 X117.491 Y76.739 E16.30297
G1 X120.428 Y77.141 E16.40157
G1 X123.079 Y78.24 E16.49702
G1 X125.262 Y80.005 E16.59039
G1 X155.54 Y110.362 E18.01643
G1 X156.767 Y111.953 E18.08326
G1 X157.859 Y114.587 E18.1781
G1 X158.268 Y117.496 E18.2758
G1 X157.859 Y120.417 E18.3739
G1 X156.754 Y123.08 E18.4698
G1 X155.46 Y124.742 E18.53985
G1 X124.856 Y155.358 E19.97965
G1 X123.073 Y156.755 E20.05499
G1 X120.41 Y157.859 E20.15087
G1 X117.5 Y158.269 E20.24862
G1 X114.59 Y157.859 E20.34636
G1 X111.927 Y156.755 E20.44224
G1 X110.108 Y155.326 E20.51918
G1 X79.54 Y124.742 E21.95738
G1 X78.243 Y123.076 E22.0276
G1 X77.141 Y120.418 E22.1233
G1 X76.731 Y117.5 E22.22131
G1 X77.141 Y114.582 E22.31932
G1 X78.243 Y111.924 E22.41502
G1 X79.54 Y110.258 E22.48524
G1 X110.135 Y79.651 E23.92462
G0 F6000 X110.382 Y79.966
G1 F1200 X112.157 Y78.572 E23.99969
G1 X114.722 Y77.511 E24.09201
G1 X117.49 Y77.142 E24.18489
G1 X120.323 Y77.53 E24.27999
G1 X122.872 Y78.587 E24.37177
G1 X124.979 Y80.287 E24.46182
G1 X155.223 Y110.606 E25.88617
G1 X156.419 Y112.157 E25.95131
G1 X157.47 Y114.691 E26.04255
G1 X157.864 Y117.497 E26.1368
G1 X157.47 Y120.312 E26.23134
G1 X156.407 Y122.874 E26.32359
G1 X155.144 Y124.496 E26.39197
G1 X124.609 Y155.043 E27.82852
G1 X122.869 Y156.406 E27.90204
G1 X120.302 Y157.47 E27.99446
G1 X117.5 Y157.865 E28.08858
G1 X114.698 Y157.47 E28.18269
G1 X112.131 Y156.406 E28.27511
G1 X110.391 Y155.043 E28.34863
G1 X79.856 Y124.496 E29.78518
G1 X78.592 Y122.872 E29.85363
G1 X77.53 Y120.31 E29.94587
G1 X77.135 Y117.5 E30.04025
G1 X77.53 Y114.69 E30.13463
G1 X78.592 Y112.128 E30.22688
G1 X79.856 Y110.504 E30.29532
G1 X110.382 Y79.966 E31.73146
G0 F6000 X110.629 Y80.281
G1 F1200 X112.361 Y78.921 E31.8047
G1 X114.826 Y77.901 E31.89343
G1 X117.492 Y77.546 E31.98288
G1 X120.215 Y77.919 E32.0743
G1 X122.668 Y78.936 E32.16262
G1 X124.696 Y80.57 E32.24924
G1 X154.906 Y110.85 E33.67187
G1 X156.069 Y112.358 E33.73521
G1 X157.081 Y114.799 E33.8231
G1 X157.46 Y117.498 E33.91375
G1 X157.081 Y120.207 E34.00473
G1 X156.06 Y122.668 E34.09335
G1 X154.828 Y124.25 E34.16004
G1 X124.326 Y154.76 E35.59495
G1 X122.665 Y156.058 E35.66506
G1 X120.198 Y157.081 E35.75389
G1 X117.5 Y157.461 E35.84451
G1 X114.802 Y157.081 E35.93513
G1 X112.335 Y156.058 E36.02396
G1 X110.674 Y154.76 E36.09407
G1 X80.172 Y124.25 E37.52898
G1 X78.939 Y122.666 E37.59574
G1 X77.919 Y120.206 E37.68432
G1 X77.539 Y117.5 E37.7752
G1 X77.919 Y114.794 E37.86609
G1 X78.939 Y112.334 E37.95466
G1 X80.172 Y110.75 E38.02143
G1 X110.629 Y80.281 E39.45431
G0 F6000 X110.876 Y80.596
G1 F1200 X112.565 Y79.27 E39.52573
G1 X114.93 Y78.291 E39.61087
G1 X117.494 Y77.95 E39.6969
G1 X120.11 Y78.308 E39.78471
G1 X122.459 Y79.282 E39.86929
G1 X124.413 Y80.853 E39.95268
G1 X154.589 Y111.094 E41.3736
G1 X155.721 Y112.562 E41.43526
G1 X156.692 Y114.903 E41.51955
G1 X157.056 Y117.499 E41.60674
G1 X156.692 Y120.102 E41.69416
G1 X155.713 Y122.462 E41.77914
G1 X154.512 Y124.004 E41.84414
G1 X124.043 Y154.477 E43.27741
G1 X122.464 Y155.708 E43.344
G1 X120.09 Y156.692 E43.42947
G1 X117.5 Y157.057 E43.51647
G1 X114.91 Y156.692 E43.60346
G1 X112.536 Y155.708 E43.68894
G1 X110.957 Y154.477 E43.75553
G1 X80.488 Y124.004 E45.18879
G1 X79.286 Y122.46 E45.25387
G1 X78.308 Y120.102 E45.33878
G1 X77.943 Y117.5 E45.42617
G1 X78.308 Y114.898 E45.51356
G1 X79.286 Y112.54 E45.59846
G1 X80.488 Y110.996 E45.66354
G1 X110.876 Y80.596 E47.09318
G0 F6000 X111.123 Y80.911
G1 F1200 X112.769 Y79.619 E47.16278
G1 X115.038 Y78.68 E47.24445
G1 X117.493 Y78.353 E47.32683
G1 X120.002 Y78.697 E47.41106
G1 X122.255 Y79.631 E47.49218
G1 X124.13 Y81.136 E47.57215
G1 X154.272 Y111.338 E48.99134
G1 X155.371 Y112.763 E49.0512
G1 X156.303 Y115.011 E49.13214
G1 X156.652 Y117.5 E49.21573
G1 X156.303 Y119.997 E49.29959
G1 X155.366 Y122.256 E49.38093
G1 X154.196 Y123.758 E49.44426
G1 X123.76 Y154.194 E50.87587
G1 X122.26 Y155.36 E50.93906
G1 X119.986 Y156.303 E51.02094
G1 X117.5 Y156.653 E51.10444
G1 X115.014 Y156.303 E51.18794
G1 X112.74 Y155.36 E51.26982
G1 X111.24 Y154.194 E51.33301
G1 X80.804 Y123.758 E52.76463
G1 X79.633 Y122.254 E52.82803
G1 X78.697 Y119.998 E52.90926
G1 X78.347 Y117.5 E52.99316
G1 X78.697 Y115.002 E53.07705
G1 X79.633 Y112.746 E53.15829
G1 X80.804 Y111.242 E53.22169
G1 X111.123 Y80.911 E54.64808
G0 F6000 X111.37 Y81.226
G1 F1200 X112.973 Y79.968 E54.71586
G1 X115.142 Y79.07 E54.79394
G1 X117.495 Y78.757 E54.87289
G1 X119.897 Y79.086 E54.95352
G1 X122.048 Y79.978 E55.03097
G1 X123.847 Y81.419 E55.10764
G1 X153.955 Y111.582 E56.52512
G1 X155.023 Y112.967 E56.58329
G1 X155.914 Y115.116 E56.66066
G1 X156.248 Y117.5 E56.74073
G1 X155.914 Y119.892 E56.82106
G1 X155.019 Y122.05 E56.89877
G1 X153.88 Y123.512 E56.96041
G1 X123.514 Y153.878 E58.38873
G1 X122.054 Y155.013 E58.45024
G1 X119.882 Y155.914 E58.52845
G1 X117.5 Y156.249 E58.60845
G1 X115.118 Y155.914 E58.68846
G1 X112.946 Y155.013 E58.76667
G1 X111.486 Y153.878 E58.82818
G1 X81.12 Y123.512 E60.2565
G1 X79.98 Y122.048 E60.31821
G1 X79.086 Y119.893 E60.39581
G1 X78.751 Y117.5 E60.47618
G1 X79.086 Y115.107 E60.55655
G1 X79.98 Y112.952 E60.63415
G1 X81.12 Y111.488 E60.69586
G1 X111.37 Y81.226 E62.11901
G0 F6000 X111.617 Y81.541
G1 F1200 X113.177 Y80.317 E62.18496
G1 X115.25 Y79.459 E62.25958
G1 X117.494 Y79.16 E62.33488
G1 X119.789 Y79.475 E62.41192
G1 X121.844 Y80.327 E62.48591
G1 X123.564 Y81.702 E62.55915
G1 X153.638 Y111.826 E63.97492
G1 X154.675 Y113.171 E64.03141
G1 X155.525 Y115.221 E64.10522
G1 X155.844 Y117.5 E64.18176
G1 X155.525 Y119.787 E64.25856
G1 X154.672 Y121.844 E64.33263
G1 X153.564 Y123.266 E64.39258
G1 X123.268 Y153.562 E65.81762
G1 X121.851 Y154.664 E65.87732
G1 X119.774 Y155.525 E65.9521
G1 X117.5 Y155.845 E66.02848
G1 X115.226 Y155.525 E66.10486
G1 X113.149 Y154.664 E66.17964
G1 X111.732 Y153.562 E66.23934
G1 X81.436 Y123.266 E67.66438
G1 X80.327 Y121.842 E67.72441
G1 X79.475 Y119.788 E67.79837
G1 X79.155 Y117.5 E67.87521
G1 X79.475 Y115.212 E67.95205
G1 X80.327 Y113.158 E68.02601
G1 X81.436 Y111.734 E68.08604
G1 X111.617 Y81.541 E69.50594
G0 F6000 X111.864 Y81.856
G1 F1200 X113.381 Y80.666 E69.57007
G1 X115.354 Y79.849 E69.6411
G1 X117.496 Y79.564 E69.71297
G1 X119.681 Y79.864 E69.78632
G1 X121.64 Y80.676 E69.85685
G1 X123.281 Y81.985 E69.92667
G1 X153.321 Y112.07 E71.34072
G1 X154.327 Y113.375 E71.39552
G1 X155.136 Y115.326 E71.46577
G1 X155.44 Y117.5 E71.53878
G1 X155.136 Y119.682 E71.61206
G1 X154.325 Y121.638 E71.68248
G1 X153.248 Y123.02 E71.74076
G1 X123.022 Y153.246 E73.1625
G1 X121.645 Y154.317 E73.22052
G1 X119.67 Y155.136 E73.29163
G1 X117.5 Y155.441 E73.36452
G1 X115.33 Y155.136 E73.4374
G1 X113.355 Y154.317 E73.50851
G1 X111.978 Y153.246 E73.56653
G1 X81.752 Y123.02 E74.98827
G1 X80.674 Y121.636 E75.04662
G1 X79.864 Y119.683 E75.11694
G1 X79.559 Y117.5 E75.19026
G1 X79.864 Y115.317 E75.26357
G1 X80.674 Y113.364 E75.33389
G1 X81.752 Y111.98 E75.39224
G1 X111.864 Y81.856 E76.8089
G0 F6000 X112.111 Y82.171
G1 F1200 X113.585 Y81.015 E76.8712
G1 X115.462 Y80.238 E76.93877
G1 X117.495 Y79.967 E77.00698
G1 X119.576 Y80.253 E77.07685
G1 X121.433 Y81.023 E77.14371
G1 X122.998 Y82.268 E77.21022
G1 X153.004 Y112.314 E78.62256
G1 X153.979 Y113.579 E78.67568
G1 X154.747 Y115.431 E78.74236
G1 X155.036 Y117.5 E78.81184
G1 X154.747 Y119.574 E78.88149
G1 X153.976 Y121.434 E78.94846
G1 X152.932 Y122.774 E79.00496
G1 X122.776 Y152.93 E80.42341
G1 X121.439 Y153.97 E80.47974
G1 X119.566 Y154.747 E80.54719
G1 X117.5 Y155.037 E80.61658
G1 X115.434 Y154.747 E80.68597
G1 X113.561 Y153.97 E80.75341
G1 X112.224 Y152.93 E80.80975
G1 X82.068 Y122.774 E82.22819
G1 X81.021 Y121.43 E82.28486
G1 X80.253 Y119.578 E82.35154
G1 X79.963 Y117.5 E82.42133
G1 X80.253 Y115.422 E82.49111
G1 X81.021 Y113.57 E82.55779
G1 X82.068 Y112.226 E82.61446
G1 X112.111 Y82.171 E84.02787
G0 F6000 X112.394 Y82.454
G1 F1200 X113.786 Y81.365 E84.08666
G1 X115.566 Y80.628 E84.15073
G1 X117.497 Y80.371 E84.21552
G1 X119.468 Y80.642 E84.2817
G1 X121.229 Y81.372 E84.3451
G1 X122.715 Y82.551 E84.40819
G1 X152.687 Y112.558 E85.81881
G1 X153.631 Y113.783 E85.87024
G1 X154.358 Y115.536 E85.93336
G1 X154.632 Y117.5 E85.99932
G1 X154.358 Y119.47 E86.06547
G1 X153.629 Y121.228 E86.12877
G1 X152.616 Y122.528 E86.18359
G1 X122.53 Y152.614 E87.59874
G1 X121.233 Y153.623 E87.6534
G1 X119.462 Y154.358 E87.71717
G1 X117.5 Y154.633 E87.78307
G1 X115.538 Y154.358 E87.84896
G1 X113.767 Y153.623 E87.91273
G1 X112.47 Y152.614 E87.96739
G1 X82.384 Y122.528 E89.38254
G1 X81.368 Y121.224 E89.43752
G1 X80.642 Y119.473 E89.50057
G1 X80.367 Y117.5 E89.56683
G1 X80.642 Y115.527 E89.63308
G1 X81.368 Y113.776 E89.69613
G1 X82.384 Y112.472 E89.75111
G1 X112.394 Y82.454 E91.16288
G0 F6000 X112.641 Y82.769
G1 F1200 X113.989 Y81.714 E91.21981
G1 X115.67 Y81.018 E91.28032
G1 X117.499 Y80.775 E91.34169
G1 X119.363 Y81.031 E91.40427
G1 X121.022 Y81.719 E91.46401
G1 X122.432 Y82.834 E91.52379
G1 X152.37 Y112.802 E92.93269
G1 X153.283 Y113.987 E92.98245
G1 X153.969 Y115.641 E93.042
G1 X154.228 Y117.5 E93.10443
G1 X153.969 Y119.362 E93.16696
G1 X153.28 Y121.024 E93.2268
G1 X152.3 Y122.282 E93.27984
G1 X122.284 Y152.298 E94.6917
G1 X121.027 Y153.276 E94.74467
G1 X119.357 Y153.969 E94.8048
G1 X117.5 Y154.229 E94.86717
G1 X115.643 Y153.969 E94.92954
G1 X113.973 Y153.276 E94.98967
G1 X112.716 Y152.298 E95.04265
G1 X82.7 Y122.282 E96.45451
G1 X81.717 Y121.02 E96.50771
G1 X81.031 Y119.365 E96.5673
G1 X80.771 Y117.5 E96.62993
G1 X81.031 Y115.635 E96.69256
G1 X81.717 Y113.98 E96.75215
G1 X82.7 Y112.718 E96.80535
G1 X112.641 Y82.769 E98.21387
G0 F6000 X112.888 Y83.084
G1 F1200 X114.192 Y82.063 E98.26896
G1 X115.778 Y81.407 E98.32604
G1 X117.497 Y81.178 E98.38372
G1 X119.255 Y81.42 E98.44274
G1 X120.818 Y82.068 E98.49902
G1 X122.149 Y83.117 E98.55538
G1 X152.053 Y113.046 E99.96257
G1 X152.935 Y114.191 E100.01064
G1 X153.58 Y115.746 E100.06663
G1 X153.824 Y117.5 E100.12553
G1 X153.58 Y119.254 E100.18443
G1 X152.931 Y120.82 E100.24081
G1 X151.984 Y122.036 E100.29207
G1 X122.038 Y151.982 E101.70064
G1 X120.821 Y152.929 E101.75193
G1 X119.252 Y153.58 E101.80843
G1 X117.5 Y153.825 E101.86727
G1 X115.748 Y153.58 E101.92611
G1 X114.179 Y152.929 E101.9826
G1 X112.962 Y151.982 E102.03389
G1 X83.016 Y122.036 E103.44246
G1 X82.064 Y120.814 E103.49398
G1 X81.42 Y119.261 E103.5499
G1 X81.175 Y117.5 E103.60904
G1 X81.42 Y115.739 E103.66817
G1 X82.064 Y114.186 E103.72409
G1 X83.016 Y112.964 E103.77561
G1 X112.888 Y83.084 E105.18089
G0 F6000 X113.171 Y83.367
G1 F1200 X114.393 Y82.413 E105.23245
G1 X115.882 Y81.797 E105.28604
G1 X117.499 Y81.582 E105.3403
G1 X119.15 Y81.809 E105.39573
G1 X120.614 Y82.416 E105.44844
G1 X121.866 Y83.4 E105.5014
G1 X151.736 Y113.29 E106.90687
G1 X152.585 Y114.392 E106.95314
G1 X153.191 Y115.854 E107.00578
G1 X153.42 Y117.5 E107.06105
G1 X153.191 Y119.15 E107.11645
G1 X152.584 Y120.614 E107.16917
G1 X151.668 Y121.79 E107.21875
G1 X121.792 Y151.666 E108.62402
G1 X120.615 Y152.582 E108.67363
G1 X119.147 Y153.191 E108.72649
G1 X117.5 Y153.421 E108.7818
G1 X115.853 Y153.191 E108.83711
G1 X114.385 Y152.582 E108.88997
G1 X113.208 Y151.666 E108.93958
G1 X83.332 Y121.79 E110.34485
G1 X82.413 Y120.61 E110.3946
G1 X81.809 Y119.153 E110.44705
G1 X81.579 Y117.5 E110.50256
G1 X81.809 Y115.847 E110.55807
G1 X82.413 Y114.39 E110.61053
G1 X83.332 Y113.21 E110.66028
G1 X113.171 Y83.367 E112.06391
G0 F6000 X113.454 Y83.65
G1 F1200 X114.595 Y82.763 E112.11197
G1 X115.99 Y82.186 E112.16218
G1 X117.497 Y81.985 E112.21275
G1 X119.042 Y82.198 E112.26462
G1 X120.41 Y82.765 E112.31388
G1 X121.583 Y83.683 E112.36342
G1 X151.419 Y113.534 E113.76717
G1 X152.237 Y114.596 E113.81175
G1 X152.802 Y115.958 E113.86079
G1 X153.016 Y117.5 E113.91257
G1 X152.802 Y119.042 E113.96435
G1 X152.235 Y120.41 E114.0136
G1 X151.352 Y121.544 E114.06141
G1 X121.546 Y151.35 E115.46339
G1 X120.409 Y152.235 E115.51131
G1 X119.042 Y152.802 E115.56054
G1 X117.5 Y153.017 E115.61232
G1 X115.958 Y152.802 E115.6641
G1 X114.591 Y152.235 E115.71332
G1 X113.454 Y151.35 E115.76125
G1 X83.648 Y121.544 E117.16323
G1 X82.762 Y120.406 E117.2112
G1 X82.198 Y119.045 E117.2602
G1 X81.983 Y117.5 E117.31208
G1 X82.198 Y115.955 E117.36396
G1 X82.762 Y114.594 E117.41296
G1 X83.648 Y113.456 E117.46093
G1 X113.454 Y83.65 E118.86291
G0 F6000 X113.7 Y83.966
G1 F1200 X114.798 Y83.112 E118.90918
G1 X116.094 Y82.576 E118.95583
G1 X117.499 Y82.389 E119.00297
G1 X118.934 Y82.587 E119.05115
G1 X120.209 Y83.115 E119.09705
G1 X121.3 Y83.966 E119.14307
G1 X151.102 Y113.778 E120.5451
G1 X151.887 Y114.797 E120.58788
G1 X152.413 Y116.066 E120.63357
G1 X152.612 Y117.5 E120.68172
G1 X152.413 Y118.938 E120.73001
G1 X151.888 Y120.204 E120.77559
G1 X151.036 Y121.298 E120.82171
G1 X121.3 Y151.034 E122.2204
G1 X120.203 Y151.888 E122.26664
G1 X118.937 Y152.413 E122.31222
G1 X117.5 Y152.613 E122.36048
G1 X116.063 Y152.413 E122.40873
G1 X114.797 Y151.888 E122.45432
G1 X113.7 Y151.034 E122.50056
G1 X83.964 Y121.298 E123.89925
G1 X83.111 Y120.202 E123.94544
G1 X82.587 Y118.937 E123.99098
G1 X82.387 Y117.5 E124.03924
G1 X82.587 Y116.063 E124.08749
G1 X83.111 Y114.798 E124.13303
G1 X83.964 Y113.702 E124.17923
G1 X113.7 Y83.966 E125.57792
G0 F6000 X113.983 Y84.249
G1 F1200 X114.999 Y83.462 E125.62066
G1 X116.198 Y82.966 E125.66382
G1 X117.501 Y82.793 E125.70754
G1 X118.826 Y82.976 E125.75202
G1 X120.007 Y83.465 E125.79454
G1 X121.017 Y84.249 E125.83706
G1 X150.785 Y114.022 E127.23738
G1 X151.539 Y115.001 E127.27848
G1 X152.024 Y116.17 E127.32057
G1 X152.208 Y117.5 E127.36523
G1 X152.024 Y118.83 E127.40988
G1 X151.538 Y120.003 E127.45212
G1 X150.753 Y121.015 E127.49471
G1 X121.017 Y150.751 E128.8934
G1 X120.002 Y151.538 E128.93612
G1 X118.829 Y152.024 E128.97835
G1 X117.5 Y152.209 E129.02298
G1 X116.171 Y152.024 E129.06761
G1 X114.998 Y151.538 E129.10984
G1 X113.983 Y150.751 E129.15256
G1 X84.247 Y121.015 E130.55125
G1 X83.461 Y120.001 E130.59392
G1 X82.976 Y118.829 E130.63611
G1 X82.791 Y117.5 E130.68074
G1 X82.976 Y116.171 E130.72536
G1 X83.461 Y114.999 E130.76755
G1 X84.247 Y113.985 E130.81022
G1 X113.983 Y84.249 E132.20891
G0 F6000 X114.549 Y84.815
G1 F1200 X115.399 Y84.163 E132.24454
G1 X116.41 Y83.745 E132.28093
G1 X117.501 Y83.6 E132.31754
G1 X118.614 Y83.754 E132.35491
G1 X119.6 Y84.163 E132.39041
G1 X120.451 Y84.815 E132.42607
G1 X150.185 Y114.549 E133.82466
G1 X150.838 Y115.401 E133.86037
G1 X151.246 Y116.386 E133.89583
G1 X151.4 Y117.5 E133.93323
G1 X151.246 Y118.614 E133.97064
G1 X150.838 Y119.599 E134.0061
G1 X150.187 Y120.449 E134.04171
G1 X120.451 Y150.185 E135.4404
G1 X119.601 Y150.837 E135.47603
G1 X118.613 Y151.246 E135.51159
G1 X117.5 Y151.401 E135.54897
G1 X116.387 Y151.246 E135.58634
G1 X115.399 Y150.837 E135.62191
G1 X114.549 Y150.185 E135.65754
G1 X84.813 Y120.449 E137.05623
G1 X84.162 Y119.6 E137.09181
G1 X83.754 Y118.613 E137.12734
G1 X83.599 Y117.5 E137.16471
G1 X83.754 Y116.387 E137.20209
G1 X84.162 Y115.4 E137.23761
G1 X84.813 Y114.551 E137.27319
G1 X114.549 Y84.815 E138.67188
G0 F6000 X114.266 Y84.532
G1 F1200 X115.2 Y83.812 E138.71111
G1 X116.306 Y83.355 E138.75091
G1 X117.499 Y83.196 E138.79094
G1 X118.718 Y83.365 E138.83187
G1 X119.805 Y83.815 E138.871
G1 X120.734 Y84.532 E138.91003
G1 X150.468 Y114.266 E140.30863
G1 X151.189 Y115.202 E140.34793
G1 X151.635 Y116.278 E140.38667
G1 X151.804 Y117.5 E140.4277
G1 X151.635 Y118.722 E140.46873
G1 X151.188 Y119.801 E140.50757
G1 X150.47 Y120.732 E140.54668
G1 X120.734 Y150.468 E141.94537
G1 X119.8 Y151.188 E141.98459
G1 X118.721 Y151.635 E142.02344
G1 X117.5 Y151.805 E142.06444
G1 X116.279 Y151.635 E142.10544
G1 X115.2 Y151.188 E142.14429
G1 X114.266 Y150.468 E142.18351
G1 X84.53 Y120.732 E143.5822
G1 X83.811 Y119.799 E143.62138
G1 X83.365 Y118.721 E143.66018
G1 X83.195 Y117.5 E143.70118
G1 X83.365 Y116.279 E143.74218
G1 X83.811 Y115.201 E143.78099
G1 X84.53 Y114.268 E143.82016
G1 X114.266 Y84.532 E145.21885
;MESH:quadrato.stl
G0 F6000 X114.951 Y85.288
G0 X115.073 Y85.42
;TYPE:WALL-INNER
G1 F1200 X85.421 Y115.073 E146.61362
G1 X84.861 Y115.803 E146.64422
G1 X84.525 Y116.617 E146.67351
G1 X84.406 Y117.499 E146.70311
G1 X84.525 Y118.378 E146.73261
G1 X84.861 Y119.193 E146.76193
G1 X85.421 Y119.923 E146.79253
G1 X115.073 Y149.575 E148.18727
G1 X115.804 Y150.136 E148.21792
G1 X116.617 Y150.475 E148.24722
G1 X117.499 Y150.59 E148.2768
G1 X118.378 Y150.475 E148.30628
G1 X119.193 Y150.136 E148.33564
G1 X119.923 Y149.575 E148.36626
G1 X149.58 Y119.919 E149.76122
G1 X150.14 Y119.192 E149.79174
G1 X150.475 Y118.383 E149.82086
G1 X150.59 Y117.499 E149.85051
G1 X150.475 Y116.613 E149.88023
G1 X150.14 Y115.804 E149.90935
G1 X149.58 Y115.077 E149.93987
G1 X119.92 Y85.417 E151.33499
G1 X119.192 Y84.86 E151.36547
G1 X118.382 Y84.521 E151.39468
G1 X117.501 Y84.406 E151.42423
G1 X116.613 Y84.525 E151.45403
G1 X115.807 Y84.857 E151.48302
G1 X115.073 Y85.42 E151.51379
G1 F2700 E146.51379
G0 F6000 X93.341 Y107.435
G0 X92.305 Y106.4
G0 X84.472 Y114.233
G0 X83.757 Y115.166
G0 X83.291 Y116.292
G0 X83.131 Y117.5
G0 X83.291 Y118.708
G0 X83.757 Y119.834
G0 X84.337 Y120.59
G0 X98.658 Y134.953
G0 X109.697 Y124.3
G1 F2700 E151.51379
G1 F1200 X109.832 Y124.032 E151.52377
G1 X124.032 Y109.832 E152.19169
G1 X124.208 Y109.725 E152.19855
G1 X124.405 Y109.684 E152.20524
G1 X124.637 Y109.721 E152.21305
G1 X124.8 Y109.806 E152.21917
G1 X125.185 Y110.191 E152.23728
G1 X125.293 Y110.417 E152.24561
G1 X125.299 Y110.696 E152.25489
G1 X125.164 Y110.964 E152.26487
G1 X110.964 Y125.164 E152.93279
G1 X110.788 Y125.271 E152.93964
G1 X110.591 Y125.312 E152.94634
G1 X110.359 Y125.275 E152.95415
G1 X110.196 Y125.19 E152.96026
G1 X109.762 Y124.756 E152.98068
G1 X109.684 Y124.462 E152.9908
G1 X109.697 Y124.3 E152.9962
G0 F6000 X110.109 Y124.535
;TYPE:WALL-OUTER
G1 F1200 X110.107 Y124.321 E153.00332
G1 X124.329 Y110.1 E153.67225
G1 X124.459 Y110.086 E153.6766
G1 X124.554 Y110.128 E153.68006
G1 X124.887 Y110.458 E153.69565
G1 X124.889 Y110.675 E153.70287
G1 X110.7 Y124.863 E154.37025
G1 X110.594 Y124.911 E154.37412
G1 X110.442 Y124.868 E154.37938
G1 X110.109 Y124.535 E154.39504
G1 F2700 E149.39504
G0 F6000 X110.013 Y125.148
G0 X109.537 Y124.2
G0 X98.721 Y135.016
G0 X84.472 Y120.767
G0 X83.757 Y119.834
G0 X83.291 Y118.708
G0 X83.131 Y117.5
G0 X83.291 Y116.292
G0 X83.757 Y115.166
G0 X84.337 Y114.41
G0 X92.021 Y106.684
G0 X85.119 Y114.809
G1 F2700 E154.39504
G1 F1200 X84.511 Y115.601 E154.42825
G1 X84.135 Y116.513 E154.46106
G1 X84.002 Y117.499 E154.49415
G1 X84.135 Y118.483 E154.52718
G1 X84.511 Y119.395 E154.55999
G1 X85.119 Y120.187 E154.5932
G1 X114.809 Y149.877 E155.98972
G1 X115.602 Y150.485 E156.02296
G1 X116.513 Y150.865 E156.05579
G1 X117.499 Y150.994 E156.08886
G1 X118.483 Y150.865 E156.12187
G1 X119.395 Y150.485 E156.15473
G1 X120.187 Y149.877 E156.18794
G1 X149.881 Y120.183 E157.58465
G1 X150.489 Y119.394 E157.61778
G1 X150.865 Y118.487 E157.65044
G1 X150.994 Y117.499 E157.68358
G1 X150.865 Y116.509 E157.71679
G1 X150.489 Y115.602 E157.74944
G1 X149.881 Y114.813 E157.78257
G1 X120.184 Y85.115 E159.17945
G1 X119.394 Y84.511 E159.21253
G1 X118.487 Y84.131 E159.24523
G1 X117.501 Y84.002 E159.27831
G1 X116.509 Y84.135 E159.3116
G1 X115.605 Y84.507 E159.34411
G1 X114.809 Y85.119 E159.37751
G1 X85.119 Y114.809 E160.77403
G1 F2700 E155.77403
G0 F6000 X85.171 Y115.564
G0 X107.434 Y93.342
G0 X106.398 Y92.307
G0 X114.233 Y84.472
G0 X115.166 Y83.757
G0 X116.292 Y83.291
G0 X117.5 Y83.132
G0 X118.708 Y83.291
G0 X119.834 Y83.758
G0 X120.59 Y84.337
G0 X134.952 Y98.657
G0 X124.142 Y109.361
;TYPE:SKIN
G1 F2700 E160.77403
G1 F1200 X123.814 Y109.544 E160.78653
G1 X109.544 Y123.81 E161.45765
G1 X109.368 Y124.133 E161.46988
G1 X109.32 Y124.482 E161.4816
G1 X109.412 Y124.835 E161.49373
G1 X109.545 Y125.041 E161.50189
G1 X110.001 Y125.504 E161.5235
G1 X110.341 Y125.646 E161.53576
G1 X110.689 Y125.663 E161.54735
G1 X110.99 Y125.571 E161.55781
G1 X111.208 Y125.427 E161.5665
G1 X125.44 Y111.193 E162.23598
G1 X125.606 Y110.914 E162.24678
G1 X125.662 Y110.696 E162.25427
G1 X125.645 Y110.323 E162.26668
G1 X125.469 Y109.974 E162.27968
G1 X125.003 Y109.494 E162.30194
G1 X124.583 Y109.314 E162.31713
G1 X124.142 Y109.361 E162.33188
G1 F2700 E157.33188
G0 F6000 X123.907 Y109.815
G0 X109.696 Y123.913
G0 X98.657 Y134.952
G0 X84.472 Y120.767
G0 X83.757 Y119.834
G0 X83.291 Y118.708
G0 X83.131 Y117.5
G0 X83.291 Y116.292
G0 X83.757 Y115.166
G0 X84.337 Y114.41
G0 X92.244 Y106.461
G0 X85.683 Y115.317
G1 F2700 E162.33188
G1 F1200 X115.317 Y85.687 E163.72568
G1 X115.985 Y85.175 E163.75368
G1 X116.705 Y84.875 E163.77962
G1 X117.501 Y84.77 E163.80632
G1 X118.287 Y84.871 E163.83268
G1 X119.01 Y85.175 E163.85877
G1 X119.672 Y85.679 E163.88644
G1 X149.305 Y115.317 E165.2804
G1 X149.829 Y115.99 E165.30877
G1 X150.121 Y116.7 E165.33431
G1 X150.226 Y117.496 E165.36101
G1 X150.121 Y118.292 E165.38771
G1 X149.829 Y119.002 E165.41325
G1 X149.305 Y119.675 E165.44162
G1 X119.675 Y149.309 E166.83542
G1 X119.01 Y149.821 E166.86333
G1 X118.287 Y150.121 E166.88936
G1 X117.497 Y150.226 E166.91587
G1 X116.709 Y150.121 E166.94231
G1 X115.985 Y149.821 E166.96838
G1 X115.317 Y149.309 E166.99637
G1 X85.683 Y119.675 E168.39026
G1 X85.175 Y119.011 E168.41807
G1 X84.875 Y118.283 E168.44426
G1 X84.77 Y117.497 E168.47063
G1 X84.875 Y116.713 E168.49694
G1 X85.179 Y115.977 E168.52343
G1 X85.683 Y115.317 E168.55105
G1 F2700 E163.55105
G0 F6000 X85.171 Y115.564
G0 X84.682 Y116.66
G0 X84.568 Y117.499
G0 X84.681 Y118.336
G0 X85.002 Y119.112
G0 X85.541 Y119.817
G0 X115.179 Y149.455
G0 X116.224 Y150.201
G0 X116.401 Y149.777
G1 F2700 E168.55105
G1 F1200 X85.221 Y118.596 E170.01768
G0 F6000 X85.015 Y117.825
G1 F1200 X117.17 Y149.98 E171.53016
G0 F6000 X117.746 Y149.99
G1 F1200 X85.005 Y117.249 E173.07019
G0 F6000 X85.075 Y116.753
G1 F1200 X118.243 Y149.921 E174.63031
G0 F6000 X118.643 Y149.756
G1 F1200 X85.24 Y116.353 E176.20149
G0 F6000 X85.431 Y115.978
G1 F1200 X119.016 Y149.563 E177.78122
G0 F6000 X119.336 Y149.317
G1 F1200 X85.675 Y115.657 E179.36451
G0 F6000 X85.935 Y115.35
G1 F1200 X119.642 Y149.058 E180.95001
G0 F6000 X119.925 Y148.775
G1 F1200 X86.218 Y115.067 E182.53551
G0 F6000 X86.5 Y114.785
G1 F1200 X120.208 Y148.492 E184.121
G0 F6000 X120.491 Y148.21
G1 F1200 X86.783 Y114.502 E185.70652
G0 F6000 X87.066 Y114.219
G1 F1200 X120.774 Y147.927 E187.29204
G0 F6000 X121.057 Y147.644
G1 F1200 X87.349 Y113.936 E188.87757
G0 F6000 X87.632 Y113.653
G1 F1200 X121.34 Y147.361 E190.46309
G0 F6000 X121.622 Y147.078
G1 F1200 X87.915 Y113.37 E192.04858
G0 F6000 X88.197 Y113.088
G1 F1200 X121.905 Y146.795 E193.63408
G0 F6000 X122.188 Y146.513
G1 F1200 X88.48 Y112.805 E195.2196
G0 F6000 X88.763 Y112.522
G1 F1200 X122.471 Y146.23 E196.80512
G0 F6000 X122.754 Y145.947
G1 F1200 X89.046 Y112.239 E198.39064
G0 F6000 X89.329 Y111.956
G1 F1200 X123.037 Y145.664 E199.97617
G0 F6000 X123.319 Y145.381
G1 F1200 X89.612 Y111.673 E201.56166
G0 F6000 X89.894 Y111.391
G1 F1200 X123.602 Y145.098 E203.14716
G0 F6000 X123.885 Y144.815
G1 F1200 X90.177 Y111.108 E204.73266
G0 F6000 X90.46 Y110.825
G1 F1200 X124.168 Y144.533 E206.31818
G0 F6000 X124.451 Y144.25
G1 F1200 X90.743 Y110.542 E207.9037
G0 F6000 X91.026 Y110.259
G1 F1200 X124.734 Y143.967 E209.48922
G0 F6000 X125.016 Y143.684
G1 F1200 X91.309 Y109.976 E211.07472
G0 F6000 X91.592 Y109.693
G1 F1200 X125.299 Y143.401 E212.66022
G0 F6000 X125.582 Y143.118
G1 F1200 X91.874 Y109.411 E214.24571
G0 F6000 X92.157 Y109.128
G1 F1200 X125.865 Y142.836 E215.83123
G0 F6000 X126.148 Y142.553
G1 F1200 X92.44 Y108.845 E217.41675
G0 F6000 X92.723 Y108.562
G1 F1200 X126.431 Y142.27 E219.00228
G0 F6000 X126.714 Y141.987
G1 F1200 X110.585 Y125.859 E219.76091
G0 F6000 X111.053 Y125.76
G1 F1200 X126.996 Y141.704 E220.51084
G0 F6000 X127.279 Y141.421
G1 F1200 X111.386 Y125.528 E221.2584
G0 F6000 X111.669 Y125.246
G1 F1200 X127.562 Y141.139 E222.00596
G0 F6000 X127.845 Y140.856
G1 F1200 X111.952 Y124.963 E222.75352
G0 F6000 X112.235 Y124.68
G1 F1200 X128.128 Y140.573 E223.50108
G0 F6000 X128.411 Y140.29
G1 F1200 X112.518 Y124.397 E224.24863
G0 F6000 X112.801 Y124.114
G1 F1200 X128.693 Y140.007 E224.99617
G0 F6000 X128.976 Y139.724
G1 F1200 X113.083 Y123.831 E225.74373
G0 F6000 X113.366 Y123.549
G1 F1200 X129.259 Y139.441 E226.49126
G0 F6000 X129.541 Y139.158
G1 F1200 X113.649 Y123.266 E227.23877
G0 F6000 X113.932 Y122.983
G1 F1200 X129.824 Y138.875 E227.98628
G0 F6000 X130.107 Y138.592
G1 F1200 X114.215 Y122.7 E228.73379
G0 F6000 X114.498 Y122.417
G1 F1200 X130.39 Y138.309 E229.48131
G0 F6000 X130.673 Y138.027
G1 F1200 X114.78 Y122.134 E230.22886
G0 F6000 X115.063 Y121.851
G1 F1200 X130.955 Y137.744 E230.9764
G0 F6000 X131.238 Y137.461
G1 F1200 X115.346 Y121.569 E231.72391
G0 F6000 X115.629 Y121.286
G1 F1200 X131.521 Y137.178 E232.47142
G0 F6000 X131.804 Y136.895
G1 F1200 X115.912 Y121.003 E233.21893
G0 F6000 X116.195 Y120.721
G1 F1200 X132.087 Y136.612 E233.96642
G0 F6000 X132.37 Y136.329
G1 F1200 X116.478 Y120.438 E234.71391
G0 F6000 X116.761 Y120.155
G1 F1200 X132.653 Y136.047 E235.46142
G0 F6000 X132.935 Y135.764
G1 F1200 X117.044 Y119.872 E236.2089
G0 F6000 X117.327 Y119.589
G1 F1200 X133.218 Y135.481 E236.95639
G0 F6000 X133.501 Y135.198
G1 F1200 X117.61 Y119.307 E237.70386
G0 F6000 X117.892 Y119.024
G1 F1200 X133.784 Y134.915 E238.45134
G0 F6000 X134.067 Y134.632
G1 F1200 X118.175 Y118.741 E239.19883
G0 F6000 X118.458 Y118.458
G1 F1200 X134.35 Y134.35 E239.94634
G0 F6000 X134.632 Y134.067
G1 F1200 X118.741 Y118.175 E240.69383
G0 F6000 X119.024 Y117.892
G1 F1200 X134.915 Y133.784 E241.44132
G0 F6000 X135.198 Y133.501
G1 F1200 X119.307 Y117.61 E242.18878
G0 F6000 X119.589 Y117.327
G1 F1200 X135.481 Y133.218 E242.93627
G0 F6000 X135.764 Y132.935
G1 F1200 X119.872 Y117.044 E243.68375
G0 F6000 X120.155 Y116.761
G1 F1200 X136.047 Y132.653 E244.43127
G0 F6000 X136.329 Y132.37
G1 F1200 X120.438 Y116.478 E245.17875
G0 F6000 X120.721 Y116.195
G1 F1200 X136.612 Y132.087 E245.92624
G0 F6000 X136.895 Y131.804
G1 F1200 X121.004 Y115.913 E246.6737
G0 F6000 X121.287 Y115.63
G1 F1200 X137.178 Y131.521 E247.42117
G0 F6000 X137.461 Y131.238
G1 F1200 X121.57 Y115.348 E248.16861
G0 F6000 X121.853 Y115.065
G1 F1200 X137.744 Y130.955 E248.91605
G0 F6000 X138.027 Y130.673
G1 F1200 X122.136 Y114.782 E249.66351
G0 F6000 X122.419 Y114.499
G1 F1200 X138.309 Y130.39 E250.41095
G0 F6000 X138.592 Y130.107
G1 F1200 X122.701 Y114.216 E251.15842
G0 F6000 X122.984 Y113.933
G1 F1200 X138.875 Y129.824 E251.90588
G0 F6000 X139.158 Y129.541
G1 F1200 X123.267 Y113.65 E252.65335
G0 F6000 X123.55 Y113.368
G1 F1200 X139.44 Y129.258 E253.40076
G0 F6000 X139.723 Y128.975
G1 F1200 X123.833 Y113.085 E254.14818
G0 F6000 X124.116 Y112.802
G1 F1200 X140.006 Y128.692 E254.8956
G0 F6000 X140.289 Y128.409
G1 F1200 X124.398 Y112.519 E255.64304
G0 F6000 X124.681 Y112.236
G1 F1200 X140.571 Y128.126 E256.39045
G0 F6000 X140.854 Y127.843
G1 F1200 X124.964 Y111.953 E257.13787
G0 F6000 X125.247 Y111.671
G1 F1200 X141.137 Y127.561 E257.88529
G0 F6000 X141.42 Y127.278
G1 F1200 X125.53 Y111.388 E258.6327
G0 F6000 X125.76 Y111.052
G1 F1200 X141.703 Y126.995 E259.38261
G0 F6000 X141.986 Y126.712
G1 F1200 X125.854 Y110.58 E260.14141
G0 F6000 X125.402 Y110.608
G0 X124.898 Y109.761
G0 X124.403 Y109.129
G1 F1200 X108.28 Y93.006 E260.89979
G0 F6000 X108.563 Y92.724
G1 F1200 X142.268 Y126.429 E262.48517
G0 F6000 X142.551 Y126.146
G1 F1200 X108.846 Y92.441 E264.07055
G0 F6000 X109.128 Y92.158
G1 F1200 X142.834 Y125.864 E265.65598
G0 F6000 X143.117 Y125.581
G1 F1200 X109.411 Y91.875 E267.2414
G0 F6000 X109.694 Y91.592
G1 F1200 X143.4 Y125.298 E268.82683
G0 F6000 X143.683 Y125.015
G1 F1200 X109.977 Y91.309 E270.41226
G0 F6000 X110.26 Y91.027
G1 F1200 X143.966 Y124.732 E271.99766
G0 F6000 X144.248 Y124.449
G1 F1200 X110.543 Y90.744 E273.58304
G0 F6000 X110.826 Y90.461
G1 F1200 X144.531 Y124.167 E275.16844
G0 F6000 X144.814 Y123.884
G1 F1200 X111.108 Y90.178 E276.75387
G0 F6000 X111.391 Y89.895
G1 F1200 X145.097 Y123.601 E278.3393
G0 F6000 X145.38 Y123.318
G1 F1200 X111.674 Y89.612 E279.92472
G0 F6000 X111.957 Y89.33
G1 F1200 X145.663 Y123.035 E281.51013
G0 F6000 X145.945 Y122.752
G1 F1200 X112.24 Y89.047 E283.09551
G0 F6000 X112.523 Y88.764
G1 F1200 X146.228 Y122.469 E284.68089
G0 F6000 X146.511 Y122.187
G1 F1200 X112.805 Y88.481 E286.26631
G0 F6000 X113.088 Y88.198
G1 F1200 X146.794 Y121.904 E287.85174
G0 F6000 X147.077 Y121.621
G1 F1200 X113.371 Y87.915 E289.43717
G0 F6000 X113.654 Y87.632
G1 F1200 X147.36 Y121.338 E291.0226
G0 F6000 X147.642 Y121.055
G1 F1200 X113.937 Y87.35 E292.60798
G0 F6000 X114.22 Y87.067
G1 F1200 X147.925 Y120.772 E294.19335
G0 F6000 X148.208 Y120.49
G1 F1200 X114.503 Y86.784 E295.77876
G0 F6000 X114.785 Y86.501
G1 F1200 X148.491 Y120.207 E297.36419
G0 F6000 X148.774 Y119.924
G1 F1200 X115.068 Y86.218 E298.94961
G0 F6000 X115.351 Y85.935
G1 F1200 X149.057 Y119.641 E300.53504
G0 F6000 X149.316 Y119.335
G1 F1200 X115.659 Y85.677 E302.11818
G0 F6000 X115.98 Y85.433
G1 F1200 X149.564 Y119.017 E303.69787
G0 F6000 X149.76 Y118.647
G1 F1200 X116.352 Y85.24 E305.26926
G0 F6000 X116.751 Y85.073
G1 F1200 X149.924 Y118.246 E306.82962
G0 F6000 X149.991 Y117.747
G1 F1200 X117.25 Y85.006 E308.36965
G0 F6000 X117.824 Y85.014
G1 F1200 X149.982 Y117.172 E309.88227
G0 F6000 X149.786 Y116.411
G1 F1200 X118.592 Y85.217 E311.34954
G0 F6000 X119.048 Y84.909
G0 X118.339 Y84.678
G0 X117.502 Y84.568
G0 X116.655 Y84.682
G0 X115.888 Y84.998
G0 X115.314 Y85.438
G0 X107.672 Y92.964
G0 X107.997 Y93.289
G1 F1200 X123.948 Y109.24 E312.09982
G0 F6000 X123.606 Y109.464
G1 F1200 X107.714 Y93.572 E312.84733
G0 F6000 X107.431 Y93.855
G1 F1200 X123.323 Y109.747 E313.59484
G0 F6000 X123.04 Y110.029
G1 F1200 X107.149 Y94.138 E314.34231
G0 F6000 X106.866 Y94.421
G1 F1200 X122.757 Y110.312 E315.08977
G0 F6000 X122.474 Y110.595
G1 F1200 X106.583 Y94.704 E315.83724
G0 F6000 X106.3 Y94.986
G1 F1200 X122.192 Y110.878 E316.58475
G0 F6000 X121.909 Y111.161
G1 F1200 X106.017 Y95.269 E317.33226
G0 F6000 X105.734 Y95.552
G1 F1200 X121.626 Y111.444 E318.07977
G0 F6000 X121.343 Y111.726
G1 F1200 X105.452 Y95.835 E318.82723
G0 F6000 X105.169 Y96.118
G1 F1200 X121.06 Y112.009 E319.5747
G0 F6000 X120.777 Y112.292
G1 F1200 X104.886 Y96.401 E320.32216
G0 F6000 X104.603 Y96.683
G1 F1200 X120.495 Y112.575 E321.06967
G0 F6000 X120.212 Y112.858
G1 F1200 X104.32 Y96.966 E321.81718
G0 F6000 X104.037 Y97.249
G1 F1200 X119.929 Y113.141 E322.56469
G0 F6000 X119.646 Y113.423
G1 F1200 X103.754 Y97.532 E323.31218
G0 F6000 X103.472 Y97.815
G1 F1200 X119.363 Y113.706 E324.05964
G0 F6000 X119.08 Y113.989
G1 F1200 X103.189 Y98.098 E324.80711
G0 F6000 X102.906 Y98.38
G1 F1200 X118.797 Y114.271 E325.55457
G0 F6000 X118.514 Y114.554
G1 F1200 X102.623 Y98.663 E326.30204
G0 F6000 X102.34 Y98.946
G1 F1200 X118.231 Y114.837 E327.0495
G0 F6000 X117.948 Y115.12
G1 F1200 X102.057 Y99.229 E327.79696
G0 F6000 X101.775 Y99.512
G1 F1200 X117.665 Y115.403 E328.5444
G0 F6000 X117.383 Y115.685
G1 F1200 X101.492 Y99.795 E329.29184
G0 F6000 X101.209 Y100.078
G1 F1200 X117.1 Y115.968 E330.03929
G0 F6000 X116.817 Y116.251
G1 F1200 X100.926 Y100.36 E330.78675
G0 F6000 X100.643 Y100.643
G1 F1200 X116.534 Y116.534 E331.53421
G0 F6000 X116.251 Y116.817
G1 F1200 X100.36 Y100.925 E332.2817
G0 F6000 X100.077 Y101.208
G1 F1200 X115.968 Y117.1 E333.02919
G0 F6000 X115.685 Y117.383
G1 F1200 X99.794 Y101.491 E333.77668
G0 F6000 X99.511 Y101.774
G1 F1200 X115.403 Y117.665 E334.52416
G0 F6000 X115.12 Y117.948
G1 F1200 X99.228 Y102.057 E335.27165
G0 F6000 X98.945 Y102.34
G1 F1200 X114.837 Y118.231 E336.01914
G0 F6000 X114.554 Y118.514
G1 F1200 X98.663 Y102.622 E336.76663
G0 F6000 X98.38 Y102.905
G1 F1200 X114.271 Y118.797 E337.51411
G0 F6000 X113.988 Y119.079
G1 F1200 X98.097 Y103.188 E338.26158
G0 F6000 X97.814 Y103.471
G1 F1200 X113.705 Y119.362 E339.00904
G0 F6000 X113.422 Y119.645
G1 F1200 X97.531 Y103.754 E339.7565
G0 F6000 X97.248 Y104.037
G1 F1200 X113.139 Y119.927 E340.50394
G0 F6000 X112.856 Y120.21
G1 F1200 X96.966 Y104.319 E341.25139
G0 F6000 X96.683 Y104.602
G1 F1200 X112.574 Y120.493 E341.99885
G0 F6000 X112.291 Y120.776
G1 F1200 X96.4 Y104.885 E342.74631
G0 F6000 X96.117 Y105.168
G1 F1200 X112.008 Y121.059 E343.49378
G0 F6000 X111.725 Y121.342
G1 F1200 X95.834 Y105.451 E344.24124
G0 F6000 X95.551 Y105.734
G1 F1200 X111.442 Y121.624 E344.98868
G0 F6000 X111.159 Y121.907
G1 F1200 X95.268 Y106.017 E345.73612
G0 F6000 X94.986 Y106.299
G1 F1200 X110.876 Y122.19 E346.48356
G0 F6000 X110.594 Y122.473
G1 F1200 X94.703 Y106.582 E347.23103
G0 F6000 X94.42 Y106.865
G1 F1200 X110.311 Y122.756 E347.97849
G0 F6000 X110.028 Y123.039
G1 F1200 X94.137 Y107.148 E348.72595
G0 F6000 X93.854 Y107.431
G1 F1200 X109.745 Y123.322 E349.47342
G0 F6000 X109.462 Y123.604
G1 F1200 X93.571 Y107.714 E350.22086
G0 F6000 X93.289 Y107.996
G1 F1200 X109.24 Y123.948 E350.97117
G0 F6000 X109.129 Y124.403
G1 F1200 X93.006 Y108.279 E351.72957
G1 F2700 E346.72957
;MESH:NONMESH
G0 F300 X93.006 Y108.279 Z0.4
G0 F6000 X92.682 Y107.954
G0 X115.073 Y85.42
;TIME_ELAPSED:555.335242
;LAYER:1
M106 S85
;TYPE:WALL-INNER
;MESH:quadrato.stl
G1 F2700 E351.72957
G1 F1350 X85.421 Y115.073 E353.12433
G1 X84.861 Y115.803 E353.15493
G1 X84.525 Y116.617 E353.18422
G1 X84.406 Y117.499 E353.21382
G1 X84.525 Y118.378 E353.24332
G1 X84.861 Y119.193 E353.27264
G1 X85.421 Y119.923 E353.30325
G1 X115.073 Y149.575 E354.69799
G1 X115.804 Y150.136 E354.72863
G1 X116.617 Y150.475 E354.75793
G1 X117.499 Y150.59 E354.78751
G1 X118.378 Y150.475 E354.817
G1 X119.193 Y150.136 E354.84636
G1 X119.923 Y149.575 E354.87698
G1 X149.58 Y119.919 E356.27193
G1 X150.14 Y119.192 E356.30245
G1 X150.475 Y118.383 E356.33157
G1 X150.59 Y117.499 E356.36122
G1 X150.475 Y116.613 E356.39094
G1 X150.14 Y115.804 E356.42006
G1 X149.58 Y115.077 E356.45059
G1 X119.92 Y85.417 E357.8457
G1 X119.192 Y84.86 E357.87619
G1 X118.382 Y84.521 E357.90539
G1 X117.501 Y84.406 E357.93494
G1 X116.613 Y84.525 E357.96474
G1 X115.807 Y84.857 E357.99374
G1 X115.073 Y85.42 E358.0245
G1 F2700 E353.0245
G0 F7500 X100.192 Y100.584
G0 X109.678 Y110.075
G0 X109.804 Y110.197
G1 F2700 E358.0245
G1 F1350 X110.197 Y109.809 E358.04287
G1 X110.479 Y109.694 E358.053
G1 X110.697 Y109.701 E358.06026
G1 X110.964 Y109.836 E358.07021
G1 X125.164 Y124.032 E358.73804
G1 X125.271 Y124.208 E358.74489
G1 X125.312 Y124.405 E358.75158
G1 X125.275 Y124.637 E358.75939
G1 X125.19 Y124.8 E358.76551
G1 X124.805 Y125.185 E358.78362
G1 X124.579 Y125.293 E358.79195
G1 X124.3 Y125.299 E358.80123
G1 X124.032 Y125.164 E358.81121
G1 X109.832 Y110.964 E359.47914
G1 X109.688 Y110.643 E359.49084
G1 X109.703 Y110.415 E359.49844
G1 X109.804 Y110.197 E359.50643
G0 F7500 X110.128 Y110.441
;TYPE:WALL-OUTER
G1 F1350 X110.461 Y110.118 E359.52186
G1 X110.594 Y110.089 E359.52639
G1 X110.71 Y110.146 E359.53068
G1 X124.896 Y124.329 E360.19788
G1 X124.91 Y124.459 E360.20223
G1 X124.868 Y124.554 E360.20568
G1 X124.538 Y124.887 E360.22128
G1 X124.321 Y124.889 E360.22849
G1 X110.142 Y110.71 E360.89543
G1 X110.085 Y110.593 E360.89976
G1 X110.128 Y110.441 E360.90501
G1 F2700 E355.90501
G0 F7500 X109.92 Y110.231
G0 X109.52 Y110.733
G0 X99.782 Y100.994
G0 X85.119 Y114.809
G1 F2700 E360.90501
G1 F1350 X84.511 Y115.601 E360.93822
G1 X84.135 Y116.513 E360.97103
G1 X84.002 Y117.499 E361.00412
G1 X84.135 Y118.483 E361.03715
G1 X84.511 Y119.395 E361.06996
G1 X85.119 Y120.187 E361.10317
G1 X114.809 Y149.877 E362.49969
G1 X115.602 Y150.485 E362.53293
G1 X116.513 Y150.865 E362.56576
G1 X117.499 Y150.994 E362.59883
G1 X118.483 Y150.865 E362.63184
G1 X119.395 Y150.485 E362.6647
G1 X120.187 Y149.877 E362.69791
G1 X149.881 Y120.183 E364.09463
G1 X150.489 Y119.394 E364.12776
G1 X150.865 Y118.487 E364.16041
G1 X150.994 Y117.499 E364.19355
G1 X150.865 Y116.509 E364.22676
G1 X150.489 Y115.602 E364.25942
G1 X149.881 Y114.813 E364.29255
G1 X120.184 Y85.115 E365.68942
G1 X119.394 Y84.511 E365.7225
G1 X118.487 Y84.131 E365.75521
G1 X117.501 Y84.002 E365.78828
G1 X116.509 Y84.135 E365.82157
G1 X115.605 Y84.507 E365.85408
G1 X114.809 Y85.119 E365.88748
G1 X85.119 Y114.809 E367.28401
G1 F2700 E362.28401
G0 F7500 X85.171 Y115.564
G0 X100.734 Y100.042
G0 X110.083 Y109.675
G0 X110.244 Y109.384
;TYPE:SKIN
G1 F2700 E367.28401
G1 F1350 X109.975 Y109.527 E367.29414
G1 X109.534 Y109.96 E367.3147
G1 X109.331 Y110.409 E367.33108
G1 X109.348 Y110.784 E367.34357
G1 X109.547 Y111.19 E367.35861
G1 X123.803 Y125.44 E368.02903
G1 X124.082 Y125.606 E368.03982
G1 X124.3 Y125.662 E368.04731
G1 X124.669 Y125.645 E368.0596
G1 X125.018 Y125.469 E368.0726
G1 X125.498 Y125.003 E368.09485
G1 X125.678 Y124.583 E368.11004
G1 X125.628 Y124.145 E368.12471
G1 X125.396 Y123.752 E368.13989
G1 X111.193 Y109.556 E368.80779
G1 X110.926 Y109.395 E368.81816
G1 X110.678 Y109.336 E368.82664
G1 X110.244 Y109.384 E368.84116
G1 F2700 E363.84116
G0 F7500 X110.323 Y109.631
G0 X109.512 Y110.445
G0 X99.922 Y100.854
G0 X85.683 Y115.317
G1 F2700 E368.84116
G1 F1350 X115.317 Y85.687 E370.23496
G1 X115.985 Y85.175 E370.26295
G1 X116.705 Y84.875 E370.28889
G1 X117.501 Y84.77 E370.3156
G1 X118.287 Y84.871 E370.34196
G1 X119.01 Y85.175 E370.36804
G1 X119.672 Y85.679 E370.39571
G1 X149.305 Y115.317 E371.78968
G1 X149.829 Y115.99 E371.81805
G1 X150.121 Y116.7 E371.84358
G1 X150.226 Y117.496 E371.87029
G1 X150.121 Y118.292 E371.89699
G1 X149.829 Y119.002 E371.92252
G1 X149.305 Y119.675 E371.95089
G1 X119.675 Y149.309 E373.34469
G1 X119.01 Y149.821 E373.3726
G1 X118.287 Y150.121 E373.39864
G1 X117.497 Y150.226 E373.42515
G1 X116.709 Y150.121 E373.45159
G1 X115.985 Y149.821 E373.47765
G1 X115.317 Y149.309 E373.50565
G1 X85.683 Y119.675 E374.89954
G1 X85.175 Y119.011 E374.92735
G1 X84.875 Y118.283 E374.95353
G1 X84.77 Y117.497 E374.97991
G1 X84.875 Y116.713 E375.00622
G1 X85.179 Y115.977 E375.0327
G1 X85.683 Y115.317 E375.06032
G0 F7500 X85.51 Y115.874
G1 F1350 X115.862 Y85.522 E376.48799
G0 F7500 X115.582 Y85.156
G0 X116.836 Y84.596
G0 X116.898 Y85.052
G1 F1350 X85.052 Y116.897 E377.9859
G0 F7500 X84.977 Y117.538
G1 F1350 X117.537 Y84.978 E379.51743
G0 F7500 X118.039 Y85.042
G1 F1350 X85.044 Y118.037 E381.06941
G0 F7500 X85.172 Y118.475
G1 F1350 X118.479 Y85.168 E382.63607
G0 F7500 X118.877 Y85.336
G1 F1350 X85.336 Y118.876 E384.21371
G0 F7500 X85.575 Y119.203
G1 F1350 X119.204 Y85.574 E385.79552
G0 F7500 X119.526 Y85.818
G1 F1350 X85.82 Y119.524 E387.38094
G0 F7500 X86.101 Y119.809
G1 F1350 X119.809 Y86.1 E388.96649
G0 F7500 X120.092 Y86.383
G1 F1350 X86.384 Y120.091 E390.55201
G0 F7500 X86.667 Y120.374
G1 F1350 X120.375 Y86.666 E392.13753
G0 F7500 X120.658 Y86.949
G1 F1350 X86.949 Y120.657 E393.72307
G0 F7500 X87.232 Y120.94
G1 F1350 X120.941 Y87.232 E395.30862
G0 F7500 X121.224 Y87.514
G1 F1350 X87.515 Y121.223 E396.89419
G0 F7500 X87.798 Y121.506
G1 F1350 X121.506 Y87.797 E398.47973
G0 F7500 X121.789 Y88.08
G1 F1350 X88.081 Y121.789 E400.06527
G0 F7500 X88.364 Y122.071
G1 F1350 X122.072 Y88.363 E401.6508
G0 F7500 X122.355 Y88.646
G1 F1350 X88.646 Y122.354 E403.23634
G0 F7500 X88.929 Y122.637
G1 F1350 X122.638 Y88.929 E404.82188
G0 F7500 X122.921 Y89.211
G1 F1350 X89.212 Y122.92 E406.40745
G0 F7500 X89.495 Y123.203
G1 F1350 X123.203 Y89.494 E407.993
G0 F7500 X123.486 Y89.777
G1 F1350 X89.778 Y123.486 E409.57854
G0 F7500 X90.061 Y123.768
G1 F1350 X123.769 Y90.06 E411.16406
G0 F7500 X124.052 Y90.343
G1 F1350 X90.343 Y124.051 E412.74961
G0 F7500 X90.626 Y124.334
G1 F1350 X124.335 Y90.626 E414.33515
G0 F7500 X124.618 Y90.908
G1 F1350 X90.909 Y124.617 E415.92072
G0 F7500 X91.192 Y124.9
G1 F1350 X124.901 Y91.191 E417.50629
G0 F7500 X125.183 Y91.474
G1 F1350 X91.475 Y125.183 E419.09183
G0 F7500 X91.758 Y125.465
G1 F1350 X125.465 Y91.758 E420.67731
G0 F7500 X125.748 Y92.041
G1 F1350 X92.041 Y125.748 E422.26278
G0 F7500 X92.323 Y126.031
G1 F1350 X126.031 Y92.323 E423.8483
G0 F7500 X126.314 Y92.606
G1 F1350 X92.606 Y126.314 E425.43382
G0 F7500 X92.889 Y126.597
G1 F1350 X109.137 Y110.349 E426.19808
G0 F7500 X109.174 Y110.878
G1 F1350 X93.172 Y126.88 E426.95076
G0 F7500 X93.455 Y127.163
G1 F1350 X109.363 Y111.255 E427.69903
G0 F7500 X109.631 Y111.552
G1 F1350 X93.738 Y127.445 E428.44658
G0 F7500 X94.02 Y127.728
G1 F1350 X109.914 Y111.835 E429.19417
G0 F7500 X110.197 Y112.117
G1 F1350 X94.303 Y128.011 E429.94177
G0 F7500 X94.586 Y128.294
G1 F1350 X110.48 Y112.4 E430.68938
G0 F7500 X110.763 Y112.683
G1 F1350 X94.869 Y128.577 E431.43698
G0 F7500 X95.152 Y128.86
G1 F1350 X111.045 Y112.966 E432.18456
G0 F7500 X111.328 Y113.249
G1 F1350 X95.435 Y129.142 E432.93212
G0 F7500 X95.718 Y129.425
G1 F1350 X111.611 Y113.532 E433.67968
G0 F7500 X111.894 Y113.814
G1 F1350 X96 Y129.708 E434.42728
G0 F7500 X96.283 Y129.991
G1 F1350 X112.177 Y114.097 E435.17489
G0 F7500 X112.46 Y114.38
G1 F1350 X96.566 Y130.274 E435.92249
G0 F7500 X96.849 Y130.557
G1 F1350 X112.743 Y114.663 E436.6701
G0 F7500 X113.025 Y114.946
G1 F1350 X97.132 Y130.84 E437.41768
G0 F7500 X97.415 Y131.122
G1 F1350 X113.308 Y115.229 E438.16524
G0 F7500 X113.591 Y115.512
G1 F1350 X97.697 Y131.405 E438.91282
G0 F7500 X97.98 Y131.688
G1 F1350 X113.874 Y115.794 E439.66042
G0 F7500 X114.157 Y116.077
G1 F1350 X98.263 Y131.971 E440.40803
G0 F7500 X98.546 Y132.254
G1 F1350 X114.44 Y116.359 E441.15566
G0 F7500 X114.723 Y116.642
G1 F1350 X98.829 Y132.537 E441.90329
G0 F7500 X99.112 Y132.819
G1 F1350 X115.006 Y116.925 E442.65089
G0 F7500 X115.289 Y117.208
G1 F1350 X99.394 Y133.102 E443.39852
G0 F7500 X99.677 Y133.385
G1 F1350 X115.572 Y117.491 E444.14615
G0 F7500 X115.854 Y117.774
G1 F1350 X99.96 Y133.668 E444.89375
G0 F7500 X100.243 Y133.951
G1 F1350 X116.137 Y118.056 E445.64138
G0 F7500 X116.42 Y118.339
G1 F1350 X100.526 Y134.234 E446.38901
G0 F7500 X100.809 Y134.516
G1 F1350 X116.703 Y118.622 E447.13662
G0 F7500 X116.986 Y118.905
G1 F1350 X101.092 Y134.799 E447.88422
G0 F7500 X101.374 Y135.082
G1 F1350 X117.269 Y119.188 E448.63185
G0 F7500 X117.552 Y119.471
G1 F1350 X101.657 Y135.365 E449.37948
G0 F7500 X101.94 Y135.648
G1 F1350 X117.834 Y119.753 E450.12711
G0 F7500 X118.117 Y120.036
G1 F1350 X102.223 Y135.931 E450.87474
G0 F7500 X102.506 Y136.214
G1 F1350 X118.4 Y120.319 E451.62236
G0 F7500 X118.683 Y120.602
G1 F1350 X102.789 Y136.496 E452.36997
G0 F7500 X103.071 Y136.779
G1 F1350 X118.966 Y120.884 E453.11762
G0 F7500 X119.249 Y121.167
G1 F1350 X103.354 Y137.062 E453.86527
G0 F7500 X103.637 Y137.345
G1 F1350 X119.532 Y121.45 E454.61293
G0 F7500 X119.815 Y121.733
G1 F1350 X103.92 Y137.628 E455.36058
G0 F7500 X104.203 Y137.911
G1 F1350 X120.098 Y122.016 E456.10823
G0 F7500 X120.381 Y122.298
G1 F1350 X104.486 Y138.193 E456.85588
G0 F7500 X104.768 Y138.476
G1 F1350 X120.664 Y122.581 E457.60356
G0 F7500 X120.946 Y122.864
G1 F1350 X105.051 Y138.759 E458.35121
G0 F7500 X105.334 Y139.042
G1 F1350 X121.229 Y123.147 E459.09886
G0 F7500 X121.512 Y123.43
G1 F1350 X105.617 Y139.325 E459.84651
G0 F7500 X105.9 Y139.608
G1 F1350 X121.795 Y123.713 E460.59417
G0 F7500 X122.078 Y123.995
G1 F1350 X106.183 Y139.89 E461.34182
G0 F7500 X106.466 Y140.173
G1 F1350 X122.361 Y124.278 E462.08947
G0 F7500 X122.643 Y124.561
G1 F1350 X106.748 Y140.456 E462.83712
G0 F7500 X107.031 Y140.739
G1 F1350 X122.926 Y124.844 E463.58477
G0 F7500 X123.209 Y125.127
G1 F1350 X107.314 Y141.022 E464.33243
G0 F7500 X107.597 Y141.305
G1 F1350 X123.492 Y125.41 E465.08008
G0 F7500 X123.797 Y125.67
G1 F1350 X107.88 Y141.588 E465.82879
G0 F7500 X108.163 Y141.87
G1 F1350 X124.193 Y125.84 E466.58279
G0 F7500 X124.795 Y125.803
G1 F1350 X108.445 Y142.153 E467.35184
G0 F7500 X108.728 Y142.436
G1 F1350 X142.435 Y108.73 E468.93729
G0 F7500 X142.717 Y109.013
G1 F1350 X109.011 Y142.719 E470.52272
G0 F7500 X109.294 Y143.002
G1 F1350 X143 Y109.295 E472.10817
G0 F7500 X143.282 Y109.579
G1 F1350 X109.577 Y143.285 E473.69358
G0 F7500 X109.86 Y143.567
G1 F1350 X143.565 Y109.862 E475.27896
G0 F7500 X143.848 Y110.145
G1 F1350 X110.142 Y143.85 E476.86436
G0 F7500 X110.425 Y144.133
G1 F1350 X144.131 Y110.427 E478.44979
G0 F7500 X144.414 Y110.71
G1 F1350 X110.708 Y144.416 E480.03521
G0 F7500 X110.991 Y144.699
G1 F1350 X144.697 Y110.993 E481.62064
G0 F7500 X144.98 Y111.276
G1 F1350 X111.274 Y144.982 E483.20607
G0 F7500 X111.557 Y145.264
G1 F1350 X145.262 Y111.559 E484.79145
G0 F7500 X145.545 Y111.842
G1 F1350 X111.84 Y145.547 E486.37683
G0 F7500 X112.122 Y145.83
G1 F1350 X145.828 Y112.125 E487.96223
G0 F7500 X146.111 Y112.407
G1 F1350 X112.405 Y146.113 E489.54766
G0 F7500 X112.688 Y146.396
G1 F1350 X146.394 Y112.69 E491.13308
G0 F7500 X146.677 Y112.973
G1 F1350 X112.971 Y146.679 E492.71851
G0 F7500 X113.254 Y146.962
G1 F1350 X146.959 Y113.256 E494.30391
G0 F7500 X147.242 Y113.539
G1 F1350 X113.537 Y147.244 E495.88929
G0 F7500 X113.819 Y147.527
G1 F1350 X147.525 Y113.822 E497.4747
G0 F7500 X147.808 Y114.104
G1 F1350 X114.102 Y147.81 E499.06012
G0 F7500 X114.385 Y148.093
G1 F1350 X148.091 Y114.387 E500.64555
G0 F7500 X148.374 Y114.67
G1 F1350 X114.668 Y148.376 E502.23098
G0 F7500 X114.951 Y148.659
G1 F1350 X148.656 Y114.953 E503.81638
G0 F7500 X148.939 Y115.236
G1 F1350 X115.234 Y148.941 E505.40176
G0 F7500 X115.526 Y149.215
G1 F1350 X149.213 Y115.528 E506.98629
G0 F7500 X149.461 Y115.845
G1 F1350 X115.846 Y149.46 E508.56744
G0 F7500 X116.185 Y149.687
G1 F1350 X149.691 Y116.181 E510.14346
G0 F7500 X149.856 Y116.582
G1 F1350 X116.585 Y149.853 E511.70843
G0 F7500 X117.041 Y149.962
G1 F1350 X149.963 Y117.04 E513.25698
G0 F7500 X150.015 Y117.554
G1 F1350 X117.553 Y150.016 E514.78389
G0 F7500 X118.206 Y149.929
G1 F1350 X149.93 Y118.205 E516.27609
G0 F7500 X150.389 Y118.265
G0 X150.429 Y117.499
G0 X150.318 Y116.655
G0 X149.999 Y115.885
G0 X149.562 Y115.317
G0 X142.48 Y108.12
G0 X142.152 Y108.447
G1 F1350 X125.807 Y124.792 E517.04491
G0 F7500 X125.835 Y124.198
G1 F1350 X141.869 Y108.164 E517.7991
G0 F7500 X141.586 Y107.881
G1 F1350 X125.661 Y123.806 E518.54816
G0 F7500 X125.414 Y123.488
G1 F1350 X141.303 Y107.598 E519.29555
G0 F7500 X141.02 Y107.315
G1 F1350 X125.131 Y123.205 E520.04295
G0 F7500 X124.848 Y122.922
G1 F1350 X140.738 Y107.033 E520.79034
G0 F7500 X140.455 Y106.75
G1 F1350 X124.565 Y122.639 E521.53773
G0 F7500 X124.283 Y122.356
G1 F1350 X140.172 Y106.467 E522.2851
G0 F7500 X139.889 Y106.184
G1 F1350 X124 Y122.074 E523.0325
G0 F7500 X123.717 Y121.791
G1 F1350 X139.606 Y105.901 E523.77989
G0 F7500 X139.323 Y105.618
G1 F1350 X123.434 Y121.508 E524.52728
G0 F7500 X123.15 Y121.226
G1 F1350 X139.041 Y105.336 E525.27472
G0 F7500 X138.758 Y105.053
G1 F1350 X122.868 Y120.943 E526.02214
G0 F7500 X122.585 Y120.66
G1 F1350 X138.475 Y104.77 E526.76956
G0 F7500 X138.192 Y104.487
G1 F1350 X122.302 Y120.377 E527.51697
G0 F7500 X122.019 Y120.094
G1 F1350 X137.909 Y104.204 E528.26439
G0 F7500 X137.626 Y103.921
G1 F1350 X121.736 Y119.811 E529.01181
G0 F7500 X121.453 Y119.529
G1 F1350 X137.343 Y103.639 E529.75923
G0 F7500 X137.061 Y103.355
G1 F1350 X121.171 Y119.246 E530.50667
G0 F7500 X120.888 Y118.963
G1 F1350 X136.778 Y103.072 E531.25411
G0 F7500 X136.496 Y102.789
G1 F1350 X120.604 Y118.681 E532.00162
G0 F7500 X120.321 Y118.398
G1 F1350 X136.213 Y102.506 E532.74913
G0 F7500 X135.93 Y102.224
G1 F1350 X120.038 Y118.115 E533.49662
G0 F7500 X119.756 Y117.832
G1 F1350 X135.647 Y101.941 E534.24408
G0 F7500 X135.364 Y101.658
G1 F1350 X119.473 Y117.549 E534.99154
G0 F7500 X119.19 Y117.267
G1 F1350 X135.081 Y101.375 E535.73903
G0 F7500 X134.799 Y101.092
G1 F1350 X118.907 Y116.984 E536.48654
G0 F7500 X118.624 Y116.701
G1 F1350 X134.516 Y100.809 E537.23405
G0 F7500 X134.233 Y100.527
G1 F1350 X118.341 Y116.419 E537.98156
G0 F7500 X118.058 Y116.136
G1 F1350 X133.95 Y100.244 E538.72907
G0 F7500 X133.667 Y99.961
G1 F1350 X117.775 Y115.853 E539.47659
G0 F7500 X117.492 Y115.57
G1 F1350 X133.384 Y99.678 E540.2241
G0 F7500 X133.102 Y99.395
G1 F1350 X117.209 Y115.287 E540.97163
G0 F7500 X116.926 Y115.005
G1 F1350 X132.819 Y99.112 E541.71919
G0 F7500 X132.536 Y98.829
G1 F1350 X116.644 Y114.722 E542.46672
G0 F7500 X116.361 Y114.439
G1 F1350 X132.253 Y98.547 E543.21423
G0 F7500 X131.97 Y98.264
G1 F1350 X116.078 Y114.156 E543.96175
G0 F7500 X115.794 Y113.874
G1 F1350 X131.687 Y97.981 E544.7093
G0 F7500 X131.404 Y97.698
G1 F1350 X115.512 Y113.591 E545.45684
G0 F7500 X115.229 Y113.308
G1 F1350 X131.122 Y97.415 E546.2044
G0 F7500 X130.84 Y97.132
G1 F1350 X114.946 Y113.025 E546.95198
G0 F7500 X114.663 Y112.743
G1 F1350 X130.557 Y96.849 E547.69958
G0 F7500 X130.274 Y96.566
G1 F1350 X114.38 Y112.46 E548.44719
G0 F7500 X114.097 Y112.177
G1 F1350 X129.991 Y96.283 E549.19479
G0 F7500 X129.708 Y96
G1 F1350 X113.814 Y111.894 E549.9424
G0 F7500 X113.531 Y111.612
G1 F1350 X129.425 Y95.718 E550.69
G0 F7500 X129.142 Y95.435
G1 F1350 X113.248 Y111.329 E551.43761
G0 F7500 X112.965 Y111.046
G1 F1350 X128.86 Y95.152 E552.18524
G0 F7500 X128.577 Y94.869
G1 F1350 X112.682 Y110.763 E552.93286
G0 F7500 X112.4 Y110.48
G1 F1350 X128.294 Y94.586 E553.68047
G0 F7500 X128.011 Y94.303
G1 F1350 X112.117 Y110.198 E554.4281
G0 F7500 X111.834 Y109.915
G1 F1350 X127.728 Y94.02 E555.17573
G0 F7500 X127.445 Y93.738
G1 F1350 X111.551 Y109.632 E555.92333
G0 F7500 X111.257 Y109.36
G1 F1350 X127.163 Y93.455 E556.67148
G0 F7500 X126.88 Y93.172
G1 F1350 X110.873 Y109.179 E557.4244
G0 F7500 X110.314 Y109.172
G1 F1350 X126.597 Y92.889 E558.1903
;MESH:NONMESH
G0 F300 X126.597 Y92.889 Z0.6
G0 F7500 X126.924 Y92.564
G0 X119.814 Y85.538
G0 X119.111 Y85.001
G0 X118.339 Y84.678
G0 X117.502 Y84.568
G0 X116.655 Y84.682
G0 X115.073 Y85.42
;TIME_ELAPSED:848.780649
;LAYER:2
M106 S170
;TYPE:WALL-INNER
;MESH:quadrato.stl
G1 F1500 X85.421 Y115.073 E559.58506
G1 X84.861 Y115.803 E559.61566
G1 X84.525 Y116.617 E559.64495
G1 X84.406 Y117.499 E559.67455
G1 X84.525 Y118.378 E559.70406
G1 X84.861 Y119.193 E559.73338
G1 X85.421 Y119.923 E559.76398
G1 X115.073 Y149.575 E561.15872
G1 X115.804 Y150.136 E561.18937
G1 X116.617 Y150.475 E561.21866
G1 X117.499 Y150.59 E561.24825
G1 X118.378 Y150.475 E561.27773
G1 X119.193 Y150.136 E561.30709
G1 X119.923 Y149.575 E561.33771
G1 X149.58 Y119.919 E562.73266
G1 X150.14 Y119.192 E562.76318
G1 X150.475 Y118.383 E562.79231
G1 X150.59 Y117.499 E562.82196
G1 X150.475 Y116.613 E562.85167
G1 X150.14 Y115.804 E562.8808
G1 X149.58 Y115.077 E562.91132
G1 X119.92 Y85.417 E564.30643
G1 X119.192 Y84.86 E564.33692
G1 X118.382 Y84.521 E564.36613
G1 X117.501 Y84.406 E564.39568
G1 X116.613 Y84.525 E564.42548
G1 X115.807 Y84.857 E564.45447
G1 X115.073 Y85.42 E564.48524
G1 F2700 E559.48524
G0 F9000 X93.341 Y107.435
G0 X92.305 Y106.4
G0 X84.472 Y114.233
G0 X83.757 Y115.166
G0 X83.291 Y116.292
G0 X83.131 Y117.5
G0 X83.291 Y118.708
G0 X83.757 Y119.834
G0 X84.337 Y120.59
G0 X98.658 Y134.953
G0 X109.697 Y124.3
G1 F2700 E564.48524
G1 F1500 X109.832 Y124.032 E564.49522
G1 X124.032 Y109.832 E565.16314
G1 X124.208 Y109.725 E565.16999
G1 X124.405 Y109.684 E565.17668
G1 X124.637 Y109.721 E565.1845
G1 X124.8 Y109.806 E565.19061
G1 X125.185 Y110.191 E565.20872
G1 X125.293 Y110.417 E565.21705
G1 X125.299 Y110.696 E565.22633
G1 X125.164 Y110.964 E565.23632
G1 X110.964 Y125.164 E565.90424
G1 X110.788 Y125.271 E565.91109
G1 X110.591 Y125.312 E565.91778
G1 X110.359 Y125.275 E565.9256
G1 X110.196 Y125.19 E565.93171
G1 X109.762 Y124.756 E565.95213
G1 X109.684 Y124.462 E565.96224
G1 X109.697 Y124.3 E565.96765
G0 F9000 X110.109 Y124.538
;TYPE:WALL-OUTER
G1 F1500 X110.107 Y124.321 E565.97487
G1 X124.329 Y110.1 E566.6438
G1 X124.459 Y110.086 E566.64815
G1 X124.554 Y110.128 E566.6516
G1 X124.887 Y110.458 E566.6672
G1 X124.889 Y110.675 E566.67442
G1 X110.7 Y124.863 E567.3418
G1 X110.594 Y124.911 E567.34567
G1 X110.442 Y124.868 E567.35092
G1 X110.109 Y124.538 E567.36652
G1 F2700 E562.36652
G0 F9000 X109.756 Y124.892
G0 X109.537 Y124.2
G0 X98.721 Y135.016
G0 X84.472 Y120.767
G0 X83.757 Y119.834
G0 X83.291 Y118.708
G0 X83.131 Y117.5
G0 X83.291 Y116.292
G0 X83.757 Y115.166
G0 X84.337 Y114.41
G0 X92.021 Y106.684
G0 X85.119 Y114.809
G1 F2700 E567.36652
G1 F1500 X84.511 Y115.601 E567.39972
G1 X84.135 Y116.513 E567.43253
G1 X84.002 Y117.499 E567.46563
G1 X84.135 Y118.483 E567.49865
G1 X84.511 Y119.395 E567.53146
G1 X85.119 Y120.187 E567.56467
G1 X114.809 Y149.877 E568.9612
G1 X115.602 Y150.485 E568.99443
G1 X116.513 Y150.865 E569.02726
G1 X117.499 Y150.994 E569.06034
G1 X118.483 Y150.865 E569.09335
G1 X119.395 Y150.485 E569.12621
G1 X120.187 Y149.877 E569.15942
G1 X149.881 Y120.183 E570.55613
G1 X150.489 Y119.394 E570.58926
G1 X150.865 Y118.487 E570.62192
G1 X150.994 Y117.499 E570.65506
G1 X150.865 Y116.509 E570.68826
G1 X150.489 Y115.602 E570.72092
G1 X149.881 Y114.813 E570.75405
G1 X120.184 Y85.115 E572.15093
G1 X119.394 Y84.511 E572.184
G1 X118.487 Y84.131 E572.21671
G1 X117.501 Y84.002 E572.24978
G1 X116.509 Y84.135 E572.28307
G1 X115.605 Y84.507 E572.31559
G1 X114.809 Y85.119 E572.34898
G1 X85.119 Y114.809 E573.74551
G1 F2700 E568.74551
G0 F9000 X85.171 Y115.564
G0 X107.434 Y93.342
G0 X106.398 Y92.307
G0 X114.233 Y84.472
G0 X115.166 Y83.757
G0 X116.292 Y83.291
G0 X117.5 Y83.132
G0 X118.708 Y83.291
G0 X119.834 Y83.758
G0 X120.59 Y84.337
G0 X134.952 Y98.657
G0 X124.142 Y109.361
;TYPE:SKIN
G1 F2700 E573.74551
G1 F1500 X123.814 Y109.544 E573.758
G1 X109.544 Y123.814 E574.42922
G1 X109.368 Y124.133 E574.44134
G1 X109.313 Y124.587 E574.45655
G1 X109.492 Y124.987 E574.47112
G1 X109.997 Y125.502 E574.49511
G1 X110.341 Y125.646 E574.50752
G1 X110.689 Y125.663 E574.5191
G1 X110.99 Y125.571 E574.52957
G1 X111.208 Y125.427 E574.53826
G1 X125.44 Y111.193 E575.20774
G1 X125.606 Y110.914 E575.21854
G1 X125.662 Y110.696 E575.22602
G1 X125.645 Y110.323 E575.23844
G1 X125.469 Y109.974 E575.25144
G1 X125.003 Y109.494 E575.27369
G1 X124.583 Y109.314 E575.28889
G1 X124.142 Y109.361 E575.30364
G1 F2700 E570.30364
G0 F9000 X123.907 Y109.815
G0 X109.696 Y123.913
G0 X98.657 Y134.952
G0 X84.472 Y120.767
G0 X83.757 Y119.834
G0 X83.291 Y118.708
G0 X83.131 Y117.5
G0 X83.291 Y116.292
G0 X83.757 Y115.166
G0 X84.337 Y114.41
G0 X92.244 Y106.461
G0 X85.683 Y115.317
G1 F2700 E575.30364
G1 F1500 X115.317 Y85.687 E576.69744
G1 X115.985 Y85.175 E576.72543
G1 X116.705 Y84.875 E576.75138
G1 X117.501 Y84.77 E576.77808
G1 X118.287 Y84.871 E576.80444
G1 X119.01 Y85.175 E576.83052
G1 X119.672 Y85.679 E576.8582
G1 X149.305 Y115.317 E578.25216
G1 X149.829 Y115.99 E578.28053
G1 X150.121 Y116.7 E578.30606
G1 X150.226 Y117.496 E578.33277
G1 X150.121 Y118.292 E578.35947
G1 X149.829 Y119.002 E578.38501
G1 X149.305 Y119.675 E578.41338
G1 X119.675 Y149.309 E579.80717
G1 X119.01 Y149.821 E579.83509
G1 X118.287 Y150.121 E579.86112
G1 X117.497 Y150.226 E579.88763
G1 X116.709 Y150.121 E579.91407
G1 X115.985 Y149.821 E579.94014
G1 X115.317 Y149.309 E579.96813
G1 X85.683 Y119.675 E581.36202
G1 X85.175 Y119.011 E581.38983
G1 X84.875 Y118.283 E581.41602
G1 X84.77 Y117.497 E581.44239
G1 X84.875 Y116.713 E581.4687
G1 X85.179 Y115.977 E581.49519
G1 X85.683 Y115.317 E581.52281
G1 F2700 E576.52281
G0 F9000 X85.171 Y115.564
G0 X84.682 Y116.66
G0 X84.568 Y117.499
G0 X84.681 Y118.336
G0 X85.002 Y119.112
G0 X85.541 Y119.817
G0 X115.179 Y149.455
G0 X116.224 Y150.201
G0 X116.401 Y149.777
G1 F2700 E581.52281
G1 F1500 X85.221 Y118.596 E582.98944
G0 F9000 X85.015 Y117.825
G1 F1500 X117.17 Y149.98 E584.50191
G0 F9000 X117.746 Y149.99
G1 F1500 X85.005 Y117.249 E586.04195
G0 F9000 X85.075 Y116.753
G1 F1500 X118.243 Y149.921 E587.60207
G0 F9000 X118.643 Y149.756
G1 F1500 X85.24 Y116.353 E589.17325
G0 F9000 X85.431 Y115.978
G1 F1500 X119.015 Y149.562 E590.75293
G0 F9000 X119.336 Y149.317
G1 F1500 X85.675 Y115.657 E592.33622
G0 F9000 X85.935 Y115.35
G1 F1500 X119.642 Y149.057 E593.9217
G0 F9000 X119.925 Y148.775
G1 F1500 X86.218 Y115.067 E595.50719
G0 F9000 X86.5 Y114.785
G1 F1500 X120.207 Y148.492 E597.09267
G0 F9000 X120.49 Y148.209
G1 F1500 X86.783 Y114.502 E598.67814
G0 F9000 X87.066 Y114.219
G1 F1500 X120.773 Y147.926 E600.26361
G0 F9000 X121.056 Y147.643
G1 F1500 X87.349 Y113.936 E601.84909
G0 F9000 X87.632 Y113.653
G1 F1500 X121.339 Y147.36 E603.43456
G0 F9000 X121.622 Y147.078
G1 F1500 X87.915 Y113.37 E605.02006
G0 F9000 X88.197 Y113.088
G1 F1500 X121.905 Y146.795 E606.60556
G0 F9000 X122.187 Y146.512
G1 F1500 X88.48 Y112.805 E608.19103
G0 F9000 X88.763 Y112.522
G1 F1500 X122.47 Y146.229 E609.7765
G0 F9000 X122.753 Y145.946
G1 F1500 X89.046 Y112.239 E611.36198
G0 F9000 X89.329 Y111.956
G1 F1500 X123.036 Y145.663 E612.94745
G0 F9000 X123.319 Y145.38
G1 F1500 X89.612 Y111.673 E614.53293
G0 F9000 X89.894 Y111.391
G1 F1500 X123.602 Y145.098 E616.11842
G0 F9000 X123.884 Y144.815
G1 F1500 X90.177 Y111.108 E617.7039
G0 F9000 X90.46 Y110.825
G1 F1500 X124.167 Y144.532 E619.28937
G0 F9000 X124.45 Y144.249
G1 F1500 X90.743 Y110.542 E620.87485
G0 F9000 X91.026 Y110.259
G1 F1500 X124.733 Y143.966 E622.46032
G0 F9000 X125.016 Y143.683
G1 F1500 X91.309 Y109.976 E624.04579
G0 F9000 X91.592 Y109.693
G1 F1500 X125.299 Y143.401 E625.63129
G0 F9000 X125.581 Y143.118
G1 F1500 X91.874 Y109.411 E627.21677
G0 F9000 X92.157 Y109.128
G1 F1500 X125.864 Y142.835 E628.80224
G0 F9000 X126.147 Y142.552
G1 F1500 X92.44 Y108.845 E630.38771
G0 F9000 X92.723 Y108.562
G1 F1500 X126.43 Y142.269 E631.97319
G0 F9000 X126.713 Y141.986
G1 F1500 X110.585 Y125.859 E632.73178
G0 F9000 X111.053 Y125.76
G1 F1500 X126.996 Y141.703 E633.48169
G0 F9000 X127.279 Y141.421
G1 F1500 X111.386 Y125.528 E634.22924
G0 F9000 X111.669 Y125.246
G1 F1500 X127.561 Y141.138 E634.97675
G0 F9000 X127.844 Y140.855
G1 F1500 X111.952 Y124.963 E635.72427
G0 F9000 X112.235 Y124.68
G1 F1500 X128.127 Y140.572 E636.47178
G0 F9000 X128.41 Y140.289
G1 F1500 X112.518 Y124.397 E637.21929
G0 F9000 X112.801 Y124.114
G1 F1500 X128.693 Y140.006 E637.9668
G0 F9000 X128.976 Y139.724
G1 F1500 X113.083 Y123.831 E638.71436
G0 F9000 X113.366 Y123.549
G1 F1500 X129.258 Y139.441 E639.46187
G0 F9000 X129.541 Y139.157
G1 F1500 X113.649 Y123.266 E640.20935
G0 F9000 X113.932 Y122.983
G1 F1500 X129.823 Y138.874 E640.95682
G0 F9000 X130.106 Y138.592
G1 F1500 X114.215 Y122.7 E641.70431
G0 F9000 X114.498 Y122.417
G1 F1500 X130.389 Y138.309 E642.45179
G0 F9000 X130.672 Y138.026
G1 F1500 X114.78 Y122.134 E643.1993
G0 F9000 X115.063 Y121.851
G1 F1500 X130.955 Y137.743 E643.94682
G0 F9000 X131.238 Y137.46
G1 F1500 X115.346 Y121.569 E644.6943
G0 F9000 X115.629 Y121.286
G1 F1500 X131.52 Y137.177 E645.44177
G0 F9000 X131.803 Y136.894
G1 F1500 X115.912 Y121.003 E646.18923
G0 F9000 X116.195 Y120.721
G1 F1500 X132.086 Y136.612 E646.93669
G0 F9000 X132.369 Y136.329
G1 F1500 X116.478 Y120.438 E647.68416
G0 F9000 X116.761 Y120.155
G1 F1500 X132.652 Y136.046 E648.43162
G0 F9000 X132.935 Y135.763
G1 F1500 X117.044 Y119.872 E649.17909
G0 F9000 X117.327 Y119.589
G1 F1500 X133.218 Y135.48 E649.92655
G0 F9000 X133.5 Y135.197
G1 F1500 X117.61 Y119.307 E650.67397
G0 F9000 X117.892 Y119.024
G1 F1500 X133.783 Y134.915 E651.42143
G0 F9000 X134.066 Y134.632
G1 F1500 X118.175 Y118.741 E652.16889
G0 F9000 X118.458 Y118.458
G1 F1500 X134.349 Y134.349 E652.91636
G0 F9000 X134.632 Y134.066
G1 F1500 X118.741 Y118.175 E653.66382
G0 F9000 X119.024 Y117.892
G1 F1500 X134.915 Y133.783 E654.41129
G0 F9000 X135.197 Y133.5
G1 F1500 X119.307 Y117.61 E655.1587
G0 F9000 X119.589 Y117.327
G1 F1500 X135.48 Y133.218 E655.90617
G0 F9000 X135.763 Y132.935
G1 F1500 X119.872 Y117.044 E656.65363
G0 F9000 X120.155 Y116.761
G1 F1500 X136.046 Y132.652 E657.40109
G0 F9000 X136.329 Y132.369
G1 F1500 X120.438 Y116.478 E658.14856
G0 F9000 X120.721 Y116.195
G1 F1500 X136.612 Y132.086 E658.89602
G0 F9000 X136.894 Y131.803
G1 F1500 X121.004 Y115.913 E659.64344
G0 F9000 X121.287 Y115.63
G1 F1500 X137.177 Y131.52 E660.39086
G0 F9000 X137.46 Y131.238
G1 F1500 X121.57 Y115.348 E661.13827
G0 F9000 X121.853 Y115.065
G1 F1500 X137.743 Y130.955 E661.88569
G0 F9000 X138.026 Y130.672
G1 F1500 X122.136 Y114.782 E662.63311
G0 F9000 X122.419 Y114.499
G1 F1500 X138.309 Y130.389 E663.38052
G0 F9000 X138.592 Y130.106
G1 F1500 X122.701 Y114.216 E664.12796
G0 F9000 X122.984 Y113.933
G1 F1500 X138.874 Y129.823 E664.87538
G0 F9000 X139.157 Y129.541
G1 F1500 X123.267 Y113.65 E665.62282
G0 F9000 X123.55 Y113.368
G1 F1500 X139.439 Y129.257 E666.37019
G0 F9000 X139.722 Y128.974
G1 F1500 X123.833 Y113.085 E667.11756
G0 F9000 X124.116 Y112.802
G1 F1500 X140.005 Y128.691 E667.86493
G0 F9000 X140.288 Y128.408
G1 F1500 X124.398 Y112.519 E668.61232
G0 F9000 X124.681 Y112.236
G1 F1500 X140.571 Y128.126 E669.35974
G0 F9000 X140.854 Y127.843
G1 F1500 X124.964 Y111.953 E670.10716
G0 F9000 X125.247 Y111.671
G1 F1500 X141.136 Y127.56 E670.85453
G0 F9000 X141.419 Y127.277
G1 F1500 X125.53 Y111.388 E671.6019
G0 F9000 X125.759 Y111.051
G1 F1500 X141.702 Y126.994 E672.35181
G0 F9000 X141.985 Y126.711
G1 F1500 X125.854 Y110.58 E673.11056
G0 F9000 X125.402 Y110.608
G0 X124.898 Y109.761
G0 X124.403 Y109.129
G1 F1500 X108.281 Y93.007 E673.86889
G0 F9000 X107.998 Y93.29
G1 F1500 X123.948 Y109.24 E674.61913
G0 F9000 X123.607 Y109.465
G1 F1500 X107.715 Y93.573 E675.36664
G0 F9000 X107.432 Y93.856
G1 F1500 X123.324 Y109.748 E676.11415
G0 F9000 X123.042 Y110.031
G1 F1500 X107.149 Y94.139 E676.86169
G0 F9000 X106.866 Y94.421
G1 F1500 X122.759 Y110.314 E677.60924
G0 F9000 X122.476 Y110.596
G1 F1500 X106.584 Y94.704 E678.35675
G0 F9000 X106.301 Y94.987
G1 F1500 X122.193 Y110.879 E679.10427
G0 F9000 X121.91 Y111.162
G1 F1500 X106.018 Y95.27 E679.85178
G0 F9000 X105.735 Y95.553
G1 F1500 X121.627 Y111.445 E680.59929
G0 F9000 X121.344 Y111.728
G1 F1500 X105.452 Y95.835 E681.34682
G0 F9000 X105.169 Y96.118
G1 F1500 X121.062 Y112.011 E682.09438
G0 F9000 X120.779 Y112.294
G1 F1500 X104.886 Y96.401 E682.84194
G0 F9000 X104.603 Y96.683
G1 F1500 X120.496 Y112.576 E683.5895
G0 F9000 X120.213 Y112.859
G1 F1500 X104.32 Y96.966 E684.33705
G0 F9000 X104.037 Y97.249
G1 F1500 X119.93 Y113.142 E685.08461
G0 F9000 X119.647 Y113.425
G1 F1500 X103.754 Y97.532 E685.83217
G0 F9000 X103.472 Y97.815
G1 F1500 X119.365 Y113.708 E686.57973
G0 F9000 X119.082 Y113.991
G1 F1500 X103.189 Y98.098 E687.32729
G0 F9000 X102.906 Y98.38
G1 F1500 X118.799 Y114.273 E688.07484
G0 F9000 X118.516 Y114.556
G1 F1500 X102.623 Y98.663 E688.8224
G0 F9000 X102.34 Y98.946
G1 F1500 X118.233 Y114.839 E689.56996
G0 F9000 X117.95 Y115.122
G1 F1500 X102.057 Y99.229 E690.31752
G0 F9000 X101.775 Y99.512
G1 F1500 X117.668 Y115.405 E691.06508
G0 F9000 X117.385 Y115.688
G1 F1500 X101.492 Y99.795 E691.81263
G0 F9000 X101.209 Y100.078
G1 F1500 X117.102 Y115.97 E692.56017
G0 F9000 X116.819 Y116.253
G1 F1500 X100.926 Y100.36 E693.30773
G0 F9000 X100.643 Y100.643
G1 F1500 X116.537 Y116.537 E694.05533
G0 F9000 X116.254 Y116.82
G1 F1500 X100.36 Y100.926 E694.80294
G0 F9000 X100.078 Y101.209
G1 F1500 X115.971 Y117.103 E695.55052
G0 F9000 X115.688 Y117.385
G1 F1500 X99.795 Y101.492 E696.29808
G0 F9000 X99.512 Y101.775
G1 F1500 X115.405 Y117.668 E697.04563
G0 F9000 X115.123 Y117.951
G1 F1500 X99.229 Y102.057 E697.79324
G0 F9000 X98.946 Y102.34
G1 F1500 X114.84 Y118.234 E698.54084
G0 F9000 X114.557 Y118.517
G1 F1500 X98.663 Y102.623 E699.28845
G0 F9000 X98.38 Y102.906
G1 F1500 X114.274 Y118.8 E700.03605
G0 F9000 X113.991 Y119.082
G1 F1500 X98.098 Y103.189 E700.78361
G0 F9000 X97.815 Y103.472
G1 F1500 X113.708 Y119.365 E701.53117
G0 F9000 X113.426 Y119.648
G1 F1500 X97.532 Y103.754 E702.27878
G0 F9000 X97.249 Y104.037
G1 F1500 X113.143 Y119.931 E703.02638
G0 F9000 X112.86 Y120.214
G1 F1500 X96.966 Y104.32 E703.77399
G0 F9000 X96.683 Y104.603
G1 F1500 X112.577 Y120.497 E704.52159
G0 F9000 X112.294 Y120.779
G1 F1500 X96.401 Y104.886 E705.26915
G0 F9000 X96.118 Y105.169
G1 F1500 X112.011 Y121.062 E706.01671
G0 F9000 X111.729 Y121.345
G1 F1500 X95.835 Y105.452 E706.76429
G0 F9000 X95.551 Y105.734
G1 F1500 X111.446 Y121.628 E707.51192
G0 F9000 X111.163 Y121.911
G1 F1500 X95.268 Y106.017 E708.25954
G0 F9000 X94.986 Y106.299
G1 F1500 X110.88 Y122.194 E709.00717
G0 F9000 X110.597 Y122.477
G1 F1500 X94.703 Y106.582 E709.7548
G0 F9000 X94.42 Y106.865
G1 F1500 X110.314 Y122.759 E710.50241
G0 F9000 X110.031 Y123.042
G1 F1500 X94.137 Y107.148 E711.25001
G0 F9000 X93.854 Y107.431
G1 F1500 X109.749 Y123.325 E711.99764
G0 F9000 X109.466 Y123.608
G1 F1500 X93.571 Y107.714 E712.74527
G0 F9000 X93.289 Y107.996
G1 F1500 X109.242 Y123.949 E713.49565
G0 F9000 X109.131 Y124.404
G1 F1500 X93.006 Y108.279 E714.25412
G0 F9000 X92.682 Y107.954
G0 X108.238 Y92.398
G0 X108.564 Y92.724
G1 F1500 X142.268 Y126.429 E715.83948
G0 F9000 X142.551 Y126.146
G1 F1500 X108.846 Y92.441 E717.42486
G0 F9000 X109.129 Y92.159
G1 F1500 X142.833 Y125.863 E719.01019
G0 F9000 X143.116 Y125.58
G1 F1500 X109.412 Y91.876 E720.59552
G0 F9000 X109.695 Y91.593
G1 F1500 X143.399 Y125.297 E722.18085
G0 F9000 X143.682 Y125.014
G1 F1500 X109.978 Y91.31 E723.76619
G0 F9000 X110.261 Y91.027
G1 F1500 X143.965 Y124.732 E725.35154
G0 F9000 X144.248 Y124.449
G1 F1500 X110.543 Y90.744 E726.93692
G0 F9000 X110.826 Y90.462
G1 F1500 X144.531 Y124.166 E728.52228
G0 F9000 X144.813 Y123.883
G1 F1500 X111.109 Y90.179 E730.10761
G0 F9000 X111.392 Y89.896
G1 F1500 X145.096 Y123.6 E731.69295
G0 F9000 X145.379 Y123.317
G1 F1500 X111.675 Y89.613 E733.27828
G0 F9000 X111.958 Y89.33
G1 F1500 X145.662 Y123.034 E734.86361
G0 F9000 X145.945 Y122.752
G1 F1500 X112.24 Y89.047 E736.44899
G0 F9000 X112.523 Y88.765
G1 F1500 X146.228 Y122.469 E738.03435
G0 F9000 X146.51 Y122.186
G1 F1500 X112.806 Y88.482 E739.61968
G0 F9000 X113.089 Y88.199
G1 F1500 X146.793 Y121.903 E741.20501
G0 F9000 X147.076 Y121.62
G1 F1500 X113.372 Y87.916 E742.79035
G0 F9000 X113.655 Y87.633
G1 F1500 X147.359 Y121.337 E744.37568
G0 F9000 X147.642 Y121.055
G1 F1500 X113.938 Y87.35 E745.96104
G0 F9000 X114.22 Y87.067
G1 F1500 X147.925 Y120.772 E747.54641
G0 F9000 X148.207 Y120.489
G1 F1500 X114.503 Y86.785 E749.13175
G0 F9000 X114.786 Y86.502
G1 F1500 X148.49 Y120.206 E750.71708
G0 F9000 X148.773 Y119.923
G1 F1500 X115.069 Y86.219 E752.30241
G0 F9000 X115.352 Y85.936
G1 F1500 X149.056 Y119.64 E753.88775
G0 F9000 X149.315 Y119.334
G1 F1500 X115.659 Y85.678 E755.47082
G0 F9000 X115.98 Y85.433
G1 F1500 X149.564 Y119.017 E757.05051
G0 F9000 X149.76 Y118.647
G1 F1500 X116.352 Y85.24 E758.6219
G0 F9000 X116.751 Y85.073
G1 F1500 X149.924 Y118.246 E760.18225
G0 F9000 X149.989 Y117.745
G1 F1500 X117.25 Y85.006 E761.72219
G0 F9000 X117.824 Y85.014
G1 F1500 X149.98 Y117.17 E763.23471
G0 F9000 X149.786 Y116.41
G1 F1500 X118.592 Y85.217 E764.70196
;MESH:NONMESH
G0 F300 X118.592 Y85.217 Z0.8
G0 F9000 X119.048 Y84.909
G0 X118.339 Y84.678
G0 X117.502 Y84.568
G0 X116.655 Y84.682
G0 X115.073 Y85.42
;TIME_ELAPSED:1119.294297
;LAYER:3
M106 S255
;TYPE:WALL-INNER
;MESH:quadrato.stl
G1 F1500 X85.421 Y115.073 E766.09672
G1 X84.861 Y115.803 E766.12732
G1 X84.525 Y116.617 E766.15661
G1 X84.406 Y117.499 E766.18622
G1 X84.525 Y118.378 E766.21572
G1 X84.861 Y119.193 E766.24504
G1 X85.421 Y119.923 E766.27564
G1 X115.073 Y149.575 E767.67038
G1 X115.804 Y150.136 E767.70103
G1 X116.617 Y150.475 E767.73032
G1 X117.499 Y150.59 E767.75991
G1 X118.378 Y150.475 E767.78939
G1 X119.193 Y150.136 E767.81875
G1 X119.923 Y149.575 E767.84937
G1 X149.58 Y119.919 E769.24432
G1 X150.14 Y119.192 E769.27484
G1 X150.475 Y118.383 E769.30397
G1 X150.59 Y117.499 E769.33362
G1 X150.475 Y116.613 E769.36333
G1 X150.14 Y115.804 E769.39246
G1 X149.58 Y115.077 E769.42298
G1 X119.92 Y85.417 E770.81809
G1 X119.192 Y84.86 E770.84858
G1 X118.382 Y84.521 E770.87779
G1 X117.501 Y84.406 E770.90734
G1 X116.613 Y84.525 E770.93714
G1 X115.807 Y84.857 E770.96613
G1 X115.073 Y85.42 E770.9969
G1 F2700 E765.9969
G0 F9000 X100.192 Y100.584
G0 X109.678 Y110.075
G0 X109.804 Y110.197
G1 F2700 E770.9969
G1 F1500 X110.197 Y109.809 E771.01526
G1 X110.479 Y109.694 E771.02539
G1 X110.697 Y109.701 E771.03265
G1 X110.964 Y109.836 E771.0426
G1 X125.164 Y124.032 E771.71043
G1 X125.271 Y124.208 E771.71728
G1 X125.312 Y124.405 E771.72397
G1 X125.275 Y124.637 E771.73179
G1 X125.19 Y124.8 E771.7379
G1 X124.805 Y125.185 E771.75601
G1 X124.579 Y125.293 E771.76434
G1 X124.3 Y125.299 E771.77362
G1 X124.032 Y125.164 E771.7836
G1 X109.832 Y110.964 E772.45153
G1 X109.688 Y110.643 E772.46323
G1 X109.703 Y110.415 E772.47083
G1 X109.804 Y110.197 E772.47882
G0 F9000 X110.128 Y110.441
;TYPE:WALL-OUTER
G1 F1500 X110.461 Y110.118 E772.49425
G1 X110.594 Y110.089 E772.49878
G1 X110.71 Y110.146 E772.50308
G1 X124.896 Y124.329 E773.17027
G1 X124.91 Y124.459 E773.17462
G1 X124.868 Y124.554 E773.17808
G1 X124.538 Y124.887 E773.19367
G1 X124.321 Y124.889 E773.20089
G1 X110.133 Y110.7 E773.86827
G1 X110.085 Y110.593 E773.87217
G1 X110.128 Y110.441 E773.87742
G1 F2700 E768.87742
G0 F9000 X109.92 Y110.231
G0 X109.52 Y110.733
G0 X99.782 Y100.994
G0 X85.119 Y114.809
G1 F2700 E773.87742
G1 F1500 X84.511 Y115.601 E773.91063
G1 X84.135 Y116.513 E773.94344
G1 X84.002 Y117.499 E773.97654
G1 X84.135 Y118.483 E774.00956
G1 X84.511 Y119.395 E774.04237
G1 X85.119 Y120.187 E774.07558
G1 X114.809 Y149.877 E775.47211
G1 X115.602 Y150.485 E775.50534
G1 X116.513 Y150.865 E775.53817
G1 X117.499 Y150.994 E775.57125
G1 X118.483 Y150.865 E775.60425
G1 X119.395 Y150.485 E775.63712
G1 X120.187 Y149.877 E775.67032
G1 X149.881 Y120.183 E777.06704
G1 X150.489 Y119.394 E777.10017
G1 X150.865 Y118.487 E777.13283
G1 X150.994 Y117.499 E777.16596
G1 X150.865 Y116.509 E777.19917
G1 X150.489 Y115.602 E777.23183
G1 X149.881 Y114.813 E777.26496
G1 X120.184 Y85.115 E778.66184
G1 X119.394 Y84.511 E778.69491
G1 X118.487 Y84.131 E778.72762
G1 X117.501 Y84.002 E778.76069
G1 X116.509 Y84.135 E778.79398
G1 X115.605 Y84.507 E778.8265
G1 X114.809 Y85.119 E778.85989
G1 X85.119 Y114.809 E780.25642
G1 F2700 E775.25642
G0 F9000 X85.171 Y115.564
G0 X100.734 Y100.042
G0 X110.083 Y109.675
G0 X110.244 Y109.384
;TYPE:SKIN
G1 F2700 E780.25642
G1 F1500 X109.975 Y109.527 E780.26655
G1 X109.534 Y109.96 E780.28711
G1 X109.331 Y110.409 E780.3035
G1 X109.348 Y110.784 E780.31598
G1 X109.547 Y111.19 E780.33102
G1 X123.803 Y125.44 E781.00144
G1 X124.082 Y125.606 E781.01224
G1 X124.3 Y125.662 E781.01972
G1 X124.669 Y125.645 E781.03201
G1 X125.018 Y125.469 E781.04501
G1 X125.498 Y125.003 E781.06726
G1 X125.678 Y124.583 E781.08246
G1 X125.628 Y124.145 E781.09712
G1 X125.396 Y123.752 E781.1123
G1 X111.193 Y109.556 E781.7802
G1 X110.926 Y109.395 E781.79057
G1 X110.678 Y109.336 E781.79905
G1 X110.244 Y109.384 E781.81357
G1 F2700 E776.81357
G0 F9000 X110.323 Y109.631
G0 X109.512 Y110.445
G0 X99.922 Y100.854
G0 X85.683 Y115.317
G1 F2700 E781.81357
G1 F1500 X115.317 Y85.687 E783.20737
G1 X115.985 Y85.175 E783.23536
G1 X116.705 Y84.875 E783.26131
G1 X117.501 Y84.77 E783.28801
G1 X118.287 Y84.871 E783.31437
G1 X119.01 Y85.175 E783.34045
G1 X119.672 Y85.679 E783.36813
G1 X149.305 Y115.317 E784.76209
G1 X149.829 Y115.99 E784.79046
G1 X150.121 Y116.7 E784.81599
G1 X150.226 Y117.496 E784.8427
G1 X150.121 Y118.292 E784.8694
G1 X149.829 Y119.002 E784.89493
G1 X149.305 Y119.675 E784.9233
G1 X119.675 Y149.309 E786.3171
G1 X119.01 Y149.821 E786.34502
G1 X118.287 Y150.121 E786.37105
G1 X117.497 Y150.226 E786.39756
G1 X116.709 Y150.121 E786.424
G1 X115.985 Y149.821 E786.45006
G1 X115.317 Y149.309 E786.47806
G1 X85.683 Y119.675 E787.87195
G1 X85.175 Y119.011 E787.89976
G1 X84.875 Y118.283 E787.92595
G1 X84.77 Y117.497 E787.95232
G1 X84.875 Y116.713 E787.97863
G1 X85.179 Y115.977 E788.00511
G1 X85.683 Y115.317 E788.03273
G0 F9000 X85.51 Y115.874
G1 F1500 X115.862 Y85.522 E789.4604
G0 F9000 X115.582 Y85.156
G0 X116.836 Y84.596
G0 X116.898 Y85.052
G1 F1500 X85.052 Y116.897 E790.95831
G0 F9000 X84.977 Y117.538
G1 F1500 X117.537 Y84.978 E792.48984
G0 F9000 X118.039 Y85.042
G1 F1500 X85.044 Y118.037 E794.04182
G0 F9000 X85.172 Y118.475
G1 F1500 X118.479 Y85.168 E795.60848
G0 F9000 X118.877 Y85.336
G1 F1500 X85.336 Y118.876 E797.18612
G0 F9000 X85.575 Y119.203
G1 F1500 X119.204 Y85.574 E798.76793
G0 F9000 X119.526 Y85.818
G1 F1500 X85.82 Y119.524 E800.35335
G0 F9000 X86.101 Y119.809
G1 F1500 X119.809 Y86.1 E801.9389
G0 F9000 X120.092 Y86.383
G1 F1500 X86.384 Y120.091 E803.52442
G0 F9000 X86.667 Y120.374
G1 F1500 X120.375 Y86.666 E805.10994
G0 F9000 X120.658 Y86.949
G1 F1500 X86.949 Y120.657 E806.69548
G0 F9000 X87.232 Y120.94
G1 F1500 X120.941 Y87.232 E808.28103
G0 F9000 X121.224 Y87.514
G1 F1500 X87.515 Y121.223 E809.8666
G0 F9000 X87.798 Y121.506
G1 F1500 X121.506 Y87.797 E811.45214
G0 F9000 X121.789 Y88.08
G1 F1500 X88.081 Y121.789 E813.03769
G0 F9000 X88.364 Y122.071
G1 F1500 X122.072 Y88.363 E814.62321
G0 F9000 X122.355 Y88.646
G1 F1500 X88.646 Y122.354 E816.20875
G0 F9000 X88.929 Y122.637
G1 F1500 X122.638 Y88.929 E817.7943
G0 F9000 X122.921 Y89.211
G1 F1500 X89.212 Y122.92 E819.37986
G0 F9000 X89.495 Y123.203
G1 F1500 X123.203 Y89.494 E820.96541
G0 F9000 X123.486 Y89.777
G1 F1500 X89.778 Y123.486 E822.55095
G0 F9000 X90.061 Y123.768
G1 F1500 X123.769 Y90.06 E824.13647
G0 F9000 X124.052 Y90.343
G1 F1500 X90.343 Y124.051 E825.72202
G0 F9000 X90.626 Y124.334
G1 F1500 X124.335 Y90.626 E827.30756
G0 F9000 X124.618 Y90.908
G1 F1500 X90.909 Y124.617 E828.89313
G0 F9000 X91.192 Y124.9
G1 F1500 X124.901 Y91.191 E830.4787
G0 F9000 X125.183 Y91.474
G1 F1500 X91.475 Y125.183 E832.06424
G0 F9000 X91.758 Y125.465
G1 F1500 X125.465 Y91.758 E833.64972
G0 F9000 X125.748 Y92.041
G1 F1500 X92.041 Y125.748 E835.23519
G0 F9000 X92.323 Y126.031
G1 F1500 X126.031 Y92.323 E836.82071
G0 F9000 X126.314 Y92.606
G1 F1500 X92.606 Y126.314 E838.40623
G0 F9000 X92.889 Y126.597
G1 F1500 X109.137 Y110.349 E839.17049
G0 F9000 X109.174 Y110.878
G1 F1500 X93.172 Y126.88 E839.92317
G0 F9000 X93.455 Y127.163
G1 F1500 X109.363 Y111.255 E840.67144
G0 F9000 X109.631 Y111.552
G1 F1500 X93.738 Y127.445 E841.419
G0 F9000 X94.02 Y127.728
G1 F1500 X109.914 Y111.835 E842.16658
G0 F9000 X110.197 Y112.117
G1 F1500 X94.303 Y128.011 E842.91418
G0 F9000 X94.586 Y128.294
G1 F1500 X110.48 Y112.4 E843.66179
G0 F9000 X110.763 Y112.683
G1 F1500 X94.869 Y128.577 E844.40939
G0 F9000 X95.152 Y128.86
G1 F1500 X111.045 Y112.966 E845.15697
G0 F9000 X111.328 Y113.249
G1 F1500 X95.435 Y129.142 E845.90453
G0 F9000 X95.718 Y129.425
G1 F1500 X111.611 Y113.532 E846.65209
G0 F9000 X111.894 Y113.814
G1 F1500 X96 Y129.708 E847.3997
G0 F9000 X96.283 Y129.991
G1 F1500 X112.177 Y114.097 E848.1473
G0 F9000 X112.46 Y114.38
G1 F1500 X96.566 Y130.274 E848.89491
G0 F9000 X96.849 Y130.557
G1 F1500 X112.743 Y114.663 E849.64251
G0 F9000 X113.025 Y114.946
G1 F1500 X97.132 Y130.84 E850.39009
G0 F9000 X97.415 Y131.122
G1 F1500 X113.308 Y115.229 E851.13765
G0 F9000 X113.591 Y115.512
G1 F1500 X97.697 Y131.405 E851.88523
G0 F9000 X97.98 Y131.688
G1 F1500 X113.874 Y115.794 E852.63284
G0 F9000 X114.157 Y116.077
G1 F1500 X98.263 Y131.971 E853.38044
G0 F9000 X98.546 Y132.254
G1 F1500 X114.44 Y116.359 E854.12807
G0 F9000 X114.723 Y116.642
G1 F1500 X98.829 Y132.537 E854.8757
G0 F9000 X99.112 Y132.819
G1 F1500 X115.006 Y116.925 E855.6233
G0 F9000 X115.289 Y117.208
G1 F1500 X99.394 Y133.102 E856.37093
G0 F9000 X99.677 Y133.385
G1 F1500 X115.572 Y117.491 E857.11856
G0 F9000 X115.854 Y117.774
G1 F1500 X99.96 Y133.668 E857.86617
G0 F9000 X100.243 Y133.951
G1 F1500 X116.137 Y118.056 E858.61379
G0 F9000 X116.42 Y118.339
G1 F1500 X100.526 Y134.234 E859.36142
G0 F9000 X100.809 Y134.516
G1 F1500 X116.703 Y118.622 E860.10903
G0 F9000 X116.986 Y118.905
G1 F1500 X101.092 Y134.799 E860.85663
G0 F9000 X101.374 Y135.082
G1 F1500 X117.269 Y119.188 E861.60426
G0 F9000 X117.552 Y119.471
G1 F1500 X101.657 Y135.365 E862.35189
G0 F9000 X101.94 Y135.648
G1 F1500 X117.834 Y119.753 E863.09952
G0 F9000 X118.117 Y120.036
G1 F1500 X102.223 Y135.931 E863.84715
G0 F9000 X102.506 Y136.214
G1 F1500 X118.4 Y120.319 E864.59478
G0 F9000 X118.683 Y120.602
G1 F1500 X102.789 Y136.496 E865.34238
G0 F9000 X103.071 Y136.779
G1 F1500 X118.966 Y120.884 E866.09003
G0 F9000 X119.249 Y121.167
G1 F1500 X103.354 Y137.062 E866.83768
G0 F9000 X103.637 Y137.345
G1 F1500 X119.532 Y121.45 E867.58534
G0 F9000 X119.815 Y121.733
G1 F1500 X103.92 Y137.628 E868.33299
G0 F9000 X104.203 Y137.911
G1 F1500 X120.098 Y122.016 E869.08064
G0 F9000 X120.381 Y122.298
G1 F1500 X104.486 Y138.193 E869.82829
G0 F9000 X104.768 Y138.476
G1 F1500 X120.664 Y122.581 E870.57597
G0 F9000 X120.946 Y122.864
G1 F1500 X105.051 Y138.759 E871.32362
G0 F9000 X105.334 Y139.042
G1 F1500 X121.229 Y123.147 E872.07127
G0 F9000 X121.512 Y123.43
G1 F1500 X105.617 Y139.325 E872.81893
G0 F9000 X105.9 Y139.608
G1 F1500 X121.795 Y123.713 E873.56658
G0 F9000 X122.078 Y123.995
G1 F1500 X106.183 Y139.89 E874.31423
G0 F9000 X106.466 Y140.173
G1 F1500 X122.361 Y124.278 E875.06188
G0 F9000 X122.643 Y124.561
G1 F1500 X106.748 Y140.456 E875.80953
G0 F9000 X107.031 Y140.739
G1 F1500 X122.926 Y124.844 E876.55719
G0 F9000 X123.209 Y125.127
G1 F1500 X107.314 Y141.022 E877.30484
G0 F9000 X107.597 Y141.305
G1 F1500 X123.492 Y125.41 E878.05249
G0 F9000 X123.797 Y125.67
G1 F1500 X107.88 Y141.588 E878.8012
G0 F9000 X108.163 Y141.87
G1 F1500 X124.193 Y125.84 E879.5552
G0 F9000 X124.795 Y125.803
G1 F1500 X108.445 Y142.153 E880.32426
G0 F9000 X108.728 Y142.436
G1 F1500 X142.435 Y108.73 E881.90971
G0 F9000 X142.717 Y109.013
G1 F1500 X109.011 Y142.719 E883.49513
G0 F9000 X109.294 Y143.002
G1 F1500 X143 Y109.295 E885.08058
G0 F9000 X143.282 Y109.579
G1 F1500 X109.577 Y143.285 E886.66599
G0 F9000 X109.86 Y143.567
G1 F1500 X143.565 Y109.862 E888.25137
G0 F9000 X143.848 Y110.145
G1 F1500 X110.142 Y143.85 E889.83677
G0 F9000 X110.425 Y144.133
G1 F1500 X144.131 Y110.427 E891.4222
G0 F9000 X144.414 Y110.71
G1 F1500 X110.708 Y144.416 E893.00762
G0 F9000 X110.991 Y144.699
G1 F1500 X144.697 Y110.993 E894.59305
G0 F9000 X144.98 Y111.276
G1 F1500 X111.274 Y144.982 E896.17848
G0 F9000 X111.557 Y145.264
G1 F1500 X145.262 Y111.559 E897.76386
G0 F9000 X145.545 Y111.842
G1 F1500 X111.84 Y145.547 E899.34924
G0 F9000 X112.122 Y145.83
G1 F1500 X145.828 Y112.125 E900.93464
G0 F9000 X146.111 Y112.407
G1 F1500 X112.405 Y146.113 E902.52007
G0 F9000 X112.688 Y146.396
G1 F1500 X146.394 Y112.69 E904.10549
G0 F9000 X146.677 Y112.973
G1 F1500 X112.971 Y146.679 E905.69092
G0 F9000 X113.254 Y146.962
G1 F1500 X146.959 Y113.256 E907.27632
G0 F9000 X147.242 Y113.539
G1 F1500 X113.537 Y147.244 E908.8617
G0 F9000 X113.819 Y147.527
G1 F1500 X147.525 Y113.822 E910.44711
G0 F9000 X147.808 Y114.104
G1 F1500 X114.102 Y147.81 E912.03254
G0 F9000 X114.385 Y148.093
G1 F1500 X148.091 Y114.387 E913.61796
G0 F9000 X148.374 Y114.67
G1 F1500 X114.668 Y148.376 E915.20339
G0 F9000 X114.951 Y148.659
G1 F1500 X148.656 Y114.953 E916.78879
G0 F9000 X148.939 Y115.236
G1 F1500 X115.234 Y148.941 E918.37417
G0 F9000 X115.526 Y149.215
G1 F1500 X149.213 Y115.528 E919.95871
G0 F9000 X149.461 Y115.845
G1 F1500 X115.846 Y149.46 E921.53985
G0 F9000 X116.185 Y149.687
G1 F1500 X149.691 Y116.181 E923.11587
G0 F9000 X149.856 Y116.582
G1 F1500 X116.585 Y149.853 E924.68084
G0 F9000 X117.041 Y149.962
G1 F1500 X149.963 Y117.04 E926.22939
G0 F9000 X150.015 Y117.554
G1 F1500 X117.553 Y150.016 E927.7563
G0 F9000 X118.206 Y149.929
G1 F1500 X149.93 Y118.205 E929.2485
G0 F9000 X150.389 Y118.265
G0 X150.429 Y117.499
G0 X150.318 Y116.655
G0 X149.999 Y115.885
G0 X149.562 Y115.317
G0 X142.48 Y108.12
G0 X142.152 Y108.447
G1 F1500 X125.807 Y124.792 E930.01732
G0 F9000 X125.835 Y124.198
G1 F1500 X141.869 Y108.164 E930.77151
G0 F9000 X141.586 Y107.881
G1 F1500 X125.661 Y123.806 E931.52057
G0 F9000 X125.414 Y123.488
G1 F1500 X141.303 Y107.598 E932.26797
G0 F9000 X141.02 Y107.315
G1 F1500 X125.131 Y123.205 E933.01536
G0 F9000 X124.848 Y122.922
G1 F1500 X140.738 Y107.033 E933.76275
G0 F9000 X140.455 Y106.75
G1 F1500 X124.565 Y122.639 E934.51015
G0 F9000 X124.283 Y122.356
G1 F1500 X140.172 Y106.467 E935.25752
G0 F9000 X139.889 Y106.184
G1 F1500 X124 Y122.074 E936.00491
G0 F9000 X123.717 Y121.791
G1 F1500 X139.606 Y105.901 E936.7523
G0 F9000 X139.323 Y105.618
G1 F1500 X123.434 Y121.508 E937.4997
G0 F9000 X123.15 Y121.226
G1 F1500 X139.041 Y105.336 E938.24714
G0 F9000 X138.758 Y105.053
G1 F1500 X122.868 Y120.943 E938.99455
G0 F9000 X122.585 Y120.66
G1 F1500 X138.475 Y104.77 E939.74197
G0 F9000 X138.192 Y104.487
G1 F1500 X122.302 Y120.377 E940.48939
G0 F9000 X122.019 Y120.094
G1 F1500 X137.909 Y104.204 E941.2368
G0 F9000 X137.626 Y103.921
G1 F1500 X121.736 Y119.811 E941.98422
G0 F9000 X121.453 Y119.529
G1 F1500 X137.343 Y103.639 E942.73164
G0 F9000 X137.061 Y103.355
G1 F1500 X121.171 Y119.246 E943.47908
G0 F9000 X120.888 Y118.963
G1 F1500 X136.778 Y103.072 E944.22652
G0 F9000 X136.496 Y102.789
G1 F1500 X120.604 Y118.681 E944.97403
G0 F9000 X120.321 Y118.398
G1 F1500 X136.213 Y102.506 E945.72154
G0 F9000 X135.93 Y102.224
G1 F1500 X120.038 Y118.115 E946.46903
G0 F9000 X119.756 Y117.832
G1 F1500 X135.647 Y101.941 E947.21649
G0 F9000 X135.364 Y101.658
G1 F1500 X119.473 Y117.549 E947.96395
G0 F9000 X119.19 Y117.267
G1 F1500 X135.081 Y101.375 E948.71144
G0 F9000 X134.799 Y101.092
G1 F1500 X118.907 Y116.984 E949.45895
G0 F9000 X118.624 Y116.701
G1 F1500 X134.516 Y100.809 E950.20646
G0 F9000 X134.233 Y100.527
G1 F1500 X118.341 Y116.419 E950.95398
G0 F9000 X118.058 Y116.136
G1 F1500 X133.95 Y100.244 E951.70149
G0 F9000 X133.667 Y99.961
G1 F1500 X117.775 Y115.853 E952.449
G0 F9000 X117.492 Y115.57
G1 F1500 X133.384 Y99.678 E953.19651
G0 F9000 X133.102 Y99.395
G1 F1500 X117.209 Y115.287 E953.94404
G0 F9000 X116.926 Y115.005
G1 F1500 X132.819 Y99.112 E954.6916
G0 F9000 X132.536 Y98.829
G1 F1500 X116.644 Y114.722 E955.43914
G0 F9000 X116.361 Y114.439
G1 F1500 X132.253 Y98.547 E956.18665
G0 F9000 X131.97 Y98.264
G1 F1500 X116.078 Y114.156 E956.93416
G0 F9000 X115.794 Y113.874
G1 F1500 X131.687 Y97.981 E957.68172
G0 F9000 X131.404 Y97.698
G1 F1500 X115.512 Y113.591 E958.42925
G0 F9000 X115.229 Y113.308
G1 F1500 X131.122 Y97.415 E959.17681
G0 F9000 X130.84 Y97.132
G1 F1500 X114.946 Y113.025 E959.92439
G0 F9000 X114.663 Y112.743
G1 F1500 X130.557 Y96.849 E960.67199
G0 F9000 X130.274 Y96.566
G1 F1500 X114.38 Y112.46 E961.4196
G0 F9000 X114.097 Y112.177
G1 F1500 X129.991 Y96.283 E962.1672
G0 F9000 X129.708 Y96
G1 F1500 X113.814 Y111.894 E962.91481
G0 F9000 X113.531 Y111.612
G1 F1500 X129.425 Y95.718 E963.66241
G0 F9000 X129.142 Y95.435
G1 F1500 X113.248 Y111.329 E964.41002
G0 F9000 X112.965 Y111.046
G1 F1500 X128.86 Y95.152 E965.15765
G0 F9000 X128.577 Y94.869
G1 F1500 X112.682 Y110.763 E965.90528
G0 F9000 X112.4 Y110.48
G1 F1500 X128.294 Y94.586 E966.65288
G0 F9000 X128.011 Y94.303
G1 F1500 X112.117 Y110.198 E967.40051
G0 F9000 X111.834 Y109.915
G1 F1500 X127.728 Y94.02 E968.14814
G0 F9000 X127.445 Y93.738
G1 F1500 X111.551 Y109.632 E968.89574
G0 F9000 X111.257 Y109.36
G1 F1500 X127.163 Y93.455 E969.64389
G0 F9000 X126.88 Y93.172
G1 F1500 X110.873 Y109.179 E970.39681
G0 F9000 X110.314 Y109.172
G1 F1500 X126.597 Y92.889 E971.16271
;MESH:NONMESH
G0 F300 X126.597 Y92.889 Z1
G0 F9000 X126.924 Y92.564
G0 X119.814 Y85.538
G0 X119.111 Y85.001
G0 X118.339 Y84.678
G0 X117.502 Y84.568
G0 X116.655 Y84.682
G0 X115.073 Y85.42
;TIME_ELAPSED:1385.875369
;LAYER:4
;TYPE:WALL-INNER
;MESH:quadrato.stl
G1 F1500 X85.421 Y115.073 E972.55747
G1 X84.861 Y115.803 E972.58808
G1 X84.525 Y116.617 E972.61737
G1 X84.406 Y117.499 E972.64697
G1 X84.525 Y118.378 E972.67647
G1 X84.861 Y119.193 E972.70579
G1 X85.421 Y119.923 E972.73639
G1 X115.073 Y149.575 E974.13113
G1 X115.804 Y150.136 E974.16178
G1 X116.617 Y150.475 E974.19107
G1 X117.499 Y150.59 E974.22066
G1 X118.378 Y150.475 E974.25014
G1 X119.193 Y150.136 E974.2795
G1 X119.923 Y149.575 E974.31012
G1 X149.58 Y119.919 E975.70507
G1 X150.14 Y119.192 E975.7356
G1 X150.475 Y118.383 E975.76472
G1 X150.59 Y117.499 E975.79437
G1 X150.475 Y116.613 E975.82408
G1 X150.14 Y115.804 E975.85321
G1 X149.58 Y115.077 E975.88373
G1 X119.92 Y85.417 E977.27884
G1 X119.192 Y84.86 E977.30933
G1 X118.382 Y84.521 E977.33854
G1 X117.501 Y84.406 E977.36809
G1 X116.613 Y84.525 E977.39789
G1 X115.807 Y84.857 E977.42688
G1 X115.073 Y85.42 E977.45765
G0 F9000 X115.271 Y85.646
G0 X117.064 Y109.594
G0 X117.323 Y109.854
G1 F1500 X117.543 Y109.829 E977.46501
G1 X117.873 Y109.951 E977.47671
G1 X125.048 Y117.13 E977.8143
G1 X125.142 Y117.323 E977.82144
G1 X125.167 Y117.543 E977.8288
G1 X125.045 Y117.873 E977.8405
G1 X117.87 Y125.048 E978.17799
G1 X117.677 Y125.142 E978.18513
G1 X117.456 Y125.167 E978.19253
G1 X117.127 Y125.045 E978.2042
G1 X109.948 Y117.87 E978.54179
G1 X109.854 Y117.677 E978.54893
G1 X109.829 Y117.456 E978.55632
G1 X109.951 Y117.127 E978.56799
G1 X117.13 Y109.948 E978.90567
G1 X117.323 Y109.854 E978.91281
G1 F2700 E973.91281
G0 F9000 X117.064 Y109.594
G0 X110.571 Y109.288
G0 X109.286 Y110.569
G0 X109.759 Y116.899
G0 X110.252 Y117.392
;TYPE:WALL-OUTER
G1 F2700 E978.91281
G1 F1500 X117.37 Y110.275 E979.2476
G1 X117.544 Y110.232 E979.25356
G1 X117.642 Y110.286 E979.25728
G1 X124.721 Y117.37 E979.59037
G1 X124.764 Y117.544 E979.59633
G1 X124.71 Y117.642 E979.60006
G1 X117.63 Y124.721 E979.93305
G1 X117.456 Y124.764 E979.93902
G1 X117.358 Y124.71 E979.94274
G1 X110.254 Y117.61 E980.27679
G1 X110.252 Y117.392 E980.28404
G1 F2700 E975.28404
G0 F9000 X109.759 Y116.899
G0 X85.646 Y115.271
G0 X85.119 Y114.809
G1 F2700 E980.28404
G1 F1500 X84.511 Y115.601 E980.31725
G1 X84.135 Y116.513 E980.35006
G1 X84.002 Y117.499 E980.38315
G1 X84.135 Y118.483 E980.41618
G1 X84.511 Y119.395 E980.44899
G1 X85.119 Y120.187 E980.4822
G1 X114.809 Y149.877 E981.87873
G1 X115.602 Y150.485 E981.91196
G1 X116.513 Y150.865 E981.94479
G1 X117.499 Y150.994 E981.97787
G1 X118.483 Y150.865 E982.01087
G1 X119.395 Y150.485 E982.04373
G1 X120.187 Y149.877 E982.07694
G1 X149.881 Y120.183 E983.47366
G1 X150.489 Y119.394 E983.50679
G1 X150.865 Y118.487 E983.53944
G1 X150.994 Y117.499 E983.57258
G1 X150.865 Y116.509 E983.60579
G1 X150.489 Y115.602 E983.63845
G1 X149.881 Y114.813 E983.67158
G1 X120.184 Y85.115 E985.06846
G1 X119.394 Y84.511 E985.10153
G1 X118.487 Y84.131 E985.13424
G1 X117.501 Y84.002 E985.16731
G1 X116.509 Y84.135 E985.2006
G1 X115.605 Y84.507 E985.23312
G1 X114.809 Y85.119 E985.26651
G1 X85.119 Y114.809 E986.66304
G0 F9000 X85.646 Y115.271
G0 X86.645 Y114.272
G0 X86.491 Y114.117
;TYPE:FILL
G1 F3000 X135.401 Y101.011 E988.34718
G0 F9000 X135.247 Y101.164
G0 X133.834 Y99.751
G0 X133.987 Y99.598
G1 F3000 X120.883 Y148.501 E990.03108
G0 F9000 X121.043 Y148.34
G1 F3000 X115.523 Y149.819 E990.22116
G0 F9000 X115.654 Y149.649
G0 X114.706 Y148.789
G0 X114.554 Y148.941
G1 F3000 X121.558 Y122.802 E991.12121
G0 F9000 X121.995 Y123.239
G1 F3000 X118.982 Y124.046 E991.22496
G0 F9000 X119.139 Y124.203
G0 X117.928 Y125.414
G0 X117.716 Y125.201
G1 F3000 X130.949 Y138.435 E991.84742
G0 F9000 X130.799 Y138.284
G0 X129.378 Y139.705
G0 X129.528 Y139.855
G1 F3000 X110.552 Y144.94 E992.50083
G0 F9000 X110.705 Y144.788
G0 X109.807 Y143.89
G0 X109.655 Y144.042
G1 F3000 X115.225 Y123.252 E993.2167
G0 F9000 X115.067 Y123.409
G0 X116.488 Y124.83
G0 X116.647 Y124.672
G1 F3000 X95.855 Y130.243 E993.93264
G0 F9000 X96.008 Y130.091
G0 X95.11 Y129.193
G0 X94.958 Y129.345
G1 F3000 X103.631 Y96.977 E995.04718
G0 F9000 X103.462 Y97.146
G1 F3000 X125.604 Y91.213 E995.8096
G0 F9000 X125.45 Y91.367
G0 X124.036 Y89.953
G0 X124.189 Y89.8
G1 F3000 X118.619 Y110.587 E996.52537
G0 F9000 X118.774 Y110.432
G0 X119.667 Y111.325
G0 X119.511 Y111.481
G1 F3000 X123.288 Y110.469 E996.65543
G0 F9000 X123.218 Y110.398
G0 X124.431 Y109.285
G0 X125.712 Y110.571
G0 X124.598 Y111.785
G0 X124.528 Y111.715
G1 F3000 X123.517 Y115.49 E996.78541
G0 F9000 X123.675 Y115.333
G0 X124.565 Y116.223
G0 X124.406 Y116.381
G1 F3000 X145.198 Y110.81 E997.50135
G0 F9000 X145.045 Y110.962
G0 X143.632 Y109.549
G0 X143.784 Y109.397
G1 F3000 X137.854 Y131.531 E998.26349
G0 F9000 X138.013 Y131.37
G1 F3000 X105.652 Y140.041 E999.37779
G0 F9000 X105.805 Y139.888
G0 X104.908 Y138.991
G0 X104.756 Y139.143
G1 F3000 X110.325 Y118.356 E1000.09355
G0 F9000 X110.169 Y118.511
G0 X109.258 Y117.5
G0 X109.587 Y117.071
G0 X109.792 Y117.277
G1 F3000 X96.561 Y104.047 E1000.71587
G0 F9000 X96.715 Y104.202
G0 X95.299 Y105.618
G0 X95.145 Y105.463
G1 F3000 X90.059 Y124.446 E1001.36952
G0 F9000 X90.211 Y124.294
G0 X91.109 Y125.192
G0 X90.956 Y125.344
G1 F3000 X111.744 Y119.774 E1002.08532
G0 F9000 X111.588 Y119.93
G0 X109.258 Y117.5
G0 X110.799 Y115.859
G0 X110.953 Y116.014
G1 F3000 X111.76 Y113.004 E1002.18897
G0 F9000 X112.198 Y113.441
G1 F3000 X86.056 Y120.445 E1003.08912
G0 F9000 X86.209 Y120.292
G0 X85.351 Y119.345
G0 X85.178 Y119.477
G1 F3000 X86.66 Y113.948 E1003.2795
G0 F9000 X86.814 Y114.103
G0 X88.23 Y112.687
G0 X88.076 Y112.532
G1 F3000 X122.464 Y146.92 E1004.89701
G0 F9000 X122.314 Y146.769
G0 X126.556 Y142.527
G0 X126.706 Y142.677
G1 F3000 X92.318 Y108.289 E1006.51452
G0 F9000 X92.473 Y108.444
G0 X95.131 Y105.786
G0 X94.977 Y105.632
G1 F3000 X130.502 Y96.112 E1007.73777
G0 F9000 X130.348 Y96.265
G0 X128.935 Y94.852
G0 X129.088 Y94.699
G1 F3000 X125.013 Y109.908 E1008.26147
G1 X125.09 Y109.986
G1 X140.3 Y105.91 E1008.78521
G0 F9000 X140.146 Y106.063
G0 X138.733 Y104.65
G0 X138.885 Y104.498
G1 F3000 X129.368 Y140.016 E1010.00821
G0 F9000 X129.218 Y139.865
G0 X135.042 Y134.041
G0 X135.192 Y134.192
G1 F3000 X125.551 Y124.551 E1010.4617
G0 F9000 X125.62 Y124.621
G0 X124.026 Y122.643
G0 X123.955 Y122.713
G1 F3000 X149.988 Y115.738 E1011.3581
G0 F9000 X149.813 Y115.871
G0 X148.531 Y114.448
G0 X148.683 Y114.296
G1 F3000 X146.339 Y123.045 E1011.65935
G0 F9000 X146.498 Y122.885
G1 F3000 X100.753 Y135.142 E1013.23451
G0 F9000 X100.906 Y134.989
G0 X100.009 Y134.092
G0 X99.857 Y134.244
G1 F3000 X112.116 Y88.492 E1014.8099
G0 F9000 X111.948 Y88.661
G1 F3000 X120.705 Y86.314 E1015.11144
G0 F9000 X120.551 Y86.468
G0 X119.127 Y85.186
G0 X119.26 Y85.013
G1 F3000 X112.285 Y111.042 E1016.00771
G0 F9000 X112.355 Y110.973
G0 X110.571 Y109.288
G0 X110.448 Y109.448
G1 F3000 X100.804 Y99.804 E1016.46134
G0 F9000 X100.958 Y99.959
G0 X105.201 Y95.716
G0 X105.046 Y95.561
G1 F3000 X121.622 Y112.137 E1017.24102
G0 F9000 X121.551 Y112.065
G0 X121.024 Y112.693
G0 X122.306 Y113.977
G0 X122.934 Y113.449
G0 X122.864 Y113.379
G1 F3000 X139.434 Y129.949 E1018.02042
G0 F9000 X139.284 Y129.799
G0 X143.527 Y125.556
G0 X143.677 Y125.707
G1 F3000 X109.289 Y91.319 E1019.63793
G0 F9000 X109.443 Y91.474
G0 X113.686 Y87.231
G0 X113.532 Y87.076
G1 F3000 X147.92 Y121.464 E1021.25544
G1 F2700 E1016.25544
G0 F9000 X147.77 Y121.313
G0 X117.531 Y150.287
G0 X117.559 Y150.501
G1 F2700 E1021.25544
G1 F3000 X84.494 Y117.436 E1022.81071
G0 F9000 X84.713 Y117.465
G0 X109.286 Y110.47
G0 X109.383 Y110.568
;TYPE:SKIN
G1 F1500 X110.568 Y109.383 E1022.86645
G1 X113.877 Y112.692 E1023.0221
G1 X112.692 Y113.877 E1023.07783
G1 X109.383 Y110.568 E1023.23348
G0 F9000 X109.286 Y110.47
G0 X110.163 Y109.595
G0 X110.4 Y109.834
G1 F1500 X113.426 Y112.86 E1023.37581
G0 F9000 X113.143 Y113.143
G1 F1500 X110.117 Y110.117 E1023.51815
G0 F9000 X109.834 Y110.4
G1 F1500 X112.86 Y113.426 E1023.66048
G0 F9000 X112.45 Y113.834
G0 X109.286 Y110.569
G0 X110.571 Y109.288
G0 X117.5 Y109.258
G0 X121.022 Y112.594
G0 X121.119 Y112.692
G1 F1500 X124.427 Y109.38 E1023.81617
G1 X125.613 Y110.567 E1023.87198
G1 X122.304 Y113.877 E1024.02765
G1 X121.119 Y112.692 E1024.08339
G0 F9000 X121.022 Y112.594
G0 X122.306 Y113.977
G0 X122.717 Y113.666
G0 X122.474 Y113.423
G1 F1500 X121.573 Y112.522 E1024.12577
G0 F9000 X121.856 Y112.239
G1 F1500 X122.757 Y113.14 E1024.16815
G0 F9000 X123.039 Y112.857
G1 F1500 X122.139 Y111.956 E1024.21051
G0 F9000 X122.421 Y111.673
G1 F1500 X123.322 Y112.574 E1024.25289
G0 F9000 X123.605 Y112.291
G1 F1500 X122.704 Y111.39 E1024.29527
G0 F9000 X122.986 Y111.107
G1 F1500 X123.888 Y112.009 E1024.3377
G0 F9000 X124.171 Y111.726
G1 F1500 X123.269 Y110.824 E1024.38012
G0 F9000 X123.551 Y110.541
G1 F1500 X124.454 Y111.443 E1024.42257
G0 F9000 X124.736 Y111.16
G1 F1500 X123.834 Y110.258 E1024.465
G0 F9000 X124.117 Y109.975
G1 F1500 X125.019 Y110.877 E1024.50743
G0 F9000 X125.302 Y110.594
G1 F1500 X124.4 Y109.692 E1024.54986
G0 F9000 X124.163 Y109.454
G0 X124.431 Y109.285
G0 X125.712 Y110.571
G0 X125.742 Y117.5
G0 X122.403 Y121.021
G0 X122.304 Y121.119
G1 F1500 X125.613 Y124.429 E1024.70552
G1 X124.427 Y125.616 E1024.76133
G1 X121.119 Y122.304 E1024.91703
G1 X122.304 Y121.119 E1024.97276
G0 F9000 X122.403 Y121.021
G0 X125.712 Y124.429
G0 X124.431 Y125.714
G0 X121.161 Y122.545
G0 X121.571 Y122.136
G1 F1500 X124.596 Y125.162 E1025.11507
G0 F9000 X124.879 Y124.879
G1 F1500 X121.854 Y121.854 E1025.25736
G0 F9000 X122.136 Y121.571
G1 F1500 X125.162 Y124.596 E1025.39967
G0 F9000 X125.404 Y124.838
G0 X124.431 Y125.714
G0 X117.5 Y125.742
G0 X112.876 Y121.106
G0 X112.595 Y121.022
G0 X112.692 Y121.119
G1 F1500 X113.877 Y122.304 E1025.45541
G1 X110.568 Y125.613 E1025.61106
G1 X109.383 Y124.428 E1025.66679
G1 X112.692 Y121.119 E1025.82244
G0 F9000 X112.595 Y121.022
G0 X113.977 Y122.305
G0 X113.665 Y122.717
G0 X113.423 Y122.474
G1 F1500 X112.521 Y121.572 E1025.86487
G0 F9000 X112.238 Y121.855
G1 F1500 X113.141 Y122.757 E1025.90732
G0 F9000 X112.858 Y123.04
G1 F1500 X111.956 Y122.138 E1025.94975
G0 F9000 X111.673 Y122.421
G1 F1500 X112.575 Y123.323 E1025.99217
G0 F9000 X112.292 Y123.606
G1 F1500 X111.39 Y122.704 E1026.0346
G0 F9000 X111.107 Y122.986
G1 F1500 X112.009 Y123.889 E1026.07705
G0 F9000 X111.726 Y124.171
G1 F1500 X110.824 Y123.269 E1026.11948
G0 F9000 X110.541 Y123.552
G1 F1500 X111.444 Y124.454 E1026.16193
G0 F9000 X111.161 Y124.737
G1 F1500 X110.258 Y123.835 E1026.20438
G0 F9000 X109.976 Y124.118
G1 F1500 X110.878 Y125.02 E1026.24681
G0 F9000 X110.595 Y125.303
G1 F1500 X109.693 Y124.401 E1026.28923
G0 F9000 X109.243 Y123.95
G1 F2700 E1021.28923
;MESH:NONMESH
G0 F300 X109.243 Y123.95 Z1.2
G0 F9000 X109.286 Y110.569
G0 X115.271 Y85.646
G0 X115.073 Y85.42
;TIME_ELAPSED:1449.566809
;LAYER:5
;TYPE:WALL-INNER
;MESH:quadrato.stl
G1 F2700 E1026.28923
G1 F1500 X85.421 Y115.073 E1027.684
G1 X84.861 Y115.803 E1027.7146
G1 X84.525 Y116.617 E1027.74389
G1 X84.406 Y117.499 E1027.77349
G1 X84.525 Y118.378 E1027.80299
G1 X84.861 Y119.193 E1027.83231
G1 X85.421 Y119.923 E1027.86291
G1 X115.073 Y149.575 E1029.25765
G1 X115.804 Y150.136 E1029.2883
G1 X116.617 Y150.475 E1029.3176
G1 X117.499 Y150.59 E1029.34718
G1 X118.378 Y150.475 E1029.37667
G1 X119.193 Y150.136 E1029.40602
G1 X119.923 Y149.575 E1029.43665
G1 X149.58 Y119.919 E1030.8316
G1 X150.14 Y119.192 E1030.86212
G1 X150.475 Y118.383 E1030.89124
G1 X150.59 Y117.499 E1030.92089
G1 X150.475 Y116.613 E1030.95061
G1 X150.14 Y115.804 E1030.97973
G1 X149.58 Y115.077 E1031.01025
G1 X119.92 Y85.417 E1032.40537
G1 X119.192 Y84.86 E1032.43585
G1 X118.382 Y84.521 E1032.46506
G1 X117.501 Y84.406 E1032.49461
G1 X116.613 Y84.525 E1032.52441
G1 X115.807 Y84.857 E1032.5534
G1 X115.073 Y85.42 E1032.58417
G0 F9000 X115.271 Y85.646
G0 X117.064 Y109.594
G0 X117.323 Y109.854
G1 F1500 X117.543 Y109.829 E1032.59153
G1 X117.873 Y109.951 E1032.60324
G1 X125.048 Y117.13 E1032.94082
G1 X125.142 Y117.323 E1032.94796
G1 X125.167 Y117.543 E1032.95532
G1 X125.045 Y117.873 E1032.96703
G1 X117.87 Y125.048 E1033.30452
G1 X117.677 Y125.142 E1033.31166
G1 X117.456 Y125.167 E1033.31905
G1 X117.127 Y125.045 E1033.33072
G1 X109.948 Y117.87 E1033.66831
G1 X109.854 Y117.677 E1033.67545
G1 X109.829 Y117.456 E1033.68285
G1 X109.951 Y117.127 E1033.69452
G1 X117.13 Y109.948 E1034.03219
G1 X117.323 Y109.854 E1034.03934
G1 F2700 E1029.03934
G0 F9000 X117.064 Y109.594
G0 X110.571 Y109.288
G0 X109.286 Y110.569
G0 X109.759 Y116.899
G0 X110.252 Y117.392
;TYPE:WALL-OUTER
G1 F2700 E1034.03934
G1 F1500 X117.37 Y110.275 E1034.37412
G1 X117.544 Y110.232 E1034.38008
G1 X117.642 Y110.286 E1034.3838
G1 X124.721 Y117.37 E1034.7169
G1 X124.764 Y117.544 E1034.72286
G1 X124.71 Y117.642 E1034.72658
G1 X117.63 Y124.721 E1035.05958
G1 X117.456 Y124.764 E1035.06554
G1 X117.358 Y124.71 E1035.06926
G1 X110.254 Y117.61 E1035.40332
G1 X110.252 Y117.392 E1035.41057
G1 F2700 E1030.41057
G0 F9000 X109.759 Y116.899
G0 X85.646 Y115.271
G0 X85.119 Y114.809
G1 F2700 E1035.41057
G1 F1500 X84.511 Y115.601 E1035.44378
G1 X84.135 Y116.513 E1035.47659
G1 X84.002 Y117.499 E1035.50968
G1 X84.135 Y118.483 E1035.5427
G1 X84.511 Y119.395 E1035.57551
G1 X85.119 Y120.187 E1035.60872
G1 X114.809 Y149.877 E1037.00525
G1 X115.602 Y150.485 E1037.03848
G1 X116.513 Y150.865 E1037.07131
G1 X117.499 Y150.994 E1037.10439
G1 X118.483 Y150.865 E1037.1374
G1 X119.395 Y150.485 E1037.17026
G1 X120.187 Y149.877 E1037.20347
G1 X149.881 Y120.183 E1038.60018
G1 X150.489 Y119.394 E1038.63331
G1 X150.865 Y118.487 E1038.66597
G1 X150.994 Y117.499 E1038.69911
G1 X150.865 Y116.509 E1038.73231
G1 X150.489 Y115.602 E1038.76497
G1 X149.881 Y114.813 E1038.7981
G1 X120.184 Y85.115 E1040.19498
G1 X119.394 Y84.511 E1040.22805
G1 X118.487 Y84.131 E1040.26076
G1 X117.501 Y84.002 E1040.29384
G1 X116.509 Y84.135 E1040.32712
G1 X115.605 Y84.507 E1040.35964
G1 X114.809 Y85.119 E1040.39303
G1 X85.119 Y114.809 E1041.78956
G0 F9000 X85.646 Y115.271
G0 X86.446 Y114.471
G0 X86.292 Y114.316
;TYPE:FILL
G1 F3000 X135.516 Y101.127 E1043.48451
G0 F9000 X135.363 Y101.28
G0 X133.718 Y99.635
G0 X133.871 Y99.483
G1 F3000 X120.684 Y148.7 E1045.17921
G0 F9000 X120.844 Y148.54
G1 F3000 X115.664 Y149.928 E1045.35758
G0 F9000 X115.796 Y149.757
G0 X114.591 Y148.674
G0 X114.438 Y148.826
G1 F3000 X121.442 Y122.687 E1046.25763
G0 F9000 X122.111 Y123.353
G1 F3000 X118.782 Y124.245 E1046.37226
G0 F9000 X118.939 Y124.403
G0 X118.028 Y125.314
G0 X117.857 Y125.143
G1 F3000 X131.049 Y138.335 E1046.99277
G0 F9000 X130.899 Y138.184
G0 X129.179 Y139.904
G0 X129.329 Y140.055
G1 F3000 X110.667 Y145.055 E1047.63536
G0 F9000 X110.82 Y144.903
G0 X109.692 Y143.775
G0 X109.539 Y143.927
G1 F3000 X115.11 Y123.136 E1048.35127
G0 F9000 X114.952 Y123.294
G0 X116.604 Y124.946
G0 X116.763 Y124.787
G1 F3000 X95.969 Y130.358 E1049.06727
G0 F9000 X96.122 Y130.205
G0 X94.995 Y129.078
G0 X94.842 Y129.23
G1 F3000 X103.431 Y97.177 E1050.17097
G0 F9000 X103.262 Y97.346
G1 F3000 X125.718 Y91.329 E1050.94421
G0 F9000 X125.565 Y91.482
G0 X123.921 Y89.838
G0 X124.073 Y89.686
G1 F3000 X118.504 Y110.471 E1051.6599
G0 F9000 X118.659 Y110.317
G0 X119.782 Y111.44
G0 X119.626 Y111.596
G1 F3000 X123.088 Y110.668 E1051.77912
G0 F9000 X123.019 Y110.598
G0 X124.431 Y109.286
G0 X125.712 Y110.57
G0 X124.399 Y111.983
G0 X124.329 Y111.912
G1 F3000 X123.402 Y115.374 E1051.89832
G0 F9000 X123.559 Y115.217
G0 X124.68 Y116.338
G0 X124.521 Y116.496
G1 F3000 X145.314 Y110.925 E1052.61429
G0 F9000 X145.161 Y111.078
G0 X143.516 Y109.433
G0 X143.669 Y109.281
G1 F3000 X137.654 Y131.73 E1053.38728
G0 F9000 X137.814 Y131.569
G1 F3000 X105.768 Y140.156 E1054.49074
G0 F9000 X105.921 Y140.004
G0 X104.793 Y138.876
G0 X104.64 Y139.028
G1 F3000 X110.21 Y118.241 E1055.20651
G0 F9000 X110.054 Y118.396
G0 X109.258 Y117.5
G0 X109.686 Y116.972
G0 X109.857 Y117.143
G1 F3000 X96.661 Y103.947 E1055.82721
G0 F9000 X96.815 Y104.102
G0 X95.1 Y105.817
G0 X94.946 Y105.662
G1 F3000 X89.943 Y124.332 E1056.47008
G0 F9000 X90.096 Y124.179
G0 X91.223 Y125.306
G0 X91.07 Y125.459
G1 F3000 X111.86 Y119.889 E1057.18595
G0 F9000 X111.703 Y120.045
G0 X109.258 Y117.5
G0 X110.6 Y116.058
G0 X110.754 Y116.213
G1 F3000 X111.645 Y112.888 E1057.30044
G0 F9000 X112.312 Y113.556
G1 F3000 X86.171 Y120.56 E1058.20056
G0 F9000 X86.324 Y120.407
G0 X85.243 Y119.205
G0 X85.07 Y119.336
G1 F3000 X86.46 Y114.148 E1058.3792
G0 F9000 X86.614 Y114.303
G0 X88.33 Y112.587
G0 X88.176 Y112.432
G1 F3000 X122.564 Y146.82 E1059.99671
G0 F9000 X122.414 Y146.669
G0 X126.656 Y142.427
G0 X126.806 Y142.577
G1 F3000 X92.418 Y108.189 E1061.61421
G0 F9000 X92.573 Y108.344
G0 X94.932 Y105.985
G0 X94.778 Y105.831
G1 F3000 X130.617 Y96.228 E1062.84827
G0 F9000 X130.464 Y96.381
G0 X128.819 Y94.736
G0 X128.972 Y94.584
G1 F3000 X124.897 Y109.793 E1063.37197
G0 F9000 X125.204 Y110.102
G1 F3000 X140.415 Y106.026 E1063.89574
G0 F9000 X140.262 Y106.179
G0 X138.617 Y104.534
G0 X138.77 Y104.382
G1 F3000 X129.169 Y140.215 E1065.12958
G0 F9000 X129.019 Y140.064
G0 X135.141 Y133.942
G0 X135.291 Y134.092
G1 F3000 X125.651 Y124.452 E1065.58302
G0 F9000 X125.72 Y124.522
G0 X124.141 Y122.759
G0 X124.07 Y122.829
G1 F3000 X150.078 Y115.86 E1066.47857
G0 F9000 X149.878 Y115.955
G0 X148.416 Y114.333
G0 X148.568 Y114.181
G1 F3000 X146.139 Y123.245 E1066.79067
G0 F9000 X146.299 Y123.084
G1 F3000 X100.868 Y135.257 E1068.35502
G0 F9000 X101.021 Y135.104
G0 X99.894 Y133.977
G0 X99.741 Y134.129
G1 F3000 X111.916 Y88.691 E1069.9196
G0 F9000 X111.748 Y88.86
G1 F3000 X120.819 Y86.43 E1070.23194
G0 F9000 X120.666 Y86.583
G0 X119.053 Y85.126
G0 X119.137 Y84.925
G1 F3000 X112.17 Y110.927 E1071.12728
G0 F9000 X112.24 Y110.858
G0 X110.571 Y109.288
G0 X110.548 Y109.348
G1 F3000 X100.903 Y99.704 E1071.58093
G0 F9000 X101.058 Y99.859
G0 X105.3 Y95.617
G0 X105.146 Y95.462
G1 F3000 X121.72 Y112.035 E1072.36049
G0 F9000 X121.651 Y111.965
G0 X124.431 Y109.286
G0 X125.712 Y110.57
G0 X123.033 Y113.349
G0 X122.964 Y113.279
G1 F3000 X139.534 Y129.85 E1073.13992
G0 F9000 X139.384 Y129.699
G0 X143.627 Y125.456
G0 X143.777 Y125.607
G1 F3000 X109.389 Y91.219 E1074.75743
G0 F9000 X109.543 Y91.374
G0 X113.786 Y87.131
G0 X113.631 Y86.976
G1 F3000 X148.019 Y121.364 E1076.37493
G1 F2700 E1071.37493
G0 F9000 X147.869 Y121.214
G0 X117.708 Y150.263
G0 X117.736 Y150.478
G1 F2700 E1076.37493
G1 F3000 X84.518 Y117.26 E1077.9374
G0 F9000 X84.736 Y117.289
G0 X109.286 Y110.47
G0 X109.383 Y110.568
;TYPE:SKIN
G1 F1500 X110.568 Y109.383 E1077.99314
G1 X113.877 Y112.692 E1078.14879
G1 X112.692 Y113.877 E1078.20453
G1 X109.383 Y110.568 E1078.36017
G0 F9000 X109.858 Y110.76
G1 F1500 X110.76 Y109.858 E1078.4026
G0 F9000 X111.043 Y110.14
G1 F1500 X110.14 Y111.043 E1078.44507
G0 F9000 X110.423 Y111.325
G1 F1500 X111.325 Y110.423 E1078.4875
G0 F9000 X111.608 Y110.706
G1 F1500 X110.706 Y111.608 E1078.52993
G0 F9000 X110.989 Y111.891
G1 F1500 X111.891 Y110.989 E1078.57236
G0 F9000 X112.174 Y111.272
G1 F1500 X111.272 Y112.174 E1078.61478
G0 F9000 X111.555 Y112.457
G1 F1500 X112.457 Y111.555 E1078.65721
G0 F9000 X112.74 Y111.837
G1 F1500 X111.837 Y112.74 E1078.69968
G0 F9000 X112.12 Y113.023
G1 F1500 X113.023 Y112.12 E1078.74216
G0 F9000 X113.305 Y112.403
G1 F1500 X112.403 Y113.305 E1078.78459
G0 F9000 X112.686 Y113.588
G1 F1500 X113.588 Y112.686 E1078.82701
G0 F9000 X113.829 Y112.446
G0 X117.5 Y109.258
G0 X121.022 Y112.594
G0 X121.119 Y112.692
G1 F1500 X124.428 Y109.383 E1078.98266
G1 X125.613 Y110.568 E1079.0384
G1 X122.304 Y113.877 E1079.19404
G1 X121.119 Y112.692 E1079.24978
G0 F9000 X121.452 Y112.742
G1 F1500 X124.478 Y109.716 E1079.39212
G0 F9000 X124.761 Y109.999
G1 F1500 X121.735 Y113.025 E1079.53445
G0 F9000 X122.018 Y113.307
G1 F1500 X125.043 Y110.282 E1079.67674
G0 F9000 X125.326 Y110.565
G1 F1500 X122.3 Y113.59 E1079.81905
G0 F9000 X122.546 Y113.836
G0 X125.742 Y117.5
G0 X122.403 Y121.021
G0 X122.304 Y121.119
G1 F1500 X125.613 Y124.429 E1079.97472
G1 X124.427 Y125.616 E1080.03052
G1 X121.119 Y122.304 E1080.18622
G1 X122.304 Y121.119 E1080.24196
G0 F9000 X122.403 Y121.021
G0 X125.712 Y124.429
G0 X124.431 Y125.714
G0 X121.213 Y122.597
G0 X121.455 Y122.356
G1 F1500 X122.356 Y121.455 E1080.28434
G0 F9000 X122.638 Y121.738
G1 F1500 X121.738 Y122.638 E1080.32667
G0 F9000 X122.02 Y122.921
G1 F1500 X122.921 Y122.02 E1080.36905
G0 F9000 X123.204 Y122.303
G1 F1500 X122.303 Y123.205 E1080.41145
G0 F9000 X122.585 Y123.488
G1 F1500 X123.487 Y122.586 E1080.45388
G0 F9000 X123.77 Y122.869
G1 F1500 X122.868 Y123.771 E1080.49631
G0 F9000 X123.15 Y124.054
G1 F1500 X124.052 Y123.153 E1080.53871
G0 F9000 X124.335 Y123.435
G1 F1500 X123.433 Y124.337 E1080.58114
G0 F9000 X123.715 Y124.62
G1 F1500 X124.618 Y123.718 E1080.62359
G0 F9000 X124.901 Y124.001
G1 F1500 X123.998 Y124.903 E1080.66604
G0 F9000 X124.281 Y125.186
G1 F1500 X125.183 Y124.284 E1080.70847
G0 F9000 X125.425 Y124.043
G0 X125.712 Y124.429
G0 X124.431 Y125.714
G0 X117.5 Y125.742
G0 X112.849 Y121.08
G0 X112.596 Y121.021
G0 X112.693 Y121.119
G1 F1500 X113.88 Y122.305 E1080.76428
G1 X110.568 Y125.613 E1080.91997
G1 X109.383 Y124.428 E1080.97571
G1 X112.693 Y121.119 E1081.13138
G0 F9000 X112.742 Y121.452
G1 F1500 X109.716 Y124.478 E1081.27371
G0 F9000 X109.999 Y124.761
G1 F1500 X113.025 Y121.735 E1081.41604
G0 F9000 X113.308 Y122.017
G1 F1500 X110.282 Y125.043 E1081.55838
G0 F9000 X110.565 Y125.326
G1 F1500 X113.591 Y122.3 E1081.70071
G1 F2700 E1076.70071
;MESH:NONMESH
G0 F300 X113.591 Y122.3 Z1.4
G0 F9000 X113.832 Y122.06
G0 X109.258 Y117.5
G0 X109.286 Y110.569
G0 X115.271 Y85.646
G0 X115.073 Y85.42
;TIME_ELAPSED:1513.640896
;LAYER:6
;TYPE:WALL-INNER
;MESH:quadrato.stl
G1 F2700 E1081.70071
G1 F1500 X85.421 Y115.073 E1083.09547
G1 X84.861 Y115.803 E1083.12608
G1 X84.525 Y116.617 E1083.15537
G1 X84.406 Y117.499 E1083.18497
G1 X84.525 Y118.378 E1083.21447
G1 X84.861 Y119.193 E1083.24379
G1 X85.421 Y119.923 E1083.27439
G1 X115.073 Y149.575 E1084.66913
G1 X115.804 Y150.136 E1084.69978
G1 X116.617 Y150.475 E1084.72907
G1 X117.499 Y150.59 E1084.75866
G1 X118.378 Y150.475 E1084.78814
G1 X119.193 Y150.136 E1084.8175
G1 X119.923 Y149.575 E1084.84812
G1 X149.58 Y119.919 E1086.24307
G1 X150.14 Y119.192 E1086.2736
G1 X150.475 Y118.383 E1086.30272
G1 X150.59 Y117.499 E1086.33237
G1 X150.475 Y116.613 E1086.36208
G1 X150.14 Y115.804 E1086.39121
G1 X149.58 Y115.077 E1086.42173
G1 X119.92 Y85.417 E1087.81684
G1 X119.192 Y84.86 E1087.84733
G1 X118.382 Y84.521 E1087.87654
G1 X117.501 Y84.406 E1087.90609
G1 X116.613 Y84.525 E1087.93589
G1 X115.807 Y84.857 E1087.96488
G1 X115.073 Y85.42 E1087.99565
G0 F9000 X115.271 Y85.646
G0 X117.064 Y109.594
G0 X117.323 Y109.854
G1 F1500 X117.543 Y109.829 E1088.00301
G1 X117.873 Y109.951 E1088.01471
G1 X125.048 Y117.13 E1088.3523
G1 X125.142 Y117.323 E1088.35944
G1 X125.167 Y117.543 E1088.3668
G1 X125.045 Y117.873 E1088.3785
G1 X117.87 Y125.048 E1088.71599
G1 X117.677 Y125.142 E1088.72313
G1 X117.456 Y125.167 E1088.73053
G1 X117.127 Y125.045 E1088.7422
G1 X109.948 Y117.87 E1089.07979
G1 X109.854 Y117.677 E1089.08693
G1 X109.829 Y117.456 E1089.09432
G1 X109.951 Y117.127 E1089.10599
G1 X117.13 Y109.948 E1089.44367
G1 X117.323 Y109.854 E1089.45081
G1 F2700 E1084.45081
G0 F9000 X117.064 Y109.594
G0 X110.571 Y109.288
G0 X109.286 Y110.569
G0 X109.759 Y116.899
G0 X110.252 Y117.392
;TYPE:WALL-OUTER
G1 F2700 E1089.45081
G1 F1500 X117.37 Y110.275 E1089.7856
G1 X117.544 Y110.232 E1089.79156
G1 X117.642 Y110.286 E1089.79528
G1 X124.721 Y117.37 E1090.12837
G1 X124.764 Y117.544 E1090.13433
G1 X124.71 Y117.642 E1090.13806
G1 X117.63 Y124.721 E1090.47105
G1 X117.456 Y124.764 E1090.47702
G1 X117.358 Y124.71 E1090.48074
G1 X110.254 Y117.61 E1090.81479
G1 X110.252 Y117.392 E1090.82204
G1 F2700 E1085.82204
G0 F9000 X109.759 Y116.899
G0 X85.646 Y115.271
G0 X85.119 Y114.809
G1 F2700 E1090.82204
G1 F1500 X84.511 Y115.601 E1090.85525
G1 X84.135 Y116.513 E1090.88806
G1 X84.002 Y117.499 E1090.92115
G1 X84.135 Y118.483 E1090.95418
G1 X84.511 Y119.395 E1090.98699
G1 X85.119 Y120.187 E1091.0202
G1 X114.809 Y149.877 E1092.41673
G1 X115.602 Y150.485 E1092.44996
G1 X116.513 Y150.865 E1092.48279
G1 X117.499 Y150.994 E1092.51587
G1 X118.483 Y150.865 E1092.54887
G1 X119.395 Y150.485 E1092.58173
G1 X120.187 Y149.877 E1092.61494
G1 X149.881 Y120.183 E1094.01166
G1 X150.489 Y119.394 E1094.04479
G1 X150.865 Y118.487 E1094.07744
G1 X150.994 Y117.499 E1094.11058
G1 X150.865 Y116.509 E1094.14379
G1 X150.489 Y115.602 E1094.17645
G1 X149.881 Y114.813 E1094.20958
G1 X120.184 Y85.115 E1095.60646
G1 X119.394 Y84.511 E1095.63953
G1 X118.487 Y84.131 E1095.67224
G1 X117.501 Y84.002 E1095.70531
G1 X116.509 Y84.135 E1095.7386
G1 X115.605 Y84.507 E1095.77112
G1 X114.809 Y85.119 E1095.80451
G1 X85.119 Y114.809 E1097.20104
G0 F9000 X85.646 Y115.271
G0 X86.246 Y114.671
G0 X86.092 Y114.516
;TYPE:FILL
G1 F3000 X135.631 Y101.242 E1098.90684
G0 F9000 X135.478 Y101.395
G0 X133.604 Y99.521
G0 X133.756 Y99.369
G1 F3000 X120.484 Y148.899 E1100.61233
G0 F9000 X120.643 Y148.739
G1 F3000 X115.805 Y150.036 E1100.77892
G0 F9000 X115.936 Y149.865
G0 X114.475 Y148.558
G0 X114.323 Y148.71
G1 F3000 X121.327 Y122.571 E1101.67898
G0 F9000 X121.257 Y122.64
G0 X122.155 Y123.539
G0 X122.226 Y123.469
G1 F3000 X118.583 Y124.445 E1101.80442
G0 F9000 X117.971 Y125.057
G1 F3000 X131.149 Y138.235 E1102.42427
G0 F9000 X130.999 Y138.084
G0 X128.979 Y140.104
G0 X129.129 Y140.254
G1 F3000 X110.782 Y145.17 E1103.05602
G0 F9000 X110.935 Y145.018
G0 X109.576 Y143.659
G0 X109.424 Y143.811
G1 F3000 X114.995 Y123.022 E1103.77186
G0 F9000 X114.837 Y123.179
G0 X116.718 Y125.06
G0 X116.877 Y124.902
G1 F3000 X96.085 Y130.473 E1104.4878
G0 F9000 X96.238 Y130.321
G0 X94.88 Y128.963
G0 X94.727 Y129.115
G1 F3000 X103.232 Y97.376 E1105.58069
G0 F9000 X103.063 Y97.545
G1 F3000 X125.833 Y91.444 E1106.36473
G0 F9000 X125.68 Y91.597
G0 X123.805 Y89.722
G0 X123.958 Y89.57
G1 F3000 X118.389 Y110.357 E1107.08049
G0 F9000 X118.544 Y110.202
G0 X119.897 Y111.555
G0 X119.741 Y111.711
G1 F3000 X122.889 Y110.868 E1107.18889
G0 F9000 X122.819 Y110.797
G0 X121.751 Y111.866
G0 X121.82 Y111.936
G1 F3000 X105.246 Y95.362 E1107.96848
G0 F9000 X105.4 Y95.517
G0 X101.158 Y99.759
G0 X101.003 Y99.604
G1 F3000 X114.184 Y112.785 E1108.58847
G0 F9000 X114.029 Y112.629
G0 X110.571 Y109.288
G0 X109.286 Y110.569
G0 X112.357 Y113.741
G0 X112.428 Y113.671
G1 F3000 X86.286 Y120.675 E1109.48862
G0 F9000 X86.439 Y120.522
G0 X85.135 Y119.064
G0 X84.962 Y119.195
G1 F3000 X86.261 Y114.347 E1109.65556
G0 F9000 X86.415 Y114.502
G0 X88.43 Y112.487
G0 X88.275 Y112.332
G1 F3000 X122.663 Y146.72 E1111.27306
G0 F9000 X122.513 Y146.57
G0 X126.756 Y142.327
G0 X126.906 Y142.478
G1 F3000 X92.518 Y108.09 E1112.89057
G0 F9000 X92.672 Y108.245
G0 X94.732 Y106.185
G0 X94.577 Y106.03
G1 F3000 X130.732 Y96.343 E1114.1355
G0 F9000 X130.579 Y96.496
G0 X128.704 Y94.621
G0 X128.857 Y94.469
G1 F3000 X124.782 Y109.678 E1114.6592
G0 F9000 X125.318 Y110.217
G1 F3000 X140.53 Y106.141 E1115.183
G0 F9000 X140.377 Y106.294
G0 X138.502 Y104.419
G0 X138.655 Y104.267
G1 F3000 X128.97 Y140.414 E1116.42766
G0 F9000 X128.82 Y140.263
G0 X135.241 Y133.842
G0 X135.391 Y133.992
G1 F3000 X122.214 Y120.815 E1117.04747
G0 F9000 X122.37 Y120.972
G0 X124.257 Y122.874
G0 X124.186 Y122.944
G1 F3000 X150.131 Y115.991 E1117.94085
G0 F9000 X149.926 Y116.075
G0 X148.3 Y114.217
G0 X148.453 Y114.065
G1 F3000 X145.94 Y123.444 E1118.2638
G0 F9000 X146.099 Y123.283
G1 F3000 X100.984 Y135.372 E1119.81727
G0 F9000 X101.137 Y135.22
G0 X99.779 Y133.862
G0 X99.626 Y134.014
G1 F3000 X111.717 Y88.89 E1121.37104
G0 F9000 X111.549 Y89.06
G1 F3000 X120.935 Y86.545 E1121.69424
G0 F9000 X120.781 Y86.698
G0 X118.922 Y85.072
G0 X119.006 Y84.87
G1 F3000 X112.055 Y110.812 E1122.58751
G0 F9000 X112.125 Y110.743
G0 X110.571 Y109.288
G0 X109.286 Y110.569
G0 X111.459 Y112.843
G0 X111.529 Y112.774
G1 F3000 X110.555 Y116.411 E1122.71274
G0 F9000 X109.94 Y117.026
G1 F3000 X96.76 Y103.847 E1123.33266
G0 F9000 X96.915 Y104.002
G0 X94.901 Y106.016
G0 X94.746 Y105.861
G1 F3000 X89.828 Y124.216 E1123.96468
G0 F9000 X89.981 Y124.064
G0 X91.338 Y125.421
G0 X91.185 Y125.574
G1 F3000 X111.975 Y120.004 E1124.68055
G0 F9000 X111.818 Y120.16
G0 X109.939 Y118.281
G0 X110.095 Y118.126
G1 F3000 X104.525 Y138.912 E1125.39628
G0 F9000 X104.677 Y138.76
G0 X106.036 Y140.119
G0 X105.883 Y140.271
G1 F3000 X137.614 Y131.769 E1126.48889
G0 F9000 X137.455 Y131.929
G1 F3000 X143.554 Y109.166 E1127.27269
G0 F9000 X143.401 Y109.318
G0 X145.276 Y111.193
G0 X145.429 Y111.04
G1 F3000 X124.636 Y116.611 E1127.98866
G0 F9000 X124.795 Y116.453
G0 X123.444 Y115.102
G0 X123.287 Y115.259
G1 F3000 X124.13 Y112.111 E1128.09706
G0 F9000 X124.2 Y112.182
G0 X123.132 Y113.25
G0 X123.063 Y113.18
G1 F3000 X139.634 Y129.75 E1128.87648
G0 F9000 X139.484 Y129.599
G0 X143.726 Y125.357
G0 X143.876 Y125.507
G1 F3000 X109.488 Y91.119 E1130.49399
G0 F9000 X109.643 Y91.274
G0 X113.885 Y87.032
G0 X113.731 Y86.877
G1 F3000 X148.119 Y121.265 E1132.11149
G1 F2700 E1127.11149
G0 F9000 X147.969 Y121.114
G0 X117.884 Y150.24
G0 X117.912 Y150.455
G1 F2700 E1132.11149
G1 F3000 X84.542 Y117.084 E1133.68114
G0 F9000 X84.759 Y117.113
G0 X109.286 Y110.47
G0 X109.383 Y110.568
;TYPE:SKIN
G1 F1500 X110.568 Y109.383 E1133.73688
G1 X113.877 Y112.692 E1133.89252
G1 X112.692 Y113.877 E1133.94826
G1 X109.383 Y110.568 E1134.10391
G0 F9000 X109.286 Y110.47
G0 X110.163 Y109.595
G0 X110.4 Y109.834
G1 F1500 X113.426 Y112.86 E1134.24624
G0 F9000 X113.143 Y113.143
G1 F1500 X110.117 Y110.117 E1134.38858
G0 F9000 X109.834 Y110.4
G1 F1500 X112.86 Y113.426 E1134.53091
G0 F9000 X112.45 Y113.834
G0 X109.286 Y110.569
G0 X110.571 Y109.288
G0 X117.5 Y109.258
G0 X121.022 Y112.594
G0 X121.119 Y112.692
G1 F1500 X124.428 Y109.383 E1134.68655
G1 X125.613 Y110.568 E1134.74229
G1 X122.304 Y113.877 E1134.89794
G1 X121.119 Y112.692 E1134.95368
G0 F9000 X121.022 Y112.594
G0 X124.431 Y109.286
G0 X125.712 Y110.57
G0 X122.716 Y113.666
G0 X122.474 Y113.423
G1 F1500 X121.572 Y112.521 E1134.9961
G0 F9000 X121.855 Y112.238
G1 F1500 X122.757 Y113.141 E1135.03856
G0 F9000 X123.04 Y112.858
G1 F1500 X122.138 Y111.956 E1135.08098
G0 F9000 X122.421 Y111.673
G1 F1500 X123.323 Y112.575 E1135.12341
G0 F9000 X123.606 Y112.292
G1 F1500 X122.704 Y111.39 E1135.16584
G0 F9000 X122.986 Y111.107
G1 F1500 X123.889 Y112.009 E1135.20829
G0 F9000 X124.171 Y111.726
G1 F1500 X123.269 Y110.824 E1135.25072
G0 F9000 X123.552 Y110.541
G1 F1500 X124.454 Y111.444 E1135.29317
G0 F9000 X124.737 Y111.161
G1 F1500 X123.835 Y110.258 E1135.33562
G0 F9000 X124.118 Y109.976
G1 F1500 X125.02 Y110.878 E1135.37804
G0 F9000 X125.303 Y110.595
G1 F1500 X124.401 Y109.693 E1135.42047
G0 F9000 X124.163 Y109.454
G0 X124.431 Y109.286
G0 X125.712 Y110.57
G0 X125.742 Y117.5
G0 X122.403 Y121.021
G0 X122.304 Y121.119
G1 F1500 X125.613 Y124.429 E1135.57614
G1 X124.427 Y125.616 E1135.63195
G1 X121.119 Y122.304 E1135.78764
G1 X122.304 Y121.119 E1135.84338
G0 F9000 X122.403 Y121.021
G0 X125.712 Y124.429
G0 X124.431 Y125.714
G0 X121.161 Y122.545
G0 X121.571 Y122.136
G1 F1500 X124.596 Y125.162 E1135.98569
G0 F9000 X124.879 Y124.879
G1 F1500 X121.854 Y121.854 E1136.12798
G0 F9000 X122.136 Y121.571
G1 F1500 X125.162 Y124.596 E1136.27029
G0 F9000 X125.404 Y124.838
G0 X124.431 Y125.714
G0 X117.5 Y125.742
G0 X112.874 Y121.103
G0 X112.596 Y121.021
G0 X112.693 Y121.119
G1 F1500 X113.88 Y122.305 E1136.3261
G1 X110.568 Y125.613 E1136.48179
G1 X109.383 Y124.428 E1136.53753
G1 X112.693 Y121.119 E1136.6932
G0 F9000 X112.596 Y121.021
G0 X113.978 Y122.306
G0 X113.666 Y122.718
G0 X113.425 Y122.476
G1 F1500 X112.523 Y121.574 E1136.73562
G0 F9000 X112.24 Y121.856
G1 F1500 X113.142 Y122.759 E1136.77808
G0 F9000 X112.859 Y123.042
G1 F1500 X111.957 Y122.139 E1136.82053
G0 F9000 X111.674 Y122.422
G1 F1500 X112.576 Y123.324 E1136.86295
G0 F9000 X112.293 Y123.607
G1 F1500 X111.391 Y122.705 E1136.90538
G0 F9000 X111.108 Y122.987
G1 F1500 X112.009 Y123.889 E1136.94779
G0 F9000 X111.726 Y124.171
G1 F1500 X110.825 Y123.27 E1136.99017
G0 F9000 X110.542 Y123.553
G1 F1500 X111.444 Y124.454 E1137.03257
G0 F9000 X111.16 Y124.736
G1 F1500 X110.259 Y123.836 E1137.07493
G0 F9000 X109.976 Y124.118
G1 F1500 X110.877 Y125.019 E1137.11731
G0 F9000 X110.594 Y125.302
G1 F1500 X109.693 Y124.401 E1137.15969
G0 F9000 X109.243 Y123.95
G1 F2700 E1132.15969
;MESH:NONMESH
G0 F300 X109.243 Y123.95 Z1.6
G0 F9000 X109.286 Y110.569
G0 X115.271 Y85.646
G0 X115.073 Y85.42
;TIME_ELAPSED:1578.423194
;LAYER:7
;TYPE:WALL-INNER
;MESH:quadrato.stl
G1 F2700 E1137.15969
G1 F1500 X85.421 Y115.073 E1138.55445
G1 X84.861 Y115.803 E1138.58505
G1 X84.525 Y116.617 E1138.61434
G1 X84.406 Y117.499 E1138.64394
G1 X84.525 Y118.378 E1138.67344
G1 X84.861 Y119.193 E1138.70276
G1 X85.421 Y119.923 E1138.73336
G1 X115.073 Y149.575 E1140.1281
G1 X115.804 Y150.136 E1140.15875
G1 X116.617 Y150.475 E1140.18805
G1 X117.499 Y150.59 E1140.21763
G1 X118.378 Y150.475 E1140.24712
G1 X119.193 Y150.136 E1140.27648
G1 X119.923 Y149.575 E1140.3071
G1 X149.58 Y119.919 E1141.70205
G1 X150.14 Y119.192 E1141.73257
G1 X150.475 Y118.383 E1141.76169
G1 X150.59 Y117.499 E1141.79134
G1 X150.475 Y116.613 E1141.82106
G1 X150.14 Y115.804 E1141.85018
G1 X149.58 Y115.077 E1141.8807
G1 X119.92 Y85.417 E1143.27582
G1 X119.192 Y84.86 E1143.30631
G1 X118.382 Y84.521 E1143.33551
G1 X117.501 Y84.406 E1143.36506
G1 X116.613 Y84.525 E1143.39486
G1 X115.807 Y84.857 E1143.42385
G1 X115.073 Y85.42 E1143.45462
G0 F9000 X115.271 Y85.646
G0 X117.064 Y109.594
G0 X117.323 Y109.854
G1 F1500 X117.543 Y109.829 E1143.46199
G1 X117.873 Y109.951 E1143.47369
G1 X125.048 Y117.13 E1143.81127
G1 X125.142 Y117.323 E1143.81841
G1 X125.167 Y117.543 E1143.82578
G1 X125.045 Y117.873 E1143.83748
G1 X117.87 Y125.048 E1144.17497
G1 X117.677 Y125.142 E1144.18211
G1 X117.456 Y125.167 E1144.18951
G1 X117.127 Y125.045 E1144.20118
G1 X109.948 Y117.87 E1144.53876
G1 X109.854 Y117.677 E1144.5459
G1 X109.829 Y117.456 E1144.5533
G1 X109.951 Y117.127 E1144.56497
G1 X117.13 Y109.948 E1144.90265
G1 X117.323 Y109.854 E1144.90979
G1 F2700 E1139.90979
G0 F9000 X117.064 Y109.594
G0 X110.571 Y109.288
G0 X109.286 Y110.569
G0 X109.759 Y116.899
G0 X110.252 Y117.392
;TYPE:WALL-OUTER
G1 F2700 E1144.90979
G1 F1500 X117.37 Y110.275 E1145.24457
G1 X117.544 Y110.232 E1145.25053
G1 X117.642 Y110.286 E1145.25426
G1 X124.721 Y117.37 E1145.58735
G1 X124.764 Y117.544 E1145.59331
G1 X124.71 Y117.642 E1145.59703
G1 X117.63 Y124.721 E1145.93003
G1 X117.456 Y124.764 E1145.93599
G1 X117.358 Y124.71 E1145.93971
G1 X110.254 Y117.61 E1146.27377
G1 X110.252 Y117.392 E1146.28102
G1 F2700 E1141.28102
G0 F9000 X109.759 Y116.899
G0 X85.646 Y115.271
G0 X85.119 Y114.809
G1 F2700 E1146.28102
G1 F1500 X84.511 Y115.601 E1146.31423
G1 X84.135 Y116.513 E1146.34704
G1 X84.002 Y117.499 E1146.38013
G1 X84.135 Y118.483 E1146.41315
G1 X84.511 Y119.395 E1146.44597
G1 X85.119 Y120.187 E1146.47917
G1 X114.809 Y149.877 E1147.8757
G1 X115.602 Y150.485 E1147.90894
G1 X116.513 Y150.865 E1147.94177
G1 X117.499 Y150.994 E1147.97484
G1 X118.483 Y150.865 E1148.00785
G1 X119.395 Y150.485 E1148.04071
G1 X120.187 Y149.877 E1148.07392
G1 X149.881 Y120.183 E1149.47063
G1 X150.489 Y119.394 E1149.50376
G1 X150.865 Y118.487 E1149.53642
G1 X150.994 Y117.499 E1149.56956
G1 X150.865 Y116.509 E1149.60277
G1 X150.489 Y115.602 E1149.63542
G1 X149.881 Y114.813 E1149.66855
G1 X120.184 Y85.115 E1151.06543
G1 X119.394 Y84.511 E1151.09851
G1 X118.487 Y84.131 E1151.13121
G1 X117.501 Y84.002 E1151.16429
G1 X116.509 Y84.135 E1151.19758
G1 X115.605 Y84.507 E1151.23009
G1 X114.809 Y85.119 E1151.26349
G1 X85.119 Y114.809 E1152.66001
G0 F9000 X85.892 Y114.717
;TYPE:FILL
G1 F3000 X135.747 Y101.358 E1154.37669
G0 F9000 X135.594 Y101.511
G0 X133.488 Y99.405
G0 X133.64 Y99.253
G1 F3000 X120.284 Y149.1 E1156.09309
G0 F9000 X120.443 Y148.94
G1 F3000 X115.999 Y150.131 E1156.24612
G0 F9000 X116.082 Y149.931
G0 X118.062 Y150.217
G0 X118.09 Y150.431
G1 F3000 X84.566 Y116.907 E1157.82298
G0 F9000 X84.783 Y116.936
G0 X85.069 Y118.917
G0 X84.867 Y119
G1 F3000 X86.06 Y114.548 E1157.97628
G0 F9000 X86.214 Y114.703
G0 X88.53 Y112.387
G0 X88.376 Y112.232
G1 F3000 X122.764 Y146.62 E1159.59379
G0 F9000 X122.614 Y146.469
G0 X126.856 Y142.227
G0 X127.006 Y142.377
G1 F3000 X92.618 Y107.989 E1161.21129
G0 F9000 X92.773 Y108.144
G0 X94.531 Y106.386
G0 X94.377 Y106.231
G1 F3000 X130.848 Y96.459 E1162.46711
G0 F9000 X130.695 Y96.612
G0 X128.588 Y94.505
G0 X128.741 Y94.353
G1 F3000 X123.171 Y115.143 E1163.18298
G0 F9000 X123.328 Y114.986
G0 X124.911 Y116.569
G0 X124.752 Y116.727
G1 F3000 X145.545 Y111.156 E1163.89895
G0 F9000 X145.392 Y111.309
G0 X143.285 Y109.202
G0 X143.438 Y109.05
G1 F3000 X137.254 Y132.13 E1164.69367
G0 F9000 X137.413 Y131.97
G1 F3000 X105.999 Y140.387 E1165.77536
G0 F9000 X106.152 Y140.235
G0 X104.562 Y138.645
G0 X104.409 Y138.797
G1 F3000 X109.979 Y118.01 E1166.49113
G0 F9000 X109.823 Y118.165
G0 X109.258 Y117.5
G0 X109.886 Y116.772
G0 X110.04 Y116.926
G1 F3000 X96.861 Y103.747 E1167.11103
G0 F9000 X97.015 Y103.902
G0 X94.7 Y106.217
G0 X94.546 Y106.062
G1 F3000 X89.712 Y124.1 E1167.73214
G0 F9000 X89.865 Y123.948
G0 X91.454 Y125.537
G0 X91.301 Y125.69
G1 F3000 X112.092 Y120.12 E1168.44804
G0 F9000 X111.935 Y120.277
G0 X109.258 Y117.5
G0 X110.2 Y116.458
G0 X110.354 Y116.612
G1 F3000 X111.413 Y112.658 E1168.58419
G0 F9000 X111.343 Y112.727
G0 X112.473 Y113.857
G0 X112.544 Y113.787
G1 F3000 X86.402 Y120.791 E1169.48434
G0 F9000 X86.555 Y120.638
G0 X94.764 Y128.847
G0 X94.611 Y128.999
G1 F3000 X103.031 Y97.577 E1170.56631
G0 F9000 X102.862 Y97.746
G1 F3000 X125.949 Y91.56 E1171.36127
G0 F9000 X125.796 Y91.713
G0 X123.689 Y89.606
G0 X123.842 Y89.454
G1 F3000 X118.273 Y110.241 E1172.07703
G0 F9000 X118.428 Y110.086
G0 X120.013 Y111.671
G0 X119.856 Y111.827
G1 F3000 X140.646 Y106.257 E1172.7929
G0 F9000 X140.493 Y106.41
G0 X138.386 Y104.303
G0 X138.539 Y104.151
G1 F3000 X128.769 Y140.615 E1174.04847
G0 F9000 X128.928 Y140.455
G1 F3000 X110.898 Y145.286 E1174.66931
G0 F9000 X111.051 Y145.134
G0 X109.46 Y143.543
G0 X109.308 Y143.695
G1 F3000 X114.879 Y122.906 E1175.38515
G0 F9000 X114.721 Y123.063
G0 X116.834 Y125.176
G0 X116.993 Y125.018
G1 F3000 X96.201 Y130.589 E1176.10109
G0 F9000 X96.354 Y130.437
G0 X99.663 Y133.746
G0 X99.51 Y133.898
G1 F3000 X111.516 Y89.091 E1177.64395
G0 F9000 X111.348 Y89.26
G1 F3000 X121.051 Y86.661 E1177.97805
G0 F9000 X120.897 Y86.814
G0 X118.79 Y85.017
G0 X118.874 Y84.815
G1 F3000 X111.939 Y110.696 E1178.86922
G0 F9000 X112.009 Y110.627
G0 X114.129 Y112.529
G0 X114.284 Y112.685
G1 F3000 X101.104 Y99.504 E1179.48919
G0 F9000 X101.258 Y99.659
G0 X105.501 Y95.416
G0 X105.346 Y95.261
G1 F3000 X139.734 Y129.649 E1181.1067
G0 F9000 X139.584 Y129.499
G0 X135.342 Y133.741
G0 X135.492 Y133.892
G1 F3000 X122.314 Y120.714 E1181.72655
G0 F9000 X122.471 Y120.871
G0 X125.712 Y124.429
G0 X124.431 Y125.714
G0 X121.141 Y122.524
G0 X121.211 Y122.455
G1 F3000 X114.207 Y148.594 E1182.6266
G0 F9000 X114.359 Y148.442
G0 X101.253 Y135.336
G0 X101.1 Y135.488
G1 F3000 X145.898 Y123.484 E1184.16916
G0 F9000 X145.739 Y123.645
G1 F3000 X148.337 Y113.949 E1184.50302
G0 F9000 X148.184 Y114.101
G0 X149.982 Y116.208
G0 X150.187 Y116.124
G1 F3000 X124.302 Y123.06 E1185.39433
G0 F9000 X124.373 Y122.99
G0 X125.712 Y124.429
G0 X124.431 Y125.714
G0 X122.271 Y123.655
G0 X122.342 Y123.585
G1 F3000 X118.382 Y124.646 E1185.53069
G0 F9000 X118.071 Y124.957
G1 F3000 X131.249 Y138.135 E1186.15054
G0 F9000 X131.099 Y137.984
G0 X143.827 Y125.256
G0 X143.977 Y125.407
G1 F3000 X109.589 Y91.019 E1187.76805
G0 F9000 X109.743 Y91.174
G0 X113.986 Y86.931
G0 X113.831 Y86.776
G1 F3000 X148.219 Y121.164 E1189.38555
G0 F9000 X148.069 Y121.014
G0 X122.403 Y121.021
G0 X122.304 Y121.119
;TYPE:SKIN
G1 F1500 X125.613 Y124.429 E1189.54122
G1 X124.427 Y125.616 E1189.59703
G1 X121.119 Y122.304 E1189.75272
G1 X122.304 Y121.119 E1189.80846
G0 F9000 X122.403 Y121.021
G0 X125.712 Y124.429
G0 X124.431 Y125.714
G0 X121.213 Y122.597
G0 X121.455 Y122.356
G1 F1500 X122.356 Y121.455 E1189.85084
G0 F9000 X122.638 Y121.738
G1 F1500 X121.738 Y122.638 E1189.89318
G0 F9000 X122.02 Y122.921
G1 F1500 X122.921 Y122.02 E1189.93556
G0 F9000 X123.204 Y122.303
G1 F1500 X122.303 Y123.205 E1189.97796
G0 F9000 X122.585 Y123.488
G1 F1500 X123.487 Y122.586 E1190.02039
G0 F9000 X123.77 Y122.869
G1 F1500 X122.868 Y123.771 E1190.06281
G0 F9000 X123.15 Y124.054
G1 F1500 X124.052 Y123.153 E1190.10522
G0 F9000 X124.335 Y123.435
G1 F1500 X123.433 Y124.337 E1190.14765
G0 F9000 X123.715 Y124.62
G1 F1500 X124.618 Y123.718 E1190.1901
G0 F9000 X124.901 Y124.001
G1 F1500 X123.998 Y124.903 E1190.23255
G0 F9000 X124.281 Y125.186
G1 F1500 X125.183 Y124.284 E1190.27497
G0 F9000 X125.425 Y124.043
G0 X125.742 Y117.5
G0 X117.5 Y109.258
G0 X110.571 Y109.288
G0 X109.286 Y110.47
G0 X109.383 Y110.568
G1 F1500 X110.568 Y109.383 E1190.33071
G1 X113.877 Y112.692 E1190.48636
G1 X112.692 Y113.877 E1190.5421
G1 X109.383 Y110.568 E1190.69774
G0 F9000 X109.858 Y110.76
G1 F1500 X110.76 Y109.858 E1190.74017
G0 F9000 X111.043 Y110.14
G1 F1500 X110.14 Y111.043 E1190.78264
G0 F9000 X110.423 Y111.325
G1 F1500 X111.325 Y110.423 E1190.82507
G0 F9000 X111.608 Y110.706
G1 F1500 X110.706 Y111.608 E1190.8675
G0 F9000 X110.989 Y111.891
G1 F1500 X111.891 Y110.989 E1190.90993
G0 F9000 X112.174 Y111.272
G1 F1500 X111.272 Y112.174 E1190.95235
G0 F9000 X111.555 Y112.457
G1 F1500 X112.457 Y111.555 E1190.99478
G0 F9000 X112.74 Y111.837
G1 F1500 X111.837 Y112.74 E1191.03726
G0 F9000 X112.12 Y113.023
G1 F1500 X113.023 Y112.12 E1191.07973
G0 F9000 X113.305 Y112.403
G1 F1500 X112.403 Y113.305 E1191.12216
G0 F9000 X112.686 Y113.588
G1 F1500 X113.588 Y112.686 E1191.16458
G0 F9000 X114.021 Y112.213
;MESH:NONMESH
G0 F300 X114.021 Y112.213 Z1.8
G0 F9000 X115.271 Y85.646
G0 X115.073 Y85.42
;TIME_ELAPSED:1638.142544
;LAYER:8
;TYPE:WALL-INNER
;MESH:quadrato.stl
G1 F1500 X85.421 Y115.073 E1192.55935
G1 X84.861 Y115.803 E1192.58995
G1 X84.525 Y116.617 E1192.61924
G1 X84.406 Y117.499 E1192.64884
G1 X84.525 Y118.378 E1192.67834
G1 X84.861 Y119.193 E1192.70766
G1 X85.421 Y119.923 E1192.73826
G1 X115.073 Y149.575 E1194.133
G1 X115.804 Y150.136 E1194.16365
G1 X116.617 Y150.475 E1194.19295
G1 X117.499 Y150.59 E1194.22253
G1 X118.378 Y150.475 E1194.25202
G1 X119.193 Y150.136 E1194.28137
G1 X119.923 Y149.575 E1194.312
G1 X149.58 Y119.919 E1195.70695
G1 X150.14 Y119.192 E1195.73747
G1 X150.475 Y118.383 E1195.76659
G1 X150.59 Y117.499 E1195.79624
G1 X150.475 Y116.613 E1195.82596
G1 X150.14 Y115.804 E1195.85508
G1 X149.58 Y115.077 E1195.8856
G1 X119.92 Y85.417 E1197.28072
G1 X119.192 Y84.86 E1197.3112
G1 X118.382 Y84.521 E1197.34041
G1 X117.501 Y84.406 E1197.36996
G1 X116.613 Y84.525 E1197.39976
G1 X115.807 Y84.857 E1197.42875
G1 X115.073 Y85.42 E1197.45952
G0 F9000 X115.271 Y85.646
G0 X117.064 Y109.594
G0 X117.323 Y109.854
G1 F1500 X117.543 Y109.829 E1197.46688
G1 X117.873 Y109.951 E1197.47859
G1 X125.048 Y117.13 E1197.81617
G1 X125.142 Y117.323 E1197.82331
G1 X125.167 Y117.543 E1197.83067
G1 X125.045 Y117.873 E1197.84238
G1 X117.87 Y125.048 E1198.17987
G1 X117.677 Y125.142 E1198.18701
G1 X117.456 Y125.167 E1198.1944
G1 X117.127 Y125.045 E1198.20607
G1 X109.948 Y117.87 E1198.54366
G1 X109.854 Y117.677 E1198.5508
G1 X109.829 Y117.456 E1198.5582
G1 X109.951 Y117.127 E1198.56987
G1 X117.13 Y109.948 E1198.90755
G1 X117.323 Y109.854 E1198.91469
G1 F2700 E1193.91469
G0 F9000 X117.064 Y109.594
G0 X109.759 Y116.899
G0 X110.252 Y117.392
;TYPE:WALL-OUTER
G1 F2700 E1198.91469
G1 F1500 X117.37 Y110.275 E1199.24947
G1 X117.544 Y110.232 E1199.25543
G1 X117.642 Y110.286 E1199.25915
G1 X124.721 Y117.37 E1199.59225
G1 X124.764 Y117.544 E1199.59821
G1 X124.71 Y117.642 E1199.60193
G1 X117.63 Y124.721 E1199.93493
G1 X117.456 Y124.764 E1199.94089
G1 X117.358 Y124.71 E1199.94461
G1 X110.254 Y117.61 E1200.27867
G1 X110.252 Y117.392 E1200.28592
G1 F2700 E1195.28592
G0 F9000 X109.759 Y116.899
G0 X85.646 Y115.271
G0 X85.119 Y114.809
G1 F2700 E1200.28592
G1 F1500 X84.511 Y115.601 E1200.31913
G1 X84.135 Y116.513 E1200.35194
G1 X84.002 Y117.499 E1200.38503
G1 X84.135 Y118.483 E1200.41805
G1 X84.511 Y119.395 E1200.45086
G1 X85.119 Y120.187 E1200.48407
G1 X114.809 Y149.877 E1201.8806
G1 X115.602 Y150.485 E1201.91383
G1 X116.513 Y150.865 E1201.94666
G1 X117.499 Y150.994 E1201.97974
G1 X118.483 Y150.865 E1202.01275
G1 X119.395 Y150.485 E1202.04561
G1 X120.187 Y149.877 E1202.07882
G1 X149.881 Y120.183 E1203.47553
G1 X150.489 Y119.394 E1203.50866
G1 X150.865 Y118.487 E1203.54132
G1 X150.994 Y117.499 E1203.57446
G1 X150.865 Y116.509 E1203.60766
G1 X150.489 Y115.602 E1203.64032
G1 X149.881 Y114.813 E1203.67345
G1 X120.184 Y85.115 E1205.07033
G1 X119.394 Y84.511 E1205.1034
G1 X118.487 Y84.131 E1205.13611
G1 X117.501 Y84.002 E1205.16919
G1 X116.509 Y84.135 E1205.20247
G1 X115.605 Y84.507 E1205.23499
G1 X114.809 Y85.119 E1205.26838
G1 X85.119 Y114.809 E1206.66491
G0 F9000 X85.692 Y114.916
;TYPE:FILL
G1 F3000 X135.862 Y101.473 E1208.39244
G0 F9000 X135.709 Y101.626
G0 X133.372 Y99.289
G0 X133.525 Y99.137
G1 F3000 X120.084 Y149.299 E1210.11969
G0 F9000 X120.243 Y149.14
G1 F3000 X116.212 Y150.22 E1210.25849
G0 F9000 X116.296 Y150.019
G0 X118.238 Y150.193
G0 X118.266 Y150.409
G1 F3000 X84.59 Y116.732 E1211.84253
G0 F9000 X84.806 Y116.761
G0 X84.981 Y118.702
G0 X84.779 Y118.785
G1 F3000 X85.861 Y114.747 E1211.98157
G0 F9000 X86.015 Y114.902
G0 X88.63 Y112.287
G0 X88.475 Y112.132
G1 F3000 X122.863 Y146.52 E1213.59907
G0 F9000 X122.713 Y146.37
G0 X126.956 Y142.127
G0 X127.106 Y142.278
G1 F3000 X92.718 Y107.89 E1215.21658
G0 F9000 X92.872 Y108.045
G0 X94.331 Y106.586
G0 X94.177 Y106.431
G1 F3000 X130.964 Y96.574 E1216.48328
G0 F9000 X130.81 Y96.727
G0 X128.473 Y94.39
G0 X128.626 Y94.238
G1 F3000 X123.055 Y115.029 E1217.19919
G0 F9000 X123.213 Y114.871
G0 X125.026 Y116.684
G0 X124.867 Y116.842
G1 F3000 X145.66 Y111.271 E1217.91516
G0 F9000 X145.507 Y111.424
G0 X143.171 Y109.088
G0 X143.323 Y108.936
G1 F3000 X137.055 Y132.329 E1218.72066
G0 F9000 X137.214 Y132.169
G1 F3000 X106.114 Y140.502 E1219.79154
G0 F9000 X106.267 Y140.35
G0 X104.447 Y138.53
G0 X104.294 Y138.682
G1 F3000 X109.864 Y117.895 E1220.5073
G0 F9000 X109.708 Y118.05
G0 X109.258 Y117.5
G0 X109.986 Y116.672
G0 X110.14 Y116.826
G1 F3000 X96.961 Y103.647 E1221.1272
G0 F9000 X97.115 Y103.802
G0 X94.5 Y106.417
G0 X94.346 Y106.262
G1 F3000 X89.597 Y123.985 E1221.73747
G0 F9000 X89.75 Y123.833
G0 X91.57 Y125.653
G0 X91.417 Y125.805
G1 F3000 X112.206 Y120.235 E1222.4533
G0 F9000 X112.049 Y120.391
G0 X114.606 Y122.948
G0 X114.764 Y122.791
G1 F3000 X109.193 Y143.581 E1223.16918
G0 F9000 X109.346 Y143.429
G0 X111.166 Y145.249
G0 X111.013 Y145.401
G1 F3000 X128.728 Y140.654 E1223.77917
G0 F9000 X128.569 Y140.814
G1 F3000 X138.424 Y104.036 E1225.04556
G0 F9000 X138.271 Y104.188
G0 X140.608 Y106.525
G0 X140.761 Y106.372
G1 F3000 X119.972 Y111.942 E1225.7614
G0 F9000 X120.128 Y111.786
G0 X118.313 Y109.971
G0 X118.158 Y110.125
G1 F3000 X123.727 Y89.339 E1226.47712
G0 F9000 X123.574 Y89.491
G0 X125.911 Y91.828
G0 X126.065 Y91.675
G1 F3000 X102.663 Y97.945 E1227.28293
G0 F9000 X102.832 Y97.776
G1 F3000 X94.496 Y128.884 E1228.35409
G0 F9000 X94.649 Y128.732
G0 X96.469 Y130.552
G0 X96.316 Y130.704
G1 F3000 X117.109 Y125.133 E1229.07006
G0 F9000 X116.95 Y125.292
G0 X117.5 Y125.742
G0 X118.328 Y125.014
G0 X118.171 Y124.857
G1 F3000 X131.349 Y138.035 E1229.68991
G0 F9000 X131.199 Y137.884
G0 X135.441 Y133.642
G0 X135.591 Y133.792
G1 F3000 X122.414 Y120.615 E1230.30972
G0 F9000 X122.57 Y120.772
G0 X121.403 Y121.939
G0 X121.246 Y121.781
G1 F3000 X114.092 Y148.48 E1231.22906
G0 F9000 X114.245 Y148.328
G0 X101.368 Y135.451
G0 X101.215 Y135.603
G1 F3000 X145.699 Y123.684 E1232.76079
G0 F9000 X145.54 Y123.844
G1 F3000 X148.222 Y113.834 E1233.10547
G0 F9000 X148.069 Y113.986
G0 X150.036 Y116.339
G0 X150.24 Y116.255
G1 F3000 X118.182 Y124.845 E1234.20933
G0 F9000 X118.339 Y125.003
G0 X117.5 Y125.742
G0 X109.258 Y117.5
G0 X110.001 Y116.657
G0 X110.154 Y116.811
G1 F3000 X118.743 Y84.759 E1235.313
G0 F9000 X118.658 Y84.962
G0 X121.012 Y86.929
G0 X121.166 Y86.776
G1 F3000 X111.148 Y89.46 E1235.65795
G0 F9000 X111.317 Y89.29
G1 F3000 X99.395 Y133.783 E1237.19
G0 F9000 X99.548 Y133.631
G0 X86.671 Y120.754
G0 X86.518 Y120.906
G1 F3000 X113.215 Y113.753 E1238.10926
G0 F9000 X113.06 Y113.598
G0 X114.229 Y112.429
G0 X114.384 Y112.585
G1 F3000 X101.203 Y99.404 E1238.72926
G0 F9000 X101.358 Y99.559
G0 X105.6 Y95.317
G0 X105.446 Y95.162
G1 F3000 X139.834 Y129.55 E1240.34676
G0 F9000 X139.684 Y129.399
G0 X143.927 Y125.156
G0 X144.077 Y125.307
G1 F3000 X109.689 Y90.919 E1241.96427
G0 F9000 X109.843 Y91.074
G0 X114.086 Y86.831
G0 X113.931 Y86.676
G1 F3000 X148.319 Y121.064 E1243.58178
G0 F9000 X147.957 Y120.702
G1 F2700 E1238.58178
;MESH:NONMESH
G0 F300 X147.957 Y120.702 Z2
G0 F9000 X115.271 Y85.646
G0 X115.073 Y85.42
;TIME_ELAPSED:1691.741922
;LAYER:9
;TYPE:WALL-INNER
;MESH:quadrato.stl
G1 F2700 E1243.58178
G1 F1500 X85.421 Y115.073 E1244.97654
G1 X84.861 Y115.803 E1245.00714
G1 X84.525 Y116.617 E1245.03643
G1 X84.406 Y117.499 E1245.06603
G1 X84.525 Y118.378 E1245.09553
G1 X84.861 Y119.193 E1245.12485
G1 X85.421 Y119.923 E1245.15546
G1 X115.073 Y149.575 E1246.55019
G1 X115.804 Y150.136 E1246.58084
G1 X116.617 Y150.475 E1246.61014
G1 X117.499 Y150.59 E1246.63972
G1 X118.378 Y150.475 E1246.66921
G1 X119.193 Y150.136 E1246.69857
G1 X119.923 Y149.575 E1246.72919
G1 X149.58 Y119.919 E1248.12414
G1 X150.14 Y119.192 E1248.15466
G1 X150.475 Y118.383 E1248.18378
G1 X150.59 Y117.499 E1248.21343
G1 X150.475 Y116.613 E1248.24315
G1 X150.14 Y115.804 E1248.27227
G1 X149.58 Y115.077 E1248.30279
G1 X119.92 Y85.417 E1249.69791
G1 X119.192 Y84.86 E1249.7284
G1 X118.382 Y84.521 E1249.7576
G1 X117.501 Y84.406 E1249.78715
G1 X116.613 Y84.525 E1249.81695
G1 X115.807 Y84.857 E1249.84594
G1 X115.073 Y85.42 E1249.87671
G0 F9000 X115.271 Y85.646
G0 X117.064 Y109.594
G0 X117.323 Y109.854
G1 F1500 X117.543 Y109.829 E1249.88408
G1 X117.873 Y109.951 E1249.89578
G1 X125.048 Y117.13 E1250.23336
G1 X125.142 Y117.323 E1250.2405
G1 X125.167 Y117.543 E1250.24787
G1 X125.045 Y117.873 E1250.25957
G1 X117.87 Y125.048 E1250.59706
G1 X117.677 Y125.142 E1250.6042
G1 X117.456 Y125.167 E1250.6116
G1 X117.127 Y125.045 E1250.62327
G1 X109.948 Y117.87 E1250.96085
G1 X109.854 Y117.677 E1250.96799
G1 X109.829 Y117.456 E1250.97539
G1 X109.951 Y117.127 E1250.98706
G1 X117.13 Y109.948 E1251.32474
G1 X117.323 Y109.854 E1251.33188
G1 F2700 E1246.33188
G0 F9000 X117.064 Y109.594
G0 X109.759 Y116.899
G0 X110.252 Y117.392
;TYPE:WALL-OUTER
G1 F2700 E1251.33188
G1 F1500 X117.37 Y110.275 E1251.66666
G1 X117.544 Y110.232 E1251.67262
G1 X117.642 Y110.286 E1251.67635
G1 X124.721 Y117.37 E1252.00944
G1 X124.764 Y117.544 E1252.0154
G1 X124.71 Y117.642 E1252.01912
G1 X117.63 Y124.721 E1252.35212
G1 X117.456 Y124.764 E1252.35808
G1 X117.358 Y124.71 E1252.3618
G1 X110.254 Y117.61 E1252.69586
G1 X110.252 Y117.392 E1252.70311
G1 F2700 E1247.70311
G0 F9000 X109.759 Y116.899
G0 X85.646 Y115.271
G0 X85.119 Y114.809
G1 F2700 E1252.70311
G1 F1500 X84.511 Y115.601 E1252.73632
G1 X84.135 Y116.513 E1252.76913
G1 X84.002 Y117.499 E1252.80222
G1 X84.135 Y118.483 E1252.83525
G1 X84.511 Y119.395 E1252.86806
G1 X85.119 Y120.187 E1252.90126
G1 X114.809 Y149.877 E1254.29779
G1 X115.602 Y150.485 E1254.33103
G1 X116.513 Y150.865 E1254.36386
G1 X117.499 Y150.994 E1254.39693
G1 X118.483 Y150.865 E1254.42994
G1 X119.395 Y150.485 E1254.4628
G1 X120.187 Y149.877 E1254.49601
G1 X149.881 Y120.183 E1255.89272
G1 X150.489 Y119.394 E1255.92585
G1 X150.865 Y118.487 E1255.95851
G1 X150.994 Y117.499 E1255.99165
G1 X150.865 Y116.509 E1256.02486
G1 X150.489 Y115.602 E1256.05751
G1 X149.881 Y114.813 E1256.09064
G1 X120.184 Y85.115 E1257.48752
G1 X119.394 Y84.511 E1257.5206
G1 X118.487 Y84.131 E1257.5533
G1 X117.501 Y84.002 E1257.58638
G1 X116.509 Y84.135 E1257.61967
G1 X115.605 Y84.507 E1257.65218
G1 X114.809 Y85.119 E1257.68558
G1 X85.119 Y114.809 E1259.0821
G0 F9000 X85.491 Y115.117
;TYPE:FILL
G1 F3000 X135.978 Y101.589 E1260.82054
G0 F9000 X135.825 Y101.742
G0 X138.155 Y104.072
G0 X138.308 Y103.92
G1 F3000 X128.369 Y141.015 E1262.09785
G0 F9000 X128.527 Y140.855
G1 F3000 X111.129 Y145.517 E1262.69692
G0 F9000 X111.282 Y145.365
G0 X109.23 Y143.313
G0 X109.077 Y143.465
G1 F3000 X114.648 Y122.675 E1263.41279
G0 F9000 X114.49 Y122.832
G0 X112.165 Y120.507
G0 X112.322 Y120.351
G1 F3000 X91.533 Y125.921 E1264.12863
G0 F9000 X91.686 Y125.769
G0 X89.634 Y123.717
G0 X89.481 Y123.869
G1 F3000 X94.145 Y106.463 E1264.72798
G0 F9000 X93.976 Y106.631
G1 F3000 X131.08 Y96.69 E1266.00559
G0 F9000 X130.926 Y96.843
G0 X133.256 Y99.173
G0 X133.409 Y99.021
G1 F3000 X119.883 Y149.5 E1267.74375
G0 F9000 X120.042 Y149.34
G1 F3000 X116.426 Y150.309 E1267.86826
G0 F9000 X116.51 Y150.108
G0 X118.344 Y150.168
G0 X118.426 Y150.368
G1 F3000 X84.63 Y116.572 E1269.45792
G0 F9000 X84.832 Y116.656
G0 X85.814 Y115.103
G0 X85.66 Y114.948
G1 F3000 X84.69 Y118.568 E1269.58257
G0 F9000 X84.891 Y118.486
G0 X86.787 Y120.87
G0 X86.634 Y121.022
G1 F3000 X113.014 Y113.954 E1270.49092
G0 F9000 X112.859 Y113.799
G0 X114.329 Y112.329
G0 X114.484 Y112.484
G1 F3000 X101.304 Y99.304 E1271.11087
G0 F9000 X101.458 Y99.459
G0 X102.616 Y98.301
G0 X102.462 Y98.146
G1 F3000 X126.181 Y91.791 E1271.92759
G0 F9000 X126.027 Y91.944
G0 X128.357 Y94.274
G0 X128.51 Y94.122
G1 F3000 X122.939 Y114.913 E1272.6435
G0 F9000 X123.097 Y114.755
G0 X125.142 Y116.8
G0 X124.983 Y116.958
G1 F3000 X145.776 Y111.387 E1273.35947
G0 F9000 X145.623 Y111.54
G0 X147.954 Y113.871
G0 X148.106 Y113.719
G1 F3000 X145.339 Y124.045 E1273.71503
G0 F9000 X145.498 Y123.885
G1 F3000 X101.33 Y135.719 E1275.23588
G0 F9000 X101.483 Y135.566
G0 X99.432 Y133.515
G0 X99.279 Y133.667
G1 F3000 X111.116 Y89.491 E1276.75701
G0 F9000 X110.947 Y89.661
G1 F3000 X121.282 Y86.892 E1277.11288
G0 F9000 X121.128 Y87.045
G0 X123.458 Y89.375
G0 X123.611 Y89.223
G1 F3000 X118.042 Y110.009 E1277.82861
G0 F9000 X118.197 Y109.855
G0 X120.244 Y111.902
G0 X120.088 Y112.058
G1 F3000 X140.877 Y106.488 E1278.54444
G0 F9000 X140.724 Y106.641
G0 X143.055 Y108.972
G0 X143.207 Y108.82
G1 F3000 X136.854 Y132.53 E1279.36085
G0 F9000 X137.013 Y132.37
G1 F3000 X106.229 Y140.618 E1280.42085
G0 F9000 X106.382 Y140.465
G0 X104.331 Y138.414
G0 X104.178 Y138.566
G1 F3000 X109.776 Y117.677 E1281.14014
G0 F9000 X109.954 Y117.012
G1 F3000 X118.611 Y84.704 E1282.25261
G0 F9000 X118.526 Y84.907
G0 X114.186 Y86.731
G0 X114.032 Y86.576
G1 F3000 X148.42 Y120.964 E1283.87012
G0 F9000 X148.27 Y120.813
G0 X150.091 Y116.471
G0 X150.295 Y116.387
G1 F3000 X117.981 Y125.046 E1284.9828
G0 F9000 X118.271 Y124.757
G1 F3000 X131.449 Y137.935 E1285.60266
G0 F9000 X131.299 Y137.784
G0 X127.056 Y142.027
G0 X127.206 Y142.177
G1 F3000 X92.818 Y107.789 E1287.22016
G0 F9000 X92.973 Y107.944
G0 X88.73 Y112.187
G0 X88.576 Y112.032
G1 F3000 X122.964 Y146.42 E1288.83767
G0 F9000 X122.814 Y146.269
G0 X114.129 Y148.212
G0 X113.976 Y148.364
G1 F3000 X121.045 Y121.982 E1289.74609
G0 F9000 X121.202 Y122.14
G0 X122.671 Y120.671
G0 X122.514 Y120.514
G1 F3000 X135.692 Y133.692 E1290.36594
G0 F9000 X135.542 Y133.541
G0 X139.784 Y129.299
G0 X139.934 Y129.449
G1 F3000 X105.546 Y95.061 E1291.98345
G0 F9000 X105.701 Y95.216
G0 X102.785 Y98.132
G0 X102.631 Y97.977
G1 F3000 X94.38 Y128.768 E1293.04369
G0 F9000 X94.533 Y128.616
G0 X96.585 Y130.668
G0 X96.432 Y130.82
G1 F3000 X117.328 Y125.221 E1293.76321
G0 F9000 X117.103 Y125.445
G0 X109.258 Y117.5
G0 X110.086 Y116.572
G0 X110.24 Y116.726
G1 F3000 X97.061 Y103.547 E1294.38311
G0 F9000 X97.215 Y103.702
G0 X109.943 Y90.974
G0 X109.789 Y90.819
G1 F3000 X144.177 Y125.207 E1296.00062
G0 F9000 X143.815 Y124.844
G1 F2700 E1291.00062
;MESH:NONMESH
G0 F300 X143.815 Y124.844 Z2.2
G0 F9000 X115.271 Y85.646
G0 X115.073 Y85.42
;TIME_ELAPSED:1745.021376
;LAYER:10
;TYPE:WALL-INNER
;MESH:quadrato.stl
G1 F2700 E1296.00062
G1 F1500 X85.421 Y115.073 E1297.39538
G1 X84.861 Y115.803 E1297.42598
G1 X84.525 Y116.617 E1297.45527
G1 X84.406 Y117.499 E1297.48487
G1 X84.525 Y118.378 E1297.51438
G1 X84.861 Y119.193 E1297.5437
G1 X85.421 Y119.923 E1297.5743
G1 X115.073 Y149.575 E1298.96904
G1 X115.804 Y150.136 E1298.99969
G1 X116.617 Y150.475 E1299.02898
G1 X117.499 Y150.59 E1299.05857
G1 X118.378 Y150.475 E1299.08805
G1 X119.193 Y150.136 E1299.11741
G1 X119.923 Y149.575 E1299.14803
G1 X149.58 Y119.919 E1300.54298
G1 X150.14 Y119.192 E1300.5735
G1 X150.475 Y118.383 E1300.60263
G1 X150.59 Y117.499 E1300.63228
G1 X150.475 Y116.613 E1300.66199
G1 X150.14 Y115.804 E1300.69112
G1 X149.58 Y115.077 E1300.72164
G1 X119.92 Y85.417 E1302.11675
G1 X119.192 Y84.86 E1302.14724
G1 X118.382 Y84.521 E1302.17645
G1 X117.501 Y84.406 E1302.206
G1 X116.613 Y84.525 E1302.2358
G1 X115.807 Y84.857 E1302.26479
G1 X115.073 Y85.42 E1302.29556
G0 F9000 X115.271 Y85.646
G0 X117.064 Y109.594
G0 X117.323 Y109.854
G1 F1500 X117.543 Y109.829 E1302.30292
G1 X117.873 Y109.951 E1302.31462
G1 X125.048 Y117.13 E1302.65221
G1 X125.142 Y117.323 E1302.65935
G1 X125.167 Y117.543 E1302.66671
G1 X125.045 Y117.873 E1302.67841
G1 X117.87 Y125.048 E1303.0159
G1 X117.677 Y125.142 E1303.02304
G1 X117.456 Y125.167 E1303.03044
G1 X117.127 Y125.045 E1303.04211
G1 X109.948 Y117.87 E1303.37969
G1 X109.854 Y117.677 E1303.38683
G1 X109.829 Y117.456 E1303.39423
G1 X109.951 Y117.127 E1303.4059
G1 X117.13 Y109.948 E1303.74358
G1 X117.323 Y109.854 E1303.75072
G1 F2700 E1298.75072
G0 F9000 X117.064 Y109.594
G0 X109.759 Y116.899
G0 X110.252 Y117.392
;TYPE:WALL-OUTER
G1 F2700 E1303.75072
G1 F1500 X117.37 Y110.275 E1304.08551
G1 X117.544 Y110.232 E1304.09147
G1 X117.642 Y110.286 E1304.09519
G1 X124.721 Y117.37 E1304.42828
G1 X124.764 Y117.544 E1304.43424
G1 X124.71 Y117.642 E1304.43796
G1 X117.63 Y124.721 E1304.77096
G1 X117.456 Y124.764 E1304.77692
G1 X117.358 Y124.71 E1304.78064
G1 X110.254 Y117.61 E1305.1147
G1 X110.252 Y117.392 E1305.12195
G1 F2700 E1300.12195
G0 F9000 X109.759 Y116.899
G0 X85.646 Y115.271
G0 X85.119 Y114.809
G1 F2700 E1305.12195
G1 F1500 X84.511 Y115.601 E1305.15516
G1 X84.135 Y116.513 E1305.18797
G1 X84.002 Y117.499 E1305.22106
G1 X84.135 Y118.483 E1305.25409
G1 X84.511 Y119.395 E1305.2869
G1 X85.119 Y120.187 E1305.32011
G1 X114.809 Y149.877 E1306.71663
G1 X115.602 Y150.485 E1306.74987
G1 X116.513 Y150.865 E1306.7827
G1 X117.499 Y150.994 E1306.81577
G1 X118.483 Y150.865 E1306.84878
G1 X119.395 Y150.485 E1306.88164
G1 X120.187 Y149.877 E1306.91485
G1 X149.881 Y120.183 E1308.31157
G1 X150.489 Y119.394 E1308.3447
G1 X150.865 Y118.487 E1308.37735
G1 X150.994 Y117.499 E1308.41049
G1 X150.865 Y116.509 E1308.4437
G1 X150.489 Y115.602 E1308.47636
G1 X149.881 Y114.813 E1308.50948
G1 X120.184 Y85.115 E1309.90636
G1 X119.394 Y84.511 E1309.93944
G1 X118.487 Y84.131 E1309.97215
G1 X117.501 Y84.002 E1310.00522
G1 X116.509 Y84.135 E1310.03851
G1 X115.605 Y84.507 E1310.07102
G1 X114.809 Y85.119 E1310.10442
G1 X85.119 Y114.809 E1311.50095
G0 F9000 X85.459 Y115.155
;TYPE:FILL
G1 F3000 X84.601 Y118.354 E1311.61111
G0 F9000 X84.813 Y118.301
G0 X84.89 Y116.514
G0 X84.688 Y116.43
G1 F3000 X118.567 Y150.309 E1313.20467
G0 F9000 X118.485 Y150.109
G0 X119.569 Y149.476
G0 X119.698 Y149.646
G1 F3000 X133.294 Y98.906 E1314.95182
G0 F9000 X133.141 Y99.058
G0 X131.041 Y96.958
G0 X131.194 Y96.805
G1 F3000 X93.777 Y106.831 E1316.24022
G0 F9000 X93.946 Y106.662
G1 F3000 X89.366 Y123.754 E1316.82876
G0 F9000 X89.519 Y123.602
G0 X91.8 Y125.883
G0 X91.647 Y126.036
G1 F3000 X112.438 Y120.466 E1317.54466
G0 F9000 X112.281 Y120.623
G0 X114.375 Y122.717
G0 X114.533 Y122.56
G1 F3000 X108.962 Y143.35 E1318.26053
G0 F9000 X109.115 Y143.198
G0 X111.397 Y145.48
G0 X111.244 Y145.632
G1 F3000 X128.328 Y141.055 E1318.84879
G0 F9000 X128.169 Y141.214
G1 F3000 X138.193 Y103.805 E1320.13691
G0 F9000 X138.04 Y103.957
G0 X135.94 Y101.857
G0 X136.093 Y101.704
G1 F3000 X85.346 Y115.302 E1321.8843
G0 F9000 X85.52 Y115.436
G0 X88.83 Y112.087
G0 X88.675 Y111.932
G1 F3000 X123.063 Y146.32 E1323.50181
G0 F9000 X122.913 Y146.17
G0 X119.704 Y149.373
G0 X119.833 Y149.543
G1 F3000 X116.641 Y150.398 E1323.61172
G0 F9000 X116.699 Y150.187
G0 X114.014 Y148.097
G0 X113.861 Y148.249
G1 F3000 X120.846 Y122.181 E1324.50933
G0 F9000 X121.003 Y122.339
G0 X122.77 Y120.572
G0 X122.614 Y120.415
G1 F3000 X135.791 Y133.592 E1325.12914
G0 F9000 X135.641 Y133.442
G0 X136.504 Y132.579
G0 X136.654 Y132.729
G1 F3000 X143.092 Y108.704 E1325.9564
G0 F9000 X142.939 Y108.856
G0 X140.839 Y106.756
G0 X140.992 Y106.603
G1 F3000 X120.202 Y112.174 E1326.67228
G0 F9000 X120.359 Y112.017
G0 X118.083 Y109.741
G0 X117.926 Y109.897
G1 F3000 X123.496 Y89.107 E1327.38814
G0 F9000 X123.343 Y89.26
G0 X121.243 Y87.16
G0 X121.397 Y87.007
G1 F3000 X110.748 Y89.86 E1327.75482
G0 F9000 X110.917 Y89.691
G1 F3000 X99.164 Y133.551 E1329.26508
G0 F9000 X99.316 Y133.399
G0 X101.599 Y135.682
G0 X101.446 Y135.834
G1 F3000 X145.299 Y124.084 E1330.77508
G0 F9000 X145.14 Y124.244
G1 F3000 X147.991 Y113.603 E1331.14149
G0 F9000 X147.838 Y113.755
G0 X145.738 Y111.655
G0 X145.891 Y111.502
G1 F3000 X125.092 Y117.075 E1331.85767
G0 F9000 X125.255 Y116.913
G0 X122.982 Y114.64
G0 X122.825 Y114.797
G1 F3000 X128.395 Y94.007 E1332.57353
G0 F9000 X128.242 Y94.159
G0 X126.142 Y92.059
G0 X126.295 Y91.906
G1 F3000 X102.263 Y98.345 E1333.40103
G0 F9000 X102.431 Y98.176
G1 F3000 X94.265 Y128.652 E1334.45043
G0 F9000 X94.417 Y128.5
G0 X96.699 Y130.782
G0 X96.546 Y130.935
G1 F3000 X150.349 Y116.519 E1336.30304
G0 F9000 X150.145 Y116.603
G0 X148.369 Y120.714
G0 X148.519 Y120.864
G1 F3000 X114.131 Y86.476 E1337.92055
G0 F9000 X114.286 Y86.631
G0 X118.394 Y84.853
G0 X118.479 Y84.649
G1 F3000 X104.063 Y138.451 E1339.77314
G0 F9000 X104.216 Y138.299
G0 X106.498 Y140.581
G0 X106.345 Y140.733
G1 F3000 X136.813 Y132.569 E1340.82225
G0 F9000 X136.664 Y132.419
G0 X139.884 Y129.199
G0 X140.034 Y129.35
G1 F3000 X105.646 Y94.962 E1342.43976
G0 F9000 X105.8 Y95.117
G0 X101.558 Y99.359
G0 X101.403 Y99.204
G1 F3000 X114.584 Y112.385 E1343.05975
G0 F9000 X114.429 Y112.229
G0 X112.66 Y113.998
G0 X112.815 Y114.153
G1 F3000 X86.749 Y121.137 E1343.95729
G0 F9000 X86.902 Y120.985
G0 X93.072 Y107.845
G0 X92.918 Y107.69
G1 F3000 X127.306 Y142.078 E1345.5748
G0 F9000 X127.156 Y141.927
G0 X131.399 Y137.684
G0 X131.549 Y137.835
G1 F3000 X118.371 Y124.657 E1346.19465
G0 F9000 X118.528 Y124.814
G0 X117.5 Y125.742
G0 X109.258 Y117.5
G0 X110.186 Y116.472
G0 X110.34 Y116.626
G1 F3000 X97.161 Y103.447 E1346.81455
G0 F9000 X97.315 Y103.602
G0 X110.043 Y90.874
G0 X109.889 Y90.719
G1 F3000 X144.277 Y125.107 E1348.43206
G0 F9000 X143.915 Y124.744
G1 F2700 E1343.43206
;MESH:NONMESH
G0 F300 X143.915 Y124.744 Z2.4
G0 F9000 X115.271 Y85.646
G0 X115.073 Y85.42
;TIME_ELAPSED:1798.386165
;LAYER:11
;TYPE:WALL-INNER
;MESH:quadrato.stl
G1 F2700 E1348.43206
G1 F1500 X85.421 Y115.073 E1349.82682
G1 X84.861 Y115.803 E1349.85742
G1 X84.525 Y116.617 E1349.88671
G1 X84.406 Y117.499 E1349.91631
G1 X84.525 Y118.378 E1349.94581
G1 X84.861 Y119.193 E1349.97513
G1 X85.421 Y119.923 E1350.00574
G1 X115.073 Y149.575 E1351.40047
G1 X115.804 Y150.136 E1351.43112
G1 X116.617 Y150.475 E1351.46042
G1 X117.499 Y150.59 E1351.49
G1 X118.378 Y150.475 E1351.51949
G1 X119.193 Y150.136 E1351.54885
G1 X119.923 Y149.575 E1351.57947
G1 X149.58 Y119.919 E1352.97442
G1 X150.14 Y119.192 E1353.00494
G1 X150.475 Y118.383 E1353.03406
G1 X150.59 Y117.499 E1353.06371
G1 X150.475 Y116.613 E1353.09343
G1 X150.14 Y115.804 E1353.12255
G1 X149.58 Y115.077 E1353.15307
G1 X119.92 Y85.417 E1354.54819
G1 X119.192 Y84.86 E1354.57868
G1 X118.382 Y84.521 E1354.60788
G1 X117.501 Y84.406 E1354.63743
G1 X116.613 Y84.525 E1354.66723
G1 X115.807 Y84.857 E1354.69623
G1 X115.073 Y85.42 E1354.72699
G0 F9000 X115.271 Y85.646
G0 X117.064 Y109.594
G0 X117.323 Y109.854
G1 F1500 X117.543 Y109.829 E1354.73436
G1 X117.873 Y109.951 E1354.74606
G1 X125.048 Y117.13 E1355.08364
G1 X125.142 Y117.323 E1355.09078
G1 X125.167 Y117.543 E1355.09815
G1 X125.045 Y117.873 E1355.10985
G1 X117.87 Y125.048 E1355.44734
G1 X117.677 Y125.142 E1355.45448
G1 X117.456 Y125.167 E1355.46188
G1 X117.127 Y125.045 E1355.47355
G1 X109.948 Y117.87 E1355.81113
G1 X109.854 Y117.677 E1355.81827
G1 X109.829 Y117.456 E1355.82567
G1 X109.951 Y117.127 E1355.83734
G1 X117.13 Y109.948 E1356.17502
G1 X117.323 Y109.854 E1356.18216
G1 F2700 E1351.18216
G0 F9000 X117.064 Y109.594
G0 X109.759 Y116.899
G0 X110.252 Y117.392
;TYPE:WALL-OUTER
G1 F2700 E1356.18216
G1 F1500 X117.37 Y110.275 E1356.51694
G1 X117.544 Y110.232 E1356.5229
G1 X117.642 Y110.286 E1356.52663
G1 X124.721 Y117.37 E1356.85972
G1 X124.764 Y117.544 E1356.86568
G1 X124.71 Y117.642 E1356.8694
G1 X117.63 Y124.721 E1357.2024
G1 X117.456 Y124.764 E1357.20836
G1 X117.358 Y124.71 E1357.21208
G1 X110.254 Y117.61 E1357.54614
G1 X110.252 Y117.392 E1357.55339
G1 F2700 E1352.55339
G0 F9000 X109.759 Y116.899
G0 X85.646 Y115.271
G0 X85.119 Y114.809
G1 F2700 E1357.55339
G1 F1500 X84.511 Y115.601 E1357.5866
G1 X84.135 Y116.513 E1357.61941
G1 X84.002 Y117.499 E1357.6525
G1 X84.135 Y118.483 E1357.68553
G1 X84.511 Y119.395 E1357.71834
G1 X85.119 Y120.187 E1357.75154
G1 X114.809 Y149.877 E1359.14807
G1 X115.602 Y150.485 E1359.18131
G1 X116.513 Y150.865 E1359.21414
G1 X117.499 Y150.994 E1359.24721
G1 X118.483 Y150.865 E1359.28022
G1 X119.395 Y150.485 E1359.31308
G1 X120.187 Y149.877 E1359.34629
G1 X149.881 Y120.183 E1360.743
G1 X150.489 Y119.394 E1360.77613
G1 X150.865 Y118.487 E1360.80879
G1 X150.994 Y117.499 E1360.84193
G1 X150.865 Y116.509 E1360.87514
G1 X150.489 Y115.602 E1360.90779
G1 X149.881 Y114.813 E1360.94092
G1 X120.184 Y85.115 E1362.3378
G1 X119.394 Y84.511 E1362.37088
G1 X118.487 Y84.131 E1362.40358
G1 X117.501 Y84.002 E1362.43666
G1 X116.509 Y84.135 E1362.46995
G1 X115.605 Y84.507 E1362.50246
G1 X114.809 Y85.119 E1362.53586
G1 X85.119 Y114.809 E1363.93238
G0 F9000 X85.233 Y115.449
;TYPE:FILL
G1 F3000 X84.552 Y117.989 E1364.01985
G0 F9000 X84.77 Y117.961
G0 X84.949 Y116.372
G0 X84.747 Y116.288
G1 F3000 X118.709 Y150.25 E1365.61732
G0 F9000 X119.513 Y149.789
G1 F3000 X133.178 Y98.79 E1367.37338
G0 F9000 X133.025 Y98.942
G0 X131.157 Y97.074
G0 X131.31 Y96.921
G1 F3000 X93.576 Y107.032 E1368.6727
G0 F9000 X93.745 Y106.863
G1 F3000 X89.25 Y123.638 E1369.25032
G0 F9000 X89.403 Y123.486
G0 X87.018 Y121.101
G0 X86.865 Y121.253
G1 F3000 X112.613 Y114.354 E1370.13691
G0 F9000 X112.459 Y114.199
G0 X114.529 Y112.129
G0 X114.684 Y112.284
G1 F3000 X101.504 Y99.104 E1370.75686
G0 F9000 X102.062 Y98.546
G1 F3000 X126.411 Y92.022 E1371.59527
G0 F9000 X126.258 Y92.175
G0 X128.126 Y94.043
G0 X128.279 Y93.891
G1 F3000 X122.709 Y114.681 E1372.31114
G0 F9000 X122.866 Y114.524
G0 X120.475 Y112.133
G0 X120.318 Y112.289
G1 F3000 X141.108 Y106.719 E1373.027
G0 F9000 X140.955 Y106.872
G0 X142.823 Y108.74
G0 X142.976 Y108.588
G1 F3000 X136.454 Y132.93 E1373.86518
G0 F9000 X136.612 Y132.77
G1 F3000 X106.461 Y140.849 E1374.90338
G0 F9000 X106.614 Y140.697
G0 X108.999 Y143.082
G0 X108.846 Y143.234
G1 F3000 X114.417 Y122.444 E1375.61926
G0 F9000 X114.259 Y122.601
G0 X112.397 Y120.739
G0 X112.554 Y120.582
G1 F3000 X91.763 Y126.152 E1376.33515
G0 F9000 X91.916 Y125.999
G0 X94.301 Y128.384
G0 X94.149 Y128.536
G1 F3000 X102.23 Y98.377 E1377.37363
G0 F9000 X102.385 Y98.532
G0 X105.901 Y95.016
G0 X105.746 Y94.861
G1 F3000 X140.134 Y129.249 E1378.99114
G0 F9000 X139.984 Y129.099
G0 X135.742 Y133.341
G0 X135.892 Y133.492
G1 F3000 X122.714 Y120.314 E1379.61099
G0 F9000 X122.871 Y120.471
G0 X120.802 Y122.54
G0 X120.645 Y122.382
G1 F3000 X113.745 Y148.133 E1380.49768
G0 F9000 X113.898 Y147.981
G0 X111.513 Y145.596
G0 X111.36 Y145.748
G1 F3000 X128.127 Y141.255 E1381.07503
G0 F9000 X127.968 Y141.415
G1 F3000 X138.077 Y103.689 E1382.37407
G0 F9000 X137.924 Y103.841
G0 X136.056 Y101.973
G0 X136.209 Y101.82
G1 F3000 X85.203 Y115.487 E1384.13038
G0 F9000 X85.377 Y115.621
G0 X88.93 Y111.987
G0 X88.776 Y111.832
G1 F3000 X123.164 Y146.22 E1385.74789
G0 F9000 X123.014 Y146.069
G0 X119.409 Y149.599
G0 X119.538 Y149.769
G1 F3000 X117.01 Y150.446 E1385.83493
G0 F9000 X117.039 Y150.231
G0 X127.256 Y141.827
G0 X127.406 Y141.977
G1 F3000 X93.018 Y107.589 E1387.45244
G0 F9000 X93.173 Y107.744
G0 X97.416 Y103.501
G0 X97.261 Y103.346
G1 F3000 X110.44 Y116.526 E1388.07236
G0 F9000 X110.286 Y116.372
G0 X117.5 Y109.258
G0 X117.989 Y109.647
G0 X117.794 Y109.841
G1 F3000 X123.38 Y88.992 E1388.79026
G0 F9000 X123.227 Y89.144
G0 X121.359 Y87.276
G0 X121.513 Y87.123
G1 F3000 X110.547 Y90.061 E1389.16785
G0 F9000 X110.716 Y89.892
G1 F3000 X99.048 Y133.435 E1390.66719
G0 F9000 X99.2 Y133.283
G0 X96.815 Y130.898
G0 X96.662 Y131.051
G1 F3000 X150.399 Y116.653 E1392.51754
G0 F9000 X150.187 Y116.699
G0 X147.722 Y113.639
G0 X147.875 Y113.487
G1 F3000 X144.939 Y124.445 E1392.89486
G0 F9000 X145.098 Y124.285
G1 F3000 X101.562 Y135.95 E1394.39395
G0 F9000 X101.715 Y135.798
G0 X104.1 Y138.183
G0 X103.947 Y138.335
G1 F3000 X118.346 Y84.597 E1396.24433
G0 F9000 X118.301 Y84.813
G0 X114.386 Y86.531
G0 X114.232 Y86.376
G1 F3000 X148.62 Y120.764 E1397.86184
G0 F9000 X148.47 Y120.613
G0 X144.227 Y124.856
G0 X144.377 Y125.007
G1 F3000 X109.989 Y90.619 E1399.47934
G1 F2700 E1394.47934
G0 F9000 X110.143 Y90.774
G0 X125.35 Y117.008
G0 X125.151 Y117.206
G1 F2700 E1399.47934
G1 F3000 X146.007 Y111.618 E1400.19748
G0 F9000 X145.854 Y111.771
G0 X131.499 Y137.584
G0 X131.649 Y137.735
G1 F3000 X118.471 Y124.557 E1400.81734
G0 F9000 X118.84 Y124.926
G1 F2700 E1395.81734
;MESH:NONMESH
G0 F300 X118.84 Y124.926 Z2.6
G0 F9000 X125.742 Y117.5
G0 X115.271 Y85.646
G0 X115.073 Y85.42
;TIME_ELAPSED:1852.410882
;LAYER:12
;TYPE:WALL-INNER
;MESH:quadrato.stl
G1 F2700 E1400.81734
G1 F1500 X85.421 Y115.073 E1402.2121
G1 X84.861 Y115.803 E1402.2427
G1 X84.525 Y116.617 E1402.27199
G1 X84.406 Y117.499 E1402.30159
G1 X84.525 Y118.378 E1402.33109
G1 X84.861 Y119.193 E1402.36041
G1 X85.421 Y119.923 E1402.39101
G1 X115.073 Y149.575 E1403.78575
G1 X115.804 Y150.136 E1403.8164
G1 X116.617 Y150.475 E1403.8457
G1 X117.499 Y150.59 E1403.87528
G1 X118.378 Y150.475 E1403.90477
G1 X119.193 Y150.136 E1403.93412
G1 X119.923 Y149.575 E1403.96475
G1 X149.58 Y119.919 E1405.3597
G1 X150.14 Y119.192 E1405.39022
G1 X150.475 Y118.383 E1405.41934
G1 X150.59 Y117.499 E1405.44899
G1 X150.475 Y116.613 E1405.47871
G1 X150.14 Y115.804 E1405.50783
G1 X149.58 Y115.077 E1405.53835
G1 X119.92 Y85.417 E1406.93347
G1 X119.192 Y84.86 E1406.96396
G1 X118.382 Y84.521 E1406.99316
G1 X117.501 Y84.406 E1407.02271
G1 X116.613 Y84.525 E1407.05251
G1 X115.807 Y84.857 E1407.0815
G1 X115.073 Y85.42 E1407.11227
G0 F9000 X115.271 Y85.646
G0 X117.064 Y109.594
G0 X117.323 Y109.854
G1 F1500 X117.543 Y109.829 E1407.11963
G1 X117.873 Y109.951 E1407.13134
G1 X125.048 Y117.13 E1407.46892
G1 X125.142 Y117.323 E1407.47606
G1 X125.167 Y117.543 E1407.48343
G1 X125.045 Y117.873 E1407.49513
G1 X117.87 Y125.048 E1407.83262
G1 X117.677 Y125.142 E1407.83976
G1 X117.456 Y125.167 E1407.84715
G1 X117.127 Y125.045 E1407.85883
G1 X109.948 Y117.87 E1408.19641
G1 X109.854 Y117.677 E1408.20355
G1 X109.829 Y117.456 E1408.21095
G1 X109.951 Y117.127 E1408.22262
G1 X117.13 Y109.948 E1408.5603
G1 X117.323 Y109.854 E1408.56744
G1 F2700 E1403.56744
G0 F9000 X117.064 Y109.594
G0 X109.759 Y116.899
G0 X110.252 Y117.392
;TYPE:WALL-OUTER
G1 F2700 E1408.56744
G1 F1500 X117.37 Y110.275 E1408.90222
G1 X117.544 Y110.232 E1408.90818
G1 X117.642 Y110.286 E1408.9119
G1 X124.721 Y117.37 E1409.245
G1 X124.764 Y117.544 E1409.25096
G1 X124.71 Y117.642 E1409.25468
G1 X117.63 Y124.721 E1409.58768
G1 X117.456 Y124.764 E1409.59364
G1 X117.358 Y124.71 E1409.59736
G1 X110.254 Y117.61 E1409.93142
G1 X110.252 Y117.392 E1409.93867
G1 F2700 E1404.93867
G0 F9000 X109.759 Y116.899
G0 X85.646 Y115.271
G0 X85.119 Y114.809
G1 F2700 E1409.93867
G1 F1500 X84.511 Y115.601 E1409.97188
G1 X84.135 Y116.513 E1410.00469
G1 X84.002 Y117.499 E1410.03778
G1 X84.135 Y118.483 E1410.0708
G1 X84.511 Y119.395 E1410.10361
G1 X85.119 Y120.187 E1410.13682
G1 X114.809 Y149.877 E1411.53335
G1 X115.602 Y150.485 E1411.56658
G1 X116.513 Y150.865 E1411.59941
G1 X117.499 Y150.994 E1411.63249
G1 X118.483 Y150.865 E1411.6655
G1 X119.395 Y150.485 E1411.69836
G1 X120.187 Y149.877 E1411.73157
G1 X149.881 Y120.183 E1413.12828
G1 X150.489 Y119.394 E1413.16141
G1 X150.865 Y118.487 E1413.19407
G1 X150.994 Y117.499 E1413.22721
G1 X150.865 Y116.509 E1413.26041
G1 X150.489 Y115.602 E1413.29307
G1 X149.881 Y114.813 E1413.3262
G1 X120.184 Y85.115 E1414.72308
G1 X119.394 Y84.511 E1414.75615
G1 X118.487 Y84.131 E1414.78886
G1 X117.501 Y84.002 E1414.82194
G1 X116.509 Y84.135 E1414.85523
G1 X115.605 Y84.507 E1414.88774
G1 X114.809 Y85.119 E1414.92113
G1 X85.119 Y114.809 E1416.31766
G0 F9000 X85.062 Y115.671
;TYPE:FILL
G1 F3000 X136.325 Y101.935 E1418.08282
G0 F9000 X136.171 Y102.088
G0 X137.809 Y103.726
G0 X137.962 Y103.574
G1 F3000 X127.769 Y141.615 E1419.3927
G0 F9000 X127.928 Y141.455
G1 F3000 X111.476 Y145.863 E1419.9592
G0 F9000 X111.628 Y145.711
G0 X113.782 Y147.865
G0 X113.63 Y148.017
G1 F3000 X120.446 Y122.581 E1420.83505
G0 F9000 X120.603 Y122.739
G0 X118.728 Y124.614
G0 X118.571 Y124.457
G1 F3000 X131.749 Y137.635 E1421.45491
G0 F9000 X131.599 Y137.484
G0 X127.356 Y141.727
G0 X127.506 Y141.877
G1 F3000 X93.118 Y107.489 E1423.07241
G0 F9000 X93.377 Y107.231
G1 F3000 X131.426 Y97.036 E1424.38257
G0 F9000 X131.272 Y97.189
G0 X132.91 Y98.827
G0 X133.063 Y98.675
G1 F3000 X119.329 Y149.93 E1426.14745
G1 X119.246 Y149.993
G1 X117.377 Y150.494 E1426.21181
G0 F9000 X117.406 Y150.279
G0 X118.768 Y149.992
G0 X118.85 Y150.192
G1 F3000 X84.805 Y116.147 E1427.81319
G0 F9000 X85.009 Y115.74
G1 F3000 X84.503 Y117.627 E1427.87816
G0 F9000 X84.722 Y117.599
G0 X87.133 Y121.216
G0 X86.979 Y121.369
G1 F3000 X112.414 Y114.553 E1428.75398
G0 F9000 X112.26 Y114.398
G0 X110.386 Y116.272
G0 X110.54 Y116.426
G1 F3000 X97.361 Y103.247 E1429.37388
G0 F9000 X97.515 Y103.402
G0 X93.7 Y107.217
G0 X93.546 Y107.062
G1 F3000 X89.135 Y123.523 E1429.9407
G0 F9000 X89.288 Y123.371
G0 X92.032 Y126.115
G0 X91.879 Y126.267
G1 F3000 X112.669 Y120.697 E1430.65656
G0 F9000 X112.512 Y120.854
G0 X114.144 Y122.486
G0 X114.302 Y122.329
G1 F3000 X108.731 Y143.118 E1431.3724
G0 F9000 X108.883 Y142.966
G0 X106.729 Y140.812
G0 X106.576 Y140.964
G1 F3000 X136.413 Y132.969 E1432.39979
G0 F9000 X136.254 Y133.129
G1 F3000 X142.861 Y108.473 E1433.24879
G0 F9000 X142.708 Y108.625
G0 X141.07 Y106.987
G0 X141.223 Y106.834
G1 F3000 X120.433 Y112.405 E1433.96466
G0 F9000 X120.59 Y112.248
G0 X122.751 Y114.409
G0 X122.593 Y114.566
G1 F3000 X128.164 Y93.776 E1434.68054
G0 F9000 X128.011 Y93.928
G0 X126.373 Y92.29
G0 X126.527 Y92.137
G1 F3000 X101.862 Y98.746 E1435.52984
G0 F9000 X102.031 Y98.577
G1 F3000 X94.034 Y128.422 E1436.5575
G0 F9000 X94.187 Y128.27
G0 X96.931 Y131.014
G0 X96.778 Y131.166
G1 F3000 X150.417 Y116.794 E1438.40447
G0 F9000 X150.201 Y116.821
G0 X148.569 Y120.514
G0 X148.719 Y120.664
G1 F3000 X114.331 Y86.276 E1440.02198
G0 F9000 X114.486 Y86.431
G0 X118.177 Y84.798
G0 X118.205 Y84.578
G1 F3000 X103.832 Y138.219 E1441.86902
G0 F9000 X103.984 Y138.067
G0 X101.83 Y135.913
G0 X101.677 Y136.065
G1 F3000 X144.898 Y124.484 E1443.35727
G0 F9000 X144.74 Y124.644
G1 F3000 X147.76 Y113.372 E1443.7454
G0 F9000 X147.607 Y113.524
G0 X145.969 Y111.886
G0 X146.122 Y111.733
G1 F3000 X125.209 Y117.337 E1444.46551
G0 F9000 X125.444 Y117.102
G0 X125.742 Y117.5
G0 X122.97 Y120.372
G0 X122.814 Y120.215
G1 F3000 X135.991 Y133.392 E1445.08531
G0 F9000 X135.841 Y133.242
G0 X140.084 Y128.999
G0 X140.234 Y129.15
G1 F3000 X105.846 Y94.762 E1446.70282
G0 F9000 X106 Y94.917
G0 X101.758 Y99.159
G0 X101.603 Y99.004
G1 F3000 X114.784 Y112.185 E1447.32281
G0 F9000 X114.629 Y112.029
G0 X117.5 Y109.258
G0 X117.895 Y109.553
G0 X117.663 Y109.785
G1 F3000 X123.265 Y88.877 E1448.04275
G0 F9000 X123.112 Y89.029
G0 X121.474 Y87.391
G0 X121.628 Y87.238
G1 F3000 X110.348 Y90.26 E1448.43115
G0 F9000 X110.516 Y90.092
G1 F3000 X98.933 Y133.321 E1449.91967
G0 F9000 X99.086 Y133.169
G0 X89.03 Y111.887
G0 X88.876 Y111.732
G1 F3000 X123.264 Y146.12 E1451.53718
G1 F2700 E1446.53718
G0 F9000 X123.114 Y145.969
G0 X144.327 Y124.756
G0 X144.477 Y124.907
G1 F2700 E1451.53718
G1 F3000 X110.089 Y90.519 E1453.15468
G0 F9000 X110.455 Y90.886
;MESH:NONMESH
G0 F300 X110.455 Y90.886 Z2.8
G0 F9000 X115.271 Y85.646
G0 X115.073 Y85.42
;TIME_ELAPSED:1905.075324
;LAYER:13
;TYPE:WALL-INNER
;MESH:quadrato.stl
G1 F1500 X85.421 Y115.073 E1454.54945
G1 X84.861 Y115.803 E1454.58005
G1 X84.525 Y116.617 E1454.60934
G1 X84.406 Y117.499 E1454.63894
G1 X84.525 Y118.378 E1454.66844
G1 X84.861 Y119.193 E1454.69776
G1 X85.421 Y119.923 E1454.72836
G1 X115.073 Y149.575 E1456.1231
G1 X115.804 Y150.136 E1456.15375
G1 X116.617 Y150.475 E1456.18305
G1 X117.499 Y150.59 E1456.21263
G1 X118.378 Y150.475 E1456.24212
G1 X119.193 Y150.136 E1456.27147
G1 X119.923 Y149.575 E1456.3021
G1 X149.58 Y119.919 E1457.69705
G1 X150.14 Y119.192 E1457.72757
G1 X150.475 Y118.383 E1457.75669
G1 X150.59 Y117.499 E1457.78634
G1 X150.475 Y116.613 E1457.81606
G1 X150.14 Y115.804 E1457.84518
G1 X149.58 Y115.077 E1457.8757
G1 X119.92 Y85.417 E1459.27082
G1 X119.192 Y84.86 E1459.3013
G1 X118.382 Y84.521 E1459.33051
G1 X117.501 Y84.406 E1459.36006
G1 X116.613 Y84.525 E1459.38986
G1 X115.807 Y84.857 E1459.41885
G1 X115.073 Y85.42 E1459.44962
G0 F9000 X115.271 Y85.646
G0 X117.064 Y109.594
G0 X117.323 Y109.854
G1 F1500 X117.543 Y109.829 E1459.45698
G1 X117.873 Y109.951 E1459.46869
G1 X125.048 Y117.13 E1459.80627
G1 X125.142 Y117.323 E1459.81341
G1 X125.167 Y117.543 E1459.82077
G1 X125.045 Y117.873 E1459.83248
G1 X117.87 Y125.048 E1460.16997
G1 X117.677 Y125.142 E1460.17711
G1 X117.456 Y125.167 E1460.1845
G1 X117.127 Y125.045 E1460.19617
G1 X109.948 Y117.87 E1460.53376
G1 X109.854 Y117.677 E1460.5409
G1 X109.829 Y117.456 E1460.5483
G1 X109.951 Y117.127 E1460.55997
G1 X117.13 Y109.948 E1460.89765
G1 X117.323 Y109.854 E1460.90479
G1 F2700 E1455.90479
G0 F9000 X117.064 Y109.594
G0 X109.759 Y116.899
G0 X110.252 Y117.392
;TYPE:WALL-OUTER
G1 F2700 E1460.90479
G1 F1500 X117.37 Y110.275 E1461.23957
G1 X117.544 Y110.232 E1461.24553
G1 X117.642 Y110.286 E1461.24925
G1 X124.721 Y117.37 E1461.58235
G1 X124.764 Y117.544 E1461.58831
G1 X124.71 Y117.642 E1461.59203
G1 X117.63 Y124.721 E1461.92503
G1 X117.456 Y124.764 E1461.93099
G1 X117.358 Y124.71 E1461.93471
G1 X110.254 Y117.61 E1462.26877
G1 X110.252 Y117.392 E1462.27602
G1 F2700 E1457.27602
G0 F9000 X109.759 Y116.899
G0 X85.646 Y115.271
G0 X85.119 Y114.809
G1 F2700 E1462.27602
G1 F1500 X84.511 Y115.601 E1462.30923
G1 X84.135 Y116.513 E1462.34204
G1 X84.002 Y117.499 E1462.37513
G1 X84.135 Y118.483 E1462.40815
G1 X84.511 Y119.395 E1462.44096
G1 X85.119 Y120.187 E1462.47417
G1 X114.809 Y149.877 E1463.8707
G1 X115.602 Y150.485 E1463.90393
G1 X116.513 Y150.865 E1463.93676
G1 X117.499 Y150.994 E1463.96984
G1 X118.483 Y150.865 E1464.00285
G1 X119.395 Y150.485 E1464.03571
G1 X120.187 Y149.877 E1464.06892
G1 X149.881 Y120.183 E1465.46563
G1 X150.489 Y119.394 E1465.49876
G1 X150.865 Y118.487 E1465.53142
G1 X150.994 Y117.499 E1465.56456
G1 X150.865 Y116.509 E1465.59776
G1 X150.489 Y115.602 E1465.63042
G1 X149.881 Y114.813 E1465.66355
G1 X120.184 Y85.115 E1467.06043
G1 X119.394 Y84.511 E1467.0935
G1 X118.487 Y84.131 E1467.12621
G1 X117.501 Y84.002 E1467.15929
G1 X116.509 Y84.135 E1467.19257
G1 X115.605 Y84.507 E1467.22509
G1 X114.809 Y85.119 E1467.25848
G1 X85.119 Y114.809 E1468.65501
G0 F9000 X85.646 Y115.271
G0 X85.122 Y115.951
G0 X84.927 Y115.853
;TYPE:FILL
G1 F3000 X136.44 Y102.05 E1470.42878
G0 F9000 X136.286 Y102.203
G0 X137.694 Y103.611
G0 X137.847 Y103.459
G1 F3000 X127.569 Y141.815 E1471.74951
G1 X127.606 Y141.778
G1 X93.218 Y107.39 E1473.36702
G1 X93.178 Y107.43
G1 X131.541 Y97.151 E1474.68799
G0 F9000 X131.387 Y97.304
G0 X132.795 Y98.712
G0 X132.948 Y98.56
G1 F3000 X119.146 Y150.069 E1476.46162
G1 X118.991 Y150.133
G1 X84.863 Y116.005 E1478.0669
G0 F9000 X84.657 Y116.509
G1 F3000 X84.584 Y116.782 E1478.0763
G0 F9000 X84.799 Y116.811
G0 X87.248 Y121.331
G0 X87.095 Y121.484
G1 F3000 X112.215 Y114.753 E1478.94126
G0 F9000 X112.06 Y114.598
G0 X110.486 Y116.172
G0 X110.64 Y116.326
G1 F3000 X97.461 Y103.147 E1479.56116
G0 F9000 X97.615 Y103.302
G0 X93.5 Y107.417
G0 X93.346 Y107.262
G1 F3000 X89.02 Y123.408 E1480.11712
G0 F9000 X89.173 Y123.256
G0 X92.147 Y126.23
G0 X91.994 Y126.383
G1 F3000 X112.784 Y120.812 E1480.833
G0 F9000 X112.627 Y120.969
G0 X114.029 Y122.371
G0 X114.187 Y122.214
G1 F3000 X108.616 Y143.004 E1481.54887
G0 F9000 X108.769 Y142.852
G0 X106.844 Y140.927
G0 X106.691 Y141.079
G1 F3000 X136.214 Y133.169 E1482.56544
G1 X136.091 Y133.292
G1 X122.914 Y120.115 E1483.18525
G0 F9000 X123.07 Y120.272
G0 X125.742 Y117.5
G0 X125.529 Y117.187
G0 X125.241 Y117.474
G1 F3000 X146.237 Y111.848 E1483.90821
G0 F9000 X146.084 Y112.001
G0 X147.492 Y113.409
G0 X147.645 Y113.257
G1 F3000 X144.54 Y124.845 E1484.30723
G1 X144.576 Y124.807
G1 X110.188 Y90.419 E1485.92473
G1 X110.149 Y90.46
G1 X121.743 Y87.353 E1486.32396
G0 F9000 X121.589 Y87.506
G0 X122.997 Y88.914
G0 X123.15 Y88.762
G1 F3000 X117.522 Y109.764 E1487.04713
G0 F9000 X117.814 Y109.472
G0 X117.5 Y109.258
G0 X114.729 Y111.929
G0 X114.884 Y112.085
G1 F3000 X101.703 Y98.904 E1487.66713
G1 X101.663 Y98.945
G1 X126.642 Y92.252 E1488.52724
G0 F9000 X126.488 Y92.405
G0 X127.896 Y93.813
G0 X128.049 Y93.661
G1 F3000 X122.478 Y114.451 E1489.24311
G0 F9000 X122.636 Y114.294
G0 X120.706 Y112.364
G0 X120.549 Y112.52
G1 F3000 X141.338 Y106.949 E1489.95896
G0 F9000 X141.185 Y107.102
G0 X142.593 Y108.51
G0 X142.746 Y108.358
G1 F3000 X136.055 Y133.33 E1490.81882
G0 F9000 X135.904 Y133.179
G0 X131.699 Y137.384
G0 X131.849 Y137.535
G1 F3000 X118.671 Y124.357 E1491.43868
G0 F9000 X118.828 Y124.514
G0 X120.403 Y122.939
G0 X120.246 Y122.781
G1 F3000 X113.515 Y147.902 E1492.30368
G0 F9000 X113.667 Y147.75
G0 X111.743 Y145.826
G0 X111.59 Y145.978
G1 F3000 X127.729 Y141.654 E1492.8594
G0 F9000 X127.579 Y141.504
G0 X123.213 Y145.87
G0 X123.363 Y146.02
G1 F3000 X88.975 Y111.632 E1494.4769
G0 F9000 X89.13 Y111.787
G0 X94.072 Y128.155
G0 X93.919 Y128.307
G1 F3000 X101.832 Y98.777 E1495.49372
G0 F9000 X101.986 Y98.931
G0 X106.1 Y94.817
G0 X105.946 Y94.662
G1 F3000 X140.334 Y129.05 E1497.11123
G0 F9000 X140.184 Y128.899
G0 X144.549 Y124.534
G0 X144.699 Y124.684
G1 F3000 X101.792 Y136.181 E1498.58867
G0 F9000 X101.945 Y136.028
G0 X103.87 Y137.953
G0 X103.717 Y138.105
G1 F3000 X118.064 Y84.56 E1500.4324
G0 F9000 X118.036 Y84.779
G0 X114.585 Y86.332
G0 X114.431 Y86.177
G1 F3000 X148.819 Y120.565 E1502.04991
G0 F9000 X148.669 Y120.414
G0 X150.22 Y116.962
G0 X150.435 Y116.935
G1 F3000 X96.893 Y131.282 E1503.89355
G0 F9000 X97.046 Y131.129
G0 X98.971 Y133.054
G0 X98.818 Y133.206
G1 F3000 X110.317 Y90.291 E1505.37126
G1 F2700 E1500.37126
G0 F9000 X110.471 Y90.446
G0 X109.258 Y117.5
G0 X118.414 Y150.139
G0 X118.496 Y150.34
G1 F2700 E1505.37126
G1 F3000 X118.208 Y150.417 E1505.38117
G0 F9000 X118.142 Y149.904
G1 F2700 E1500.38117
;MESH:NONMESH
G0 F300 X118.142 Y149.904 Z3
G0 F9000 X109.258 Y117.5
G0 X115.271 Y85.646
G0 X115.073 Y85.42
;TIME_ELAPSED:1958.507019
;LAYER:14
;TYPE:WALL-INNER
;MESH:quadrato.stl
G1 F2700 E1505.38117
G1 F1500 X85.421 Y115.073 E1506.77593
G1 X84.861 Y115.803 E1506.80654
G1 X84.525 Y116.617 E1506.83583
G1 X84.406 Y117.499 E1506.86543
G1 X84.525 Y118.378 E1506.89493
G1 X84.861 Y119.193 E1506.92425
G1 X85.421 Y119.923 E1506.95485
G1 X115.073 Y149.575 E1508.34959
G1 X115.804 Y150.136 E1508.38024
G1 X116.617 Y150.475 E1508.40953
G1 X117.499 Y150.59 E1508.43912
G1 X118.378 Y150.475 E1508.4686
G1 X119.193 Y150.136 E1508.49796
G1 X119.923 Y149.575 E1508.52858
G1 X149.58 Y119.919 E1509.92353
G1 X150.14 Y119.192 E1509.95406
G1 X150.475 Y118.383 E1509.98318
G1 X150.59 Y117.499 E1510.01283
G1 X150.475 Y116.613 E1510.04254
G1 X150.14 Y115.804 E1510.07167
G1 X149.58 Y115.077 E1510.10219
G1 X119.92 Y85.417 E1511.4973
G1 X119.192 Y84.86 E1511.52779
G1 X118.382 Y84.521 E1511.557
G1 X117.501 Y84.406 E1511.58655
G1 X116.613 Y84.525 E1511.61635
G1 X115.807 Y84.857 E1511.64534
G1 X115.073 Y85.42 E1511.67611
G0 F9000 X115.271 Y85.646
G0 X117.064 Y109.594
G0 X117.323 Y109.854
G1 F1500 X117.543 Y109.829 E1511.68347
G1 X117.873 Y109.951 E1511.69517
G1 X125.048 Y117.13 E1512.03276
G1 X125.142 Y117.323 E1512.0399
G1 X125.167 Y117.543 E1512.04726
G1 X125.045 Y117.873 E1512.05896
G1 X117.87 Y125.048 E1512.39645
G1 X117.677 Y125.142 E1512.40359
G1 X117.456 Y125.167 E1512.41099
G1 X117.127 Y125.045 E1512.42266
G1 X109.948 Y117.87 E1512.76025
G1 X109.854 Y117.677 E1512.76739
G1 X109.829 Y117.456 E1512.77478
G1 X109.951 Y117.127 E1512.78645
G1 X117.13 Y109.948 E1513.12413
G1 X117.323 Y109.854 E1513.13127
G1 F2700 E1508.13127
G0 F9000 X117.064 Y109.594
G0 X109.759 Y116.899
G0 X110.252 Y117.392
;TYPE:WALL-OUTER
G1 F2700 E1513.13127
G1 F1500 X117.37 Y110.275 E1513.46606
G1 X117.544 Y110.232 E1513.47202
G1 X117.642 Y110.286 E1513.47574
G1 X124.721 Y117.37 E1513.80883
G1 X124.764 Y117.544 E1513.81479
G1 X124.71 Y117.642 E1513.81852
G1 X117.63 Y124.721 E1514.15151
G1 X117.456 Y124.764 E1514.15748
G1 X117.358 Y124.71 E1514.1612
G1 X110.254 Y117.61 E1514.49525
G1 X110.252 Y117.392 E1514.5025
G1 F2700 E1509.5025
G0 F9000 X109.759 Y116.899
G0 X85.646 Y115.271
G0 X85.119 Y114.809
G1 F2700 E1514.5025
G1 F1500 X84.511 Y115.601 E1514.53571
G1 X84.135 Y116.513 E1514.56852
G1 X84.002 Y117.499 E1514.60161
G1 X84.135 Y118.483 E1514.63464
G1 X84.511 Y119.395 E1514.66745
G1 X85.119 Y120.187 E1514.70066
G1 X114.809 Y149.877 E1516.09719
G1 X115.602 Y150.485 E1516.13042
G1 X116.513 Y150.865 E1516.16325
G1 X117.499 Y150.994 E1516.19633
G1 X118.483 Y150.865 E1516.22933
G1 X119.395 Y150.485 E1516.26219
G1 X120.187 Y149.877 E1516.2954
G1 X149.881 Y120.183 E1517.69212
G1 X150.489 Y119.394 E1517.72525
G1 X150.865 Y118.487 E1517.7579
G1 X150.994 Y117.499 E1517.79104
G1 X150.865 Y116.509 E1517.82425
G1 X150.489 Y115.602 E1517.85691
G1 X149.881 Y114.813 E1517.89004
G1 X120.184 Y85.115 E1519.28692
G1 X119.394 Y84.511 E1519.31999
G1 X118.487 Y84.131 E1519.3527
G1 X117.501 Y84.002 E1519.38577
G1 X116.509 Y84.135 E1519.41906
G1 X115.605 Y84.507 E1519.45158
G1 X114.809 Y85.119 E1519.48497
G1 X85.119 Y114.809 E1520.8815
G0 F9000 X85.646 Y115.271
G0 X85.124 Y115.948
G0 X84.921 Y115.863
;TYPE:FILL
G1 F3000 X119.132 Y150.074 E1522.49068
G1 X118.981 Y150.138
G1 X132.832 Y98.444 E1524.27068
G0 F9000 X132.679 Y98.596
G0 X131.503 Y97.42
G0 X131.657 Y97.267
G1 F3000 X92.977 Y107.631 E1525.60256
G0 F9000 X93.146 Y107.463
G1 F3000 X88.904 Y123.292 E1526.14761
G0 F9000 X89.057 Y123.14
G0 X87.364 Y121.447
G0 X87.211 Y121.6
G1 F3000 X112.013 Y114.954 E1527.00163
G0 F9000 X111.859 Y114.799
G0 X110.586 Y116.072
G0 X110.74 Y116.226
G1 F3000 X97.561 Y103.047 E1527.62153
G0 F9000 X97.715 Y103.202
G0 X101.616 Y99.301
G0 X101.462 Y99.146
G1 F3000 X126.758 Y92.368 E1528.49256
G0 F9000 X126.604 Y92.521
G0 X127.78 Y93.697
G0 X127.933 Y93.545
G1 F3000 X122.362 Y114.335 E1529.20843
G0 F9000 X122.52 Y114.178
G0 X120.821 Y112.479
G0 X120.664 Y112.636
G1 F3000 X141.454 Y107.065 E1529.92431
G0 F9000 X141.301 Y107.218
G0 X142.477 Y108.394
G0 X142.63 Y108.242
G1 F3000 X135.854 Y133.531 E1530.79509
G0 F9000 X136.013 Y133.37
G1 F3000 X106.807 Y141.195 E1531.80075
G0 F9000 X106.96 Y141.043
G0 X108.653 Y142.736
G0 X108.5 Y142.888
G1 F3000 X114.071 Y122.098 E1532.51662
G0 F9000 X113.913 Y122.255
G0 X112.743 Y121.085
G0 X112.9 Y120.928
G1 F3000 X92.11 Y126.499 E1533.2325
G0 F9000 X92.263 Y126.346
G0 X93.956 Y128.039
G0 X93.803 Y128.191
G1 F3000 X101.631 Y98.978 E1534.2384
G0 F9000 X101.804 Y98.804
G1 F3000 X114.984 Y111.985 E1534.85837
G0 F9000 X114.829 Y111.829
G0 X117.124 Y109.534
G0 X117.371 Y109.781
G1 F3000 X123.034 Y88.646 E1535.58612
G0 F9000 X122.881 Y88.798
G0 X121.705 Y87.622
G0 X121.859 Y87.469
G1 F3000 X109.948 Y90.661 E1535.99626
G0 F9000 X110.116 Y90.492
G1 F3000 X98.702 Y133.09 E1537.46306
G0 F9000 X98.855 Y132.938
G0 X97.162 Y131.245
G0 X97.009 Y131.398
G1 F3000 X150.454 Y117.077 E1539.30336
G0 F9000 X150.238 Y117.104
G0 X148.77 Y120.313
G0 X148.92 Y120.464
G1 F3000 X114.531 Y86.076 E1540.92089
G0 F9000 X114.686 Y86.231
G0 X117.894 Y84.761
G0 X117.922 Y84.541
G1 F3000 X103.601 Y137.989 E1542.76128
G0 F9000 X103.754 Y137.837
G0 X102.061 Y136.144
G0 X101.908 Y136.297
G1 F3000 X144.498 Y124.884 E1544.22781
G0 F9000 X144.339 Y125.045
G1 F3000 X147.529 Y113.141 E1544.63771
G0 F9000 X147.376 Y113.293
G0 X146.2 Y112.117
G0 X146.353 Y111.964
G1 F3000 X125.227 Y117.625 E1545.36515
G0 F9000 X125.472 Y117.87
G0 X123.171 Y120.171
G0 X123.014 Y120.014
G1 F3000 X136.192 Y133.192 E1545.985
G0 F9000 X136.042 Y133.041
G0 X140.284 Y128.799
G0 X140.434 Y128.949
G1 F3000 X106.046 Y94.561 E1547.60251
G0 F9000 X106.201 Y94.716
G0 X110.443 Y90.474
G0 X110.289 Y90.319
G1 F3000 X144.677 Y124.707 E1549.22002
G0 F9000 X144.527 Y124.556
G0 X131.799 Y137.284
G0 X131.949 Y137.435
G1 F3000 X118.771 Y124.257 E1549.83987
G0 F9000 X118.928 Y124.414
G0 X120.202 Y123.14
G0 X120.045 Y122.982
G1 F3000 X113.399 Y147.787 E1550.69399
G0 F9000 X113.552 Y147.635
G0 X111.859 Y145.942
G0 X111.706 Y146.094
G1 F3000 X127.528 Y141.855 E1551.23879
G0 F9000 X127.369 Y142.015
G1 F3000 X137.731 Y103.343 E1552.5704
G0 F9000 X137.578 Y103.495
G0 X136.402 Y102.319
G0 X136.556 Y102.166
G1 F3000 X84.859 Y116.018 E1554.3505
G0 F9000 X85.061 Y116.102
G0 X89.23 Y111.687
G0 X89.076 Y111.532
G1 F3000 X123.464 Y145.92 E1555.968
G0 F9000 X123.314 Y145.769
G0 X127.556 Y141.527
G0 X127.706 Y141.677
G1 F3000 X93.318 Y107.289 E1557.58551
G0 F9000 X93.685 Y107.656
G1 F2700 E1552.58551
;MESH:NONMESH
G0 F300 X93.685 Y107.656 Z3.2
G0 F9000 X115.271 Y85.646
G0 X115.073 Y85.42
;TIME_ELAPSED:2010.181755
;LAYER:15
;TYPE:WALL-INNER
;MESH:quadrato.stl
G1 F2700 E1557.58551
G1 F1500 X85.421 Y115.073 E1558.98027
G1 X84.861 Y115.803 E1559.01087
G1 X84.525 Y116.617 E1559.04016
G1 X84.406 Y117.499 E1559.06977
G1 X84.525 Y118.378 E1559.09927
G1 X84.861 Y119.193 E1559.12859
G1 X85.421 Y119.923 E1559.15919
G1 X115.073 Y149.575 E1560.55393
G1 X115.804 Y150.136 E1560.58458
G1 X116.617 Y150.475 E1560.61387
G1 X117.499 Y150.59 E1560.64346
G1 X118.378 Y150.475 E1560.67294
G1 X119.193 Y150.136 E1560.7023
G1 X119.923 Y149.575 E1560.73292
G1 X149.58 Y119.919 E1562.12787
G1 X150.14 Y119.192 E1562.15839
G1 X150.475 Y118.383 E1562.18752
G1 X150.59 Y117.499 E1562.21717
G1 X150.475 Y116.613 E1562.24688
G1 X150.14 Y115.804 E1562.27601
G1 X149.58 Y115.077 E1562.30653
G1 X119.92 Y85.417 E1563.70164
G1 X119.192 Y84.86 E1563.73213
G1 X118.382 Y84.521 E1563.76134
G1 X117.501 Y84.406 E1563.79089
G1 X116.613 Y84.525 E1563.82069
G1 X115.807 Y84.857 E1563.84968
G1 X115.073 Y85.42 E1563.88045
G0 F9000 X115.271 Y85.646
G0 X117.064 Y109.594
G0 X117.323 Y109.854
G1 F1500 X117.543 Y109.829 E1563.88781
G1 X117.873 Y109.951 E1563.89951
G1 X125.048 Y117.13 E1564.2371
G1 X125.142 Y117.323 E1564.24424
G1 X125.167 Y117.543 E1564.2516
G1 X125.045 Y117.873 E1564.2633
G1 X117.87 Y125.048 E1564.60079
G1 X117.677 Y125.142 E1564.60793
G1 X117.456 Y125.167 E1564.61533
G1 X117.127 Y125.045 E1564.627
G1 X109.948 Y117.87 E1564.96459
G1 X109.854 Y117.677 E1564.97173
G1 X109.829 Y117.456 E1564.97912
G1 X109.951 Y117.127 E1564.99079
G1 X117.13 Y109.948 E1565.32847
G1 X117.323 Y109.854 E1565.33561
G1 F2700 E1560.33561
G0 F9000 X117.064 Y109.594
G0 X109.759 Y116.899
G0 X110.252 Y117.392
;TYPE:WALL-OUTER
G1 F2700 E1565.33561
G1 F1500 X117.37 Y110.275 E1565.6704
G1 X117.544 Y110.232 E1565.67636
G1 X117.642 Y110.286 E1565.68008
G1 X124.721 Y117.37 E1566.01317
G1 X124.764 Y117.544 E1566.01913
G1 X124.71 Y117.642 E1566.02285
G1 X117.63 Y124.721 E1566.35585
G1 X117.456 Y124.764 E1566.36181
G1 X117.358 Y124.71 E1566.36554
G1 X110.254 Y117.61 E1566.69959
G1 X110.252 Y117.392 E1566.70684
G1 F2700 E1561.70684
G0 F9000 X109.759 Y116.899
G0 X85.646 Y115.271
G0 X85.119 Y114.809
G1 F2700 E1566.70684
G1 F1500 X84.511 Y115.601 E1566.74005
G1 X84.135 Y116.513 E1566.77286
G1 X84.002 Y117.499 E1566.80595
G1 X84.135 Y118.483 E1566.83898
G1 X84.511 Y119.395 E1566.87179
G1 X85.119 Y120.187 E1566.905
G1 X114.809 Y149.877 E1568.30152
G1 X115.602 Y150.485 E1568.33476
G1 X116.513 Y150.865 E1568.36759
G1 X117.499 Y150.994 E1568.40066
G1 X118.483 Y150.865 E1568.43367
G1 X119.395 Y150.485 E1568.46653
G1 X120.187 Y149.877 E1568.49974
G1 X149.881 Y120.183 E1569.89646
G1 X150.489 Y119.394 E1569.92959
G1 X150.865 Y118.487 E1569.96224
G1 X150.994 Y117.499 E1569.99538
G1 X150.865 Y116.509 E1570.02859
G1 X150.489 Y115.602 E1570.06125
G1 X149.881 Y114.813 E1570.09438
G1 X120.184 Y85.115 E1571.49126
G1 X119.394 Y84.511 E1571.52433
G1 X118.487 Y84.131 E1571.55704
G1 X117.501 Y84.002 E1571.59011
G1 X116.509 Y84.135 E1571.6234
G1 X115.605 Y84.507 E1571.65591
G1 X114.809 Y85.119 E1571.68931
G1 X85.119 Y114.809 E1573.08584
G0 F9000 X85.003 Y115.746
;TYPE:FILL
G1 F3000 X119.249 Y149.991 E1574.69664
G0 F9000 X118.816 Y150.207
G1 F3000 X132.717 Y98.329 E1576.48298
G0 F9000 X132.564 Y98.481
G0 X131.618 Y97.535
G0 X131.771 Y97.382
G1 F3000 X92.778 Y107.831 E1577.82565
G0 F9000 X92.946 Y107.662
G1 F3000 X88.789 Y123.176 E1578.35985
G0 F9000 X88.941 Y123.024
G0 X87.479 Y121.562
G0 X87.326 Y121.715
G1 F3000 X111.814 Y115.153 E1579.20306
G0 F9000 X111.66 Y114.998
G0 X110.686 Y115.972
G0 X110.84 Y116.126
G1 F3000 X97.661 Y102.947 E1579.82296
G0 F9000 X97.815 Y103.102
G0 X101.417 Y99.5
G0 X101.263 Y99.345
G1 F3000 X126.873 Y92.483 E1580.7048
G0 F9000 X126.719 Y92.636
G0 X127.665 Y93.582
G0 X127.818 Y93.429
G1 F3000 X122.247 Y114.219 E1581.42067
G0 F9000 X122.404 Y114.062
G0 X120.937 Y112.595
G0 X120.78 Y112.751
G1 F3000 X141.569 Y107.18 E1582.13651
G0 F9000 X141.416 Y107.333
G0 X142.362 Y108.279
G0 X142.515 Y108.127
G1 F3000 X135.655 Y133.73 E1583.01811
G0 F9000 X135.814 Y133.569
G1 F3000 X106.922 Y141.311 E1584.01296
G0 F9000 X107.075 Y141.158
G0 X108.537 Y142.62
G0 X108.385 Y142.772
G1 F3000 X113.955 Y121.983 E1584.7288
G0 F9000 X113.798 Y122.14
G0 X112.858 Y121.2
G0 X113.015 Y121.043
G1 F3000 X92.225 Y126.614 E1585.44467
G0 F9000 X92.378 Y126.461
G0 X93.84 Y127.923
G0 X93.688 Y128.075
G1 F3000 X101.431 Y99.177 E1586.43973
G0 F9000 X101.903 Y98.704
G1 F3000 X115.084 Y111.885 E1587.05972
G0 F9000 X114.929 Y111.729
G0 X117.028 Y109.63
G0 X117.215 Y109.817
G1 F3000 X122.919 Y88.53 E1587.79271
G0 F9000 X122.766 Y88.683
G0 X121.82 Y87.737
G0 X121.974 Y87.584
G1 F3000 X109.749 Y90.86 E1588.21366
G0 F9000 X109.917 Y90.691
G1 F3000 X98.587 Y132.974 E1589.66961
G0 F9000 X98.739 Y132.822
G0 X97.277 Y131.36
G0 X97.124 Y131.513
G1 F3000 X150.472 Y117.218 E1591.50657
G0 F9000 X150.257 Y117.245
G0 X148.869 Y120.214
G0 X149.019 Y120.364
G1 F3000 X114.631 Y85.976 E1593.12407
G0 F9000 X114.786 Y86.131
G0 X117.753 Y84.742
G0 X117.781 Y84.523
G1 F3000 X103.486 Y137.873 E1594.9611
G0 F9000 X103.638 Y137.721
G0 X102.176 Y136.259
G0 X102.023 Y136.412
G1 F3000 X144.299 Y125.084 E1596.4168
G0 F9000 X144.14 Y125.245
G1 F3000 X147.414 Y113.026 E1596.83755
G0 F9000 X147.261 Y113.178
G0 X146.315 Y112.232
G0 X146.468 Y112.079
G1 F3000 X125.157 Y117.79 E1597.57136
G0 F9000 X125.354 Y117.988
G0 X123.27 Y120.072
G0 X123.114 Y119.915
G1 F3000 X136.291 Y133.092 E1598.19117
G0 F9000 X136.141 Y132.942
G0 X131.899 Y137.184
G0 X132.049 Y137.335
G1 F3000 X118.871 Y124.157 E1598.81102
G0 F9000 X119.028 Y124.314
G0 X120.003 Y123.339
G0 X119.846 Y123.181
G1 F3000 X113.284 Y147.671 E1599.6543
G0 F9000 X113.436 Y147.519
G0 X111.974 Y146.057
G0 X111.821 Y146.21
G1 F3000 X127.329 Y142.054 E1600.18829
G0 F9000 X127.169 Y142.215
G1 F3000 X137.616 Y103.228 E1601.53075
G0 F9000 X137.463 Y103.38
G0 X136.517 Y102.434
G0 X136.67 Y102.281
G1 F3000 X84.791 Y116.182 E1603.31713
G0 F9000 X84.993 Y116.266
G0 X89.33 Y111.587
G0 X89.175 Y111.432
G1 F3000 X123.563 Y145.82 E1604.93463
G0 F9000 X123.413 Y145.67
G0 X127.656 Y141.427
G0 X127.806 Y141.578
G1 F3000 X93.418 Y107.19 E1606.55214
G0 F9000 X93.572 Y107.345
G0 X106.3 Y94.617
G0 X106.146 Y94.462
G1 F3000 X140.534 Y128.85 E1608.16965
G0 F9000 X140.384 Y128.699
G0 X144.627 Y124.456
G0 X144.777 Y124.607
G1 F3000 X110.389 Y90.219 E1609.78715
G0 F9000 X110.755 Y90.586
;MESH:NONMESH
G0 F300 X110.755 Y90.586 Z3.4
G0 F9000 X115.271 Y85.646
G0 X115.073 Y85.42
;TIME_ELAPSED:2061.158058
;LAYER:16
;TYPE:WALL-INNER
;MESH:quadrato.stl
G1 F1500 X85.421 Y115.073 E1611.18191
G1 X84.861 Y115.803 E1611.21252
G1 X84.525 Y116.617 E1611.2418
G1 X84.406 Y117.499 E1611.27141
G1 X84.525 Y118.378 E1611.30091
G1 X84.861 Y119.193 E1611.33023
G1 X85.421 Y119.923 E1611.36083
G1 X115.073 Y149.575 E1612.75557
G1 X115.804 Y150.136 E1612.78622
G1 X116.617 Y150.475 E1612.81551
G1 X117.499 Y150.59 E1612.8451
G1 X118.378 Y150.475 E1612.87458
G1 X119.193 Y150.136 E1612.90394
G1 X119.923 Y149.575 E1612.93456
G1 X149.58 Y119.919 E1614.32951
G1 X150.14 Y119.192 E1614.36003
G1 X150.475 Y118.383 E1614.38916
G1 X150.59 Y117.499 E1614.41881
G1 X150.475 Y116.613 E1614.44852
G1 X150.14 Y115.804 E1614.47765
G1 X149.58 Y115.077 E1614.50817
G1 X119.92 Y85.417 E1615.90328
G1 X119.192 Y84.86 E1615.93377
G1 X118.382 Y84.521 E1615.96298
G1 X117.501 Y84.406 E1615.99253
G1 X116.613 Y84.525 E1616.02233
G1 X115.807 Y84.857 E1616.05132
G1 X115.073 Y85.42 E1616.08209
G0 F9000 X115.271 Y85.646
G0 X117.064 Y109.594
G0 X117.323 Y109.854
G1 F1500 X117.543 Y109.829 E1616.08945
G1 X117.873 Y109.951 E1616.10115
G1 X125.048 Y117.13 E1616.43874
G1 X125.142 Y117.323 E1616.44588
G1 X125.167 Y117.543 E1616.45324
G1 X125.045 Y117.873 E1616.46494
G1 X117.87 Y125.048 E1616.80243
G1 X117.677 Y125.142 E1616.80957
G1 X117.456 Y125.167 E1616.81697
G1 X117.127 Y125.045 E1616.82864
G1 X109.948 Y117.87 E1617.16623
G1 X109.854 Y117.677 E1617.17337
G1 X109.829 Y117.456 E1617.18076
G1 X109.951 Y117.127 E1617.19243
G1 X117.13 Y109.948 E1617.53011
G1 X117.323 Y109.854 E1617.53725
G1 F2700 E1612.53725
G0 F9000 X117.064 Y109.594
G0 X109.759 Y116.899
G0 X110.252 Y117.392
;TYPE:WALL-OUTER
G1 F2700 E1617.53725
G1 F1500 X117.37 Y110.275 E1617.87204
G1 X117.544 Y110.232 E1617.878
G1 X117.642 Y110.286 E1617.88172
G1 X124.721 Y117.37 E1618.21481
G1 X124.764 Y117.544 E1618.22077
G1 X124.71 Y117.642 E1618.2245
G1 X117.63 Y124.721 E1618.55749
G1 X117.456 Y124.764 E1618.56345
G1 X117.358 Y124.71 E1618.56718
G1 X110.254 Y117.61 E1618.90123
G1 X110.252 Y117.392 E1618.90848
G1 F2700 E1613.90848
G0 F9000 X109.759 Y116.899
G0 X85.646 Y115.271
G0 X85.119 Y114.809
G1 F2700 E1618.90848
G1 F1500 X84.511 Y115.601 E1618.94169
G1 X84.135 Y116.513 E1618.9745
G1 X84.002 Y117.499 E1619.00759
G1 X84.135 Y118.483 E1619.04062
G1 X84.511 Y119.395 E1619.07343
G1 X85.119 Y120.187 E1619.10664
G1 X114.809 Y149.877 E1620.50317
G1 X115.602 Y150.485 E1620.5364
G1 X116.513 Y150.865 E1620.56923
G1 X117.499 Y150.994 E1620.60231
G1 X118.483 Y150.865 E1620.63531
G1 X119.395 Y150.485 E1620.66817
G1 X120.187 Y149.877 E1620.70138
G1 X149.881 Y120.183 E1622.0981
G1 X150.489 Y119.394 E1622.13123
G1 X150.865 Y118.487 E1622.16388
G1 X150.994 Y117.499 E1622.19702
G1 X150.865 Y116.509 E1622.23023
G1 X150.489 Y115.602 E1622.26289
G1 X149.881 Y114.813 E1622.29602
G1 X120.184 Y85.115 E1623.6929
G1 X119.394 Y84.511 E1623.72597
G1 X118.487 Y84.131 E1623.75868
G1 X117.501 Y84.002 E1623.79175
G1 X116.509 Y84.135 E1623.82504
G1 X115.605 Y84.507 E1623.85756
G1 X114.809 Y85.119 E1623.89095
G1 X85.119 Y114.809 E1625.28748
G0 F9000 X85.09 Y115.632
;TYPE:FILL
G1 F3000 X119.362 Y149.904 E1626.89953
G0 F9000 X118.651 Y150.276
G1 F3000 X132.601 Y98.213 E1628.69223
G0 F9000 X132.448 Y98.365
G0 X131.734 Y97.651
G0 X131.887 Y97.498
G1 F3000 X92.577 Y108.031 E1630.04581
G0 F9000 X92.745 Y107.863
G1 F3000 X88.673 Y123.06 E1630.56909
G0 F9000 X88.825 Y122.908
G0 X87.595 Y121.678
G0 X87.442 Y121.831
G1 F3000 X111.613 Y115.354 E1631.40139
G0 F9000 X110.94 Y116.026
G1 F3000 X97.761 Y102.847 E1632.02129
G0 F9000 X97.915 Y103.002
G0 X101.216 Y99.701
G0 X101.062 Y99.546
G1 F3000 X126.988 Y92.599 E1632.91401
G0 F9000 X126.835 Y92.752
G0 X127.549 Y93.466
G0 X127.702 Y93.313
G1 F3000 X122.132 Y114.103 E1633.62988
G0 F9000 X122.289 Y113.947
G0 X121.052 Y112.71
G0 X120.895 Y112.867
G1 F3000 X141.685 Y107.296 E1634.34575
G0 F9000 X141.532 Y107.449
G0 X142.246 Y108.163
G0 X142.399 Y108.011
G1 F3000 X135.454 Y133.931 E1635.23826
G0 F9000 X135.613 Y133.77
G1 F3000 X107.038 Y141.426 E1636.22219
G0 F9000 X107.191 Y141.274
G0 X108.421 Y142.504
G0 X108.269 Y142.656
G1 F3000 X113.839 Y121.867 E1636.93802
G0 F9000 X113.682 Y122.024
G0 X112.974 Y121.316
G0 X113.131 Y121.159
G1 F3000 X92.34 Y126.73 E1637.65393
G0 F9000 X92.494 Y126.577
G0 X93.724 Y127.807
G0 X93.572 Y127.959
G1 F3000 X101.231 Y99.378 E1638.63808
G0 F9000 X101.385 Y99.532
G0 X102.158 Y98.759
G0 X102.004 Y98.604
G1 F3000 X115.184 Y111.784 E1639.25802
G0 F9000 X115.029 Y111.629
G0 X116.88 Y109.778
G0 X117.037 Y109.935
G1 F3000 X122.803 Y88.414 E1639.99906
G0 F9000 X122.65 Y88.567
G0 X121.936 Y87.853
G0 X122.09 Y87.7
G1 F3000 X109.548 Y91.061 E1640.43093
G0 F9000 X109.716 Y90.892
G1 F3000 X98.471 Y132.858 E1641.87596
G0 F9000 X98.623 Y132.706
G0 X97.393 Y131.476
G0 X97.24 Y131.628
G1 F3000 X150.491 Y117.36 E1643.70957
G0 F9000 X150.275 Y117.387
G0 X148.97 Y120.113
G0 X149.12 Y120.264
G1 F3000 X114.732 Y85.876 E1645.32708
G0 F9000 X114.886 Y86.031
G0 X117.611 Y84.724
G0 X117.639 Y84.505
G1 F3000 X103.37 Y137.757 E1647.16073
G0 F9000 X103.522 Y137.605
G0 X102.292 Y136.375
G0 X102.139 Y136.527
G1 F3000 X144.098 Y125.285 E1648.60551
G0 F9000 X143.939 Y125.446
G1 F3000 X147.298 Y112.91 E1649.03717
G0 F9000 X147.145 Y113.062
G0 X146.431 Y112.348
G0 X146.584 Y112.195
G1 F3000 X125.07 Y117.96 E1649.77798
G0 F9000 X125.226 Y118.116
G0 X123.371 Y119.971
G0 X123.214 Y119.814
G1 F3000 X136.392 Y132.992 E1650.39783
G0 F9000 X136.242 Y132.841
G0 X140.484 Y128.599
G0 X140.634 Y128.749
G1 F3000 X106.246 Y94.361 E1652.01533
G0 F9000 X106.401 Y94.516
G0 X110.643 Y90.274
G0 X110.489 Y90.119
G1 F3000 X144.877 Y124.507 E1653.63284
G0 F9000 X144.727 Y124.356
G0 X131.999 Y137.084
G0 X132.149 Y137.235
G1 F3000 X118.971 Y124.057 E1654.25269
G0 F9000 X119.645 Y123.382
G1 F3000 X113.168 Y147.555 E1655.08505
G0 F9000 X113.32 Y147.403
G0 X112.09 Y146.173
G0 X111.937 Y146.325
G1 F3000 X127.128 Y142.255 E1655.60813
G0 F9000 X126.968 Y142.416
G1 F3000 X137.5 Y103.112 E1656.9615
G0 F9000 X137.347 Y103.264
G0 X136.633 Y102.55
G0 X136.786 Y102.397
G1 F3000 X84.724 Y116.347 E1658.75418
G0 F9000 X84.925 Y116.431
G0 X89.43 Y111.487
G0 X89.276 Y111.332
G1 F3000 X123.664 Y145.72 E1660.37168
G0 F9000 X123.514 Y145.569
G0 X127.756 Y141.327
G0 X127.906 Y141.477
G1 F3000 X93.518 Y107.089 E1661.98919
G0 F9000 X93.885 Y107.456
G1 F2700 E1656.98919
;MESH:NONMESH
G0 F300 X93.885 Y107.456 Z3.6
G0 F9000 X115.271 Y85.646
G0 X115.073 Y85.42
;TIME_ELAPSED:2112.149555
;LAYER:17
;TYPE:WALL-INNER
;MESH:quadrato.stl
G1 F2700 E1661.98919
G1 F1500 X85.421 Y115.073 E1663.38395
G1 X84.861 Y115.803 E1663.41455
G1 X84.525 Y116.617 E1663.44384
G1 X84.406 Y117.499 E1663.47344
G1 X84.525 Y118.378 E1663.50294
G1 X84.861 Y119.193 E1663.53226
G1 X85.421 Y119.923 E1663.56287
G1 X115.073 Y149.575 E1664.95761
G1 X115.804 Y150.136 E1664.98825
G1 X116.617 Y150.475 E1665.01755
G1 X117.499 Y150.59 E1665.04713
G1 X118.378 Y150.475 E1665.07662
G1 X119.193 Y150.136 E1665.10598
G1 X119.923 Y149.575 E1665.1366
G1 X149.58 Y119.919 E1666.53155
G1 X150.14 Y119.192 E1666.56207
G1 X150.475 Y118.383 E1666.59119
G1 X150.59 Y117.499 E1666.62084
G1 X150.475 Y116.613 E1666.65056
G1 X150.14 Y115.804 E1666.67968
G1 X149.58 Y115.077 E1666.7102
G1 X119.92 Y85.417 E1668.10532
G1 X119.192 Y84.86 E1668.13581
G1 X118.382 Y84.521 E1668.16501
G1 X117.501 Y84.406 E1668.19456
G1 X116.613 Y84.525 E1668.22436
G1 X115.807 Y84.857 E1668.25336
G1 X115.073 Y85.42 E1668.28412
G0 F9000 X115.271 Y85.646
G0 X117.064 Y109.594
G0 X117.323 Y109.854
G1 F1500 X117.543 Y109.829 E1668.29149
G1 X117.873 Y109.951 E1668.30319
G1 X125.048 Y117.13 E1668.64077
G1 X125.142 Y117.323 E1668.64791
G1 X125.167 Y117.543 E1668.65528
G1 X125.045 Y117.873 E1668.66698
G1 X117.87 Y125.048 E1669.00447
G1 X117.677 Y125.142 E1669.01161
G1 X117.456 Y125.167 E1669.01901
G1 X117.127 Y125.045 E1669.03068
G1 X109.948 Y117.87 E1669.36826
G1 X109.854 Y117.677 E1669.3754
G1 X109.829 Y117.456 E1669.3828
G1 X109.951 Y117.127 E1669.39447
G1 X117.13 Y109.948 E1669.73215
G1 X117.323 Y109.854 E1669.73929
G1 F2700 E1664.73929
G0 F9000 X117.064 Y109.594
G0 X109.759 Y116.899
G0 X110.252 Y117.392
;TYPE:WALL-OUTER
G1 F2700 E1669.73929
G1 F1500 X117.37 Y110.275 E1670.07407
G1 X117.544 Y110.232 E1670.08004
G1 X117.642 Y110.286 E1670.08376
G1 X124.721 Y117.37 E1670.41685
G1 X124.764 Y117.544 E1670.42281
G1 X124.71 Y117.642 E1670.42653
G1 X117.63 Y124.721 E1670.75953
G1 X117.456 Y124.764 E1670.76549
G1 X117.358 Y124.71 E1670.76921
G1 X110.254 Y117.61 E1671.10327
G1 X110.252 Y117.392 E1671.11052
G1 F2700 E1666.11052
G0 F9000 X109.759 Y116.899
G0 X85.646 Y115.271
G0 X85.119 Y114.809
G1 F2700 E1671.11052
G1 F1500 X84.511 Y115.601 E1671.14373
G1 X84.135 Y116.513 E1671.17654
G1 X84.002 Y117.499 E1671.20963
G1 X84.135 Y118.483 E1671.24266
G1 X84.511 Y119.395 E1671.27547
G1 X85.119 Y120.187 E1671.30868
G1 X114.809 Y149.877 E1672.7052
G1 X115.602 Y150.485 E1672.73844
G1 X116.513 Y150.865 E1672.77127
G1 X117.499 Y150.994 E1672.80434
G1 X118.483 Y150.865 E1672.83735
G1 X119.395 Y150.485 E1672.87021
G1 X120.187 Y149.877 E1672.90342
G1 X149.881 Y120.183 E1674.30013
G1 X150.489 Y119.394 E1674.33326
G1 X150.865 Y118.487 E1674.36592
G1 X150.994 Y117.499 E1674.39906
G1 X150.865 Y116.509 E1674.43227
G1 X150.489 Y115.602 E1674.46492
G1 X149.881 Y114.813 E1674.49805
G1 X120.184 Y85.115 E1675.89493
G1 X119.394 Y84.511 E1675.92801
G1 X118.487 Y84.131 E1675.96071
G1 X117.501 Y84.002 E1675.99379
G1 X116.509 Y84.135 E1676.02708
G1 X115.605 Y84.507 E1676.05959
G1 X114.809 Y85.119 E1676.09299
G1 X85.119 Y114.809 E1677.48951
G0 F9000 X85.177 Y115.519
;TYPE:FILL
G1 F3000 X119.475 Y149.817 E1679.10279
G0 F9000 X119.347 Y149.648
G0 X118.404 Y150.143
G0 X118.486 Y150.344
G1 F3000 X132.486 Y98.097 E1680.90183
G0 F9000 X132.003 Y97.613
G1 F3000 X92.377 Y108.231 E1682.26629
G0 F9000 X92.546 Y108.063
G1 F3000 X88.558 Y122.946 E1682.77877
G0 F9000 X88.711 Y122.794
G0 X87.71 Y121.793
G0 X87.557 Y121.946
G1 F3000 X111.413 Y115.554 E1683.60021
G0 F9000 X111.04 Y115.926
G1 F3000 X97.861 Y102.747 E1684.22011
G0 F9000 X98.015 Y102.902
G0 X101.017 Y99.9
G0 X100.863 Y99.746
G1 F3000 X127.104 Y92.714 E1685.12368
G0 F9000 X127.587 Y93.199
G1 F3000 X122.016 Y113.988 E1685.83953
G0 F9000 X122.173 Y113.831
G0 X121.167 Y112.825
G0 X121.01 Y112.982
G1 F3000 X141.801 Y107.411 E1686.55543
G0 F9000 X142.284 Y107.896
G1 F3000 X135.254 Y134.13 E1687.45876
G0 F9000 X135.414 Y133.969
G1 F3000 X107.153 Y141.542 E1688.43189
G0 F9000 X107.306 Y141.389
G0 X108.306 Y142.389
G0 X108.154 Y142.541
G1 F3000 X113.724 Y121.753 E1689.14769
G0 F9000 X113.247 Y121.274
G1 F3000 X92.456 Y126.845 E1689.8636
G0 F9000 X92.609 Y126.692
G0 X93.61 Y127.693
G0 X93.457 Y127.845
G1 F3000 X101.031 Y99.577 E1690.83696
G0 F9000 X101.185 Y99.732
G0 X102.258 Y98.659
G0 X102.103 Y98.504
G1 F3000 X115.285 Y111.685 E1691.45698
G0 F9000 X115.129 Y111.529
G0 X116.681 Y109.977
G0 X116.837 Y110.134
G1 F3000 X122.688 Y88.3 E1692.2088
G0 F9000 X122.205 Y87.815
G1 F3000 X109.348 Y91.26 E1692.65151
G0 F9000 X109.517 Y91.091
G1 F3000 X98.356 Y132.743 E1694.08573
G0 F9000 X98.508 Y132.591
G0 X97.508 Y131.591
G0 X97.355 Y131.744
G1 F3000 X150.509 Y117.501 E1695.91601
G0 F9000 X150.291 Y117.5
G0 X149.069 Y120.014
G0 X149.219 Y120.164
G1 F3000 X114.831 Y85.776 E1697.53352
G0 F9000 X114.986 Y85.931
G0 X117.5 Y84.709
G0 X117.498 Y84.487
G1 F3000 X103.255 Y137.642 E1699.36383
G0 F9000 X103.407 Y137.49
G0 X102.407 Y136.49
G0 X102.254 Y136.643
G1 F3000 X143.899 Y125.484 E1700.79781
G0 F9000 X143.74 Y125.645
G1 F3000 X147.183 Y112.795 E1701.24028
G0 F9000 X146.7 Y112.31
G1 F3000 X124.87 Y118.16 E1701.99197
G0 F9000 X125.026 Y118.316
G0 X123.47 Y119.872
G0 X123.314 Y119.715
G1 F3000 X136.491 Y132.892 E1702.61177
G0 F9000 X136.341 Y132.742
G0 X132.099 Y136.984
G0 X132.249 Y137.135
G1 F3000 X119.071 Y123.957 E1703.23163
G0 F9000 X119.446 Y123.581
G1 F3000 X113.053 Y147.44 E1704.05317
G0 F9000 X113.205 Y147.288
G0 X112.205 Y146.288
G0 X112.053 Y146.44
G1 F3000 X126.929 Y142.454 E1704.5654
G0 F9000 X126.769 Y142.615
G1 F3000 X137.385 Y102.996 E1705.92962
G0 F9000 X136.902 Y102.512
G1 F3000 X84.656 Y116.511 E1707.72863
G0 F9000 X84.857 Y116.595
G0 X89.53 Y111.387
G0 X89.375 Y111.232
G1 F3000 X123.763 Y145.62 E1709.34614
G0 F9000 X123.613 Y145.47
G0 X127.856 Y141.227
G0 X128.006 Y141.378
G1 F3000 X93.618 Y106.989 E1710.96366
G0 F9000 X93.773 Y107.144
G0 X106.5 Y94.417
G0 X106.346 Y94.262
G1 F3000 X140.734 Y128.65 E1712.58117
G0 F9000 X140.584 Y128.499
G0 X144.827 Y124.256
G0 X144.977 Y124.407
G1 F3000 X110.589 Y90.019 E1714.19868
G0 F9000 X110.955 Y90.386
;MESH:NONMESH
G0 F300 X110.955 Y90.386 Z3.8
G0 F9000 X115.271 Y85.646
G0 X115.073 Y85.42
;TIME_ELAPSED:2162.290536
;LAYER:18
;TYPE:WALL-INNER
;MESH:quadrato.stl
G1 F1500 X85.421 Y115.073 E1715.59344
G1 X84.861 Y115.803 E1715.62404
G1 X84.525 Y116.617 E1715.65333
G1 X84.406 Y117.499 E1715.68293
G1 X84.525 Y118.378 E1715.71243
G1 X84.861 Y119.193 E1715.74175
G1 X85.421 Y119.923 E1715.77236
G1 X115.073 Y149.575 E1717.16709
G1 X115.804 Y150.136 E1717.19774
G1 X116.617 Y150.475 E1717.22704
G1 X117.499 Y150.59 E1717.25662
G1 X118.378 Y150.475 E1717.28611
G1 X119.193 Y150.136 E1717.31547
G1 X119.923 Y149.575 E1717.34609
G1 X149.58 Y119.919 E1718.74104
G1 X150.14 Y119.192 E1718.77156
G1 X150.475 Y118.383 E1718.80068
G1 X150.59 Y117.499 E1718.83033
G1 X150.475 Y116.613 E1718.86005
G1 X150.14 Y115.804 E1718.88917
G1 X149.58 Y115.077 E1718.91969
G1 X119.92 Y85.417 E1720.31481
G1 X119.192 Y84.86 E1720.3453
G1 X118.382 Y84.521 E1720.3745
G1 X117.501 Y84.406 E1720.40405
G1 X116.613 Y84.525 E1720.43385
G1 X115.807 Y84.857 E1720.46285
G1 X115.073 Y85.42 E1720.49361
G0 F9000 X115.271 Y85.646
G0 X117.064 Y109.594
G0 X117.323 Y109.854
G1 F1500 X117.543 Y109.829 E1720.50098
G1 X117.873 Y109.951 E1720.51268
G1 X125.048 Y117.13 E1720.85026
G1 X125.142 Y117.323 E1720.8574
G1 X125.167 Y117.543 E1720.86477
G1 X125.045 Y117.873 E1720.87647
G1 X117.87 Y125.048 E1721.21396
G1 X117.677 Y125.142 E1721.2211
G1 X117.456 Y125.167 E1721.2285
G1 X117.127 Y125.045 E1721.24017
G1 X109.948 Y117.87 E1721.57775
G1 X109.854 Y117.677 E1721.58489
G1 X109.829 Y117.456 E1721.59229
G1 X109.951 Y117.127 E1721.60396
G1 X117.13 Y109.948 E1721.94164
G1 X117.323 Y109.854 E1721.94878
G1 F2700 E1716.94878
G0 F9000 X117.064 Y109.594
G0 X109.717 Y116.941
G0 X110.232 Y117.456
;TYPE:WALL-OUTER
G1 F2700 E1721.94878
G1 F1500 X110.286 Y117.358 E1721.9525
G1 X117.37 Y110.275 E1722.28569
G1 X117.544 Y110.232 E1722.29165
G1 X117.642 Y110.286 E1722.29537
G1 X124.721 Y117.37 E1722.62846
G1 X124.764 Y117.544 E1722.63442
G1 X124.71 Y117.642 E1722.63814
G1 X117.63 Y124.721 E1722.97114
G1 X117.456 Y124.764 E1722.9771
G1 X117.358 Y124.71 E1722.98082
G1 X110.275 Y117.63 E1723.31392
G1 X110.232 Y117.456 E1723.31988
G1 F2700 E1718.31988
G0 F9000 X109.717 Y116.941
G0 X85.646 Y115.271
G0 X85.119 Y114.809
G1 F2700 E1723.31988
G1 F1500 X84.511 Y115.601 E1723.35309
G1 X84.135 Y116.513 E1723.3859
G1 X84.002 Y117.499 E1723.41899
G1 X84.135 Y118.483 E1723.45201
G1 X84.511 Y119.395 E1723.48482
G1 X85.119 Y120.187 E1723.51803
G1 X114.809 Y149.877 E1724.91456
G1 X115.602 Y150.485 E1724.9478
G1 X116.513 Y150.865 E1724.98063
G1 X117.499 Y150.994 E1725.0137
G1 X118.483 Y150.865 E1725.04671
G1 X119.395 Y150.485 E1725.07957
G1 X120.187 Y149.877 E1725.11278
G1 X149.881 Y120.183 E1726.50949
G1 X150.489 Y119.394 E1726.54262
G1 X150.865 Y118.487 E1726.57528
G1 X150.994 Y117.499 E1726.60842
G1 X150.865 Y116.509 E1726.64162
G1 X150.489 Y115.602 E1726.67428
G1 X149.881 Y114.813 E1726.70741
G1 X120.184 Y85.115 E1728.10429
G1 X119.394 Y84.511 E1728.13737
G1 X118.487 Y84.131 E1728.17007
G1 X117.501 Y84.002 E1728.20315
G1 X116.509 Y84.135 E1728.23644
G1 X115.605 Y84.507 E1728.26895
G1 X114.809 Y85.119 E1728.30234
G1 X85.119 Y114.809 E1729.69887
G0 F9000 X85.264 Y115.405
;TYPE:FILL
G1 F3000 X119.589 Y149.73 E1731.31341
G0 F9000 X119.46 Y149.56
G0 X118.296 Y150.186
G0 X118.324 Y150.402
G1 F3000 X132.37 Y97.981 E1733.11845
G0 F9000 X132.119 Y97.729
G1 F3000 X92.176 Y108.432 E1734.49382
G0 F9000 X92.345 Y108.263
G1 F3000 X88.442 Y122.83 E1734.99541
G0 F9000 X88.595 Y122.678
G0 X87.826 Y121.909
G0 X87.673 Y122.062
G1 F3000 X111.212 Y115.754 E1735.80595
G1 X111.14 Y115.826
G1 X97.961 Y102.646 E1736.42587
G0 F9000 X98.116 Y102.801
G0 X100.816 Y100.101
G0 X100.662 Y99.946
G1 F3000 X127.22 Y92.83 E1737.34035
G0 F9000 X127.471 Y93.083
G1 F3000 X121.9 Y113.872 E1738.0562
G0 F9000 X122.057 Y113.715
G0 X121.283 Y112.941
G0 X121.126 Y113.098
G1 F3000 X141.917 Y107.527 E1738.7721
G0 F9000 X142.168 Y107.78
G1 F3000 X135.054 Y134.331 E1739.68634
G0 F9000 X135.213 Y134.17
G1 F3000 X107.269 Y141.658 E1740.64855
G0 F9000 X107.422 Y141.505
G0 X108.19 Y142.273
G0 X108.038 Y142.425
G1 F3000 X113.608 Y121.637 E1741.36435
G0 F9000 X113.363 Y121.39
G1 F3000 X92.572 Y126.961 E1742.08026
G0 F9000 X92.725 Y126.808
G0 X93.494 Y127.577
G0 X93.341 Y127.729
G1 F3000 X100.83 Y99.778 E1743.0427
G0 F9000 X100.984 Y99.933
G0 X102.358 Y98.559
G0 X102.204 Y98.404
G1 F3000 X115.385 Y111.585 E1743.6627
G0 F9000 X115.229 Y111.429
G0 X116.48 Y110.178
G0 X116.636 Y110.335
G1 F3000 X122.572 Y88.184 E1744.42544
G0 F9000 X122.321 Y87.931
G1 F3000 X109.147 Y91.461 E1744.87906
G0 F9000 X109.316 Y91.292
G1 F3000 X98.24 Y132.628 E1746.3024
G0 F9000 X98.393 Y132.476
G0 X97.624 Y131.707
G0 X97.471 Y131.86
G1 F3000 X150.489 Y117.654 E1748.12799
G0 F9000 X150.274 Y117.626
G0 X149.17 Y119.913
G0 X149.32 Y120.064
G1 F3000 X114.932 Y85.676 E1749.7455
G0 F9000 X115.086 Y85.831
G0 X117.372 Y84.727
G0 X117.345 Y84.507
G1 F3000 X103.139 Y137.526 E1751.57112
G0 F9000 X103.291 Y137.374
G0 X102.523 Y136.606
G0 X102.37 Y136.759
G1 F3000 X143.698 Y125.685 E1752.99419
G0 F9000 X143.539 Y125.846
G1 F3000 X147.067 Y112.679 E1753.44757
G0 F9000 X146.816 Y112.426
G1 F3000 X124.669 Y118.36 E1754.21017
G0 F9000 X124.825 Y118.517
G0 X123.571 Y119.771
G0 X123.414 Y119.614
G1 F3000 X136.592 Y132.792 E1754.83002
G0 F9000 X136.442 Y132.641
G0 X132.199 Y136.884
G0 X132.349 Y137.034
G1 F3000 X119.172 Y123.857 E1755.44983
G1 X119.245 Y123.782
G1 X112.937 Y147.324 E1756.26046
G0 F9000 X113.089 Y147.172
G0 X112.321 Y146.404
G0 X112.169 Y146.556
G1 F3000 X126.728 Y142.655 E1756.76177
G0 F9000 X126.568 Y142.816
G1 F3000 X137.269 Y102.88 E1758.13691
G0 F9000 X137.018 Y102.628
G1 F3000 X84.599 Y116.674 E1759.94188
G0 F9000 X84.813 Y116.703
G0 X89.63 Y111.287
G0 X89.476 Y111.132
G1 F3000 X123.864 Y145.52 E1761.55938
G0 F9000 X123.714 Y145.369
G0 X127.957 Y141.126
G0 X128.107 Y141.277
G1 F3000 X93.719 Y106.889 E1763.17689
G0 F9000 X93.873 Y107.044
G0 X106.601 Y94.316
G0 X106.446 Y94.161
G1 F3000 X140.834 Y128.549 E1764.7944
G0 F9000 X140.684 Y128.399
G0 X144.927 Y124.156
G0 X145.077 Y124.307
G1 F3000 X110.689 Y89.919 E1766.4119
G0 F9000 X111.055 Y90.286
;MESH:NONMESH
G0 F300 X111.055 Y90.286 Z4
G0 F9000 X115.271 Y85.646
G0 X115.073 Y85.42
;TIME_ELAPSED:2211.921747
;LAYER:19
;TYPE:WALL-INNER
;MESH:quadrato.stl
G1 F1500 X85.421 Y115.073 E1767.80666
G1 X84.861 Y115.803 E1767.83727
G1 X84.525 Y116.617 E1767.86656
G1 X84.406 Y117.499 E1767.89616
G1 X84.525 Y118.378 E1767.92566
G1 X84.861 Y119.193 E1767.95498
G1 X85.421 Y119.923 E1767.98558
G1 X115.073 Y149.575 E1769.38032
G1 X115.804 Y150.136 E1769.41097
G1 X116.617 Y150.475 E1769.44026
G1 X117.499 Y150.59 E1769.46985
G1 X118.378 Y150.475 E1769.49933
G1 X119.193 Y150.136 E1769.52869
G1 X119.923 Y149.575 E1769.55931
G1 X149.58 Y119.919 E1770.95426
G1 X150.14 Y119.192 E1770.98479
G1 X150.475 Y118.383 E1771.01391
G1 X150.59 Y117.499 E1771.04356
G1 X150.475 Y116.613 E1771.07327
G1 X150.14 Y115.804 E1771.1024
G1 X149.58 Y115.077 E1771.13292
G1 X119.92 Y85.417 E1772.52803
G1 X119.192 Y84.86 E1772.55852
G1 X118.382 Y84.521 E1772.58773
G1 X117.501 Y84.406 E1772.61728
G1 X116.613 Y84.525 E1772.64708
G1 X115.807 Y84.857 E1772.67607
G1 X115.073 Y85.42 E1772.70684
G0 F9000 X115.271 Y85.646
G0 X117.064 Y109.594
G0 X117.323 Y109.854
G1 F1500 X117.543 Y109.829 E1772.7142
G1 X117.873 Y109.951 E1772.7259
G1 X125.048 Y117.13 E1773.06349
G1 X125.142 Y117.323 E1773.07063
G1 X125.167 Y117.543 E1773.07799
G1 X125.045 Y117.873 E1773.08969
G1 X117.87 Y125.048 E1773.42718
G1 X117.677 Y125.142 E1773.43432
G1 X117.456 Y125.167 E1773.44172
G1 X117.127 Y125.045 E1773.45339
G1 X109.948 Y117.87 E1773.79098
G1 X109.854 Y117.677 E1773.79812
G1 X109.829 Y117.456 E1773.80551
G1 X109.951 Y117.127 E1773.81718
G1 X117.13 Y109.948 E1774.15486
G1 X117.323 Y109.854 E1774.162
G1 F2700 E1769.162
G0 F9000 X117.064 Y109.594
G0 X109.759 Y116.899
G0 X110.252 Y117.392
;TYPE:WALL-OUTER
G1 F2700 E1774.162
G1 F1500 X117.37 Y110.275 E1774.49679
G1 X117.544 Y110.232 E1774.50275
G1 X117.642 Y110.286 E1774.50647
G1 X124.721 Y117.37 E1774.83956
G1 X124.764 Y117.544 E1774.84552
G1 X124.71 Y117.642 E1774.84925
G1 X117.63 Y124.721 E1775.18224
G1 X117.456 Y124.764 E1775.18821
G1 X117.358 Y124.71 E1775.19193
G1 X110.254 Y117.61 E1775.52598
G1 X110.252 Y117.392 E1775.53323
G1 F2700 E1770.53323
G0 F9000 X109.759 Y116.899
G0 X85.646 Y115.271
G0 X85.119 Y114.809
G1 F2700 E1775.53323
G1 F1500 X84.511 Y115.601 E1775.56644
G1 X84.135 Y116.513 E1775.59925
G1 X84.002 Y117.499 E1775.63234
G1 X84.135 Y118.483 E1775.66537
G1 X84.511 Y119.395 E1775.69818
G1 X85.119 Y120.187 E1775.73139
G1 X114.809 Y149.877 E1777.12792
G1 X115.602 Y150.485 E1777.16115
G1 X116.513 Y150.865 E1777.19398
G1 X117.499 Y150.994 E1777.22706
G1 X118.483 Y150.865 E1777.26006
G1 X119.395 Y150.485 E1777.29292
G1 X120.187 Y149.877 E1777.32613
G1 X149.881 Y120.183 E1778.72285
G1 X150.489 Y119.394 E1778.75598
G1 X150.865 Y118.487 E1778.78863
G1 X150.994 Y117.499 E1778.82177
G1 X150.865 Y116.509 E1778.85498
G1 X150.489 Y115.602 E1778.88764
G1 X149.881 Y114.813 E1778.92077
G1 X120.184 Y85.115 E1780.31765
G1 X119.394 Y84.511 E1780.35072
G1 X118.487 Y84.131 E1780.38343
G1 X117.501 Y84.002 E1780.4165
G1 X116.509 Y84.135 E1780.44979
G1 X115.605 Y84.507 E1780.48231
G1 X114.809 Y85.119 E1780.5157
G1 X85.119 Y114.809 E1781.91223
G0 F9000 X85.351 Y115.293
;TYPE:FILL
G1 F3000 X119.701 Y149.643 E1783.52795
G0 F9000 X119.573 Y149.474
G0 X118.145 Y150.206
G0 X118.173 Y150.422
G1 F3000 X132.255 Y97.867 E1785.33759
G1 X132.234 Y97.844
G1 X91.977 Y108.631 E1786.72378
G0 F9000 X92.146 Y108.463
G1 F3000 X88.327 Y122.714 E1787.2145
G0 F9000 X87.788 Y122.177
G1 F3000 X111.013 Y115.954 E1788.01421
G0 F9000 X111.24 Y115.726
G1 F3000 X98.061 Y102.547 E1788.63411
G0 F9000 X98.215 Y102.702
G0 X100.617 Y100.3
G0 X100.463 Y100.146
G1 F3000 X127.335 Y92.945 E1789.55941
G1 X127.356 Y92.968
G1 X121.785 Y113.757 E1790.27525
G0 F9000 X121.241 Y113.213
G1 F3000 X142.032 Y107.642 E1790.99116
G1 X142.053 Y107.665
G1 X134.854 Y134.53 E1791.91622
G0 F9000 X135.014 Y134.369
G1 F3000 X107.384 Y141.773 E1792.86762
G0 F9000 X107.923 Y142.311
G1 F3000 X113.493 Y121.521 E1793.58348
G1 X113.477 Y121.505
G1 X92.687 Y127.076 E1794.29936
G0 F9000 X93.226 Y127.613
G1 F3000 X100.631 Y99.977 E1795.25096
G0 F9000 X100.785 Y100.132
G0 X102.458 Y98.459
G0 X102.304 Y98.304
G1 F3000 X115.485 Y111.485 E1795.87095
G0 F9000 X115.329 Y111.329
G0 X116.28 Y110.378
G0 X116.437 Y110.535
G1 F3000 X122.457 Y88.068 E1796.64457
G1 X122.436 Y88.046
G1 X108.948 Y91.66 E1797.10901
G0 F9000 X109.116 Y91.492
G1 F3000 X98.125 Y132.513 E1798.5215
G0 F9000 X97.586 Y131.975
G1 F3000 X150.469 Y117.805 E1800.34244
G0 F9000 X150.255 Y117.777
G0 X149.269 Y119.814
G0 X149.419 Y119.964
G1 F3000 X115.031 Y85.576 E1801.95995
G0 F9000 X115.186 Y85.731
G0 X117.221 Y84.746
G0 X117.194 Y84.526
G1 F3000 X103.024 Y137.412 E1803.78098
G0 F9000 X102.486 Y136.874
G1 F3000 X143.499 Y125.884 E1805.19321
G0 F9000 X143.339 Y126.045
G1 F3000 X146.952 Y112.563 E1805.65744
G1 X146.93 Y112.541
G1 X124.47 Y118.56 E1806.43083
G0 F9000 X124.626 Y118.716
G0 X123.671 Y119.671
G0 X123.514 Y119.514
G1 F3000 X136.692 Y132.692 E1807.05068
G0 F9000 X136.542 Y132.541
G0 X140.784 Y128.299
G0 X140.934 Y128.449
G1 F3000 X106.546 Y94.061 E1808.66818
G0 F9000 X106.701 Y94.216
G0 X110.943 Y89.974
G0 X110.789 Y89.819
G1 F3000 X145.177 Y124.207 E1810.28569
G0 F9000 X145.027 Y124.056
G0 X132.299 Y136.784
G0 X132.449 Y136.935
G1 F3000 X119.271 Y123.757 E1810.90554
G0 F9000 X119.046 Y123.981
G1 F3000 X112.822 Y147.209 E1811.70536
G0 F9000 X112.283 Y146.672
G1 F3000 X126.528 Y142.855 E1812.19587
G0 F9000 X126.369 Y143.015
G1 F3000 X137.154 Y102.766 E1813.58178
G1 X137.133 Y102.743
G1 X84.579 Y116.825 E1815.3914
G0 F9000 X84.794 Y116.854
G0 X89.73 Y111.187
G0 X89.576 Y111.032
G1 F3000 X123.964 Y145.42 E1817.0089
G0 F9000 X123.814 Y145.269
G0 X128.056 Y141.027
G0 X128.206 Y141.177
G1 F3000 X93.818 Y106.789 E1818.62641
G0 F9000 X94.185 Y107.156
G1 F2700 E1813.62641
;MESH:NONMESH
G0 F300 X94.185 Y107.156 Z4.2
G0 F9000 X115.271 Y85.646
G0 X115.073 Y85.42
;TIME_ELAPSED:2261.310896
;LAYER:20
;TYPE:WALL-INNER
;MESH:quadrato.stl
G1 F2700 E1818.62641
G1 F1500 X85.421 Y115.073 E1820.02117
G1 X84.861 Y115.803 E1820.05177
G1 X84.525 Y116.617 E1820.08106
G1 X84.406 Y117.499 E1820.11066
G1 X84.525 Y118.378 E1820.14017
G1 X84.861 Y119.193 E1820.16949
G1 X85.421 Y119.923 E1820.20009
G1 X115.073 Y149.575 E1821.59483
G1 X115.804 Y150.136 E1821.62548
G1 X116.617 Y150.475 E1821.65477
G1 X117.499 Y150.59 E1821.68436
G1 X118.378 Y150.475 E1821.71384
G1 X119.193 Y150.136 E1821.7432
G1 X119.923 Y149.575 E1821.77382
G1 X149.58 Y119.919 E1823.16877
G1 X150.14 Y119.192 E1823.19929
G1 X150.475 Y118.383 E1823.22842
G1 X150.59 Y117.499 E1823.25807
G1 X150.475 Y116.613 E1823.28778
G1 X150.14 Y115.804 E1823.31691
G1 X149.58 Y115.077 E1823.34743
G1 X119.92 Y85.417 E1824.74254
G1 X119.192 Y84.86 E1824.77303
G1 X118.382 Y84.521 E1824.80224
G1 X117.501 Y84.406 E1824.83179
G1 X116.613 Y84.525 E1824.86159
G1 X115.807 Y84.857 E1824.89058
G1 X115.073 Y85.42 E1824.92135
G0 F9000 X115.271 Y85.646
G0 X117.064 Y109.594
G0 X117.323 Y109.854
G1 F1500 X117.543 Y109.829 E1824.92871
G1 X117.873 Y109.951 E1824.94041
G1 X125.048 Y117.13 E1825.278
G1 X125.142 Y117.323 E1825.28514
G1 X125.167 Y117.543 E1825.2925
G1 X125.045 Y117.873 E1825.3042
G1 X117.87 Y125.048 E1825.64169
G1 X117.677 Y125.142 E1825.64883
G1 X117.456 Y125.167 E1825.65623
G1 X117.127 Y125.045 E1825.6679
G1 X109.948 Y117.87 E1826.00548
G1 X109.854 Y117.677 E1826.01262
G1 X109.829 Y117.456 E1826.02002
G1 X109.951 Y117.127 E1826.03169
G1 X117.13 Y109.948 E1826.36937
G1 X117.323 Y109.854 E1826.37651
G1 F2700 E1821.37651
G0 F9000 X117.064 Y109.594
G0 X109.759 Y116.899
G0 X110.252 Y117.392
;TYPE:WALL-OUTER
G1 F2700 E1826.37651
G1 F1500 X117.37 Y110.275 E1826.7113
G1 X117.544 Y110.232 E1826.71726
G1 X117.642 Y110.286 E1826.72098
G1 X124.721 Y117.37 E1827.05407
G1 X124.764 Y117.544 E1827.06003
G1 X124.71 Y117.642 E1827.06375
G1 X117.63 Y124.721 E1827.39675
G1 X117.456 Y124.764 E1827.40271
G1 X117.358 Y124.71 E1827.40644
G1 X110.254 Y117.61 E1827.74049
G1 X110.252 Y117.392 E1827.74774
G1 F2700 E1822.74774
G0 F9000 X109.759 Y116.899
G0 X85.646 Y115.271
G0 X85.119 Y114.809
G1 F2700 E1827.74774
G1 F1500 X84.511 Y115.601 E1827.78095
G1 X84.135 Y116.513 E1827.81376
G1 X84.002 Y117.499 E1827.84685
G1 X84.135 Y118.483 E1827.87988
G1 X84.511 Y119.395 E1827.91269
G1 X85.119 Y120.187 E1827.9459
G1 X114.809 Y149.877 E1829.34242
G1 X115.602 Y150.485 E1829.37566
G1 X116.513 Y150.865 E1829.40849
G1 X117.499 Y150.994 E1829.44156
G1 X118.483 Y150.865 E1829.47457
G1 X119.395 Y150.485 E1829.50743
G1 X120.187 Y149.877 E1829.54064
G1 X149.881 Y120.183 E1830.93736
G1 X150.489 Y119.394 E1830.97049
G1 X150.865 Y118.487 E1831.00314
G1 X150.994 Y117.499 E1831.03628
G1 X150.865 Y116.509 E1831.06949
G1 X150.489 Y115.602 E1831.10215
G1 X149.881 Y114.813 E1831.13528
G1 X120.184 Y85.115 E1832.53215
G1 X119.394 Y84.511 E1832.56523
G1 X118.487 Y84.131 E1832.59794
G1 X117.501 Y84.002 E1832.63101
G1 X116.509 Y84.135 E1832.6643
G1 X115.605 Y84.507 E1832.69681
G1 X114.809 Y85.119 E1832.73021
G1 X85.119 Y114.809 E1834.12674
G0 F9000 X85.438 Y115.181
;TYPE:FILL
G1 F3000 X119.814 Y149.557 E1835.74368
G0 F9000 X119.685 Y149.387
G0 X117.993 Y150.226
G0 X118.021 Y150.442
G1 F3000 X132.14 Y97.751 E1837.55801
G0 F9000 X132.349 Y97.959
G1 F3000 X91.778 Y108.831 E1838.95502
G0 F9000 X91.946 Y108.662
G1 F3000 X88.212 Y122.599 E1839.43492
G0 F9000 X87.903 Y122.292
G1 F3000 X110.813 Y116.153 E1840.22379
G0 F9000 X111.34 Y115.626
G1 F3000 X98.161 Y102.447 E1840.84369
G0 F9000 X98.315 Y102.602
G0 X100.418 Y100.499
G0 X100.264 Y100.345
G1 F3000 X127.451 Y93.06 E1841.77983
G0 F9000 X127.241 Y92.852
G1 F3000 X121.67 Y113.642 E1842.49571
G0 F9000 X121.356 Y113.328
G1 F3000 X142.146 Y107.758 E1843.21157
G0 F9000 X141.937 Y107.55
G1 F3000 X134.655 Y134.729 E1844.14743
G0 F9000 X134.814 Y134.569
G1 F3000 X107.499 Y141.888 E1845.08798
G0 F9000 X107.808 Y142.195
G1 F3000 X113.378 Y121.406 E1845.80381
G0 F9000 X113.593 Y121.62
G1 F3000 X92.803 Y127.191 E1846.51969
G0 F9000 X93.111 Y127.498
G1 F3000 X100.432 Y100.176 E1847.46048
G0 F9000 X100.586 Y100.331
G0 X102.558 Y98.359
G0 X102.403 Y98.204
G1 F3000 X115.584 Y111.386 E1848.0805
G0 F9000 X116.238 Y110.734
G1 F3000 X122.342 Y87.953 E1848.86492
G0 F9000 X122.552 Y88.161
G1 F3000 X108.749 Y91.86 E1849.34021
G0 F9000 X108.917 Y91.691
G1 F3000 X98.01 Y132.397 E1850.74186
G0 F9000 X97.701 Y132.09
G1 F3000 X150.45 Y117.956 E1852.55819
G0 F9000 X150.235 Y117.928
G0 X149.349 Y119.734
G0 X149.519 Y119.864
G1 F3000 X115.132 Y85.477 E1854.17564
G0 F9000 X115.271 Y85.646
G0 X117.07 Y84.766
G0 X117.043 Y84.547
G1 F3000 X102.909 Y137.296 E1855.99197
G0 F9000 X102.6 Y136.989
G1 F3000 X143.299 Y126.084 E1857.39338
G0 F9000 X143.14 Y126.244
G1 F3000 X146.836 Y112.449 E1857.86838
G0 F9000 X147.045 Y112.657
G1 F3000 X124.271 Y118.759 E1858.65257
G0 F9000 X123.614 Y119.415
G1 F3000 X136.791 Y132.592 E1859.27237
G0 F9000 X136.641 Y132.442
G0 X132.399 Y136.684
G0 X132.549 Y136.835
G1 F3000 X119.371 Y123.657 E1859.89223
G0 F9000 X118.846 Y124.18
G1 F3000 X112.707 Y147.094 E1860.68123
G0 F9000 X112.399 Y146.787
G1 F3000 X126.329 Y143.054 E1861.16089
G0 F9000 X126.169 Y143.215
G1 F3000 X137.038 Y102.651 E1862.55764
G0 F9000 X137.247 Y102.859
G1 F3000 X84.558 Y116.977 E1864.37191
G0 F9000 X84.773 Y117.006
G0 X89.83 Y111.087
G0 X89.675 Y110.932
G1 F3000 X124.063 Y145.32 E1865.98941
G0 F9000 X123.913 Y145.17
G0 X128.156 Y140.927
G0 X128.306 Y141.078
G1 F3000 X93.918 Y106.69 E1867.60692
G0 F9000 X94.072 Y106.845
G0 X106.8 Y94.117
G0 X106.646 Y93.962
G1 F3000 X141.034 Y128.35 E1869.22443
G0 F9000 X140.884 Y128.199
G0 X145.127 Y123.956
G0 X145.277 Y124.107
G1 F3000 X110.888 Y89.719 E1870.84196
G0 F9000 X111.255 Y90.086
;MESH:NONMESH
G0 F300 X111.255 Y90.086 Z4.4
G0 F9000 X115.271 Y85.646
G0 X115.073 Y85.42
;TIME_ELAPSED:2310.521111
;LAYER:21
;TYPE:WALL-INNER
;MESH:quadrato.stl
G1 F1500 X85.421 Y115.073 E1872.23672
G1 X84.861 Y115.803 E1872.26732
G1 X84.525 Y116.617 E1872.29661
G1 X84.406 Y117.499 E1872.32621
G1 X84.525 Y118.378 E1872.35571
G1 X84.861 Y119.193 E1872.38503
G1 X85.421 Y119.923 E1872.41563
G1 X115.073 Y149.575 E1873.81037
G1 X115.804 Y150.136 E1873.84102
G1 X116.617 Y150.475 E1873.87032
G1 X117.499 Y150.59 E1873.8999
G1 X118.378 Y150.475 E1873.92939
G1 X119.193 Y150.136 E1873.95874
G1 X119.923 Y149.575 E1873.98937
G1 X149.58 Y119.919 E1875.38432
G1 X150.14 Y119.192 E1875.41484
G1 X150.475 Y118.383 E1875.44396
G1 X150.59 Y117.499 E1875.47361
G1 X150.475 Y116.613 E1875.50333
G1 X150.14 Y115.804 E1875.53245
G1 X149.58 Y115.077 E1875.56297
G1 X119.92 Y85.417 E1876.95809
G1 X119.192 Y84.86 E1876.98858
G1 X118.382 Y84.521 E1877.01778
G1 X117.501 Y84.406 E1877.04733
G1 X116.613 Y84.525 E1877.07713
G1 X115.807 Y84.857 E1877.10612
G1 X115.073 Y85.42 E1877.13689
G0 F9000 X115.271 Y85.646
G0 X117.064 Y109.594
G0 X117.323 Y109.854
G1 F1500 X117.543 Y109.829 E1877.14426
G1 X117.873 Y109.951 E1877.15596
G1 X125.048 Y117.13 E1877.49354
G1 X125.142 Y117.323 E1877.50068
G1 X125.167 Y117.543 E1877.50805
G1 X125.045 Y117.873 E1877.51975
G1 X117.87 Y125.048 E1877.85724
G1 X117.677 Y125.142 E1877.86438
G1 X117.456 Y125.167 E1877.87178
G1 X117.127 Y125.045 E1877.88345
G1 X109.948 Y117.87 E1878.22103
G1 X109.854 Y117.677 E1878.22817
G1 X109.829 Y117.456 E1878.23557
G1 X109.951 Y117.127 E1878.24724
G1 X117.13 Y109.948 E1878.58492
G1 X117.323 Y109.854 E1878.59206
G1 F2700 E1873.59206
G0 F9000 X117.064 Y109.594
G0 X109.759 Y116.899
G0 X110.252 Y117.392
;TYPE:WALL-OUTER
G1 F2700 E1878.59206
G1 F1500 X117.37 Y110.275 E1878.92684
G1 X117.544 Y110.232 E1878.9328
G1 X117.642 Y110.286 E1878.93652
G1 X124.721 Y117.37 E1879.26962
G1 X124.764 Y117.544 E1879.27558
G1 X124.71 Y117.642 E1879.2793
G1 X117.63 Y124.721 E1879.6123
G1 X117.456 Y124.764 E1879.61826
G1 X117.358 Y124.71 E1879.62198
G1 X110.254 Y117.61 E1879.95604
G1 X110.252 Y117.392 E1879.96329
G1 F2700 E1874.96329
G0 F9000 X109.759 Y116.899
G0 X85.646 Y115.271
G0 X85.119 Y114.809
G1 F2700 E1879.96329
G1 F1500 X84.511 Y115.601 E1879.9965
G1 X84.135 Y116.513 E1880.02931
G1 X84.002 Y117.499 E1880.0624
G1 X84.135 Y118.483 E1880.09542
G1 X84.511 Y119.395 E1880.12823
G1 X85.119 Y120.187 E1880.16144
G1 X114.809 Y149.877 E1881.55797
G1 X115.602 Y150.485 E1881.59121
G1 X116.513 Y150.865 E1881.62404
G1 X117.499 Y150.994 E1881.65711
G1 X118.483 Y150.865 E1881.69012
G1 X119.395 Y150.485 E1881.72298
G1 X120.187 Y149.877 E1881.75619
G1 X149.881 Y120.183 E1883.1529
G1 X150.489 Y119.394 E1883.18603
G1 X150.865 Y118.487 E1883.21869
G1 X150.994 Y117.499 E1883.25183
G1 X150.865 Y116.509 E1883.28503
G1 X150.489 Y115.602 E1883.31769
G1 X149.881 Y114.813 E1883.35082
G1 X120.184 Y85.115 E1884.7477
G1 X119.394 Y84.511 E1884.78078
G1 X118.487 Y84.131 E1884.81348
G1 X117.501 Y84.002 E1884.84656
G1 X116.509 Y84.135 E1884.87985
G1 X115.605 Y84.507 E1884.91236
G1 X114.809 Y85.119 E1884.94575
G1 X85.119 Y114.809 E1886.34228
G0 F9000 X85.533 Y115.075
;TYPE:FILL
G1 F3000 X119.921 Y149.463 E1887.95979
G0 F9000 X119.771 Y149.312
G0 X117.841 Y150.246
G0 X117.869 Y150.462
G1 F3000 X132.024 Y97.635 E1889.7788
G0 F9000 X132.465 Y98.075
G1 F3000 X91.577 Y109.031 E1891.18672
G0 F9000 X91.745 Y108.863
G1 F3000 X88.096 Y122.483 E1891.6557
G1 X88.019 Y122.408
G1 X110.612 Y116.354 E1892.43365
G0 F9000 X110.458 Y116.2
G0 X111.286 Y115.372
G0 X111.44 Y115.526
G1 F3000 X98.261 Y102.347 E1893.05355
G0 F9000 X98.415 Y102.502
G0 X100.217 Y100.7
G0 X100.063 Y100.546
G1 F3000 X127.567 Y93.176 E1894.00061
G0 F9000 X127.125 Y92.736
G1 F3000 X121.554 Y113.526 E1894.71649
G1 X121.472 Y113.444
G1 X142.262 Y107.874 E1895.43235
G0 F9000 X141.822 Y107.434
G1 F3000 X134.454 Y134.93 E1896.37914
G0 F9000 X134.613 Y134.77
G1 F3000 X107.615 Y142.004 E1897.30877
G1 X107.692 Y142.079
G1 X113.262 Y121.29 E1898.0246
G0 F9000 X113.709 Y121.736
G1 F3000 X92.919 Y127.307 E1898.74048
G1 X92.995 Y127.382
G1 X100.231 Y100.377 E1899.67035
G0 F9000 X100.385 Y100.532
G0 X102.658 Y98.259
G0 X102.504 Y98.104
G1 F3000 X115.685 Y111.285 E1900.29035
G0 F9000 X116.037 Y110.934
G1 F3000 X122.226 Y87.837 E1901.08566
G0 F9000 X122.668 Y88.277
G1 F3000 X108.548 Y92.061 E1901.57186
G0 F9000 X108.716 Y91.892
G1 F3000 X97.894 Y132.281 E1902.96259
G1 X97.817 Y132.206
G1 X150.429 Y118.108 E1904.77421
G0 F9000 X150.215 Y118.08
G0 X149.437 Y119.62
G0 X149.607 Y119.751
G1 F3000 X115.246 Y85.39 E1906.39044
G0 F9000 X115.378 Y85.564
G0 X116.917 Y84.786
G0 X116.89 Y84.567
G1 F3000 X102.793 Y137.18 E1908.20208
G1 X102.716 Y137.105
G1 X143.099 Y126.284 E1909.59261
G0 F9000 X142.939 Y126.445
G1 F3000 X146.721 Y112.333 E1910.07854
G0 F9000 X147.161 Y112.773
G1 F3000 X124.07 Y118.96 E1910.87364
G0 F9000 X123.714 Y119.314
G1 F3000 X136.892 Y132.492 E1911.4935
G0 F9000 X136.742 Y132.341
G0 X140.984 Y128.099
G0 X141.134 Y128.249
G1 F3000 X106.746 Y93.861 E1913.111
G0 F9000 X106.901 Y94.016
G0 X111.143 Y89.774
G0 X110.989 Y89.619
G1 F3000 X145.377 Y124.007 E1914.72851
G0 F9000 X145.227 Y123.856
G0 X132.499 Y136.584
G0 X132.649 Y136.735
G1 F3000 X119.471 Y123.557 E1915.34836
G0 F9000 X119.628 Y123.714
G0 X118.803 Y124.539
G0 X118.646 Y124.381
G1 F3000 X112.591 Y146.978 E1916.12645
G1 X112.514 Y146.903
G1 X126.128 Y143.255 E1916.59523
G0 F9000 X125.969 Y143.416
G1 F3000 X136.923 Y102.535 E1918.00291
G0 F9000 X137.363 Y102.975
G1 F3000 X84.537 Y117.129 E1919.82188
G0 F9000 X84.753 Y117.158
G0 X89.93 Y110.987
G0 X89.776 Y110.832
G1 F3000 X124.164 Y145.22 E1921.43939
G0 F9000 X124.014 Y145.069
G0 X128.256 Y140.827
G0 X128.406 Y140.977
G1 F3000 X94.018 Y106.589 E1923.05689
G0 F9000 X94.385 Y106.956
G1 F2700 E1918.05689
;MESH:NONMESH
G0 F300 X94.385 Y106.956 Z4.6
G0 F9000 X115.271 Y85.646
G0 X115.073 Y85.42
;TIME_ELAPSED:2360.040527
;LAYER:22
;TYPE:WALL-INNER
;MESH:quadrato.stl
G1 F2700 E1923.05689
G1 F1500 X85.421 Y115.073 E1924.45165
G1 X84.861 Y115.803 E1924.48226
G1 X84.525 Y116.617 E1924.51154
G1 X84.406 Y117.499 E1924.54115
G1 X84.525 Y118.378 E1924.57065
G1 X84.861 Y119.193 E1924.59997
G1 X85.421 Y119.923 E1924.63057
G1 X115.073 Y149.575 E1926.02531
G1 X115.804 Y150.136 E1926.05596
G1 X116.617 Y150.475 E1926.08525
G1 X117.499 Y150.59 E1926.11484
G1 X118.378 Y150.475 E1926.14432
G1 X119.193 Y150.136 E1926.17368
G1 X119.923 Y149.575 E1926.2043
G1 X149.58 Y119.919 E1927.59925
G1 X150.14 Y119.192 E1927.62978
G1 X150.475 Y118.383 E1927.6589
G1 X150.59 Y117.499 E1927.68855
G1 X150.475 Y116.613 E1927.71826
G1 X150.14 Y115.804 E1927.74739
G1 X149.58 Y115.077 E1927.77791
G1 X119.92 Y85.417 E1929.17302
G1 X119.192 Y84.86 E1929.20351
G1 X118.382 Y84.521 E1929.23272
G1 X117.501 Y84.406 E1929.26227
G1 X116.613 Y84.525 E1929.29207
G1 X115.807 Y84.857 E1929.32106
G1 X115.073 Y85.42 E1929.35183
G0 F9000 X115.271 Y85.646
G0 X117.064 Y109.594
G0 X117.323 Y109.854
G1 F1500 X117.543 Y109.829 E1929.35919
G1 X117.873 Y109.951 E1929.37089
G1 X125.048 Y117.13 E1929.70848
G1 X125.142 Y117.323 E1929.71562
G1 X125.167 Y117.543 E1929.72298
G1 X125.045 Y117.873 E1929.73468
G1 X117.87 Y125.048 E1930.07217
G1 X117.677 Y125.142 E1930.07931
G1 X117.456 Y125.167 E1930.08671
G1 X117.127 Y125.045 E1930.09838
G1 X109.948 Y117.87 E1930.43597
G1 X109.854 Y117.677 E1930.44311
G1 X109.829 Y117.456 E1930.4505
G1 X109.951 Y117.127 E1930.46217
G1 X117.13 Y109.948 E1930.79985
G1 X117.323 Y109.854 E1930.80699
G1 F2700 E1925.80699
G0 F9000 X117.064 Y109.594
G0 X109.759 Y116.899
G0 X110.252 Y117.392
;TYPE:WALL-OUTER
G1 F2700 E1930.80699
G1 F1500 X117.37 Y110.275 E1931.14178
G1 X117.544 Y110.232 E1931.14774
G1 X117.642 Y110.286 E1931.15146
G1 X124.721 Y117.37 E1931.48455
G1 X124.764 Y117.544 E1931.49051
G1 X124.71 Y117.642 E1931.49424
G1 X117.63 Y124.721 E1931.82723
G1 X117.456 Y124.764 E1931.83319
G1 X117.358 Y124.71 E1931.83692
G1 X110.254 Y117.61 E1932.17097
G1 X110.252 Y117.392 E1932.17822
G1 F2700 E1927.17822
G0 F9000 X109.759 Y116.899
G0 X85.646 Y115.271
G0 X85.119 Y114.809
G1 F2700 E1932.17822
G1 F1500 X84.511 Y115.601 E1932.21143
G1 X84.135 Y116.513 E1932.24424
G1 X84.002 Y117.499 E1932.27733
G1 X84.135 Y118.483 E1932.31036
G1 X84.511 Y119.395 E1932.34317
G1 X85.119 Y120.187 E1932.37638
G1 X114.809 Y149.877 E1933.77291
G1 X115.602 Y150.485 E1933.80614
G1 X116.513 Y150.865 E1933.83897
G1 X117.499 Y150.994 E1933.87205
G1 X118.483 Y150.865 E1933.90505
G1 X119.395 Y150.485 E1933.93791
G1 X120.187 Y149.877 E1933.97112
G1 X149.881 Y120.183 E1935.36784
G1 X150.489 Y119.394 E1935.40097
G1 X150.865 Y118.487 E1935.43362
G1 X150.994 Y117.499 E1935.46676
G1 X150.865 Y116.509 E1935.49997
G1 X150.489 Y115.602 E1935.53263
G1 X149.881 Y114.813 E1935.56576
G1 X120.184 Y85.115 E1936.96264
G1 X119.394 Y84.511 E1936.99571
G1 X118.487 Y84.131 E1937.02842
G1 X117.501 Y84.002 E1937.06149
G1 X116.509 Y84.135 E1937.09478
G1 X115.605 Y84.507 E1937.1273
G1 X114.809 Y85.119 E1937.16069
G1 X85.119 Y114.809 E1938.55722
G0 F9000 X85.633 Y114.975
;TYPE:FILL
G1 F3000 X120.021 Y149.363 E1940.17472
G0 F9000 X119.871 Y149.212
G0 X117.69 Y150.266
G0 X117.718 Y150.481
G1 F3000 X131.909 Y97.52 E1941.99835
G0 F9000 X132.58 Y98.19
G1 F3000 X91.378 Y109.231 E1943.41709
G0 F9000 X91.546 Y109.062
G1 F3000 X87.981 Y122.369 E1943.87529
G0 F9000 X88.134 Y122.523
G1 F3000 X110.413 Y116.554 E1944.64242
G0 F9000 X110.259 Y116.399
G0 X111.386 Y115.272
G0 X111.54 Y115.426
G1 F3000 X98.361 Y102.247 E1945.26232
G0 F9000 X98.515 Y102.402
G0 X100.017 Y100.9
G0 X99.863 Y100.745
G1 F3000 X127.681 Y93.291 E1946.2202
G0 F9000 X127.01 Y92.621
G1 F3000 X121.439 Y113.41 E1946.93604
G0 F9000 X121.587 Y113.559
G1 F3000 X142.378 Y107.989 E1947.65193
G0 F9000 X141.707 Y107.318
G1 F3000 X134.254 Y135.13 E1948.6096
G0 F9000 X134.414 Y134.969
G1 F3000 X107.731 Y142.119 E1949.52839
G0 F9000 X107.577 Y141.964
G1 F3000 X113.147 Y121.176 E1950.24419
G0 F9000 X113.824 Y121.851
G1 F3000 X93.033 Y127.422 E1950.9601
G0 F9000 X92.88 Y127.268
G1 F3000 X100.031 Y100.577 E1951.87916
G0 F9000 X100.185 Y100.732
G0 X102.758 Y98.159
G0 X102.603 Y98.004
G1 F3000 X115.784 Y111.185 E1952.49915
G1 X115.838 Y111.133
G1 X122.111 Y87.723 E1953.30524
G0 F9000 X122.782 Y88.392
G1 F3000 X108.349 Y92.26 E1953.80222
G0 F9000 X108.517 Y92.091
G1 F3000 X97.779 Y132.166 E1955.18214
G0 F9000 X97.932 Y132.321
G1 F3000 X150.41 Y118.26 E1956.98913
G0 F9000 X150.195 Y118.232
G0 X149.523 Y119.507
G0 X149.694 Y119.639
G1 F3000 X115.358 Y85.303 E1958.60419
G0 F9000 X115.491 Y85.478
G0 X116.766 Y84.806
G0 X116.739 Y84.588
G1 F3000 X102.678 Y137.065 E1960.41116
G0 F9000 X102.831 Y137.22
G1 F3000 X142.899 Y126.484 E1961.79083
G0 F9000 X142.74 Y126.644
G1 F3000 X146.605 Y112.218 E1962.28757
G0 F9000 X147.277 Y112.888
G1 F3000 X123.869 Y119.159 E1963.09357
G1 X123.814 Y119.215
G1 X136.991 Y132.392 E1963.71338
G0 F9000 X136.841 Y132.242
G0 X132.599 Y136.484
G0 X132.749 Y136.635
G1 F3000 X119.571 Y123.457 E1964.33323
G0 F9000 X119.728 Y123.614
G0 X118.604 Y124.738
G0 X118.446 Y124.58
G1 F3000 X112.476 Y146.863 E1965.10051
G0 F9000 X112.63 Y147.018
G1 F3000 X125.929 Y143.454 E1965.55844
G0 F9000 X125.769 Y143.615
G1 F3000 X136.808 Y102.419 E1966.97697
G0 F9000 X137.479 Y103.09
G1 F3000 X84.516 Y117.281 E1968.80066
G0 F9000 X84.733 Y117.31
G0 X90.03 Y110.887
G0 X89.875 Y110.732
G1 F3000 X124.263 Y145.12 E1970.41817
G0 F9000 X124.113 Y144.97
G0 X128.356 Y140.727
G0 X128.506 Y140.878
G1 F3000 X94.118 Y106.49 E1972.03567
G0 F9000 X94.272 Y106.645
G0 X107 Y93.917
G0 X106.846 Y93.762
G1 F3000 X141.234 Y128.15 E1973.65318
G0 F9000 X141.084 Y127.999
G0 X145.327 Y123.756
G0 X145.477 Y123.907
G1 F3000 X111.089 Y89.519 E1975.27068
G0 F9000 X111.455 Y89.886
;MESH:NONMESH
G0 F300 X111.455 Y89.886 Z4.8
G0 F9000 X115.271 Y85.646
G0 X115.073 Y85.42
;TIME_ELAPSED:2409.374026
;LAYER:23
;TYPE:WALL-INNER
;MESH:quadrato.stl
G1 F1500 X85.421 Y115.073 E1976.66545
G1 X84.861 Y115.803 E1976.69605
G1 X84.525 Y116.617 E1976.72534
G1 X84.406 Y117.499 E1976.75494
G1 X84.525 Y118.378 E1976.78444
G1 X84.861 Y119.193 E1976.81376
G1 X85.421 Y119.923 E1976.84436
G1 X115.073 Y149.575 E1978.2391
G1 X115.804 Y150.136 E1978.26975
G1 X116.617 Y150.475 E1978.29905
G1 X117.499 Y150.59 E1978.32863
G1 X118.378 Y150.475 E1978.35811
G1 X119.193 Y150.136 E1978.38747
G1 X119.923 Y149.575 E1978.41809
G1 X149.58 Y119.919 E1979.81305
G1 X150.14 Y119.192 E1979.84357
G1 X150.475 Y118.383 E1979.87269
G1 X150.59 Y117.499 E1979.90234
G1 X150.475 Y116.613 E1979.93206
G1 X150.14 Y115.804 E1979.96118
G1 X149.58 Y115.077 E1979.9917
G1 X119.92 Y85.417 E1981.38682
G1 X119.192 Y84.86 E1981.4173
G1 X118.382 Y84.521 E1981.44651
G1 X117.501 Y84.406 E1981.47606
G1 X116.613 Y84.525 E1981.50586
G1 X115.807 Y84.857 E1981.53485
G1 X115.073 Y85.42 E1981.56562
G0 F9000 X115.271 Y85.646
G0 X117.064 Y109.594
G0 X117.323 Y109.854
G1 F1500 X117.543 Y109.829 E1981.57298
G1 X117.873 Y109.951 E1981.58469
G1 X125.048 Y117.13 E1981.92227
G1 X125.142 Y117.323 E1981.92941
G1 X125.167 Y117.543 E1981.93677
G1 X125.045 Y117.873 E1981.94848
G1 X117.87 Y125.048 E1982.28597
G1 X117.677 Y125.142 E1982.29311
G1 X117.456 Y125.167 E1982.3005
G1 X117.127 Y125.045 E1982.31217
G1 X109.948 Y117.87 E1982.64976
G1 X109.854 Y117.677 E1982.6569
G1 X109.829 Y117.456 E1982.6643
G1 X109.951 Y117.127 E1982.67597
G1 X117.13 Y109.948 E1983.01364
G1 X117.323 Y109.854 E1983.02078
G1 F2700 E1978.02078
G0 F9000 X117.064 Y109.594
G0 X109.759 Y116.899
G0 X110.252 Y117.392
;TYPE:WALL-OUTER
G1 F2700 E1983.02078
G1 F1500 X117.37 Y110.275 E1983.35557
G1 X117.544 Y110.232 E1983.36153
G1 X117.642 Y110.286 E1983.36525
G1 X124.721 Y117.37 E1983.69834
G1 X124.764 Y117.544 E1983.70431
G1 X124.71 Y117.642 E1983.70803
G1 X117.63 Y124.721 E1984.04103
G1 X117.456 Y124.764 E1984.04699
G1 X117.358 Y124.71 E1984.05071
G1 X110.254 Y117.61 E1984.38476
G1 X110.252 Y117.392 E1984.39202
G1 F2700 E1979.39202
G0 F9000 X109.759 Y116.899
G0 X85.646 Y115.271
G0 X85.119 Y114.809
G1 F2700 E1984.39202
G1 F1500 X84.511 Y115.601 E1984.42522
G1 X84.135 Y116.513 E1984.45804
G1 X84.002 Y117.499 E1984.49113
G1 X84.135 Y118.483 E1984.52415
G1 X84.511 Y119.395 E1984.55696
G1 X85.119 Y120.187 E1984.59017
G1 X114.809 Y149.877 E1985.9867
G1 X115.602 Y150.485 E1986.01993
G1 X116.513 Y150.865 E1986.05276
G1 X117.499 Y150.994 E1986.08584
G1 X118.483 Y150.865 E1986.11885
G1 X119.395 Y150.485 E1986.15171
G1 X120.187 Y149.877 E1986.18492
G1 X149.881 Y120.183 E1987.58163
G1 X150.489 Y119.394 E1987.61476
G1 X150.865 Y118.487 E1987.64742
G1 X150.994 Y117.499 E1987.68056
G1 X150.865 Y116.509 E1987.71376
G1 X150.489 Y115.602 E1987.74642
G1 X149.881 Y114.813 E1987.77955
G1 X120.184 Y85.115 E1989.17643
G1 X119.394 Y84.511 E1989.2095
G1 X118.487 Y84.131 E1989.24221
G1 X117.501 Y84.002 E1989.27528
G1 X116.509 Y84.135 E1989.30857
G1 X115.605 Y84.507 E1989.34109
G1 X114.809 Y85.119 E1989.37448
G1 X85.119 Y114.809 E1990.77101
G0 F9000 X85.733 Y114.874
;TYPE:FILL
G1 F3000 X120.121 Y149.262 E1992.38852
G0 F9000 X119.971 Y149.112
G0 X117.537 Y150.286
G0 X117.565 Y150.501
G1 F3000 X131.793 Y97.404 E1994.21683
G0 F9000 X131.64 Y97.557
G0 X132.542 Y98.459
G0 X132.696 Y98.306
G1 F3000 X91.177 Y109.432 E1995.64648
G0 F9000 X91.345 Y109.263
G1 F3000 X87.865 Y122.253 E1996.09377
G0 F9000 X88.25 Y122.639
G1 F3000 X110.212 Y116.754 E1996.85
G0 F9000 X110.058 Y116.6
G0 X111.486 Y115.172
G0 X111.64 Y115.326
G1 F3000 X98.461 Y102.147 E1997.4699
G0 F9000 X98.615 Y102.302
G0 X99.816 Y101.101
G0 X99.662 Y100.946
G1 F3000 X127.797 Y93.407 E1998.43868
G0 F9000 X127.643 Y93.56
G0 X126.741 Y92.658
G0 X126.894 Y92.506
G1 F3000 X121.323 Y113.294 E1999.15449
G0 F9000 X121.703 Y113.675
G1 F3000 X142.494 Y108.104 E1999.8704
G0 F9000 X142.34 Y108.257
G0 X141.438 Y107.355
G0 X141.591 Y107.202
G1 F3000 X134.054 Y135.331 E2000.83898
G0 F9000 X134.213 Y135.17
G1 F3000 X107.847 Y142.235 E2001.74685
G0 F9000 X107.461 Y141.848
G1 F3000 X113.031 Y121.06 E2002.46265
G0 F9000 X112.874 Y121.216
G0 X113.783 Y122.125
G0 X113.941 Y121.967
G1 F3000 X93.149 Y127.538 E2003.17859
G0 F9000 X92.764 Y127.152
G1 F3000 X99.83 Y100.778 E2004.08673
G0 F9000 X99.984 Y100.933
G0 X102.858 Y98.059
G0 X102.704 Y97.904
G1 F3000 X115.885 Y111.085 E2004.70672
G0 F9000 X115.637 Y111.334
G1 F3000 X121.995 Y87.607 E2005.52373
G0 F9000 X121.842 Y87.759
G0 X122.744 Y88.661
G0 X122.898 Y88.508
G1 F3000 X108.148 Y92.461 E2006.03163
G0 F9000 X108.316 Y92.292
G1 F3000 X97.663 Y132.05 E2007.40063
G0 F9000 X98.048 Y132.437
G1 F3000 X150.374 Y118.416 E2009.2024
G0 F9000 X150.173 Y118.332
G0 X149.61 Y119.394
G0 X149.781 Y119.526
G1 F3000 X115.472 Y85.216 E2010.81621
G0 F9000 X115.604 Y85.39
G0 X116.666 Y84.828
G0 X116.582 Y84.623
G1 F3000 X102.562 Y136.949 E2012.61797
G0 F9000 X102.947 Y137.336
G1 F3000 X142.698 Y126.685 E2013.98673
G0 F9000 X142.539 Y126.845
G1 F3000 X146.489 Y112.102 E2014.49438
G0 F9000 X146.337 Y112.254
G0 X147.239 Y113.156
G0 X147.393 Y113.003
G1 F3000 X123.669 Y119.36 E2015.31128
G0 F9000 X123.914 Y119.114
G1 F3000 X137.092 Y132.292 E2015.93113
G0 F9000 X136.942 Y132.141
G0 X141.184 Y127.899
G0 X141.334 Y128.049
G1 F3000 X106.946 Y93.661 E2017.54864
G0 F9000 X107.101 Y93.816
G0 X111.343 Y89.574
G0 X111.189 Y89.419
G1 F3000 X145.577 Y123.807 E2019.16614
G0 F9000 X145.427 Y123.656
G0 X132.699 Y136.384
G0 X132.849 Y136.535
G1 F3000 X119.671 Y123.357 E2019.78599
G0 F9000 X119.828 Y123.514
G0 X118.403 Y124.939
G0 X118.245 Y124.781
G1 F3000 X112.36 Y146.747 E2020.54235
G0 F9000 X112.746 Y147.134
G1 F3000 X125.728 Y143.655 E2020.98937
G0 F9000 X125.568 Y143.816
G1 F3000 X136.692 Y102.303 E2022.41881
G0 F9000 X136.539 Y102.456
G0 X137.441 Y103.358
G0 X137.595 Y103.205
G1 F3000 X84.495 Y117.434 E2024.24723
G0 F9000 X84.713 Y117.463
G0 X90.13 Y110.787
G0 X89.976 Y110.632
G1 F3000 X124.364 Y145.02 E2025.86474
G0 F9000 X124.214 Y144.869
G0 X128.456 Y140.627
G0 X128.606 Y140.777
G1 F3000 X94.218 Y106.389 E2027.48225
G0 F9000 X94.585 Y106.756
;MESH:NONMESH
G0 F300 X94.585 Y106.756 Z5
G0 F9000 X115.271 Y85.646
G0 X115.073 Y85.42
;TIME_ELAPSED:2459.446730
;LAYER:24
;TYPE:WALL-INNER
;MESH:quadrato.stl
G1 F1500 X85.421 Y115.073 E2028.87701
G1 X84.861 Y115.803 E2028.90761
G1 X84.525 Y116.617 E2028.9369
G1 X84.406 Y117.499 E2028.9665
G1 X84.525 Y118.378 E2028.996
G1 X84.861 Y119.193 E2029.02532
G1 X85.421 Y119.923 E2029.05592
G1 X115.073 Y149.575 E2030.45066
G1 X115.804 Y150.136 E2030.48131
G1 X116.617 Y150.475 E2030.51061
G1 X117.499 Y150.59 E2030.54019
G1 X118.378 Y150.475 E2030.56968
G1 X119.193 Y150.136 E2030.59904
G1 X119.923 Y149.575 E2030.62966
G1 X149.58 Y119.919 E2032.02461
G1 X150.14 Y119.192 E2032.05513
G1 X150.475 Y118.383 E2032.08425
G1 X150.59 Y117.499 E2032.1139
G1 X150.475 Y116.613 E2032.14362
G1 X150.14 Y115.804 E2032.17274
G1 X149.58 Y115.077 E2032.20326
G1 X119.92 Y85.417 E2033.59838
G1 X119.192 Y84.86 E2033.62887
G1 X118.382 Y84.521 E2033.65807
G1 X117.501 Y84.406 E2033.68762
G1 X116.613 Y84.525 E2033.71742
G1 X115.807 Y84.857 E2033.74641
G1 X115.073 Y85.42 E2033.77718
G0 F9000 X115.271 Y85.646
G0 X117.064 Y109.594
G0 X117.323 Y109.854
G1 F1500 X117.543 Y109.829 E2033.78455
G1 X117.873 Y109.951 E2033.79625
G1 X125.048 Y117.13 E2034.13383
G1 X125.142 Y117.323 E2034.14097
G1 X125.167 Y117.543 E2034.14834
G1 X125.045 Y117.873 E2034.16004
G1 X117.87 Y125.048 E2034.49753
G1 X117.677 Y125.142 E2034.50467
G1 X117.456 Y125.167 E2034.51207
G1 X117.127 Y125.045 E2034.52374
G1 X109.948 Y117.87 E2034.86132
G1 X109.854 Y117.677 E2034.86846
G1 X109.829 Y117.456 E2034.87586
G1 X109.951 Y117.127 E2034.88753
G1 X117.13 Y109.948 E2035.22521
G1 X117.323 Y109.854 E2035.23235
G1 F2700 E2030.23235
G0 F9000 X117.064 Y109.594
G0 X109.759 Y116.899
G0 X110.252 Y117.392
;TYPE:WALL-OUTER
G1 F2700 E2035.23235
G1 F1500 X117.37 Y110.275 E2035.56713
G1 X117.544 Y110.232 E2035.57309
G1 X117.642 Y110.286 E2035.57682
G1 X124.721 Y117.37 E2035.90991
G1 X124.764 Y117.544 E2035.91587
G1 X124.71 Y117.642 E2035.91959
G1 X117.63 Y124.721 E2036.25259
G1 X117.456 Y124.764 E2036.25855
G1 X117.358 Y124.71 E2036.26227
G1 X110.254 Y117.61 E2036.59633
G1 X110.252 Y117.392 E2036.60358
G1 F2700 E2031.60358
G0 F9000 X109.759 Y116.899
G0 X85.646 Y115.271
G0 X85.119 Y114.809
G1 F2700 E2036.60358
G1 F1500 X84.511 Y115.601 E2036.63679
G1 X84.135 Y116.513 E2036.6696
G1 X84.002 Y117.499 E2036.70269
G1 X84.135 Y118.483 E2036.73571
G1 X84.511 Y119.395 E2036.76852
G1 X85.119 Y120.187 E2036.80173
G1 X114.809 Y149.877 E2038.19826
G1 X115.602 Y150.485 E2038.2315
G1 X116.513 Y150.865 E2038.26433
G1 X117.499 Y150.994 E2038.2974
G1 X118.483 Y150.865 E2038.33041
G1 X119.395 Y150.485 E2038.36327
G1 X120.187 Y149.877 E2038.39648
G1 X149.881 Y120.183 E2039.79319
G1 X150.489 Y119.394 E2039.82632
G1 X150.865 Y118.487 E2039.85898
G1 X150.994 Y117.499 E2039.89212
G1 X150.865 Y116.509 E2039.92532
G1 X150.489 Y115.602 E2039.95798
G1 X149.881 Y114.813 E2039.99111
G1 X120.184 Y85.115 E2041.38799
G1 X119.394 Y84.511 E2041.42107
G1 X118.487 Y84.131 E2041.45377
G1 X117.501 Y84.002 E2041.48685
G1 X116.509 Y84.135 E2041.52014
G1 X115.605 Y84.507 E2041.55265
G1 X114.809 Y85.119 E2041.58605
G1 X85.119 Y114.809 E2042.98257
G0 F9000 X85.833 Y114.775
;TYPE:FILL
G1 F3000 X120.221 Y149.163 E2044.60008
G0 F9000 X120.071 Y149.012
G0 X117.449 Y150.285
G0 X117.42 Y150.5
G1 F3000 X131.677 Y97.29 E2046.43228
G0 F9000 X131.525 Y97.442
G0 X132.658 Y98.575
G0 X132.811 Y98.422
G1 F3000 X90.978 Y109.631 E2047.87273
G0 F9000 X91.146 Y109.462
G1 F3000 X87.75 Y122.137 E2048.30917
G0 F9000 X88.365 Y122.754
G1 F3000 X110.011 Y116.954 E2049.05452
G0 F9000 X109.858 Y116.8
G0 X111.586 Y115.072
G0 X111.741 Y115.227
G1 F3000 X98.561 Y102.047 E2049.67446
G0 F9000 X98.715 Y102.202
G0 X99.617 Y101.3
G0 X99.463 Y101.146
G1 F3000 X127.912 Y93.523 E2050.65406
G0 F9000 X127.759 Y93.676
G0 X126.626 Y92.543
G0 X126.779 Y92.39
G1 F3000 X121.208 Y113.178 E2051.36987
G0 F9000 X121.818 Y113.79
G1 F3000 X142.609 Y108.22 E2052.08577
G0 F9000 X142.456 Y108.373
G0 X141.322 Y107.239
G0 X141.475 Y107.087
G1 F3000 X133.854 Y135.53 E2053.06515
G0 F9000 X134.014 Y135.369
G1 F3000 X107.962 Y142.35 E2053.96222
G0 F9000 X107.346 Y141.733
G1 F3000 X112.916 Y120.945 E2054.67802
G0 F9000 X112.759 Y121.101
G0 X113.898 Y122.24
G0 X114.056 Y122.082
G1 F3000 X93.264 Y127.653 E2055.39396
G0 F9000 X92.649 Y127.036
G1 F3000 X99.631 Y100.977 E2056.29125
G0 F9000 X99.785 Y101.132
G0 X102.958 Y97.959
G0 X102.803 Y97.804
G1 F3000 X115.985 Y110.985 E2056.91127
G0 F9000 X115.438 Y111.533
G1 F3000 X121.88 Y87.491 E2057.73912
G0 F9000 X121.727 Y87.644
G0 X122.86 Y88.777
G0 X123.013 Y88.624
G1 F3000 X107.948 Y92.66 E2058.25785
G0 F9000 X108.117 Y92.491
G1 F3000 X97.548 Y131.935 E2059.61604
G0 F9000 X98.164 Y132.552
G1 F3000 X150.306 Y118.58 E2061.41148
G0 F9000 X149.868 Y119.413
G1 F3000 X115.584 Y85.129 E2063.02409
G0 F9000 X116.418 Y84.691
G1 F3000 X102.447 Y136.834 E2064.81955
G0 F9000 X103.063 Y137.451
G1 F3000 X142.499 Y126.884 E2066.17747
G0 F9000 X142.339 Y127.045
G1 F3000 X146.374 Y111.986 E2066.696
G0 F9000 X146.221 Y112.138
G0 X147.354 Y113.271
G0 X147.507 Y113.119
G1 F3000 X123.469 Y119.56 E2067.52371
G0 F9000 X124.014 Y119.015
G1 F3000 X137.191 Y132.192 E2068.14351
G0 F9000 X137.041 Y132.042
G0 X132.799 Y136.284
G0 X132.949 Y136.435
G1 F3000 X119.771 Y123.257 E2068.76337
G0 F9000 X119.928 Y123.414
G0 X118.204 Y125.138
G0 X118.046 Y124.98
G1 F3000 X112.245 Y146.631 E2069.50888
G0 F9000 X112.86 Y147.249
G1 F3000 X125.529 Y143.855 E2069.94511
G0 F9000 X125.369 Y144.015
G1 F3000 X136.576 Y102.189 E2071.38532
G0 F9000 X136.424 Y102.341
G0 X137.557 Y103.474
G0 X137.71 Y103.321
G1 F3000 X84.497 Y117.579 E2073.21763
G0 F9000 X84.716 Y117.551
G0 X90.23 Y110.687
G0 X90.076 Y110.532
G1 F3000 X124.464 Y144.92 E2074.83513
G0 F9000 X124.314 Y144.769
G0 X128.556 Y140.527
G0 X128.706 Y140.677
G1 F3000 X94.318 Y106.289 E2076.45264
G0 F9000 X94.473 Y106.444
G0 X107.2 Y93.717
G0 X107.046 Y93.562
G1 F3000 X141.434 Y127.95 E2078.07014
G0 F9000 X141.284 Y127.799
G0 X145.527 Y123.556
G0 X145.677 Y123.707
G1 F3000 X111.289 Y89.319 E2079.68765
G0 F9000 X111.655 Y89.686
;MESH:NONMESH
G0 F300 X111.655 Y89.686 Z5.2
G0 F9000 X115.271 Y85.646
G0 X115.073 Y85.42
;TIME_ELAPSED:2509.394233
;LAYER:25
;TYPE:WALL-INNER
;MESH:quadrato.stl
G1 F1500 X85.421 Y115.073 E2081.08241
G1 X84.861 Y115.803 E2081.11301
G1 X84.525 Y116.617 E2081.1423
G1 X84.406 Y117.499 E2081.17191
G1 X84.525 Y118.378 E2081.20141
G1 X84.861 Y119.193 E2081.23073
G1 X85.421 Y119.923 E2081.26133
G1 X115.073 Y149.575 E2082.65607
G1 X115.804 Y150.136 E2082.68672
G1 X116.617 Y150.475 E2082.71601
G1 X117.499 Y150.59 E2082.7456
G1 X118.378 Y150.475 E2082.77508
G1 X119.193 Y150.136 E2082.80444
G1 X119.923 Y149.575 E2082.83506
G1 X149.58 Y119.919 E2084.23001
G1 X150.14 Y119.192 E2084.26053
G1 X150.475 Y118.383 E2084.28966
G1 X150.59 Y117.499 E2084.31931
G1 X150.475 Y116.613 E2084.34902
G1 X150.14 Y115.804 E2084.37815
G1 X149.58 Y115.077 E2084.40867
G1 X119.92 Y85.417 E2085.80378
G1 X119.192 Y84.86 E2085.83427
G1 X118.382 Y84.521 E2085.86348
G1 X117.501 Y84.406 E2085.89303
G1 X116.613 Y84.525 E2085.92283
G1 X115.807 Y84.857 E2085.95182
G1 X115.073 Y85.42 E2085.98259
G0 F9000 X115.271 Y85.646
G0 X117.064 Y109.594
G0 X117.323 Y109.854
G1 F1500 X117.543 Y109.829 E2085.98995
G1 X117.873 Y109.951 E2086.00165
G1 X125.048 Y117.13 E2086.33924
G1 X125.142 Y117.323 E2086.34638
G1 X125.167 Y117.543 E2086.35374
G1 X125.045 Y117.873 E2086.36544
G1 X117.87 Y125.048 E2086.70293
G1 X117.677 Y125.142 E2086.71007
G1 X117.456 Y125.167 E2086.71747
G1 X117.127 Y125.045 E2086.72914
G1 X109.948 Y117.87 E2087.06673
G1 X109.854 Y117.677 E2087.07387
G1 X109.829 Y117.456 E2087.08126
G1 X109.951 Y117.127 E2087.09293
G1 X117.13 Y109.948 E2087.43061
G1 X117.323 Y109.854 E2087.43775
G1 F2700 E2082.43775
G0 F9000 X117.064 Y109.594
G0 X109.759 Y116.899
G0 X110.252 Y117.392
;TYPE:WALL-OUTER
G1 F2700 E2087.43775
G1 F1500 X117.37 Y110.275 E2087.77254
G1 X117.544 Y110.232 E2087.7785
G1 X117.642 Y110.286 E2087.78222
G1 X124.721 Y117.37 E2088.11531
G1 X124.764 Y117.544 E2088.12127
G1 X124.71 Y117.642 E2088.12499
G1 X117.63 Y124.721 E2088.45799
G1 X117.456 Y124.764 E2088.46395
G1 X117.358 Y124.71 E2088.46768
G1 X110.254 Y117.61 E2088.80173
G1 X110.252 Y117.392 E2088.80898
G1 F2700 E2083.80898
G0 F9000 X109.759 Y116.899
G0 X85.646 Y115.271
G0 X85.119 Y114.809
G1 F2700 E2088.80898
G1 F1500 X84.511 Y115.601 E2088.84219
G1 X84.135 Y116.513 E2088.875
G1 X84.002 Y117.499 E2088.90809
G1 X84.135 Y118.483 E2088.94112
G1 X84.511 Y119.395 E2088.97393
G1 X85.119 Y120.187 E2089.00714
G1 X114.809 Y149.877 E2090.40367
G1 X115.602 Y150.485 E2090.4369
G1 X116.513 Y150.865 E2090.46973
G1 X117.499 Y150.994 E2090.5028
G1 X118.483 Y150.865 E2090.53581
G1 X119.395 Y150.485 E2090.56867
G1 X120.187 Y149.877 E2090.60188
G1 X149.881 Y120.183 E2091.9986
G1 X150.489 Y119.394 E2092.03173
G1 X150.865 Y118.487 E2092.06438
G1 X150.994 Y117.499 E2092.09752
G1 X150.865 Y116.509 E2092.13073
G1 X150.489 Y115.602 E2092.16339
G1 X149.881 Y114.813 E2092.19652
G1 X120.184 Y85.115 E2093.5934
G1 X119.394 Y84.511 E2093.62647
G1 X118.487 Y84.131 E2093.65918
G1 X117.501 Y84.002 E2093.69225
G1 X116.509 Y84.135 E2093.72554
G1 X115.605 Y84.507 E2093.75805
G1 X114.809 Y85.119 E2093.79145
G1 X85.119 Y114.809 E2095.18798
G0 F9000 X85.933 Y114.675
;TYPE:FILL
G1 F3000 X120.321 Y149.063 E2096.80548
G0 F9000 X120.171 Y148.912
G0 X117.308 Y150.266
G0 X117.279 Y150.481
G1 F3000 X131.562 Y97.174 E2098.64102
G0 F9000 X131.409 Y97.326
G0 X132.773 Y98.69
G0 X132.927 Y98.537
G1 F3000 X90.777 Y109.83 E2100.09238
G0 F9000 X90.946 Y109.662
G1 F3000 X87.634 Y122.022 E2100.51798
G0 F9000 X87.787 Y121.87
G0 X88.634 Y122.717
G0 X88.481 Y122.869
G1 F3000 X109.857 Y117.141 E2101.25403
G0 F9000 X109.687 Y116.971
G0 X111.686 Y114.972
G0 X111.84 Y115.127
G1 F3000 X98.66 Y101.947 E2101.87398
G0 F9000 X99.263 Y101.345
G1 F3000 X128.028 Y93.638 E2102.86445
G0 F9000 X127.874 Y93.791
G0 X126.51 Y92.427
G0 X126.663 Y92.275
G1 F3000 X121.093 Y113.064 E2103.58028
G0 F9000 X121.25 Y112.908
G0 X122.091 Y113.749
G0 X121.933 Y113.906
G1 F3000 X142.724 Y108.335 E2104.29619
G0 F9000 X142.571 Y108.488
G0 X141.208 Y107.125
G0 X141.36 Y106.973
G1 F3000 X133.655 Y135.729 E2105.28636
G0 F9000 X133.814 Y135.569
G1 F3000 X108.076 Y142.465 E2106.1726
G0 F9000 X108.229 Y142.312
G0 X107.383 Y141.466
G0 X107.23 Y141.618
G1 F3000 X112.801 Y120.829 E2106.88844
G0 F9000 X112.644 Y120.986
G0 X114.013 Y122.355
G0 X114.171 Y122.197
G1 F3000 X93.38 Y127.768 E2107.60435
G0 F9000 X93.533 Y127.616
G0 X92.686 Y126.769
G0 X92.533 Y126.921
G1 F3000 X99.432 Y101.176 E2108.49084
G0 F9000 X99.586 Y101.331
G0 X103.058 Y97.859
G0 X102.903 Y97.704
G1 F3000 X116.084 Y110.886 E2109.11086
G0 F9000 X115.928 Y110.73
G0 X115.082 Y111.576
G0 X115.238 Y111.732
G1 F3000 X121.764 Y87.376 E2109.94952
G0 F9000 X121.611 Y87.528
G0 X122.975 Y88.892
G0 X123.129 Y88.739
G1 F3000 X107.748 Y92.86 E2110.47913
G0 F9000 X107.917 Y92.69
G1 F3000 X97.432 Y131.82 E2111.82652
G0 F9000 X97.585 Y131.668
G0 X98.432 Y132.515
G0 X98.279 Y132.667
G1 F3000 X150.239 Y118.745 E2113.61567
G0 F9000 X149.955 Y119.3
G1 F3000 X115.698 Y85.043 E2115.22702
G0 F9000 X116.254 Y84.759
G1 F3000 X102.331 Y136.719 E2117.01618
G0 F9000 X102.484 Y136.567
G0 X103.33 Y137.413
G0 X103.177 Y137.566
G1 F3000 X142.299 Y127.083 E2118.36329
G0 F9000 X142.14 Y127.244
G1 F3000 X146.259 Y111.872 E2118.8926
G0 F9000 X146.107 Y112.024
G0 X147.47 Y113.387
G0 X147.623 Y113.234
G1 F3000 X123.27 Y119.759 E2119.73115
G0 F9000 X123.426 Y119.916
G0 X124.27 Y119.072
G0 X124.114 Y118.915
G1 F3000 X137.291 Y132.092 E2120.35096
G0 F9000 X137.141 Y131.942
G0 X132.899 Y136.184
G0 X133.049 Y136.335
G1 F3000 X119.871 Y123.157 E2120.97081
G0 F9000 X120.028 Y123.314
G0 X118.028 Y125.314
G0 X117.857 Y125.142
G1 F3000 X112.129 Y146.517 E2121.70683
G0 F9000 X112.282 Y146.365
G0 X113.129 Y147.212
G0 X112.976 Y147.364
G1 F3000 X125.329 Y144.054 E2122.13219
G0 F9000 X125.17 Y144.214
G1 F3000 X136.461 Y102.073 E2123.58324
G0 F9000 X136.308 Y102.225
G0 X137.672 Y103.589
G0 X137.825 Y103.436
G1 F3000 X84.516 Y117.72 E2125.41885
G0 F9000 X84.734 Y117.692
G0 X90.33 Y110.587
G0 X90.175 Y110.432
G1 F3000 X124.563 Y144.82 E2127.03636
G0 F9000 X124.413 Y144.67
G0 X128.656 Y140.427
G0 X128.806 Y140.578
G1 F3000 X94.418 Y106.19 E2128.65386
G0 F9000 X94.572 Y106.345
G0 X107.3 Y93.617
G0 X107.146 Y93.462
G1 F3000 X141.534 Y127.85 E2130.27137
G0 F9000 X141.384 Y127.699
G0 X145.626 Y123.457
G0 X145.776 Y123.607
G1 F3000 X111.388 Y89.219 E2131.88887
G0 F9000 X111.755 Y89.586
;MESH:NONMESH
G0 F300 X111.755 Y89.586 Z5.4
G0 F9000 X115.271 Y85.646
G0 X115.073 Y85.42
;TIME_ELAPSED:2559.982766
;LAYER:26
;TYPE:WALL-INNER
;MESH:quadrato.stl
G1 F1500 X85.421 Y115.073 E2133.28364
G1 X84.861 Y115.803 E2133.31424
G1 X84.525 Y116.617 E2133.34353
G1 X84.406 Y117.499 E2133.37313
G1 X84.525 Y118.378 E2133.40263
G1 X84.861 Y119.193 E2133.43195
G1 X85.421 Y119.923 E2133.46255
G1 X115.073 Y149.575 E2134.85729
G1 X115.804 Y150.136 E2134.88794
G1 X116.617 Y150.475 E2134.91724
G1 X117.499 Y150.59 E2134.94682
G1 X118.378 Y150.475 E2134.97631
G1 X119.193 Y150.136 E2135.00566
G1 X119.923 Y149.575 E2135.03629
G1 X149.58 Y119.919 E2136.43124
G1 X150.14 Y119.192 E2136.46176
G1 X150.475 Y118.383 E2136.49088
G1 X150.59 Y117.499 E2136.52053
G1 X150.475 Y116.613 E2136.55025
G1 X150.14 Y115.804 E2136.57937
G1 X149.58 Y115.077 E2136.60989
G1 X119.92 Y85.417 E2138.00501
G1 X119.192 Y84.86 E2138.03549
G1 X118.382 Y84.521 E2138.0647
G1 X117.501 Y84.406 E2138.09425
G1 X116.613 Y84.525 E2138.12405
G1 X115.807 Y84.857 E2138.15304
G1 X115.073 Y85.42 E2138.18381
G1 F2700 E2133.18381
G0 F9000 X104.42 Y96.356
G0 X117.385 Y109.655
G0 X117.323 Y109.854
G1 F2700 E2138.18381
G1 F1500 X117.543 Y109.829 E2138.19117
G1 X117.873 Y109.951 E2138.20288
G1 X125.048 Y117.13 E2138.54046
G1 X125.142 Y117.323 E2138.5476
G1 X125.167 Y117.543 E2138.55496
G1 X125.045 Y117.873 E2138.56667
G1 X117.87 Y125.048 E2138.90416
G1 X117.677 Y125.142 E2138.9113
G1 X117.456 Y125.167 E2138.91869
G1 X117.127 Y125.045 E2138.93036
G1 X109.948 Y117.87 E2139.26795
G1 X109.854 Y117.677 E2139.27509
G1 X109.829 Y117.456 E2139.28249
G1 X109.951 Y117.127 E2139.29416
G1 X117.13 Y109.948 E2139.63183
G1 X117.323 Y109.854 E2139.63898
G1 F2700 E2134.63898
G0 F9000 X117.997 Y109.934
G0 X117.5 Y109.823
G0 X109.897 Y117.04
G0 X110.252 Y117.392
;TYPE:WALL-OUTER
G1 F2700 E2139.63898
G1 F1500 X117.37 Y110.275 E2139.97376
G1 X117.544 Y110.232 E2139.97972
G1 X117.642 Y110.286 E2139.98344
G1 X124.721 Y117.37 E2140.31654
G1 X124.764 Y117.544 E2140.3225
G1 X124.71 Y117.642 E2140.32622
G1 X117.63 Y124.721 E2140.65922
G1 X117.456 Y124.764 E2140.66518
G1 X117.358 Y124.71 E2140.6689
G1 X110.254 Y117.61 E2141.00296
G1 X110.252 Y117.392 E2141.01021
G1 F2700 E2136.01021
G0 F9000 X109.897 Y117.04
G0 X109.682 Y117.268
G0 X96.595 Y104.181
G0 X85.119 Y114.809
G1 F2700 E2141.01021
G1 F1500 X84.511 Y115.601 E2141.04342
G1 X84.135 Y116.513 E2141.07623
G1 X84.002 Y117.499 E2141.10932
G1 X84.135 Y118.483 E2141.14234
G1 X84.511 Y119.395 E2141.17515
G1 X85.119 Y120.187 E2141.20836
G1 X114.809 Y149.877 E2142.60489
G1 X115.602 Y150.485 E2142.63812
G1 X116.513 Y150.865 E2142.67095
G1 X117.499 Y150.994 E2142.70403
G1 X118.483 Y150.865 E2142.73704
G1 X119.395 Y150.485 E2142.7699
G1 X120.187 Y149.877 E2142.80311
G1 X149.881 Y120.183 E2144.19982
G1 X150.489 Y119.394 E2144.23295
G1 X150.865 Y118.487 E2144.26561
G1 X150.994 Y117.499 E2144.29875
G1 X150.865 Y116.509 E2144.33195
G1 X150.489 Y115.602 E2144.36461
G1 X149.881 Y114.813 E2144.39774
G1 X120.184 Y85.115 E2145.79462
G1 X119.394 Y84.511 E2145.82769
G1 X118.487 Y84.131 E2145.8604
G1 X117.501 Y84.002 E2145.89348
G1 X116.509 Y84.135 E2145.92676
G1 X115.605 Y84.507 E2145.95928
G1 X114.809 Y85.119 E2145.99267
G1 X85.119 Y114.809 E2147.3892
G1 F2700 E2142.3892
G0 F9000 X85.171 Y115.564
G0 X96.847 Y103.929
G0 X109.867 Y116.958
G0 X109.506 Y117.218
;TYPE:SKIN
G1 F2700 E2147.3892
G1 F1500 X109.489 Y117.696 E2147.40511
G1 X109.625 Y118.052 E2147.41778
G1 X116.946 Y125.37 E2147.76207
G1 X117.288 Y125.504 E2147.77429
G1 X117.55 Y125.525 E2147.78303
G1 X117.903 Y125.437 E2147.79513
G1 X118.138 Y125.286 E2147.80442
G1 X125.334 Y118.093 E2148.14283
G1 X125.52 Y117.65 E2148.15881
G1 X125.52 Y117.373 E2148.16802
G1 X125.425 Y117.065 E2148.17874
G1 X125.286 Y116.862 E2148.18692
G1 X118.093 Y109.662 E2148.52543
G1 X117.638 Y109.474 E2148.5418
G1 X117.156 Y109.525 E2148.55792
G1 X116.874 Y109.695 E2148.56887
G1 X109.66 Y116.908 E2148.90817
G1 X109.506 Y117.218 E2148.91969
G1 F2700 E2143.91969
G0 F9000 X109.927 Y117.01
G0 X109.682 Y117.268
G0 X96.595 Y104.181
G0 X85.683 Y115.317
G1 F2700 E2148.91969
G1 F1500 X115.317 Y85.687 E2150.31348
G1 X115.985 Y85.175 E2150.34148
G1 X116.705 Y84.875 E2150.36742
G1 X117.501 Y84.77 E2150.39413
G1 X118.287 Y84.871 E2150.42048
G1 X119.01 Y85.175 E2150.44657
G1 X119.672 Y85.679 E2150.47424
G1 X149.305 Y115.317 E2151.86821
G1 X149.829 Y115.99 E2151.89657
G1 X150.121 Y116.7 E2151.92211
G1 X150.226 Y117.496 E2151.94881
G1 X150.121 Y118.292 E2151.97552
G1 X149.829 Y119.002 E2152.00105
G1 X149.305 Y119.675 E2152.02942
G1 X119.675 Y149.309 E2153.42322
G1 X119.01 Y149.821 E2153.45113
G1 X118.287 Y150.121 E2153.47717
G1 X117.497 Y150.226 E2153.50367
G1 X116.709 Y150.121 E2153.53011
G1 X115.985 Y149.821 E2153.55618
G1 X115.317 Y149.309 E2153.58417
G1 X85.683 Y119.675 E2154.97807
G1 X85.175 Y119.011 E2155.00587
G1 X84.875 Y118.283 E2155.03206
G1 X84.77 Y117.497 E2155.05844
G1 X84.875 Y116.713 E2155.08474
G1 X85.179 Y115.977 E2155.11123
G1 X85.683 Y115.317 E2155.13885
G1 F2700 E2150.13885
G0 F9000 X85.171 Y115.564
G0 X84.682 Y116.66
G0 X84.568 Y117.499
G0 X84.681 Y118.336
G0 X85.002 Y119.112
G0 X85.541 Y119.817
G0 X115.179 Y149.455
G0 X116.224 Y150.201
G0 X116.401 Y149.777
G1 F2700 E2155.13885
G1 F1500 X85.221 Y118.596 E2156.60549
G0 F9000 X85.015 Y117.825
G1 F1500 X117.17 Y149.98 E2158.11796
G0 F9000 X117.746 Y149.99
G1 F1500 X85.005 Y117.249 E2159.65799
G0 F9000 X85.075 Y116.753
G1 F1500 X118.243 Y149.921 E2161.21812
G0 F9000 X118.643 Y149.756
G1 F1500 X85.24 Y116.353 E2162.78929
G0 F9000 X85.431 Y115.978
G1 F1500 X119.015 Y149.562 E2164.36898
G0 F9000 X119.336 Y149.317
G1 F1500 X85.675 Y115.657 E2165.95227
G0 F9000 X85.935 Y115.35
G1 F1500 X119.642 Y149.057 E2167.53774
G0 F9000 X119.925 Y148.775
G1 F1500 X86.218 Y115.067 E2169.12324
G0 F9000 X86.5 Y114.785
G1 F1500 X120.207 Y148.492 E2170.70871
G0 F9000 X120.49 Y148.209
G1 F1500 X86.783 Y114.502 E2172.29418
G0 F9000 X87.066 Y114.219
G1 F1500 X120.773 Y147.926 E2173.87966
G0 F9000 X121.056 Y147.643
G1 F1500 X87.349 Y113.936 E2175.46513
G0 F9000 X87.632 Y113.653
G1 F1500 X121.339 Y147.36 E2177.05061
G0 F9000 X121.622 Y147.078
G1 F1500 X87.915 Y113.37 E2178.6361
G0 F9000 X88.197 Y113.088
G1 F1500 X121.905 Y146.795 E2180.2216
G0 F9000 X122.187 Y146.512
G1 F1500 X88.48 Y112.805 E2181.80708
G0 F9000 X88.763 Y112.522
G1 F1500 X122.47 Y146.229 E2183.39255
G0 F9000 X122.753 Y145.946
G1 F1500 X89.046 Y112.239 E2184.97802
G0 F9000 X89.329 Y111.956
G1 F1500 X123.036 Y145.663 E2186.5635
G0 F9000 X123.319 Y145.38
G1 F1500 X89.612 Y111.673 E2188.14897
G0 F9000 X89.894 Y111.391
G1 F1500 X123.602 Y145.098 E2189.73447
G0 F9000 X123.884 Y144.815
G1 F1500 X90.177 Y111.108 E2191.31994
G0 F9000 X90.46 Y110.825
G1 F1500 X124.167 Y144.532 E2192.90542
G0 F9000 X124.45 Y144.249
G1 F1500 X90.743 Y110.542 E2194.49089
G0 F9000 X91.026 Y110.259
G1 F1500 X124.733 Y143.966 E2196.07636
G0 F9000 X125.016 Y143.683
G1 F1500 X91.309 Y109.976 E2197.66184
G0 F9000 X91.592 Y109.693
G1 F1500 X125.299 Y143.401 E2199.24734
G0 F9000 X125.581 Y143.118
G1 F1500 X91.874 Y109.411 E2200.83281
G0 F9000 X92.157 Y109.128
G1 F1500 X125.864 Y142.835 E2202.41828
G0 F9000 X126.147 Y142.552
G1 F1500 X92.44 Y108.845 E2204.00376
G0 F9000 X92.723 Y108.562
G1 F1500 X126.43 Y142.269 E2205.58923
G0 F9000 X126.713 Y141.986
G1 F1500 X93.006 Y108.279 E2207.17471
G0 F9000 X93.289 Y107.996
G1 F1500 X126.996 Y141.703 E2208.76018
G0 F9000 X127.279 Y141.421
G1 F1500 X93.571 Y107.714 E2210.34568
G0 F9000 X93.854 Y107.431
G1 F1500 X127.561 Y141.138 E2211.93115
G0 F9000 X127.844 Y140.855
G1 F1500 X94.137 Y107.148 E2213.51662
G0 F9000 X94.42 Y106.865
G1 F1500 X128.127 Y140.572 E2215.1021
G0 F9000 X128.41 Y140.289
G1 F1500 X94.703 Y106.582 E2216.68757
G0 F9000 X94.986 Y106.299
G1 F1500 X128.693 Y140.006 E2218.27305
G0 F9000 X128.976 Y139.724
G1 F1500 X95.268 Y106.017 E2219.85854
G0 F9000 X95.551 Y105.734
G1 F1500 X129.258 Y139.441 E2221.44402
G0 F9000 X129.541 Y139.157
G1 F1500 X95.835 Y105.452 E2223.02942
G0 F9000 X96.118 Y105.169
G1 F1500 X129.823 Y138.874 E2224.6148
G0 F9000 X130.106 Y138.592
G1 F1500 X117.199 Y125.685 E2225.22191
G0 F9000 X117.762 Y125.682
G1 F1500 X130.389 Y138.309 E2225.81584
G0 F9000 X130.672 Y138.026
G1 F1500 X118.161 Y125.515 E2226.40432
G0 F9000 X118.459 Y125.248
G1 F1500 X130.955 Y137.743 E2226.99207
G0 F9000 X131.238 Y137.46
G1 F1500 X118.742 Y124.965 E2227.57982
G0 F9000 X119.025 Y124.682
G1 F1500 X131.52 Y137.177 E2228.16755
G0 F9000 X131.803 Y136.894
G1 F1500 X119.308 Y124.399 E2228.75527
G0 F9000 X119.591 Y124.116
G1 F1500 X132.086 Y136.612 E2229.34302
G0 F9000 X132.369 Y136.329
G1 F1500 X119.874 Y123.833 E2229.93077
G0 F9000 X120.157 Y123.551
G1 F1500 X132.652 Y136.046 E2230.5185
G0 F9000 X132.935 Y135.763
G1 F1500 X120.439 Y123.268 E2231.10625
G0 F9000 X120.722 Y122.985
G1 F1500 X133.218 Y135.48 E2231.694
G0 F9000 X133.5 Y135.197
G1 F1500 X121.005 Y122.702 E2232.28173
G0 F9000 X121.288 Y122.419
G1 F1500 X133.783 Y134.915 E2232.86948
G0 F9000 X134.066 Y134.632
G1 F1500 X121.571 Y122.136 E2233.45723
G0 F9000 X121.854 Y121.854
G1 F1500 X134.349 Y134.349 E2234.04495
G0 F9000 X134.632 Y134.066
G1 F1500 X122.137 Y121.571 E2234.63268
G0 F9000 X122.42 Y121.289
G1 F1500 X134.915 Y133.783 E2235.22038
G0 F9000 X135.197 Y133.5
G1 F1500 X122.703 Y121.006 E2235.80806
G0 F9000 X122.986 Y120.723
G1 F1500 X135.48 Y133.218 E2236.39577
G0 F9000 X135.763 Y132.935
G1 F1500 X123.269 Y120.44 E2236.98347
G0 F9000 X123.551 Y120.157
G1 F1500 X136.046 Y132.652 E2237.5712
G0 F9000 X136.329 Y132.369
G1 F1500 X123.834 Y119.874 E2238.15892
G0 F9000 X124.117 Y119.592
G1 F1500 X136.612 Y132.086 E2238.74662
G0 F9000 X136.894 Y131.803
G1 F1500 X124.4 Y119.309 E2239.3343
G0 F9000 X124.683 Y119.026
G1 F1500 X137.177 Y131.52 E2239.92198
G0 F9000 X137.46 Y131.238
G1 F1500 X124.966 Y118.743 E2240.50969
G0 F9000 X125.248 Y118.46
G1 F1500 X137.743 Y130.955 E2241.09741
G0 F9000 X138.026 Y130.672
G1 F1500 X125.52 Y118.166 E2241.68566
G0 F9000 X125.687 Y117.767
G1 F1500 X138.309 Y130.389 E2242.27936
G0 F9000 X138.592 Y130.106
G1 F1500 X125.676 Y117.191 E2242.88686
G0 F9000 X125.238 Y117.326
G0 X117.997 Y109.934
G0 X117.817 Y109.332
G1 F1500 X104.886 Y96.401 E2243.4951
G0 F9000 X104.603 Y96.683
G1 F1500 X117.236 Y109.317 E2244.08934
G0 F9000 X116.839 Y109.486
G1 F1500 X104.32 Y96.966 E2244.67822
G0 F9000 X104.037 Y97.249
G1 F1500 X116.537 Y109.749 E2245.26618
G0 F9000 X116.254 Y110.031
G1 F1500 X103.754 Y97.532 E2245.85412
G0 F9000 X103.472 Y97.815
G1 F1500 X115.971 Y110.314 E2246.44203
G0 F9000 X115.688 Y110.597
G1 F1500 X103.189 Y98.098 E2247.02995
G0 F9000 X102.906 Y98.38
G1 F1500 X115.405 Y110.88 E2247.61788
G0 F9000 X115.123 Y111.163
G1 F1500 X102.623 Y98.663 E2248.20585
G0 F9000 X102.34 Y98.946
G1 F1500 X114.84 Y111.446 E2248.79381
G0 F9000 X114.557 Y111.729
G1 F1500 X102.057 Y99.229 E2249.38177
G0 F9000 X101.775 Y99.512
G1 F1500 X114.273 Y112.011 E2249.96966
G0 F9000 X113.991 Y112.294
G1 F1500 X101.492 Y99.795 E2250.55758
G0 F9000 X101.209 Y100.078
G1 F1500 X113.708 Y112.576 E2251.14547
G0 F9000 X113.425 Y112.859
G1 F1500 X100.926 Y100.36 E2251.73338
G0 F9000 X100.643 Y100.643
G1 F1500 X113.142 Y113.142 E2252.3213
G0 F9000 X112.859 Y113.425
G1 F1500 X100.36 Y100.926 E2252.90921
G0 F9000 X100.078 Y101.209
G1 F1500 X112.576 Y113.708 E2253.4971
G0 F9000 X112.294 Y113.991
G1 F1500 X99.795 Y101.492 E2254.08502
G0 F9000 X99.512 Y101.775
G1 F1500 X112.011 Y114.273 E2254.67291
G0 F9000 X111.727 Y114.556
G1 F1500 X99.229 Y102.057 E2255.2608
G0 F9000 X98.946 Y102.34
G1 F1500 X111.444 Y114.838 E2255.84867
G0 F9000 X111.161 Y115.121
G1 F1500 X98.663 Y102.623 E2256.43653
G0 F9000 X98.38 Y102.906
G1 F1500 X110.879 Y115.404 E2257.02442
G0 F9000 X110.596 Y115.687
G1 F1500 X98.098 Y103.189 E2257.61229
G0 F9000 X97.815 Y103.472
G1 F1500 X110.313 Y115.97 E2258.20016
G0 F9000 X110.03 Y116.253
G1 F1500 X97.532 Y103.754 E2258.78805
G0 F9000 X97.249 Y104.037
G1 F1500 X109.747 Y116.535 E2259.37592
G0 F9000 X109.474 Y116.827
G1 F1500 X96.966 Y104.32 E2259.96423
G0 F9000 X96.683 Y104.603
G1 F1500 X109.306 Y117.226 E2260.55798
G0 F9000 X109.31 Y117.795
G1 F1500 X96.401 Y104.886 E2261.16518
G0 F9000 X96.076 Y104.56
G0 X104.844 Y95.792
G0 X105.169 Y96.118
G1 F1500 X138.874 Y129.823 E2262.75056
G0 F9000 X139.157 Y129.541
G1 F1500 X105.452 Y95.835 E2264.33596
G0 F9000 X105.735 Y95.553
G1 F1500 X139.439 Y129.257 E2265.9213
G0 F9000 X139.722 Y128.974
G1 F1500 X106.018 Y95.27 E2267.50663
G0 F9000 X106.301 Y94.987
G1 F1500 X140.005 Y128.691 E2269.09196
G0 F9000 X140.288 Y128.408
G1 F1500 X106.584 Y94.704 E2270.67729
G0 F9000 X106.866 Y94.421
G1 F1500 X140.571 Y128.126 E2272.26267
G0 F9000 X140.854 Y127.843
G1 F1500 X107.149 Y94.139 E2273.84803
G0 F9000 X107.432 Y93.856
G1 F1500 X141.136 Y127.56 E2275.43336
G0 F9000 X141.419 Y127.277
G1 F1500 X107.715 Y93.573 E2277.0187
G0 F9000 X107.998 Y93.29
G1 F1500 X141.702 Y126.994 E2278.60403
G0 F9000 X141.985 Y126.711
G1 F1500 X108.281 Y93.007 E2280.18936
G0 F9000 X108.564 Y92.724
G1 F1500 X142.268 Y126.429 E2281.77472
G0 F9000 X142.551 Y126.146
G1 F1500 X108.846 Y92.441 E2283.3601
G0 F9000 X109.129 Y92.159
G1 F1500 X142.833 Y125.863 E2284.94543
G0 F9000 X143.116 Y125.58
G1 F1500 X109.412 Y91.876 E2286.53076
G0 F9000 X109.695 Y91.593
G1 F1500 X143.399 Y125.297 E2288.1161
G0 F9000 X143.682 Y125.014
G1 F1500 X109.978 Y91.31 E2289.70143
G0 F9000 X110.261 Y91.027
G1 F1500 X143.965 Y124.732 E2291.28679
G0 F9000 X144.248 Y124.449
G1 F1500 X110.543 Y90.744 E2292.87217
G0 F9000 X110.826 Y90.462
G1 F1500 X144.531 Y124.166 E2294.45752
G0 F9000 X144.813 Y123.883
G1 F1500 X111.109 Y90.179 E2296.04285
G0 F9000 X111.392 Y89.896
G1 F1500 X145.096 Y123.6 E2297.62819
G0 F9000 X145.379 Y123.317
G1 F1500 X111.675 Y89.613 E2299.21352
G0 F9000 X111.958 Y89.33
G1 F1500 X145.662 Y123.034 E2300.79885
G0 F9000 X145.945 Y122.752
G1 F1500 X112.24 Y89.047 E2302.38423
G0 F9000 X112.523 Y88.765
G1 F1500 X146.228 Y122.469 E2303.96959
G0 F9000 X146.51 Y122.186
G1 F1500 X112.806 Y88.482 E2305.55492
G0 F9000 X113.089 Y88.199
G1 F1500 X146.793 Y121.903 E2307.14026
G0 F9000 X147.076 Y121.62
G1 F1500 X113.372 Y87.916 E2308.72559
G0 F9000 X113.655 Y87.633
G1 F1500 X147.359 Y121.337 E2310.31092
G0 F9000 X147.642 Y121.055
G1 F1500 X113.938 Y87.35 E2311.89628
G0 F9000 X114.22 Y87.067
G1 F1500 X147.925 Y120.772 E2313.48166
G0 F9000 X148.207 Y120.489
G1 F1500 X114.503 Y86.785 E2315.06699
G0 F9000 X114.786 Y86.502
G1 F1500 X148.49 Y120.206 E2316.65232
G0 F9000 X148.773 Y119.923
G1 F1500 X115.069 Y86.219 E2318.23766
G0 F9000 X115.352 Y85.936
G1 F1500 X149.056 Y119.64 E2319.82299
G0 F9000 X149.315 Y119.334
G1 F1500 X115.659 Y85.678 E2321.40606
G0 F9000 X115.98 Y85.433
G1 F1500 X149.564 Y119.017 E2322.98575
G0 F9000 X149.76 Y118.647
G1 F1500 X116.352 Y85.24 E2324.55714
G0 F9000 X116.751 Y85.073
G1 F1500 X149.924 Y118.246 E2326.11749
G0 F9000 X149.989 Y117.745
G1 F1500 X117.25 Y85.006 E2327.65744
G0 F9000 X117.824 Y85.014
G1 F1500 X149.98 Y117.17 E2329.16996
G0 F9000 X149.786 Y116.41
G1 F1500 X118.592 Y85.217 E2330.6372
;MESH:NONMESH
G0 F300 X118.592 Y85.217 Z5.6
G0 F9000 X119.048 Y84.909
G0 X118.339 Y84.678
G0 X117.502 Y84.568
G0 X116.655 Y84.682
G0 X115.073 Y85.42
;TIME_ELAPSED:2817.187359
;LAYER:27
;TYPE:WALL-INNER
;MESH:quadrato.stl
G1 F1500 X85.421 Y115.073 E2332.03197
G1 X84.861 Y115.803 E2332.06257
G1 X84.525 Y116.617 E2332.09186
G1 X84.406 Y117.499 E2332.12146
G1 X84.525 Y118.378 E2332.15096
G1 X84.861 Y119.193 E2332.18028
G1 X85.421 Y119.923 E2332.21088
G1 X115.073 Y149.575 E2333.60562
G1 X115.804 Y150.136 E2333.63627
G1 X116.617 Y150.475 E2333.66557
G1 X117.499 Y150.59 E2333.69515
G1 X118.378 Y150.475 E2333.72463
G1 X119.193 Y150.136 E2333.75399
G1 X119.923 Y149.575 E2333.78461
G1 X149.58 Y119.919 E2335.17956
G1 X150.14 Y119.192 E2335.21009
G1 X150.475 Y118.383 E2335.23921
G1 X150.59 Y117.499 E2335.26886
G1 X150.475 Y116.613 E2335.29858
G1 X150.14 Y115.804 E2335.3277
G1 X149.58 Y115.077 E2335.35822
G1 X119.92 Y85.417 E2336.75334
G1 X119.192 Y84.86 E2336.78382
G1 X118.382 Y84.521 E2336.81303
G1 X117.501 Y84.406 E2336.84258
G1 X116.613 Y84.525 E2336.87238
G1 X115.807 Y84.857 E2336.90137
G1 X115.073 Y85.42 E2336.93214
G1 F2700 E2331.93214
G0 F9000 X104.42 Y96.356
G0 X117.385 Y109.655
G0 X117.323 Y109.854
G1 F2700 E2336.93214
G1 F1500 X117.543 Y109.829 E2336.9395
G1 X117.873 Y109.951 E2336.9512
G1 X125.048 Y117.13 E2337.28879
G1 X125.142 Y117.323 E2337.29593
G1 X125.167 Y117.543 E2337.30329
G1 X125.045 Y117.873 E2337.31499
G1 X117.87 Y125.048 E2337.65248
G1 X117.677 Y125.142 E2337.65963
G1 X117.456 Y125.167 E2337.66702
G1 X117.127 Y125.045 E2337.67869
G1 X109.948 Y117.87 E2338.01628
G1 X109.854 Y117.677 E2338.02342
G1 X109.829 Y117.456 E2338.03081
G1 X109.951 Y117.127 E2338.04249
G1 X117.13 Y109.948 E2338.38016
G1 X117.323 Y109.854 E2338.3873
G1 F2700 E2333.3873
G0 F9000 X117.997 Y109.934
G0 X117.5 Y109.823
G0 X109.897 Y117.04
G0 X110.252 Y117.392
;TYPE:WALL-OUTER
G1 F2700 E2338.3873
G1 F1500 X117.37 Y110.275 E2338.72209
G1 X117.544 Y110.232 E2338.72805
G1 X117.642 Y110.286 E2338.73177
G1 X124.721 Y117.37 E2339.06486
G1 X124.764 Y117.544 E2339.07083
G1 X124.71 Y117.642 E2339.07455
G1 X117.63 Y124.721 E2339.40754
G1 X117.456 Y124.764 E2339.41351
G1 X117.358 Y124.71 E2339.41723
G1 X110.254 Y117.61 E2339.75128
G1 X110.252 Y117.392 E2339.75854
G1 F2700 E2334.75854
G0 F9000 X109.897 Y117.04
G0 X109.682 Y117.268
G0 X96.595 Y104.181
G0 X85.119 Y114.809
G1 F2700 E2339.75854
G1 F1500 X84.511 Y115.601 E2339.79174
G1 X84.135 Y116.513 E2339.82455
G1 X84.002 Y117.499 E2339.85765
G1 X84.135 Y118.483 E2339.89067
G1 X84.511 Y119.395 E2339.92348
G1 X85.119 Y120.187 E2339.95669
G1 X114.809 Y149.877 E2341.35322
G1 X115.602 Y150.485 E2341.38645
G1 X116.513 Y150.865 E2341.41928
G1 X117.499 Y150.994 E2341.45236
G1 X118.483 Y150.865 E2341.48536
G1 X119.395 Y150.485 E2341.51823
G1 X120.187 Y149.877 E2341.55143
G1 X149.881 Y120.183 E2342.94815
G1 X150.489 Y119.394 E2342.98128
G1 X150.865 Y118.487 E2343.01394
G1 X150.994 Y117.499 E2343.04708
G1 X150.865 Y116.509 E2343.08028
G1 X150.489 Y115.602 E2343.11294
G1 X149.881 Y114.813 E2343.14607
G1 X120.184 Y85.115 E2344.54295
G1 X119.394 Y84.511 E2344.57602
G1 X118.487 Y84.131 E2344.60873
G1 X117.501 Y84.002 E2344.6418
G1 X116.509 Y84.135 E2344.67509
G1 X115.605 Y84.507 E2344.70761
G1 X114.809 Y85.119 E2344.741
G1 X85.119 Y114.809 E2346.13753
G1 F2700 E2341.13753
G0 F9000 X85.171 Y115.564
G0 X96.847 Y103.929
G0 X109.867 Y116.958
G0 X109.506 Y117.218
;TYPE:SKIN
G1 F2700 E2346.13753
G1 F1500 X109.489 Y117.696 E2346.15344
G1 X109.625 Y118.052 E2346.16611
G1 X116.946 Y125.37 E2346.5104
G1 X117.288 Y125.504 E2346.52262
G1 X117.55 Y125.525 E2346.53136
G1 X117.903 Y125.437 E2346.54346
G1 X118.138 Y125.286 E2346.55275
G1 X125.334 Y118.093 E2346.89116
G1 X125.52 Y117.65 E2346.90714
G1 X125.52 Y117.373 E2346.91635
G1 X125.425 Y117.065 E2346.92707
G1 X125.286 Y116.862 E2346.93525
G1 X118.093 Y109.662 E2347.27375
G1 X117.638 Y109.474 E2347.29013
G1 X117.156 Y109.525 E2347.30625
G1 X116.874 Y109.695 E2347.3172
G1 X109.66 Y116.908 E2347.6565
G1 X109.506 Y117.218 E2347.66801
G1 F2700 E2342.66801
G0 F9000 X109.927 Y117.01
G0 X109.682 Y117.268
G0 X96.595 Y104.181
G0 X85.683 Y115.317
G1 F2700 E2347.66801
G1 F1500 X115.317 Y85.687 E2349.06181
G1 X115.985 Y85.175 E2349.08981
G1 X116.705 Y84.875 E2349.11575
G1 X117.501 Y84.77 E2349.14245
G1 X118.287 Y84.871 E2349.16881
G1 X119.01 Y85.175 E2349.1949
G1 X119.672 Y85.679 E2349.22257
G1 X149.305 Y115.317 E2350.61653
G1 X149.829 Y115.99 E2350.6449
G1 X150.121 Y116.7 E2350.67044
G1 X150.226 Y117.496 E2350.69714
G1 X150.121 Y118.292 E2350.72385
G1 X149.829 Y119.002 E2350.74938
G1 X149.305 Y119.675 E2350.77775
G1 X119.675 Y149.309 E2352.17155
G1 X119.01 Y149.821 E2352.19946
G1 X118.287 Y150.121 E2352.2255
G1 X117.497 Y150.226 E2352.252
G1 X116.709 Y150.121 E2352.27844
G1 X115.985 Y149.821 E2352.30451
G1 X115.317 Y149.309 E2352.3325
G1 X85.683 Y119.675 E2353.72639
G1 X85.175 Y119.011 E2353.7542
G1 X84.875 Y118.283 E2353.78039
G1 X84.77 Y117.497 E2353.80676
G1 X84.875 Y116.713 E2353.83307
G1 X85.179 Y115.977 E2353.85956
G1 X85.683 Y115.317 E2353.88718
G0 F9000 X85.51 Y115.874
G1 F1500 X115.862 Y85.522 E2355.31484
G0 F9000 X115.582 Y85.156
G0 X116.836 Y84.596
G0 X116.898 Y85.052
G1 F1500 X85.052 Y116.897 E2356.81276
G0 F9000 X84.977 Y117.538
G1 F1500 X117.537 Y84.978 E2358.34428
G0 F9000 X118.039 Y85.042
G1 F1500 X85.044 Y118.037 E2359.89627
G0 F9000 X85.172 Y118.475
G1 F1500 X118.479 Y85.168 E2361.46292
G0 F9000 X118.877 Y85.336
G1 F1500 X85.336 Y118.876 E2363.04057
G0 F9000 X85.575 Y119.203
G1 F1500 X119.204 Y85.574 E2364.62237
G0 F9000 X119.526 Y85.818
G1 F1500 X85.82 Y119.524 E2366.2078
G0 F9000 X86.101 Y119.809
G1 F1500 X119.809 Y86.1 E2367.79334
G0 F9000 X120.092 Y86.383
G1 F1500 X86.384 Y120.091 E2369.37886
G0 F9000 X86.667 Y120.374
G1 F1500 X120.375 Y86.666 E2370.96438
G0 F9000 X120.658 Y86.949
G1 F1500 X86.949 Y120.657 E2372.54993
G0 F9000 X87.232 Y120.94
G1 F1500 X120.941 Y87.232 E2374.13547
G0 F9000 X121.224 Y87.514
G1 F1500 X87.515 Y121.223 E2375.72104
G0 F9000 X87.798 Y121.506
G1 F1500 X121.506 Y87.797 E2377.30659
G0 F9000 X121.789 Y88.08
G1 F1500 X88.081 Y121.789 E2378.89213
G0 F9000 X88.364 Y122.071
G1 F1500 X122.072 Y88.363 E2380.47765
G0 F9000 X122.355 Y88.646
G1 F1500 X88.646 Y122.354 E2382.0632
G0 F9000 X88.929 Y122.637
G1 F1500 X122.638 Y88.929 E2383.64874
G0 F9000 X122.921 Y89.211
G1 F1500 X89.212 Y122.92 E2385.23431
G0 F9000 X89.495 Y123.203
G1 F1500 X123.203 Y89.494 E2386.81985
G0 F9000 X123.486 Y89.777
G1 F1500 X89.778 Y123.486 E2388.4054
G0 F9000 X90.061 Y123.768
G1 F1500 X123.769 Y90.06 E2389.99092
G0 F9000 X124.052 Y90.343
G1 F1500 X90.343 Y124.051 E2391.57646
G0 F9000 X90.626 Y124.334
G1 F1500 X124.335 Y90.626 E2393.16201
G0 F9000 X124.618 Y90.908
G1 F1500 X90.909 Y124.617 E2394.74758
G0 F9000 X91.192 Y124.9
G1 F1500 X124.901 Y91.191 E2396.33314
G0 F9000 X125.183 Y91.474
G1 F1500 X91.475 Y125.183 E2397.91869
G0 F9000 X91.758 Y125.465
G1 F1500 X125.465 Y91.758 E2399.50416
G0 F9000 X125.748 Y92.041
G1 F1500 X92.041 Y125.748 E2401.08964
G0 F9000 X92.323 Y126.031
G1 F1500 X126.031 Y92.323 E2402.67516
G0 F9000 X126.314 Y92.606
G1 F1500 X92.606 Y126.314 E2404.26068
G0 F9000 X92.889 Y126.597
G1 F1500 X126.597 Y92.889 E2405.8462
G0 F9000 X126.88 Y93.172
G1 F1500 X93.172 Y126.88 E2407.43172
G0 F9000 X93.455 Y127.163
G1 F1500 X127.163 Y93.455 E2409.01724
G0 F9000 X127.445 Y93.738
G1 F1500 X93.738 Y127.445 E2410.60271
G0 F9000 X94.02 Y127.728
G1 F1500 X127.728 Y94.02 E2412.18824
G0 F9000 X128.011 Y94.303
G1 F1500 X94.303 Y128.011 E2413.77376
G0 F9000 X94.586 Y128.294
G1 F1500 X128.294 Y94.586 E2415.35928
G0 F9000 X128.577 Y94.869
G1 F1500 X94.869 Y128.577 E2416.9448
G0 F9000 X95.152 Y128.86
G1 F1500 X128.86 Y95.152 E2418.53032
G0 F9000 X129.142 Y95.435
G1 F1500 X95.435 Y129.142 E2420.11579
G0 F9000 X95.718 Y129.425
G1 F1500 X129.425 Y95.718 E2421.70127
G0 F9000 X129.708 Y96
G1 F1500 X96 Y129.708 E2423.28679
G0 F9000 X96.283 Y129.991
G1 F1500 X129.991 Y96.283 E2424.87231
G0 F9000 X130.274 Y96.566
G1 F1500 X117.556 Y109.284 E2425.47053
G0 F9000 X117.998 Y109.407
G1 F1500 X130.557 Y96.849 E2426.06124
G0 F9000 X130.84 Y97.132
G1 F1500 X118.343 Y109.628 E2426.64904
G0 F9000 X118.626 Y109.911
G1 F1500 X131.122 Y97.415 E2427.23681
G0 F9000 X131.404 Y97.698
G1 F1500 X118.908 Y110.194 E2427.82458
G0 F9000 X119.191 Y110.477
G1 F1500 X131.687 Y97.981 E2428.41236
G0 F9000 X131.97 Y98.264
G1 F1500 X119.473 Y110.76 E2429.00015
G0 F9000 X119.756 Y111.043
G1 F1500 X132.253 Y98.547 E2429.58795
G0 F9000 X132.536 Y98.829
G1 F1500 X120.039 Y111.326 E2430.17577
G0 F9000 X120.321 Y111.61
G1 F1500 X132.819 Y99.112 E2430.76364
G0 F9000 X133.102 Y99.395
G1 F1500 X120.604 Y111.893 E2431.35151
G0 F9000 X120.887 Y112.175
G1 F1500 X133.384 Y99.678 E2431.93933
G0 F9000 X133.667 Y99.961
G1 F1500 X121.17 Y112.458 E2432.52715
G0 F9000 X121.452 Y112.742
G1 F1500 X133.95 Y100.244 E2433.11501
G0 F9000 X134.233 Y100.527
G1 F1500 X121.735 Y113.025 E2433.70288
G0 F9000 X122.018 Y113.307
G1 F1500 X134.516 Y100.809 E2434.29075
G0 F9000 X134.799 Y101.092
G1 F1500 X122.3 Y113.59 E2434.87864
G0 F9000 X122.583 Y113.874
G1 F1500 X135.081 Y101.375 E2435.46653
G0 F9000 X135.364 Y101.658
G1 F1500 X122.865 Y114.157 E2436.05445
G0 F9000 X123.148 Y114.44
G1 F1500 X135.647 Y101.941 E2436.64236
G0 F9000 X135.93 Y102.224
G1 F1500 X123.43 Y114.723 E2437.2303
G0 F9000 X123.713 Y115.006
G1 F1500 X136.213 Y102.506 E2437.81826
G0 F9000 X136.496 Y102.789
G1 F1500 X123.996 Y115.289 E2438.40622
G0 F9000 X124.279 Y115.572
G1 F1500 X136.778 Y103.072 E2438.99416
G0 F9000 X137.061 Y103.355
G1 F1500 X124.561 Y115.855 E2439.58212
G0 F9000 X124.844 Y116.138
G1 F1500 X137.343 Y103.639 E2440.17004
G0 F9000 X137.626 Y103.921
G1 F1500 X125.127 Y116.421 E2440.75798
G0 F9000 X125.41 Y116.704
G1 F1500 X137.909 Y104.204 E2441.34591
G0 F9000 X138.192 Y104.487
G1 F1500 X125.629 Y117.05 E2441.93684
G0 F9000 X125.719 Y117.526
G1 F1500 X138.475 Y104.77 E2442.53684
G0 F9000 X138.758 Y105.053
G1 F1500 X105.051 Y138.759 E2444.12229
G0 F9000 X105.334 Y139.042
G1 F1500 X139.041 Y105.336 E2445.70774
G0 F9000 X139.323 Y105.618
G1 F1500 X105.617 Y139.325 E2447.29319
G0 F9000 X105.9 Y139.608
G1 F1500 X139.606 Y105.901 E2448.87864
G0 F9000 X139.889 Y106.184
G1 F1500 X106.183 Y139.89 E2450.46407
G0 F9000 X106.466 Y140.173
G1 F1500 X140.172 Y106.467 E2452.0495
G0 F9000 X140.455 Y106.75
G1 F1500 X106.748 Y140.456 E2453.63495
G0 F9000 X107.031 Y140.739
G1 F1500 X140.738 Y107.033 E2455.2204
G0 F9000 X141.02 Y107.315
G1 F1500 X107.314 Y141.022 E2456.80585
G0 F9000 X107.597 Y141.305
G1 F1500 X141.303 Y107.598 E2458.3913
G0 F9000 X141.586 Y107.881
G1 F1500 X107.88 Y141.588 E2459.97675
G0 F9000 X108.163 Y141.87
G1 F1500 X141.869 Y108.164 E2461.56218
G0 F9000 X142.152 Y108.447
G1 F1500 X108.445 Y142.153 E2463.14763
G0 F9000 X108.728 Y142.436
G1 F1500 X142.435 Y108.73 E2464.73308
G0 F9000 X142.717 Y109.013
G1 F1500 X109.011 Y142.719 E2466.3185
G0 F9000 X109.294 Y143.002
G1 F1500 X143 Y109.295 E2467.90395
G0 F9000 X143.282 Y109.579
G1 F1500 X109.577 Y143.285 E2469.48936
G0 F9000 X109.86 Y143.567
G1 F1500 X143.565 Y109.862 E2471.07474
G0 F9000 X143.848 Y110.145
G1 F1500 X110.142 Y143.85 E2472.66014
G0 F9000 X110.425 Y144.133
G1 F1500 X144.131 Y110.427 E2474.24557
G0 F9000 X144.414 Y110.71
G1 F1500 X110.708 Y144.416 E2475.831
G0 F9000 X110.991 Y144.699
G1 F1500 X144.697 Y110.993 E2477.41642
G0 F9000 X144.98 Y111.276
G1 F1500 X111.274 Y144.982 E2479.00185
G0 F9000 X111.557 Y145.264
G1 F1500 X145.262 Y111.559 E2480.58723
G0 F9000 X145.545 Y111.842
G1 F1500 X111.84 Y145.547 E2482.17261
G0 F9000 X112.122 Y145.83
G1 F1500 X145.828 Y112.125 E2483.75801
G0 F9000 X146.111 Y112.407
G1 F1500 X112.405 Y146.113 E2485.34344
G0 F9000 X112.688 Y146.396
G1 F1500 X146.394 Y112.69 E2486.92887
G0 F9000 X146.677 Y112.973
G1 F1500 X112.971 Y146.679 E2488.51429
G0 F9000 X113.254 Y146.962
G1 F1500 X146.959 Y113.256 E2490.0997
G0 F9000 X147.242 Y113.539
G1 F1500 X113.537 Y147.244 E2491.68508
G0 F9000 X113.819 Y147.527
G1 F1500 X147.525 Y113.822 E2493.27048
G0 F9000 X147.808 Y114.104
G1 F1500 X114.102 Y147.81 E2494.85591
G0 F9000 X114.385 Y148.093
G1 F1500 X148.091 Y114.387 E2496.44133
G0 F9000 X148.374 Y114.67
G1 F1500 X114.668 Y148.376 E2498.02676
G0 F9000 X114.951 Y148.659
G1 F1500 X148.656 Y114.953 E2499.61216
G0 F9000 X148.939 Y115.236
G1 F1500 X115.234 Y148.941 E2501.19754
G0 F9000 X115.526 Y149.215
G1 F1500 X149.213 Y115.528 E2502.78208
G0 F9000 X149.461 Y115.845
G1 F1500 X115.846 Y149.46 E2504.36322
G0 F9000 X116.185 Y149.687
G1 F1500 X149.691 Y116.181 E2505.93924
G0 F9000 X149.856 Y116.582
G1 F1500 X116.585 Y149.853 E2507.50421
G0 F9000 X117.041 Y149.962
G1 F1500 X149.963 Y117.04 E2509.05276
G0 F9000 X150.015 Y117.554
G1 F1500 X117.553 Y150.016 E2510.57967
G0 F9000 X118.206 Y149.929
G1 F1500 X149.93 Y118.205 E2512.07187
G1 F2700 E2507.07187
G0 F9000 X150.389 Y118.265
G0 X149.999 Y119.111
G0 X149.408 Y119.82
G0 X125.182 Y117.991
G0 X117.523 Y125.722
G1 F2700 E2512.07187
G1 F1500 X104.768 Y138.476 E2512.6718
G0 F9000 X104.486 Y138.193
G1 F1500 X117.054 Y125.625 E2513.26296
G0 F9000 X116.704 Y125.409
G1 F1500 X104.203 Y137.911 E2513.851
G0 F9000 X103.92 Y137.628
G1 F1500 X116.422 Y125.126 E2514.43905
G0 F9000 X116.139 Y124.843
G1 F1500 X103.637 Y137.345 E2515.02711
G0 F9000 X103.354 Y137.062
G1 F1500 X115.856 Y124.56 E2515.61516
G0 F9000 X115.573 Y124.278
G1 F1500 X103.071 Y136.779 E2516.2032
G0 F9000 X102.789 Y136.496
G1 F1500 X115.29 Y123.995 E2516.7912
G0 F9000 X115.007 Y123.712
G1 F1500 X102.506 Y136.214 E2517.37924
G0 F9000 X102.223 Y135.931
G1 F1500 X114.725 Y123.429 E2517.96729
G0 F9000 X114.442 Y123.146
G1 F1500 X101.94 Y135.648 E2518.55535
G0 F9000 X101.657 Y135.365
G1 F1500 X114.158 Y122.864 E2519.14336
G0 F9000 X113.875 Y122.581
G1 F1500 X101.374 Y135.082 E2519.73137
G0 F9000 X101.092 Y134.799
G1 F1500 X113.592 Y122.298 E2520.31935
G0 F9000 X113.31 Y122.016
G1 F1500 X100.809 Y134.516 E2520.90734
G0 F9000 X100.526 Y134.234
G1 F1500 X113.027 Y121.733 E2521.49534
G0 F9000 X112.744 Y121.45
G1 F1500 X100.243 Y133.951 E2522.08335
G0 F9000 X99.96 Y133.668
G1 F1500 X112.461 Y121.167 E2522.67136
G0 F9000 X112.178 Y120.884
G1 F1500 X99.677 Y133.385 E2523.25937
G0 F9000 X99.394 Y133.102
G1 F1500 X111.895 Y120.602 E2523.84736
G0 F9000 X111.612 Y120.319
G1 F1500 X99.112 Y132.819 E2524.43532
G0 F9000 X98.829 Y132.537
G1 F1500 X111.329 Y120.036 E2525.0233
G0 F9000 X111.046 Y119.753
G1 F1500 X98.546 Y132.254 E2525.61129
G0 F9000 X98.263 Y131.971
G1 F1500 X110.763 Y119.471 E2526.19925
G0 F9000 X110.48 Y119.188
G1 F1500 X97.98 Y131.688 E2526.78721
G0 F9000 X97.697 Y131.405
G1 F1500 X110.198 Y118.905 E2527.3752
G0 F9000 X109.915 Y118.622
G1 F1500 X97.415 Y131.122 E2527.96316
G0 F9000 X97.132 Y130.84
G1 F1500 X109.632 Y118.339 E2528.55114
G0 F9000 X109.396 Y118.01
G1 F1500 X96.849 Y130.557 E2529.14132
G0 F9000 X96.566 Y130.274
G1 F1500 X109.296 Y117.544 E2529.7401
G1 F2700 E2524.7401
;MESH:NONMESH
G0 F300 X109.296 Y117.544 Z5.8
G0 F9000 X109.927 Y117.01
G0 X116.995 Y109.832
G0 X103.97 Y96.806
G0 X115.073 Y85.42
;TIME_ELAPSED:3075.272148
;LAYER:28
;TYPE:WALL-INNER
;MESH:quadrato.stl
G1 F2700 E2529.7401
G1 F1500 X85.421 Y115.073 E2531.13486
G1 X84.861 Y115.803 E2531.16546
G1 X84.525 Y116.617 E2531.19475
G1 X84.406 Y117.499 E2531.22435
G1 X84.525 Y118.378 E2531.25385
G1 X84.861 Y119.193 E2531.28317
G1 X85.421 Y119.923 E2531.31377
G1 X115.073 Y149.575 E2532.70851
G1 X115.804 Y150.136 E2532.73916
G1 X116.617 Y150.475 E2532.76846
G1 X117.499 Y150.59 E2532.79804
G1 X118.378 Y150.475 E2532.82753
G1 X119.193 Y150.136 E2532.85689
G1 X119.923 Y149.575 E2532.88751
G1 X149.58 Y119.919 E2534.28246
G1 X150.14 Y119.192 E2534.31298
G1 X150.475 Y118.383 E2534.3421
G1 X150.59 Y117.499 E2534.37175
G1 X150.475 Y116.613 E2534.40147
G1 X150.14 Y115.804 E2534.43059
G1 X149.58 Y115.077 E2534.46111
G1 X119.92 Y85.417 E2535.85623
G1 X119.192 Y84.86 E2535.88672
G1 X118.382 Y84.521 E2535.91592
G1 X117.501 Y84.406 E2535.94547
G1 X116.613 Y84.525 E2535.97527
G1 X115.807 Y84.857 E2536.00426
G1 X115.073 Y85.42 E2536.03503
G1 F2700 E2531.03503
G0 F9000 X104.42 Y96.356
G0 X117.385 Y109.655
G0 X117.323 Y109.854
G1 F2700 E2536.03503
G1 F1500 X117.543 Y109.829 E2536.0424
G1 X117.873 Y109.951 E2536.0541
G1 X125.048 Y117.13 E2536.39168
G1 X125.142 Y117.323 E2536.39882
G1 X125.167 Y117.543 E2536.40619
G1 X125.045 Y117.873 E2536.41789
G1 X117.87 Y125.048 E2536.75538
G1 X117.677 Y125.142 E2536.76252
G1 X117.456 Y125.167 E2536.76992
G1 X117.127 Y125.045 E2536.78159
G1 X109.948 Y117.87 E2537.11917
G1 X109.854 Y117.677 E2537.12631
G1 X109.829 Y117.456 E2537.13371
G1 X109.951 Y117.127 E2537.14538
G1 X117.13 Y109.948 E2537.48306
G1 X117.323 Y109.854 E2537.4902
G1 F2700 E2532.4902
G0 F9000 X117.997 Y109.934
G0 X117.5 Y109.823
G0 X109.897 Y117.04
G0 X110.252 Y117.392
;TYPE:WALL-OUTER
G1 F2700 E2537.4902
G1 F1500 X117.37 Y110.275 E2537.82498
G1 X117.544 Y110.232 E2537.83094
G1 X117.642 Y110.286 E2537.83466
G1 X124.721 Y117.37 E2538.16776
G1 X124.764 Y117.544 E2538.17372
G1 X124.71 Y117.642 E2538.17744
G1 X117.63 Y124.721 E2538.51044
G1 X117.456 Y124.764 E2538.5164
G1 X117.358 Y124.71 E2538.52012
G1 X110.254 Y117.61 E2538.85418
G1 X110.252 Y117.392 E2538.86143
G1 F2700 E2533.86143
G0 F9000 X109.897 Y117.04
G0 X109.682 Y117.268
G0 X96.595 Y104.181
G0 X85.119 Y114.809
G1 F2700 E2538.86143
G1 F1500 X84.511 Y115.601 E2538.89464
G1 X84.135 Y116.513 E2538.92745
G1 X84.002 Y117.499 E2538.96054
G1 X84.135 Y118.483 E2538.99356
G1 X84.511 Y119.395 E2539.02637
G1 X85.119 Y120.187 E2539.05958
G1 X114.809 Y149.877 E2540.45611
G1 X115.602 Y150.485 E2540.48935
G1 X116.513 Y150.865 E2540.52218
G1 X117.499 Y150.994 E2540.55525
G1 X118.483 Y150.865 E2540.58826
G1 X119.395 Y150.485 E2540.62112
G1 X120.187 Y149.877 E2540.65433
G1 X149.881 Y120.183 E2542.05104
G1 X150.489 Y119.394 E2542.08417
G1 X150.865 Y118.487 E2542.11683
G1 X150.994 Y117.499 E2542.14997
G1 X150.865 Y116.509 E2542.18317
G1 X150.489 Y115.602 E2542.21583
G1 X149.881 Y114.813 E2542.24896
G1 X120.184 Y85.115 E2543.64584
G1 X119.394 Y84.511 E2543.67892
G1 X118.487 Y84.131 E2543.71162
G1 X117.501 Y84.002 E2543.7447
G1 X116.509 Y84.135 E2543.77799
G1 X115.605 Y84.507 E2543.8105
G1 X114.809 Y85.119 E2543.8439
G1 X85.119 Y114.809 E2545.24042
G1 F2700 E2540.24042
G0 F9000 X85.171 Y115.564
G0 X96.847 Y103.929
G0 X109.867 Y116.958
G0 X109.506 Y117.218
;TYPE:SKIN
G1 F2700 E2545.24042
G1 F1500 X109.489 Y117.696 E2545.25633
G1 X109.625 Y118.052 E2545.26901
G1 X116.946 Y125.37 E2545.61329
G1 X117.288 Y125.504 E2545.62551
G1 X117.55 Y125.525 E2545.63425
G1 X117.903 Y125.437 E2545.64635
G1 X118.138 Y125.286 E2545.65564
G1 X125.334 Y118.093 E2545.99405
G1 X125.52 Y117.65 E2546.01003
G1 X125.52 Y117.373 E2546.01924
G1 X125.425 Y117.065 E2546.02996
G1 X125.286 Y116.862 E2546.03815
G1 X118.093 Y109.662 E2546.37665
G1 X117.638 Y109.474 E2546.39302
G1 X117.156 Y109.525 E2546.40914
G1 X116.874 Y109.695 E2546.42009
G1 X109.66 Y116.908 E2546.7594
G1 X109.506 Y117.218 E2546.77091
G1 F2700 E2541.77091
G0 F9000 X109.927 Y117.01
G0 X109.682 Y117.268
G0 X96.595 Y104.181
G0 X85.683 Y115.317
G1 F2700 E2546.77091
G1 F1500 X115.317 Y85.687 E2548.16471
G1 X115.985 Y85.175 E2548.1927
G1 X116.705 Y84.875 E2548.21864
G1 X117.501 Y84.77 E2548.24535
G1 X118.287 Y84.871 E2548.2717
G1 X119.01 Y85.175 E2548.29779
G1 X119.672 Y85.679 E2548.32546
G1 X149.305 Y115.317 E2549.71943
G1 X149.829 Y115.99 E2549.7478
G1 X150.121 Y116.7 E2549.77333
G1 X150.226 Y117.496 E2549.80003
G1 X150.121 Y118.292 E2549.82674
G1 X149.829 Y119.002 E2549.85227
G1 X149.305 Y119.675 E2549.88064
G1 X119.675 Y149.309 E2551.27444
G1 X119.01 Y149.821 E2551.30235
G1 X118.287 Y150.121 E2551.32839
G1 X117.497 Y150.226 E2551.3549
G1 X116.709 Y150.121 E2551.38134
G1 X115.985 Y149.821 E2551.4074
G1 X115.317 Y149.309 E2551.43539
G1 X85.683 Y119.675 E2552.82929
G1 X85.175 Y119.011 E2552.85709
G1 X84.875 Y118.283 E2552.88328
G1 X84.77 Y117.497 E2552.90966
G1 X84.875 Y116.713 E2552.93597
G1 X85.179 Y115.977 E2552.96245
G1 X85.683 Y115.317 E2552.99007
G1 F2700 E2547.99007
G0 F9000 X85.171 Y115.564
G0 X84.682 Y116.66
G0 X84.568 Y117.499
G0 X84.681 Y118.336
G0 X85.002 Y119.112
G0 X85.541 Y119.817
G0 X115.179 Y149.455
G0 X116.224 Y150.201
G0 X116.401 Y149.777
G1 F2700 E2552.99007
G1 F1500 X85.221 Y118.596 E2554.45671
G0 F9000 X85.015 Y117.825
G1 F1500 X117.17 Y149.98 E2555.96918
G0 F9000 X117.746 Y149.99
G1 F1500 X85.005 Y117.249 E2557.50922
G0 F9000 X85.075 Y116.753
G1 F1500 X118.243 Y149.921 E2559.06934
G0 F9000 X118.643 Y149.756
G1 F1500 X85.24 Y116.353 E2560.64051
G0 F9000 X85.431 Y115.978
G1 F1500 X119.015 Y149.562 E2562.2202
G0 F9000 X119.336 Y149.317
G1 F1500 X85.675 Y115.657 E2563.80349
G0 F9000 X85.935 Y115.35
G1 F1500 X119.642 Y149.057 E2565.38896
G0 F9000 X119.925 Y148.775
G1 F1500 X86.218 Y115.067 E2566.97446
G0 F9000 X86.5 Y114.785
G1 F1500 X120.207 Y148.492 E2568.55993
G0 F9000 X120.49 Y148.209
G1 F1500 X86.783 Y114.502 E2570.14541
G0 F9000 X87.066 Y114.219
G1 F1500 X120.773 Y147.926 E2571.73088
G0 F9000 X121.056 Y147.643
G1 F1500 X87.349 Y113.936 E2573.31635
G0 F9000 X87.632 Y113.653
G1 F1500 X121.339 Y147.36 E2574.90183
G0 F9000 X121.622 Y147.078
G1 F1500 X87.915 Y113.37 E2576.48733
G0 F9000 X88.197 Y113.088
G1 F1500 X121.905 Y146.795 E2578.07282
G0 F9000 X122.187 Y146.512
G1 F1500 X88.48 Y112.805 E2579.6583
G0 F9000 X88.763 Y112.522
G1 F1500 X122.47 Y146.229 E2581.24377
G0 F9000 X122.753 Y145.946
G1 F1500 X89.046 Y112.239 E2582.82924
G0 F9000 X89.329 Y111.956
G1 F1500 X123.036 Y145.663 E2584.41472
G0 F9000 X123.319 Y145.38
G1 F1500 X89.612 Y111.673 E2586.00019
G0 F9000 X89.894 Y111.391
G1 F1500 X123.602 Y145.098 E2587.58569
G0 F9000 X123.884 Y144.815
G1 F1500 X90.177 Y111.108 E2589.17116
G0 F9000 X90.46 Y110.825
G1 F1500 X124.167 Y144.532 E2590.75664
G0 F9000 X124.45 Y144.249
G1 F1500 X90.743 Y110.542 E2592.34211
G0 F9000 X91.026 Y110.259
G1 F1500 X124.733 Y143.966 E2593.92759
G0 F9000 X125.016 Y143.683
G1 F1500 X91.309 Y109.976 E2595.51306
G0 F9000 X91.592 Y109.693
G1 F1500 X125.299 Y143.401 E2597.09856
G0 F9000 X125.581 Y143.118
G1 F1500 X91.874 Y109.411 E2598.68403
G0 F9000 X92.157 Y109.128
G1 F1500 X125.864 Y142.835 E2600.26951
G0 F9000 X126.147 Y142.552
G1 F1500 X92.44 Y108.845 E2601.85498
G0 F9000 X92.723 Y108.562
G1 F1500 X126.43 Y142.269 E2603.44045
G0 F9000 X126.713 Y141.986
G1 F1500 X93.006 Y108.279 E2605.02593
G0 F9000 X93.289 Y107.996
G1 F1500 X126.996 Y141.703 E2606.6114
G0 F9000 X127.279 Y141.421
G1 F1500 X93.571 Y107.714 E2608.1969
G0 F9000 X93.854 Y107.431
G1 F1500 X127.561 Y141.138 E2609.78237
G0 F9000 X127.844 Y140.855
G1 F1500 X94.137 Y107.148 E2611.36785
G0 F9000 X94.42 Y106.865
G1 F1500 X128.127 Y140.572 E2612.95332
G0 F9000 X128.41 Y140.289
G1 F1500 X94.703 Y106.582 E2614.53879
G0 F9000 X94.986 Y106.299
G1 F1500 X128.693 Y140.006 E2616.12427
G0 F9000 X128.976 Y139.724
G1 F1500 X95.268 Y106.017 E2617.70977
G0 F9000 X95.551 Y105.734
G1 F1500 X129.258 Y139.441 E2619.29524
G0 F9000 X129.541 Y139.157
G1 F1500 X95.835 Y105.452 E2620.88064
G0 F9000 X96.118 Y105.169
G1 F1500 X129.823 Y138.874 E2622.46602
G0 F9000 X130.106 Y138.592
G1 F1500 X117.199 Y125.685 E2623.07313
G0 F9000 X117.762 Y125.682
G1 F1500 X130.389 Y138.309 E2623.66706
G0 F9000 X130.672 Y138.026
G1 F1500 X118.161 Y125.515 E2624.25554
G0 F9000 X118.459 Y125.248
G1 F1500 X130.955 Y137.743 E2624.84329
G0 F9000 X131.238 Y137.46
G1 F1500 X118.742 Y124.965 E2625.43104
G0 F9000 X119.025 Y124.682
G1 F1500 X131.52 Y137.177 E2626.01877
G0 F9000 X131.803 Y136.894
G1 F1500 X119.308 Y124.399 E2626.6065
G0 F9000 X119.591 Y124.116
G1 F1500 X132.086 Y136.612 E2627.19425
G0 F9000 X132.369 Y136.329
G1 F1500 X119.874 Y123.833 E2627.782
G0 F9000 X120.157 Y123.551
G1 F1500 X132.652 Y136.046 E2628.36972
G0 F9000 X132.935 Y135.763
G1 F1500 X120.439 Y123.268 E2628.95747
G0 F9000 X120.722 Y122.985
G1 F1500 X133.218 Y135.48 E2629.54522
G0 F9000 X133.5 Y135.197
G1 F1500 X121.005 Y122.702 E2630.13295
G0 F9000 X121.288 Y122.419
G1 F1500 X133.783 Y134.915 E2630.7207
G0 F9000 X134.066 Y134.632
G1 F1500 X121.571 Y122.136 E2631.30845
G0 F9000 X121.854 Y121.854
G1 F1500 X134.349 Y134.349 E2631.89618
G0 F9000 X134.632 Y134.066
G1 F1500 X122.137 Y121.571 E2632.4839
G0 F9000 X122.42 Y121.289
G1 F1500 X134.915 Y133.783 E2633.0716
G0 F9000 X135.197 Y133.5
G1 F1500 X122.703 Y121.006 E2633.65928
G0 F9000 X122.986 Y120.723
G1 F1500 X135.48 Y133.218 E2634.24699
G0 F9000 X135.763 Y132.935
G1 F1500 X123.269 Y120.44 E2634.83469
G0 F9000 X123.551 Y120.157
G1 F1500 X136.046 Y132.652 E2635.42242
G0 F9000 X136.329 Y132.369
G1 F1500 X123.834 Y119.874 E2636.01014
G0 F9000 X124.117 Y119.592
G1 F1500 X136.612 Y132.086 E2636.59785
G0 F9000 X136.894 Y131.803
G1 F1500 X124.4 Y119.309 E2637.18553
G0 F9000 X124.683 Y119.026
G1 F1500 X137.177 Y131.52 E2637.77321
G0 F9000 X137.46 Y131.238
G1 F1500 X124.966 Y118.743 E2638.36091
G0 F9000 X125.248 Y118.46
G1 F1500 X137.743 Y130.955 E2638.94863
G0 F9000 X138.026 Y130.672
G1 F1500 X125.52 Y118.166 E2639.53688
G0 F9000 X125.687 Y117.767
G1 F1500 X138.309 Y130.389 E2640.13058
G0 F9000 X138.592 Y130.106
G1 F1500 X125.676 Y117.191 E2640.73808
G0 F9000 X125.238 Y117.326
G0 X117.997 Y109.934
G0 X117.817 Y109.332
G1 F1500 X104.886 Y96.401 E2641.34632
G0 F9000 X104.603 Y96.683
G1 F1500 X117.236 Y109.317 E2641.94056
G0 F9000 X116.839 Y109.486
G1 F1500 X104.32 Y96.966 E2642.52944
G0 F9000 X104.037 Y97.249
G1 F1500 X116.537 Y109.749 E2643.1174
G0 F9000 X116.254 Y110.031
G1 F1500 X103.754 Y97.532 E2643.70534
G0 F9000 X103.472 Y97.815
G1 F1500 X115.971 Y110.314 E2644.29325
G0 F9000 X115.688 Y110.597
G1 F1500 X103.189 Y98.098 E2644.88117
G0 F9000 X102.906 Y98.38
G1 F1500 X115.405 Y110.88 E2645.46911
G0 F9000 X115.123 Y111.163
G1 F1500 X102.623 Y98.663 E2646.05707
G0 F9000 X102.34 Y98.946
G1 F1500 X114.84 Y111.446 E2646.64503
G0 F9000 X114.557 Y111.729
G1 F1500 X102.057 Y99.229 E2647.23299
G0 F9000 X101.775 Y99.512
G1 F1500 X114.273 Y112.011 E2647.82088
G0 F9000 X113.991 Y112.294
G1 F1500 X101.492 Y99.795 E2648.4088
G0 F9000 X101.209 Y100.078
G1 F1500 X113.708 Y112.576 E2648.99669
G0 F9000 X113.425 Y112.859
G1 F1500 X100.926 Y100.36 E2649.5846
G0 F9000 X100.643 Y100.643
G1 F1500 X113.142 Y113.142 E2650.17252
G0 F9000 X112.859 Y113.425
G1 F1500 X100.36 Y100.926 E2650.76043
G0 F9000 X100.078 Y101.209
G1 F1500 X112.576 Y113.708 E2651.34832
G0 F9000 X112.294 Y113.991
G1 F1500 X99.795 Y101.492 E2651.93624
G0 F9000 X99.512 Y101.775
G1 F1500 X112.011 Y114.273 E2652.52413
G0 F9000 X111.727 Y114.556
G1 F1500 X99.229 Y102.057 E2653.11202
G0 F9000 X98.946 Y102.34
G1 F1500 X111.444 Y114.838 E2653.69989
G0 F9000 X111.161 Y115.121
G1 F1500 X98.663 Y102.623 E2654.28776
G0 F9000 X98.38 Y102.906
G1 F1500 X110.879 Y115.404 E2654.87565
G0 F9000 X110.596 Y115.687
G1 F1500 X98.098 Y103.189 E2655.46351
G0 F9000 X97.815 Y103.472
G1 F1500 X110.313 Y115.97 E2656.05138
G0 F9000 X110.03 Y116.253
G1 F1500 X97.532 Y103.754 E2656.63927
G0 F9000 X97.249 Y104.037
G1 F1500 X109.747 Y116.535 E2657.22714
G0 F9000 X109.474 Y116.827
G1 F1500 X96.966 Y104.32 E2657.81545
G0 F9000 X96.683 Y104.603
G1 F1500 X109.306 Y117.226 E2658.4092
G0 F9000 X109.31 Y117.795
G1 F1500 X96.401 Y104.886 E2659.0164
G0 F9000 X96.076 Y104.56
G0 X104.844 Y95.792
G0 X105.169 Y96.118
G1 F1500 X138.874 Y129.823 E2660.60178
G0 F9000 X139.157 Y129.541
G1 F1500 X105.452 Y95.835 E2662.18718
G0 F9000 X105.735 Y95.553
G1 F1500 X139.439 Y129.257 E2663.77252
G0 F9000 X139.722 Y128.974
G1 F1500 X106.018 Y95.27 E2665.35785
G0 F9000 X106.301 Y94.987
G1 F1500 X140.005 Y128.691 E2666.94318
G0 F9000 X140.288 Y128.408
G1 F1500 X106.584 Y94.704 E2668.52852
G0 F9000 X106.866 Y94.421
G1 F1500 X140.571 Y128.126 E2670.1139
G0 F9000 X140.854 Y127.843
G1 F1500 X107.149 Y94.139 E2671.69925
G0 F9000 X107.432 Y93.856
G1 F1500 X141.136 Y127.56 E2673.28459
G0 F9000 X141.419 Y127.277
G1 F1500 X107.715 Y93.573 E2674.86992
G0 F9000 X107.998 Y93.29
G1 F1500 X141.702 Y126.994 E2676.45525
G0 F9000 X141.985 Y126.711
G1 F1500 X108.281 Y93.007 E2678.04058
G0 F9000 X108.564 Y92.724
G1 F1500 X142.268 Y126.429 E2679.62594
G0 F9000 X142.551 Y126.146
G1 F1500 X108.846 Y92.441 E2681.21132
G0 F9000 X109.129 Y92.159
G1 F1500 X142.833 Y125.863 E2682.79665
G0 F9000 X143.116 Y125.58
G1 F1500 X109.412 Y91.876 E2684.38199
G0 F9000 X109.695 Y91.593
G1 F1500 X143.399 Y125.297 E2685.96732
G0 F9000 X143.682 Y125.014
G1 F1500 X109.978 Y91.31 E2687.55265
G0 F9000 X110.261 Y91.027
G1 F1500 X143.965 Y124.732 E2689.13801
G0 F9000 X144.248 Y124.449
G1 F1500 X110.543 Y90.744 E2690.72339
G0 F9000 X110.826 Y90.462
G1 F1500 X144.531 Y124.166 E2692.30874
G0 F9000 X144.813 Y123.883
G1 F1500 X111.109 Y90.179 E2693.89408
G0 F9000 X111.392 Y89.896
G1 F1500 X145.096 Y123.6 E2695.47941
G0 F9000 X145.379 Y123.317
G1 F1500 X111.675 Y89.613 E2697.06474
G0 F9000 X111.958 Y89.33
G1 F1500 X145.662 Y123.034 E2698.65007
G0 F9000 X145.945 Y122.752
G1 F1500 X112.24 Y89.047 E2700.23545
G0 F9000 X112.523 Y88.765
G1 F1500 X146.228 Y122.469 E2701.82081
G0 F9000 X146.51 Y122.186
G1 F1500 X112.806 Y88.482 E2703.40614
G0 F9000 X113.089 Y88.199
G1 F1500 X146.793 Y121.903 E2704.99148
G0 F9000 X147.076 Y121.62
G1 F1500 X113.372 Y87.916 E2706.57681
G0 F9000 X113.655 Y87.633
G1 F1500 X147.359 Y121.337 E2708.16214
G0 F9000 X147.642 Y121.055
G1 F1500 X113.938 Y87.35 E2709.7475
G0 F9000 X114.22 Y87.067
G1 F1500 X147.925 Y120.772 E2711.33288
G0 F9000 X148.207 Y120.489
G1 F1500 X114.503 Y86.785 E2712.91821
G0 F9000 X114.786 Y86.502
G1 F1500 X148.49 Y120.206 E2714.50354
G0 F9000 X148.773 Y119.923
G1 F1500 X115.069 Y86.219 E2716.08888
G0 F9000 X115.352 Y85.936
G1 F1500 X149.056 Y119.64 E2717.67421
G0 F9000 X149.315 Y119.334
G1 F1500 X115.659 Y85.678 E2719.25729
G0 F9000 X115.98 Y85.433
G1 F1500 X149.564 Y119.017 E2720.83697
G0 F9000 X149.76 Y118.647
G1 F1500 X116.352 Y85.24 E2722.40836
G0 F9000 X116.751 Y85.073
G1 F1500 X149.924 Y118.246 E2723.96872
G0 F9000 X149.989 Y117.745
G1 F1500 X117.25 Y85.006 E2725.50866
G0 F9000 X117.824 Y85.014
G1 F1500 X149.98 Y117.17 E2727.02118
G0 F9000 X149.786 Y116.41
G1 F1500 X118.592 Y85.217 E2728.48842
;MESH:NONMESH
G0 F300 X118.592 Y85.217 Z6
G0 F9000 X119.048 Y84.909
G0 X118.339 Y84.678
G0 X117.502 Y84.568
G0 X116.655 Y84.682
G0 X115.073 Y85.42
;TIME_ELAPSED:3332.671169
;LAYER:29
;TYPE:WALL-INNER
;MESH:quadrato.stl
G1 F1500 X85.421 Y115.073 E2729.88319
G1 X84.861 Y115.803 E2729.91379
G1 X84.525 Y116.617 E2729.94308
G1 X84.406 Y117.499 E2729.97268
G1 X84.525 Y118.378 E2730.00218
G1 X84.861 Y119.193 E2730.0315
G1 X85.421 Y119.923 E2730.0621
G1 X115.073 Y149.575 E2731.45684
G1 X115.804 Y150.136 E2731.48749
G1 X116.617 Y150.475 E2731.51679
G1 X117.499 Y150.59 E2731.54637
G1 X118.378 Y150.475 E2731.57586
G1 X119.193 Y150.136 E2731.60521
G1 X119.923 Y149.575 E2731.63584
G1 X149.58 Y119.919 E2733.03079
G1 X150.14 Y119.192 E2733.06131
G1 X150.475 Y118.383 E2733.09043
G1 X150.59 Y117.499 E2733.12008
G1 X150.475 Y116.613 E2733.1498
G1 X150.14 Y115.804 E2733.17892
G1 X149.58 Y115.077 E2733.20944
G1 X119.92 Y85.417 E2734.60456
G1 X119.192 Y84.86 E2734.63504
G1 X118.382 Y84.521 E2734.66425
G1 X117.501 Y84.406 E2734.6938
G1 X116.613 Y84.525 E2734.7236
G1 X115.807 Y84.857 E2734.75259
G1 X115.073 Y85.42 E2734.78336
G1 F2700 E2729.78336
G0 F9000 X104.42 Y96.356
G0 X117.385 Y109.655
G0 X117.323 Y109.854
G1 F2700 E2734.78336
G1 F1500 X117.543 Y109.829 E2734.79072
G1 X117.873 Y109.951 E2734.80243
G1 X125.048 Y117.13 E2735.14001
G1 X125.142 Y117.323 E2735.14715
G1 X125.167 Y117.543 E2735.15451
G1 X125.045 Y117.873 E2735.16622
G1 X117.87 Y125.048 E2735.50371
G1 X117.677 Y125.142 E2735.51085
G1 X117.456 Y125.167 E2735.51824
G1 X117.127 Y125.045 E2735.52991
G1 X109.948 Y117.87 E2735.8675
G1 X109.854 Y117.677 E2735.87464
G1 X109.829 Y117.456 E2735.88204
G1 X109.951 Y117.127 E2735.89371
G1 X117.13 Y109.948 E2736.23139
G1 X117.323 Y109.854 E2736.23853
G1 F2700 E2731.23853
G0 F9000 X117.997 Y109.934
G0 X117.5 Y109.823
G0 X109.897 Y117.04
G1 F2700 E2736.23853
G0 F9000 X110.252 Y117.392
;TYPE:WALL-OUTER
G1 F1500 X117.37 Y110.275 E2736.57331
G1 X117.544 Y110.232 E2736.57927
G1 X117.642 Y110.286 E2736.58299
G1 X124.721 Y117.37 E2736.91609
G1 X124.764 Y117.544 E2736.92205
G1 X124.71 Y117.642 E2736.92577
G1 X117.63 Y124.721 E2737.25877
G1 X117.456 Y124.764 E2737.26473
G1 X117.358 Y124.71 E2737.26845
G1 X110.254 Y117.61 E2737.60251
G1 X110.252 Y117.392 E2737.60976
G1 F2700 E2732.60976
G0 F9000 X109.897 Y117.04
G0 X109.682 Y117.268
G0 X96.595 Y104.181
G0 X85.119 Y114.809
G1 F2700 E2737.60976
G1 F1500 X84.511 Y115.601 E2737.64297
G1 X84.135 Y116.513 E2737.67578
G1 X84.002 Y117.499 E2737.70887
G1 X84.135 Y118.483 E2737.74189
G1 X84.511 Y119.395 E2737.7747
G1 X85.119 Y120.187 E2737.80791
G1 X114.809 Y149.877 E2739.20444
G1 X115.602 Y150.485 E2739.23767
G1 X116.513 Y150.865 E2739.2705
G1 X117.499 Y150.994 E2739.30358
G1 X118.483 Y150.865 E2739.33659
G1 X119.395 Y150.485 E2739.36945
G1 X120.187 Y149.877 E2739.40266
G1 X149.881 Y120.183 E2740.79937
G1 X150.489 Y119.394 E2740.8325
G1 X150.865 Y118.487 E2740.86516
G1 X150.994 Y117.499 E2740.8983
G1 X150.865 Y116.509 E2740.9315
G1 X150.489 Y115.602 E2740.96416
G1 X149.881 Y114.813 E2740.99729
G1 X120.184 Y85.115 E2742.39417
G1 X119.394 Y84.511 E2742.42724
G1 X118.487 Y84.131 E2742.45995
G1 X117.501 Y84.002 E2742.49303
G1 X116.509 Y84.135 E2742.52631
G1 X115.605 Y84.507 E2742.55883
G1 X114.809 Y85.119 E2742.59222
G1 X85.119 Y114.809 E2743.98875
G1 F2700 E2738.98875
G0 F9000 X85.171 Y115.564
G0 X96.847 Y103.929
G0 X109.867 Y116.958
G0 X109.506 Y117.218
;TYPE:SKIN
G1 F2700 E2743.98875
G1 F1500 X109.489 Y117.696 E2744.00466
G1 X109.625 Y118.052 E2744.01733
G1 X116.946 Y125.37 E2744.36162
G1 X117.288 Y125.504 E2744.37384
G1 X117.55 Y125.525 E2744.38258
G1 X117.903 Y125.437 E2744.39468
G1 X118.138 Y125.286 E2744.40397
G1 X125.334 Y118.093 E2744.74238
G1 X125.52 Y117.65 E2744.75836
G1 X125.52 Y117.373 E2744.76757
G1 X125.425 Y117.065 E2744.77829
G1 X125.286 Y116.862 E2744.78647
G1 X118.093 Y109.662 E2745.12498
G1 X117.638 Y109.474 E2745.14135
G1 X117.156 Y109.525 E2745.15747
G1 X116.874 Y109.695 E2745.16842
G1 X109.66 Y116.908 E2745.50772
G1 X109.506 Y117.218 E2745.51924
G1 F2700 E2740.51924
G0 F9000 X109.927 Y117.01
G0 X109.682 Y117.268
G0 X96.595 Y104.181
G0 X85.683 Y115.317
G1 F2700 E2745.51924
G1 F1500 X115.317 Y85.687 E2746.91304
G1 X115.985 Y85.175 E2746.94103
G1 X116.705 Y84.875 E2746.96697
G1 X117.501 Y84.77 E2746.99368
G1 X118.287 Y84.871 E2747.02003
G1 X119.01 Y85.175 E2747.04612
G1 X119.672 Y85.679 E2747.07379
G1 X149.305 Y115.317 E2748.46776
G1 X149.829 Y115.99 E2748.49612
G1 X150.121 Y116.7 E2748.52166
G1 X150.226 Y117.496 E2748.54836
G1 X150.121 Y118.292 E2748.57507
G1 X149.829 Y119.002 E2748.6006
G1 X149.305 Y119.675 E2748.62897
G1 X119.675 Y149.309 E2750.02277
G1 X119.01 Y149.821 E2750.05068
G1 X118.287 Y150.121 E2750.07672
G1 X117.497 Y150.226 E2750.10322
G1 X116.709 Y150.121 E2750.12966
G1 X115.985 Y149.821 E2750.15573
G1 X115.317 Y149.309 E2750.18372
G1 X85.683 Y119.675 E2751.57762
G1 X85.175 Y119.011 E2751.60542
G1 X84.875 Y118.283 E2751.63161
G1 X84.77 Y117.497 E2751.65799
G1 X84.875 Y116.713 E2751.6843
G1 X85.179 Y115.977 E2751.71078
G1 X85.683 Y115.317 E2751.7384
G0 F9000 X85.51 Y115.874
G1 F1500 X115.864 Y85.52 E2753.16616
G0 F9000 X115.585 Y85.154
G0 X116.838 Y84.596
G0 X116.899 Y85.051
G1 F1500 X85.052 Y116.897 E2754.66412
G0 F9000 X84.977 Y117.538
G1 F1500 X117.539 Y84.977 E2756.19571
G0 F9000 X118.04 Y85.041
G1 F1500 X85.044 Y118.037 E2757.74775
G0 F9000 X85.172 Y118.475
G1 F1500 X118.479 Y85.168 E2759.3144
G0 F9000 X118.877 Y85.336
G1 F1500 X85.336 Y118.876 E2760.89205
G0 F9000 X85.575 Y119.203
G1 F1500 X119.204 Y85.574 E2762.47385
G0 F9000 X119.526 Y85.818
G1 F1500 X85.82 Y119.524 E2764.05928
G0 F9000 X86.1 Y119.809
G1 F1500 X119.809 Y86.1 E2765.64485
G0 F9000 X120.092 Y86.383
G1 F1500 X86.383 Y120.092 E2767.23041
G0 F9000 X86.666 Y120.375
G1 F1500 X120.375 Y86.666 E2768.81598
G0 F9000 X120.658 Y86.949
G1 F1500 X86.949 Y120.658 E2770.40155
G0 F9000 X87.232 Y120.941
G1 F1500 X120.941 Y87.232 E2771.98712
G0 F9000 X121.224 Y87.514
G1 F1500 X87.514 Y121.224 E2773.57273
G0 F9000 X87.797 Y121.506
G1 F1500 X121.506 Y87.797 E2775.1583
G0 F9000 X121.789 Y88.08
G1 F1500 X88.08 Y121.789 E2776.74387
G0 F9000 X88.363 Y122.072
G1 F1500 X122.072 Y88.363 E2778.32944
G0 F9000 X122.355 Y88.646
G1 F1500 X88.646 Y122.355 E2779.91501
G0 F9000 X88.929 Y122.638
G1 F1500 X122.638 Y88.929 E2781.50057
G0 F9000 X122.921 Y89.211
G1 F1500 X89.211 Y122.921 E2783.08619
G0 F9000 X89.494 Y123.203
G1 F1500 X123.203 Y89.494 E2784.67176
G0 F9000 X123.486 Y89.777
G1 F1500 X89.777 Y123.486 E2786.25732
G0 F9000 X90.06 Y123.769
G1 F1500 X123.769 Y90.06 E2787.84289
G0 F9000 X124.052 Y90.343
G1 F1500 X90.343 Y124.052 E2789.42846
G0 F9000 X90.626 Y124.335
G1 F1500 X124.335 Y90.626 E2791.01403
G0 F9000 X124.618 Y90.908
G1 F1500 X90.908 Y124.618 E2792.59964
G0 F9000 X91.191 Y124.901
G1 F1500 X124.901 Y91.191 E2794.18526
G0 F9000 X125.183 Y91.474
G1 F1500 X91.474 Y125.183 E2795.77083
G0 F9000 X91.757 Y125.466
G1 F1500 X125.466 Y91.757 E2797.3564
G0 F9000 X125.749 Y92.04
G1 F1500 X92.04 Y125.749 E2798.94196
G0 F9000 X92.323 Y126.032
G1 F1500 X126.032 Y92.323 E2800.52753
G0 F9000 X126.315 Y92.606
G1 F1500 X92.606 Y126.315 E2802.1131
G0 F9000 X92.888 Y126.598
G1 F1500 X126.598 Y92.888 E2803.69871
G0 F9000 X126.88 Y93.171
G1 F1500 X93.171 Y126.88 E2805.28428
G0 F9000 X93.454 Y127.163
G1 F1500 X127.163 Y93.455 E2806.86983
G0 F9000 X127.445 Y93.738
G1 F1500 X93.737 Y127.446 E2808.45535
G0 F9000 X94.02 Y127.729
G1 F1500 X127.728 Y94.02 E2810.04089
G0 F9000 X128.011 Y94.303
G1 F1500 X94.303 Y128.012 E2811.62644
G0 F9000 X94.585 Y128.295
G1 F1500 X128.294 Y94.586 E2813.212
G0 F9000 X128.577 Y94.869
G1 F1500 X94.868 Y128.577 E2814.79755
G0 F9000 X95.151 Y128.86
G1 F1500 X128.86 Y95.152 E2816.38309
G0 F9000 X129.142 Y95.435
G1 F1500 X95.434 Y129.143 E2817.96861
G0 F9000 X95.717 Y129.426
G1 F1500 X129.425 Y95.718 E2819.55414
G0 F9000 X129.708 Y96
G1 F1500 X96 Y129.709 E2821.13968
G0 F9000 X96.282 Y129.992
G1 F1500 X129.991 Y96.283 E2822.72525
G0 F9000 X130.274 Y96.566
G1 F1500 X117.555 Y109.285 E2823.32351
G0 F9000 X117.998 Y109.407
G1 F1500 X130.557 Y96.849 E2823.91422
G0 F9000 X130.84 Y97.132
G1 F1500 X118.343 Y109.628 E2824.50202
G0 F9000 X118.626 Y109.911
G1 F1500 X131.122 Y97.415 E2825.08979
G0 F9000 X131.405 Y97.697
G1 F1500 X118.908 Y110.194 E2825.67762
G0 F9000 X119.191 Y110.477
G1 F1500 X131.688 Y97.98 E2826.26544
G0 F9000 X131.971 Y98.263
G1 F1500 X119.473 Y110.76 E2826.85328
G0 F9000 X119.756 Y111.043
G1 F1500 X132.254 Y98.546 E2827.44112
G0 F9000 X132.537 Y98.829
G1 F1500 X120.039 Y111.326 E2828.02897
G0 F9000 X120.321 Y111.61
G1 F1500 X132.819 Y99.112 E2828.61684
G0 F9000 X133.102 Y99.394
G1 F1500 X120.604 Y111.893 E2829.20473
G0 F9000 X120.887 Y112.175
G1 F1500 X133.385 Y99.677 E2829.79259
G0 F9000 X133.668 Y99.96
G1 F1500 X121.17 Y112.458 E2830.38046
G0 F9000 X121.452 Y112.742
G1 F1500 X133.951 Y100.243 E2830.96838
G0 F9000 X134.234 Y100.526
G1 F1500 X121.735 Y113.025 E2831.55629
G0 F9000 X122.018 Y113.307
G1 F1500 X134.516 Y100.809 E2832.14416
G0 F9000 X134.799 Y101.092
G1 F1500 X122.3 Y113.59 E2832.73205
G0 F9000 X122.583 Y113.874
G1 F1500 X135.081 Y101.375 E2833.31994
G0 F9000 X135.364 Y101.658
G1 F1500 X122.865 Y114.157 E2833.90786
G0 F9000 X123.148 Y114.44
G1 F1500 X135.647 Y101.941 E2834.49577
G0 F9000 X135.93 Y102.224
G1 F1500 X123.43 Y114.723 E2835.08371
G0 F9000 X123.713 Y115.006
G1 F1500 X136.213 Y102.506 E2835.67167
G0 F9000 X136.496 Y102.789
G1 F1500 X123.996 Y115.289 E2836.25963
G0 F9000 X124.279 Y115.572
G1 F1500 X136.778 Y103.072 E2836.84757
G0 F9000 X137.061 Y103.355
G1 F1500 X124.561 Y115.855 E2837.43553
G0 F9000 X124.844 Y116.138
G1 F1500 X137.344 Y103.638 E2838.02349
G0 F9000 X137.627 Y103.921
G1 F1500 X125.127 Y116.421 E2838.61146
G0 F9000 X125.41 Y116.704
G1 F1500 X137.91 Y104.203 E2839.19944
G0 F9000 X138.193 Y104.486
G1 F1500 X125.629 Y117.05 E2839.79041
G0 F9000 X125.719 Y117.526
G1 F1500 X138.476 Y104.769 E2840.39046
G0 F9000 X138.758 Y105.052
G1 F1500 X105.051 Y138.76 E2841.97596
G0 F9000 X105.333 Y139.043
G1 F1500 X139.041 Y105.335 E2843.56148
G0 F9000 X139.324 Y105.618
G1 F1500 X105.616 Y139.325 E2845.14698
G0 F9000 X105.899 Y139.608
G1 F1500 X139.607 Y105.901 E2846.73248
G0 F9000 X139.89 Y106.183
G1 F1500 X106.182 Y139.891 E2848.318
G0 F9000 X106.465 Y140.174
G1 F1500 X140.173 Y106.466 E2849.90352
G0 F9000 X140.455 Y106.749
G1 F1500 X106.748 Y140.457 E2851.48902
G0 F9000 X107.031 Y140.74
G1 F1500 X140.738 Y107.032 E2853.07451
G0 F9000 X141.021 Y107.315
G1 F1500 X107.313 Y141.023 E2854.66003
G0 F9000 X107.596 Y141.305
G1 F1500 X141.304 Y107.598 E2856.24553
G0 F9000 X141.587 Y107.88
G1 F1500 X107.879 Y141.588 E2857.83105
G0 F9000 X108.162 Y141.871
G1 F1500 X141.869 Y108.164 E2859.41653
G0 F9000 X142.152 Y108.447
G1 F1500 X108.445 Y142.154 E2861.002
G0 F9000 X108.728 Y142.437
G1 F1500 X142.435 Y108.73 E2862.58747
G0 F9000 X142.717 Y109.013
G1 F1500 X109.01 Y142.72 E2864.17295
G0 F9000 X109.293 Y143.002
G1 F1500 X143 Y109.295 E2865.75842
G0 F9000 X143.283 Y109.578
G1 F1500 X109.576 Y143.285 E2867.3439
G0 F9000 X109.859 Y143.568
G1 F1500 X143.566 Y109.861 E2868.92937
G0 F9000 X143.849 Y110.144
G1 F1500 X110.142 Y143.851 E2870.51484
G0 F9000 X110.425 Y144.134
G1 F1500 X144.132 Y110.427 E2872.10032
G0 F9000 X144.415 Y110.71
G1 F1500 X110.707 Y144.417 E2873.68582
G0 F9000 X110.99 Y144.7
G1 F1500 X144.697 Y110.992 E2875.27131
G0 F9000 X144.98 Y111.275
G1 F1500 X111.273 Y144.982 E2876.85679
G0 F9000 X111.556 Y145.265
G1 F1500 X145.263 Y111.558 E2878.44226
G0 F9000 X145.546 Y111.841
G1 F1500 X111.839 Y145.548 E2880.02773
G0 F9000 X112.122 Y145.831
G1 F1500 X145.829 Y112.124 E2881.61321
G0 F9000 X146.112 Y112.407
G1 F1500 X112.405 Y146.114 E2883.19868
G0 F9000 X112.687 Y146.397
G1 F1500 X146.394 Y112.689 E2884.78418
G0 F9000 X146.677 Y112.972
G1 F1500 X112.97 Y146.679 E2886.36965
G0 F9000 X113.253 Y146.962
G1 F1500 X146.96 Y113.255 E2887.95513
G0 F9000 X147.243 Y113.538
G1 F1500 X113.536 Y147.245 E2889.5406
G0 F9000 X113.819 Y147.528
G1 F1500 X147.526 Y113.821 E2891.12608
G0 F9000 X147.809 Y114.104
G1 F1500 X114.102 Y147.811 E2892.71155
G0 F9000 X114.384 Y148.094
G1 F1500 X148.091 Y114.387 E2894.29702
G0 F9000 X148.374 Y114.669
G1 F1500 X114.667 Y148.376 E2895.8825
G0 F9000 X114.95 Y148.659
G1 F1500 X148.657 Y114.952 E2897.46797
G0 F9000 X148.94 Y115.235
G1 F1500 X115.233 Y148.942 E2899.05345
G0 F9000 X115.524 Y149.217
G1 F1500 X149.214 Y115.526 E2900.63814
G0 F9000 X149.462 Y115.845
G1 F1500 X115.845 Y149.462 E2902.21938
G0 F9000 X116.185 Y149.687
G1 F1500 X149.691 Y116.181 E2903.7954
G0 F9000 X149.856 Y116.582
G1 F1500 X116.584 Y149.854 E2905.36042
G0 F9000 X117.04 Y149.963
G1 F1500 X149.964 Y117.04 E2906.90904
G0 F9000 X150.016 Y117.553
G1 F1500 X117.552 Y150.017 E2908.43604
G0 F9000 X118.205 Y149.93
G1 F1500 X149.93 Y118.205 E2909.92829
G1 F2700 E2904.92829
G0 F9000 X150.389 Y118.265
G0 X149.999 Y119.111
G0 X149.408 Y119.82
G0 X125.182 Y117.991
G0 X117.522 Y125.723
G1 F2700 E2909.92829
G1 F1500 X104.768 Y138.477 E2910.5282
G0 F9000 X104.485 Y138.194
G1 F1500 X117.054 Y125.625 E2911.11941
G0 F9000 X116.704 Y125.409
G1 F1500 X104.202 Y137.911 E2911.70746
G0 F9000 X103.919 Y137.628
G1 F1500 X116.422 Y125.126 E2912.29554
G0 F9000 X116.139 Y124.843
G1 F1500 X103.636 Y137.346 E2912.88364
G0 F9000 X103.354 Y137.063
G1 F1500 X115.856 Y124.56 E2913.47172
G0 F9000 X115.573 Y124.278
G1 F1500 X103.071 Y136.78 E2914.05978
G0 F9000 X102.788 Y136.497
G1 F1500 X115.29 Y123.995 E2914.64784
G0 F9000 X115.007 Y123.712
G1 F1500 X102.505 Y136.214 E2915.23589
G0 F9000 X102.222 Y135.931
G1 F1500 X114.725 Y123.429 E2915.82397
G0 F9000 X114.442 Y123.146
G1 F1500 X101.939 Y135.649 E2916.41207
G0 F9000 X101.656 Y135.366
G1 F1500 X114.158 Y122.864 E2917.00013
G0 F9000 X113.875 Y122.581
G1 F1500 X101.374 Y135.083 E2917.58816
G0 F9000 X101.091 Y134.8
G1 F1500 X113.592 Y122.298 E2918.17619
G0 F9000 X113.31 Y122.016
G1 F1500 X100.808 Y134.517 E2918.76423
G0 F9000 X100.525 Y134.234
G1 F1500 X113.027 Y121.733 E2919.35226
G0 F9000 X112.744 Y121.45
G1 F1500 X100.242 Y133.951 E2919.94029
G0 F9000 X99.959 Y133.669
G1 F1500 X112.461 Y121.167 E2920.52835
G0 F9000 X112.178 Y120.884
G1 F1500 X99.677 Y133.386 E2921.11638
G0 F9000 X99.394 Y133.103
G1 F1500 X111.895 Y120.602 E2921.70439
G0 F9000 X111.612 Y120.319
G1 F1500 X99.111 Y132.82 E2922.2924
G0 F9000 X98.828 Y132.537
G1 F1500 X111.329 Y120.036 E2922.8804
G0 F9000 X111.046 Y119.753
G1 F1500 X98.545 Y132.254 E2923.46841
G0 F9000 X98.262 Y131.972
G1 F1500 X110.763 Y119.471 E2924.05642
G0 F9000 X110.48 Y119.188
G1 F1500 X97.98 Y131.689 E2924.64441
G0 F9000 X97.697 Y131.406
G1 F1500 X110.198 Y118.905 E2925.23242
G0 F9000 X109.915 Y118.622
G1 F1500 X97.414 Y131.123 E2925.82042
G0 F9000 X97.131 Y130.84
G1 F1500 X109.632 Y118.339 E2926.40843
G0 F9000 X109.396 Y118.01
G1 F1500 X96.848 Y130.557 E2926.99863
G0 F9000 X96.565 Y130.275
G1 F1500 X109.296 Y117.544 E2927.59746
;TIME_ELAPSED:3589.544818
G1 F2700 E2922.59746
M140 S0
M107
G91 ;Relative positioning
G1 E-2 F2700 ;Retract a bit
G1 E-2 Z0.2 F2400 ;Retract and raise Z
G1 X5 Y5 F3000 ;Wipe out
G1 Z10 ;Raise Z more
G90 ;Absolute positioning

G1 X0 Y235.0 ;Present print
M106 S0 ;Turn-off fan
M104 S0 ;Turn-off hotend
M140 S0 ;Turn-off bed

M84 X Y E ;Disable all steppers but Z

M82 ;absolute extrusion mode
M104 S0
;End of Gcode
;SETTING_3 {"global_quality": "[general]\\nversion = 4\\nname = Standard Quality
;SETTING_3  #2\\ndefinition = creality_ender3\\n\\n[metadata]\\ntype = quality_c
;SETTING_3 hanges\\nquality_type = standard\\nsetting_version = 23\\n\\n[values]
;SETTING_3 \\nadhesion_type = brim\\n\\n", "extruder_quality": ["[general]\\nver
;SETTING_3 sion = 4\\nname = Standard Quality #2\\ndefinition = creality_ender3\
;SETTING_3 \n\\n[metadata]\\ntype = quality_changes\\nquality_type = standard\\n
;SETTING_3 setting_version = 23\\nposition = 0\\n\\n[values]\\ninfill_sparse_den
;SETTING_3 sity = 20\\nmaterial_print_temperature = 215.0\\nwall_thickness = 0.8
;SETTING_3 \\nz_seam_position = frontleft\\n\\n"]}
