;FLAVOR:Marlin
;TIME:3701
;Filament used: 2.94073m
;Layer height: 0.2
;MINX:84.712
;MINY:84.7
;MINZ:0.2
;MAXX:150.3
;MAXY:150.297
;MAXZ:6
;TARGET_MACHINE.NAME:Creality Ender-3
;Generated with Cura_SteamEngine 5.7.2
M140 S50
M105
M190 S50
M104 S215
M105
M109 S215
M82 ;absolute extrusion mode
; Ender 3 Custom Start G-code
G92 E0 ; Reset Extruder
G28 ; Home all axes
G1 Z2.0 F3000 ; Move Z Axis up little to prevent scratching of Heat Bed
G1 X0.1 Y20 Z0.3 F5000.0 ; Move to start position
G1 X0.1 Y200.0 Z0.3 F1500.0 E15 ; Draw the first line
G1 X0.4 Y200.0 Z0.3 F5000.0 ; Move to side a little
G1 X0.4 Y20 Z0.3 F1500.0 E30 ; Draw the second line
G92 E0 ; Reset Extruder
G1 Z2.0 F3000 ; Move Z Axis up little to prevent scratching of Heat Bed
G1 X5 Y20 Z0.3 F5000.0 ; Move over to prevent blob squish
G92 E0
G92 E0
G1 F2700 E-5
;LAYER_COUNT:30
;LAYER:0
M107
G0 F6000 X88.105 Y88.122 Z0.2
;TYPE:SKIRT
G1 F2700 E0
G1 F1200 X90.577 Y86.228 E0.10358
G1 X93.479 Y85.022 E0.2081
G1 X95.522 Y84.757 E0.27662
G1 X138.497 Y84.7 E1.70598
G1 X141.49 Y85.004 E1.80604
G1 X144.408 Y86.217 E1.91114
G1 X146.896 Y88.124 E2.0154
G1 X148.779 Y90.581 E2.11836
G1 X149.976 Y93.461 E2.2221
G1 X150.3 Y96.505 E2.32391
G1 X150.222 Y139.551 E3.75563
G1 X149.939 Y141.615 E3.82492
G1 X148.77 Y144.429 E3.92627
G1 X146.89 Y146.882 E4.02906
G1 X144.416 Y148.779 E4.13275
G1 X141.494 Y149.993 E4.23799
G1 X138.545 Y150.297 E4.3366
G1 X95.442 Y150.222 E5.77021
G1 X93.383 Y149.939 E5.83934
G1 X90.577 Y148.774 E5.94039
G1 X88.111 Y146.884 E6.04373
G1 X86.219 Y144.416 E6.14716
G1 X85.022 Y141.538 E6.25083
G1 X84.712 Y138.771 E6.34344
G1 X84.778 Y95.449 E7.78434
G1 X85.061 Y93.388 E7.85353
G1 X86.234 Y90.564 E7.95523
G1 X88.105 Y88.122 E8.05756
G0 F6000 X88.39 Y88.407
G1 F1200 X90.778 Y86.577 E8.15762
G1 X93.58 Y85.413 E8.25854
G1 X95.574 Y85.154 E8.32541
G1 X138.498 Y85.1 E9.75307
G1 X141.392 Y85.396 E9.84983
G1 X144.208 Y86.567 E9.95127
G1 X146.611 Y88.409 E10.05197
G1 X148.429 Y90.781 E10.15137
G1 X149.584 Y93.559 E10.25143
G1 X149.9 Y96.504 E10.34995
G1 X149.826 Y139.497 E11.7799
G1 X149.55 Y141.51 E11.84748
G1 X148.422 Y144.225 E11.94527
G1 X146.603 Y146.599 E12.04474
G1 X144.215 Y148.43 E12.14483
G1 X141.397 Y149.601 E12.24632
G1 X138.546 Y149.897 E12.34166
G1 X95.496 Y149.826 E13.77351
G1 X93.488 Y149.55 E13.84092
G1 X90.781 Y148.426 E13.93841
G1 X88.394 Y146.597 E14.03843
G1 X86.569 Y144.216 E14.13821
G1 X85.414 Y141.439 E14.23824
G1 X85.11 Y138.726 E14.32904
G1 X85.174 Y95.503 E15.76665
G1 X85.45 Y93.493 E15.83413
G1 X86.583 Y90.765 E15.93237
G1 X88.39 Y88.407 E16.03118
G0 F6000 X88.675 Y88.692
G1 F1200 X90.979 Y86.926 E16.12773
G1 X93.681 Y85.804 E16.22504
G1 X95.626 Y85.551 E16.29028
G1 X138.498 Y85.5 E17.71621
G1 X141.294 Y85.788 E17.8097
G1 X144.008 Y86.917 E17.90746
G1 X146.326 Y88.694 E18.00461
G1 X148.079 Y90.981 E18.10045
G1 X149.192 Y93.658 E18.19688
G1 X149.5 Y96.503 E18.29205
G1 X149.43 Y139.443 E19.72025
G1 X149.161 Y141.405 E19.78611
G1 X148.073 Y144.024 E19.88044
G1 X146.318 Y146.314 E19.9764
G1 X144.015 Y148.08 E20.07293
G1 X141.299 Y149.209 E20.17075
G1 X138.547 Y149.497 E20.26279
G1 X95.55 Y149.43 E21.69287
G1 X93.593 Y149.161 E21.75858
G1 X90.982 Y148.077 E21.8526
G1 X88.679 Y146.312 E21.94911
G1 X86.919 Y144.016 E22.04533
G1 X85.806 Y141.34 E22.14173
G1 X85.508 Y138.681 E22.23072
G1 X85.57 Y95.557 E23.66503
G1 X85.839 Y93.598 E23.7308
G1 X86.932 Y90.966 E23.82559
G1 X88.675 Y88.692 E23.92088
G0 F6000 X88.962 Y88.975
G1 F1200 X91.18 Y87.275 E24.01383
G1 X93.782 Y86.194 E24.10754
G1 X95.677 Y85.948 E24.1711
G1 X138.498 Y85.9 E25.59533
G1 X141.195 Y86.18 E25.68552
G1 X143.808 Y87.267 E25.77965
G1 X146.041 Y88.979 E25.87323
G1 X147.729 Y91.181 E25.96552
G1 X148.8 Y93.757 E26.0583
G1 X149.1 Y96.502 E26.15015
G1 X149.034 Y139.389 E27.57658
G1 X148.772 Y141.3 E27.64073
G1 X147.725 Y143.82 E27.73149
G1 X146.031 Y146.031 E27.82413
G1 X143.815 Y147.73 E27.91701
G1 X141.201 Y148.817 E28.01117
G1 X138.548 Y149.097 E28.0999
G1 X95.604 Y149.034 E29.52822
G1 X93.698 Y148.772 E29.59221
G1 X91.186 Y147.729 E29.68268
G1 X88.962 Y146.025 E29.77586
G1 X87.269 Y143.816 E29.86843
G1 X86.198 Y141.241 E29.96119
G1 X85.906 Y138.636 E30.04837
G1 X85.966 Y95.611 E31.47939
G1 X86.228 Y93.703 E31.54345
G1 X87.28 Y91.17 E31.63467
G1 X88.962 Y88.975 E31.72665
G0 F6000 X89.247 Y89.26
G1 F1200 X91.38 Y87.625 E31.81604
G1 X93.885 Y86.584 E31.90626
G1 X95.728 Y86.345 E31.96807
G1 X138.498 Y86.3 E33.39061
G1 X141.097 Y86.572 E33.47752
G1 X143.608 Y87.617 E33.56798
G1 X145.754 Y89.262 E33.65792
G1 X147.38 Y91.384 E33.74683
G1 X148.408 Y93.856 E33.83588
G1 X148.7 Y96.501 E33.92439
G1 X148.638 Y139.335 E35.34905
G1 X148.383 Y141.195 E35.4115
G1 X147.376 Y143.619 E35.4988
G1 X145.746 Y145.746 E35.58793
G1 X143.615 Y147.38 E35.67724
G1 X141.102 Y148.425 E35.76776
G1 X138.549 Y148.697 E35.85316
G1 X95.658 Y148.638 E37.27972
G1 X93.803 Y148.383 E37.342
G1 X91.387 Y147.38 E37.429
G1 X89.247 Y145.74 E37.51868
G1 X87.619 Y143.616 E37.60769
G1 X86.59 Y141.142 E37.6968
G1 X86.304 Y138.591 E37.78218
G1 X86.362 Y95.665 E39.20991
G1 X86.617 Y93.808 E39.27225
G1 X87.629 Y91.371 E39.36002
G1 X89.247 Y89.26 E39.44848
G0 F6000 X89.534 Y89.543
G1 F1200 X91.581 Y87.974 E39.53426
G1 X93.986 Y86.975 E39.62088
G1 X95.78 Y86.742 E39.68105
G1 X138.498 Y86.7 E41.10186
G1 X140.998 Y86.964 E41.18547
G1 X143.408 Y87.967 E41.27229
G1 X145.469 Y89.547 E41.35867
G1 X147.03 Y91.584 E41.44402
G1 X148.016 Y93.955 E41.52943
G1 X148.3 Y96.5 E41.6146
G1 X148.242 Y139.281 E43.03751
G1 X147.994 Y141.09 E43.09824
G1 X147.028 Y143.415 E43.18198
G1 X145.459 Y145.463 E43.26779
G1 X143.415 Y147.03 E43.35345
G1 X141.004 Y148.033 E43.4403
G1 X138.55 Y148.297 E43.52239
G1 X95.712 Y148.242 E44.94719
G1 X93.908 Y147.994 E45.00776
G1 X91.591 Y147.032 E45.0912
G1 X89.53 Y145.453 E45.17755
G1 X87.969 Y143.416 E45.26291
G1 X86.982 Y141.043 E45.34839
G1 X86.702 Y138.546 E45.43196
G1 X86.758 Y95.719 E46.85639
G1 X87.006 Y93.913 E46.91703
G1 X87.977 Y91.575 E47.00123
G1 X89.534 Y89.543 E47.08637
G0 F6000 X89.819 Y89.828
G1 F1200 X91.782 Y88.323 E47.16864
G1 X94.087 Y87.366 E47.25165
G1 X95.832 Y87.139 E47.31018
G1 X138.498 Y87.1 E48.72926
G1 X140.899 Y87.356 E48.80957
G1 X143.208 Y88.317 E48.89275
G1 X145.184 Y89.832 E48.97557
G1 X146.68 Y91.784 E49.05736
G1 X147.625 Y94.057 E49.13924
G1 X147.9 Y96.499 E49.22097
G1 X147.846 Y139.227 E50.64211
G1 X147.605 Y140.985 E50.70113
G1 X146.679 Y143.214 E50.78141
G1 X145.174 Y145.178 E50.86371
G1 X143.215 Y146.68 E50.94581
G1 X140.905 Y147.641 E51.02903
G1 X138.55 Y147.897 E51.10782
G1 X95.766 Y147.846 E52.53082
G1 X94.013 Y147.605 E52.58967
G1 X91.792 Y146.683 E52.66965
G1 X89.815 Y145.168 E52.7525
G1 X88.319 Y143.216 E52.83429
G1 X87.374 Y140.944 E52.91614
G1 X87.1 Y138.501 E52.9979
G1 X87.154 Y95.773 E54.41904
G1 X87.395 Y94.018 E54.47796
G1 X88.326 Y91.776 E54.5587
G1 X89.819 Y89.828 E54.64034
G0 F6000 X90.104 Y90.113
G1 F1200 X91.983 Y88.672 E54.71909
G1 X94.188 Y87.756 E54.79851
G1 X95.883 Y87.536 E54.85536
G1 X138.498 Y87.5 E56.27274
G1 X140.8 Y87.748 E56.34975
G1 X143.008 Y88.667 E56.42929
G1 X144.899 Y90.117 E56.50855
G1 X146.33 Y91.984 E56.58679
G1 X147.234 Y94.159 E56.66513
G1 X147.5 Y96.499 E56.74346
G1 X147.45 Y139.173 E58.1628
G1 X147.216 Y140.88 E58.22011
G1 X146.33 Y143.013 E58.29693
G1 X144.889 Y144.893 E58.37571
G1 X143.015 Y146.33 E58.45426
G1 X140.806 Y147.249 E58.53383
G1 X138.55 Y147.497 E58.60932
G1 X95.82 Y147.45 E60.03053
G1 X94.118 Y147.216 E60.08767
G1 X91.993 Y146.334 E60.16419
G1 X90.1 Y144.883 E60.24352
G1 X88.669 Y143.016 E60.32176
G1 X87.765 Y140.842 E60.40007
G1 X87.5 Y138.501 E60.47843
G1 X87.55 Y95.827 E61.89777
G1 X87.784 Y94.123 E61.95498
G1 X88.675 Y91.977 E62.03226
G1 X90.104 Y90.113 E62.11038
G0 F6000 X90.389 Y90.398
G1 F1200 X92.186 Y89.021 E62.18568
G1 X94.291 Y88.146 E62.2615
G1 X95.934 Y87.933 E62.31661
G1 X138.498 Y87.9 E63.73229
G1 X140.701 Y88.14 E63.806
G1 X142.808 Y89.017 E63.8819
G1 X144.612 Y90.4 E63.95751
G1 X145.981 Y92.187 E64.03238
G1 X146.843 Y94.261 E64.10708
G1 X147.1 Y96.499 E64.18201
G1 X147.054 Y139.119 E65.59956
G1 X146.827 Y140.775 E65.65515
G1 X145.982 Y142.809 E65.72841
G1 X144.602 Y144.61 E65.80387
G1 X142.815 Y145.98 E65.87876
G1 X140.707 Y146.857 E65.9547
G1 X138.55 Y147.097 E66.02689
G1 X95.874 Y147.054 E67.4463
G1 X94.223 Y146.827 E67.50173
G1 X92.194 Y145.985 E67.57479
G1 X90.385 Y144.598 E67.65061
G1 X89.019 Y142.816 E67.72529
G1 X88.156 Y140.74 E67.80006
G1 X87.9 Y138.501 E67.87502
G1 X87.946 Y95.881 E69.29257
G1 X88.173 Y94.228 E69.34806
G1 X89.023 Y92.181 E69.42178
G1 X90.389 Y90.398 E69.49649
G0 F6000 X90.674 Y90.683
G1 F1200 X92.387 Y89.37 E69.56827
G1 X94.392 Y88.537 E69.64049
G1 X95.986 Y88.33 E69.69395
G1 X138.498 Y88.3 E71.1079
G1 X140.602 Y88.532 E71.17831
G1 X142.608 Y89.367 E71.25058
G1 X144.327 Y90.685 E71.32262
G1 X145.632 Y92.388 E71.39398
G1 X146.452 Y94.362 E71.46508
G1 X146.7 Y96.499 E71.53663
G1 X146.658 Y139.065 E72.95238
G1 X146.438 Y140.67 E73.00626
G1 X145.633 Y142.608 E73.07606
G1 X144.317 Y144.325 E73.14801
G1 X142.615 Y145.63 E73.21935
G1 X140.605 Y146.466 E73.29175
G1 X138.55 Y146.697 E73.36053
G1 X95.928 Y146.658 E74.77815
G1 X94.328 Y146.438 E74.83186
G1 X92.395 Y145.636 E74.90147
G1 X90.672 Y144.315 E74.97368
G1 X89.368 Y142.613 E75.04499
G1 X88.547 Y140.638 E75.11613
G1 X88.3 Y138.501 E75.18768
G1 X88.342 Y95.935 E76.60343
G1 X88.562 Y94.333 E76.65722
G1 X89.372 Y92.382 E76.72748
G1 X90.674 Y90.683 E76.79867
G0 F6000 X90.959 Y90.968
G1 F1200 X92.588 Y89.719 E76.86695
G1 X94.493 Y88.928 E76.93555
G1 X96.038 Y88.727 E76.98737
G1 X138.498 Y88.7 E78.3996
G1 X140.503 Y88.924 E78.4667
G1 X142.408 Y89.717 E78.53533
G1 X144.042 Y90.97 E78.60382
G1 X145.283 Y92.589 E78.67166
G1 X146.061 Y94.463 E78.73915
G1 X146.3 Y96.499 E78.80733
G1 X146.262 Y139.011 E80.22129
G1 X146.049 Y140.565 E80.27346
G1 X145.285 Y142.404 E80.33969
G1 X144.03 Y144.042 E80.40833
G1 X142.415 Y145.28 E80.47601
G1 X140.503 Y146.075 E80.54488
G1 X138.55 Y146.297 E80.61025
G1 X95.982 Y146.262 E82.02607
G1 X94.433 Y146.049 E82.07808
G1 X92.596 Y145.287 E82.14422
G1 X90.957 Y144.03 E82.21292
G1 X89.717 Y142.412 E82.28072
G1 X88.938 Y140.537 E82.34825
G1 X88.7 Y138.501 E82.41643
G1 X88.738 Y95.989 E83.83039
G1 X88.951 Y94.438 E83.88246
G1 X89.721 Y92.583 E83.94926
G1 X90.959 Y90.968 E84.01694
G0 F6000 X91.246 Y91.251
G1 F1200 X92.789 Y90.068 E84.08161
G1 X94.594 Y89.318 E84.14662
G1 X96.089 Y89.124 E84.19676
G1 X138.498 Y89.1 E85.60729
G1 X140.401 Y89.315 E85.67099
G1 X142.208 Y90.067 E85.73609
G1 X143.755 Y91.253 E85.80092
G1 X144.935 Y92.793 E85.86545
G1 X145.67 Y94.564 E85.92922
G1 X145.9 Y96.499 E85.99403
G1 X145.866 Y138.957 E87.40619
G1 X145.66 Y140.46 E87.45665
G1 X144.936 Y142.203 E87.51943
G1 X143.745 Y143.757 E87.58455
G1 X142.215 Y144.93 E87.64867
G1 X140.401 Y145.684 E87.71401
G1 X138.55 Y145.897 E87.77598
G1 X96.036 Y145.866 E89.19
G1 X94.538 Y145.66 E89.24029
G1 X92.797 Y144.938 E89.30298
G1 X91.242 Y143.745 E89.36817
G1 X90.066 Y142.211 E89.43246
G1 X89.329 Y140.436 E89.49638
G1 X89.1 Y138.501 E89.56119
G1 X89.134 Y96.043 E90.97335
G1 X89.34 Y94.543 E91.0237
G1 X90.069 Y92.787 E91.08694
G1 X91.246 Y91.251 E91.1513
G0 F6000 X91.531 Y91.536
G1 F1200 X92.989 Y90.418 E91.21241
G1 X94.697 Y89.708 E91.27393
G1 X96.14 Y89.521 E91.32233
G1 X138.498 Y89.5 E92.73116
G1 X140.299 Y89.706 E92.79145
G1 X142.008 Y90.417 E92.85302
G1 X143.47 Y91.538 E92.91429
G1 X144.586 Y92.994 E92.97531
G1 X145.279 Y94.665 E93.03548
G1 X145.5 Y96.499 E93.09692
G1 X145.47 Y138.903 E94.50728
G1 X145.271 Y140.355 E94.55603
G1 X144.587 Y142.002 E94.61534
G1 X143.462 Y143.47 E94.67686
G1 X142.012 Y144.581 E94.73761
G1 X140.299 Y145.293 E94.79931
G1 X138.55 Y145.497 E94.85788
G1 X96.091 Y145.47 E96.27007
G1 X94.646 Y145.271 E96.31859
G1 X92.996 Y144.587 E96.37799
G1 X91.527 Y143.46 E96.43958
G1 X90.416 Y142.011 E96.50031
G1 X89.719 Y140.334 E96.56071
G1 X89.5 Y138.501 E96.62211
G1 X89.53 Y96.097 E98.03247
G1 X89.729 Y94.648 E98.08112
G1 X90.418 Y92.988 E98.1409
G1 X91.531 Y91.536 E98.20175
G0 F6000 X91.818 Y91.819
G1 F1200 X93.19 Y90.767 E98.25925
G1 X94.798 Y90.099 E98.31716
G1 X96.192 Y89.918 E98.36392
G1 X138.498 Y89.9 E99.77102
G1 X140.197 Y90.097 E99.82791
G1 X141.808 Y90.767 E99.88594
G1 X143.183 Y91.821 E99.94356
G1 X144.238 Y93.198 E100.00126
G1 X144.888 Y94.765 E100.05768
G1 X145.1 Y96.499 E100.11578
G1 X145.074 Y138.849 E101.52435
G1 X144.882 Y140.25 E101.57138
G1 X144.238 Y141.801 E101.62724
G1 X143.177 Y143.185 E101.68524
G1 X141.811 Y144.232 E101.74249
G1 X140.198 Y144.902 E101.80058
G1 X138.55 Y145.097 E101.85578
G1 X96.146 Y145.074 E103.26614
G1 X94.75 Y144.882 E103.31301
G1 X93.197 Y144.238 E103.36892
G1 X91.814 Y143.177 E103.4269
G1 X90.765 Y141.808 E103.48426
G1 X90.11 Y140.232 E103.54103
G1 X89.9 Y138.501 E103.59902
G1 X89.926 Y96.151 E105.00759
G1 X90.118 Y94.753 E105.05453
G1 X90.766 Y93.192 E105.11074
G1 X91.818 Y91.819 E105.16827
G0 F6000 X92.103 Y92.104
G1 F1200 X93.39 Y91.117 E105.22221
G1 X94.901 Y90.489 E105.27664
G1 X96.243 Y90.315 E105.32165
G1 X138.498 Y90.3 E106.72705
G1 X140.095 Y90.488 E106.78054
G1 X141.608 Y91.117 E106.83504
G1 X142.896 Y92.104 E106.88901
G1 X143.89 Y93.402 E106.94338
G1 X144.497 Y94.866 E106.99609
G1 X144.7 Y96.499 E107.05083
G1 X144.678 Y138.795 E108.4576
G1 X144.493 Y140.145 E108.50292
G1 X143.889 Y141.6 E108.55532
G1 X142.892 Y142.9 E108.60981
G1 X141.61 Y143.883 E108.66354
G1 X140.097 Y144.511 E108.71802
G1 X138.55 Y144.697 E108.76985
G1 X96.201 Y144.678 E110.17838
G1 X94.858 Y144.493 E110.22347
G1 X93.396 Y143.887 E110.27611
G1 X92.099 Y142.892 E110.33048
G1 X91.114 Y141.607 E110.38433
G1 X90.501 Y140.131 E110.43749
G1 X90.3 Y138.501 E110.49211
G1 X90.322 Y96.205 E111.89888
G1 X90.507 Y94.858 E111.9441
G1 X91.115 Y93.393 E111.99686
G1 X92.103 Y92.104 E112.05088
G0 F6000 X92.388 Y92.389
G1 F1200 X93.591 Y91.466 E112.10131
G1 X95.002 Y90.88 E112.15213
G1 X96.295 Y90.712 E112.19549
G1 X138.498 Y90.7 E113.59917
G1 X139.994 Y90.879 E113.64928
G1 X141.407 Y91.466 E113.70017
G1 X142.611 Y92.389 E113.75063
G1 X143.539 Y93.6 E113.80138
G1 X144.107 Y94.97 E113.8507
G1 X144.3 Y96.499 E113.90196
G1 X144.282 Y138.741 E115.30694
G1 X144.104 Y140.04 E115.35054
G1 X143.54 Y141.399 E115.39948
G1 X142.609 Y142.613 E115.45037
G1 X141.407 Y143.534 E115.50073
G1 X139.995 Y144.121 E115.55159
G1 X138.55 Y144.297 E115.60001
G1 X96.256 Y144.282 E117.00671
G1 X94.962 Y144.104 E117.05016
G1 X93.597 Y143.538 E117.09931
G1 X92.386 Y142.609 E117.15007
G1 X91.462 Y141.403 E117.2006
G1 X90.892 Y140.03 E117.25005
G1 X90.7 Y138.501 E117.3013
G1 X90.718 Y96.259 E118.70628
G1 X90.896 Y94.963 E118.74979
G1 X91.464 Y93.594 E118.79908
G1 X92.388 Y92.389 E118.84959
G0 F6000 X92.673 Y92.674
G1 F1200 X93.794 Y91.815 E118.89656
G1 X95.105 Y91.27 E118.94378
G1 X96.346 Y91.109 E118.9854
G1 X138.498 Y91.1 E120.38738
G1 X139.893 Y91.27 E120.43413
G1 X141.206 Y91.815 E120.48141
G1 X142.326 Y92.674 E120.52835
G1 X143.188 Y93.798 E120.57547
G1 X143.717 Y95.074 E120.62141
G1 X143.9 Y96.499 E120.66919
G1 X143.886 Y138.687 E122.07237
G1 X143.715 Y139.935 E122.11427
G1 X143.191 Y141.198 E122.15975
G1 X142.324 Y142.328 E122.20712
G1 X141.206 Y143.185 E122.25397
G1 X139.894 Y143.73 E122.30123
G1 X138.55 Y143.897 E122.34627
G1 X96.311 Y143.886 E123.75115
G1 X95.07 Y143.715 E123.79281
G1 X93.796 Y143.187 E123.83868
G1 X92.671 Y142.324 E123.88584
G1 X91.811 Y141.202 E123.93286
G1 X91.283 Y139.929 E123.9787
G1 X91.1 Y138.501 E124.02658
G1 X91.114 Y96.313 E125.42976
G1 X91.285 Y95.068 E125.47156
G1 X91.812 Y93.798 E125.51729
G1 X92.673 Y92.674 E125.56438
G0 F6000 X92.958 Y92.959
G1 F1200 X93.995 Y92.164 E125.60784
G1 X95.206 Y91.661 E125.65146
G1 X96.398 Y91.506 E125.69144
G1 X138.498 Y91.5 E127.09169
G1 X139.792 Y91.661 E127.13506
G1 X141.002 Y92.163 E127.17863
G1 X142.041 Y92.959 E127.22216
G1 X142.84 Y94.002 E127.26586
G1 X143.326 Y95.174 E127.30806
G1 X143.5 Y96.499 E127.35251
G1 X143.49 Y138.633 E128.75389
G1 X143.326 Y139.83 E128.79408
G1 X142.842 Y140.997 E128.8361
G1 X142.041 Y142.041 E128.87986
G1 X141.002 Y142.837 E128.9234
G1 X139.793 Y143.339 E128.96694
G1 X138.55 Y143.497 E129.00861
G1 X96.366 Y143.49 E130.41166
G1 X95.174 Y143.326 E130.45168
G1 X93.997 Y142.838 E130.49405
G1 X92.958 Y142.041 E130.53761
G1 X92.159 Y140.998 E130.58131
G1 X91.674 Y139.829 E130.6234
G1 X91.5 Y138.501 E130.66795
G1 X91.51 Y96.367 E132.06933
G1 X91.674 Y95.173 E132.10942
G1 X92.161 Y93.999 E132.15169
G1 X92.958 Y92.959 E132.19527
G0 F6000 X93.528 Y93.529
G1 F1200 X94.4 Y92.861 E132.23181
G1 X95.408 Y92.443 E132.2681
G1 X96.502 Y92.3 E132.3048
G1 X138.498 Y92.3 E133.70159
G1 X139.592 Y92.443 E133.73828
G1 X140.6 Y92.861 E133.77458
G1 X141.471 Y93.529 E133.81109
G1 X142.14 Y94.401 E133.84764
G1 X142.548 Y95.386 E133.8831
G1 X142.7 Y96.499 E133.92047
G1 X142.698 Y138.524 E135.31822
G1 X142.548 Y139.614 E135.35482
G1 X142.14 Y140.599 E135.39028
G1 X141.471 Y141.471 E135.42683
G1 X140.6 Y142.139 E135.46334
G1 X139.592 Y142.557 E135.49964
G1 X138.498 Y142.7 E135.53633
G1 X96.476 Y142.698 E136.93399
G1 X95.386 Y142.548 E136.97058
G1 X94.4 Y142.139 E137.00609
G1 X93.528 Y141.471 E137.04262
G1 X92.86 Y140.599 E137.07916
G1 X92.452 Y139.614 E137.11462
G1 X92.3 Y138.501 E137.15198
G1 X92.302 Y96.476 E138.54974
G1 X92.452 Y95.386 E138.58633
G1 X92.86 Y94.401 E138.62179
G1 X93.528 Y93.529 E138.65833
G0 F6000 X93.243 Y93.244
G1 F1200 X94.196 Y92.513 E138.69828
G1 X95.307 Y92.052 E138.73828
G1 X96.45 Y91.903 E138.77662
G1 X138.498 Y91.9 E140.17514
G1 X139.692 Y92.052 E140.21518
G1 X140.801 Y92.512 E140.25511
G1 X141.756 Y93.244 E140.29513
G1 X142.491 Y94.203 E140.33532
G1 X142.937 Y95.278 E140.37403
G1 X143.1 Y96.499 E140.415
G1 X143.094 Y138.579 E141.81458
G1 X142.937 Y139.722 E141.85296
G1 X142.491 Y140.798 E141.8917
G1 X141.756 Y141.756 E141.93186
G1 X140.801 Y142.488 E141.97188
G1 X139.693 Y142.948 E142.01178
G1 X138.55 Y143.097 E142.05012
G1 X96.421 Y143.094 E143.45134
G1 X95.282 Y142.937 E143.48958
G1 X94.196 Y142.487 E143.52868
G1 X93.243 Y141.756 E143.56862
G1 X92.51 Y140.8 E143.60869
G1 X92.063 Y139.721 E143.64754
G1 X91.9 Y138.501 E143.68847
G1 X91.906 Y96.421 E145.08806
G1 X92.063 Y95.278 E145.12643
G1 X92.51 Y94.2 E145.16525
G1 X93.243 Y93.244 E145.20532
;MESH:triangolo_spesso.stl
G0 F6000 X93.97 Y93.971
G0 X94.1 Y94.1
;TYPE:WALL-INNER
G1 F1200 X93.556 Y94.804 E145.23491
G1 X93.221 Y95.613 E145.26403
G1 X93.1 Y96.543 E145.29522
G1 X93.1 Y138.457 E146.68929
G1 X93.221 Y139.383 E146.72035
G1 X93.556 Y140.192 E146.74947
G1 X94.1 Y140.896 E146.77906
G1 X94.804 Y141.44 E146.80865
G1 X95.614 Y141.775 E146.83781
G1 X96.544 Y141.9 E146.86902
G1 X138.456 Y141.9 E148.26302
G1 X139.383 Y141.775 E148.29413
G1 X140.188 Y141.443 E148.32309
G1 X140.896 Y140.896 E148.35285
G1 X141.443 Y140.188 E148.38261
G1 X141.775 Y139.383 E148.41157
G1 X141.9 Y138.456 E148.44268
G1 X141.9 Y96.544 E149.83668
G1 X141.775 Y95.613 E149.86792
G1 X141.443 Y94.808 E149.89688
G1 X140.896 Y94.101 E149.92661
G1 X140.188 Y93.556 E149.95633
G1 X139.383 Y93.221 E149.98533
G1 X138.457 Y93.1 E150.01639
G1 X96.543 Y93.1 E151.41046
G1 X95.613 Y93.221 E151.44165
G1 X94.804 Y93.556 E151.47077
G1 X94.1 Y94.1 E151.50036
G1 F2700 E146.50036
G0 F6000 X94.157 Y94.191
G0 X94.885 Y93.697
G0 X95.7 Y93.398
G0 X95.474 Y91.965
G0 X96.27 Y91.861
G0 X116.595 Y91.835
G0 X116.773 Y107.09
G1 F2700 E151.50036
G1 F1200 X116.962 Y106.954 E151.50811
G1 X117.146 Y106.903 E151.51446
G1 X117.678 Y106.903 E151.53215
G1 X117.968 Y107.016 E151.54251
G1 X118.118 Y107.176 E151.5498
G1 X118.211 Y107.46 E151.55974
G1 X118.208 Y127.578 E152.22887
G1 X118.143 Y127.781 E152.23596
G1 X117.918 Y128.017 E152.2468
G1 X117.678 Y128.097 E152.25522
G1 X117.146 Y128.097 E152.27291
G1 X116.962 Y128.046 E152.27926
G1 X116.708 Y127.827 E152.29042
G1 X116.613 Y127.541 E152.30044
G1 X116.617 Y107.418 E152.96973
G1 X116.662 Y107.258 E152.97526
G1 X116.773 Y107.09 E152.98196
G0 F6000 X117.127 Y107.301
;TYPE:WALL-OUTER
G1 F1200 X117.661 Y107.3 E152.99972
G1 X117.76 Y107.364 E153.00364
G1 X117.811 Y107.473 E153.00764
G1 X117.806 Y127.552 E153.67547
G1 X117.731 Y127.662 E153.6799
G1 X117.634 Y127.699 E153.68335
G1 X117.128 Y127.7 E153.70018
G1 X117.013 Y127.528 E153.70707
G1 X117.013 Y107.472 E154.37413
G1 X117.127 Y107.301 E154.38097
G1 F2700 E149.38097
G0 F6000 X116.513 Y107.537
G0 X116.497 Y107.184
G0 X116.497 Y91.835
G0 X96.457 Y91.836
G0 X95.474 Y91.965
G0 X93.815 Y93.815
G1 F2700 E154.38097
G1 F1200 X93.207 Y94.602 E154.41404
G1 X92.831 Y95.509 E154.4467
G1 X92.7 Y96.517 E154.48051
G1 X92.7 Y138.483 E155.8763
G1 X92.831 Y139.487 E155.90998
G1 X93.207 Y140.394 E155.94264
G1 X93.815 Y141.181 E155.97571
G1 X94.602 Y141.789 E156.00879
G1 X95.509 Y142.165 E156.04145
G1 X96.518 Y142.3 E156.0753
G1 X138.482 Y142.3 E157.47103
G1 X139.487 Y142.165 E157.50476
G1 X140.39 Y141.793 E157.53724
G1 X141.181 Y141.181 E157.57051
G1 X141.793 Y140.39 E157.60377
G1 X142.165 Y139.487 E157.63625
G1 X142.3 Y138.482 E157.66998
G1 X142.3 Y96.518 E159.06571
G1 X142.165 Y95.509 E159.09957
G1 X141.793 Y94.606 E159.13205
G1 X141.181 Y93.815 E159.16531
G1 X140.39 Y93.207 E159.1985
G1 X139.487 Y92.831 E159.23103
G1 X138.483 Y92.7 E159.26471
G1 X96.517 Y92.7 E160.6605
G1 X95.509 Y92.831 E160.69431
G1 X94.602 Y93.207 E160.72696
G1 X93.815 Y93.815 E160.76004
G1 F2700 E155.76004
G0 F6000 X94.157 Y94.191
G0 X94.885 Y93.697
G0 X95.7 Y93.398
G0 X95.474 Y91.965
G0 X96.27 Y91.861
G0 X116.595 Y91.835
G0 X116.479 Y106.882
;TYPE:SKIN
G1 F2700 E160.76004
G1 F1200 X116.336 Y107.102 E160.76877
G1 X116.253 Y107.419 E160.77967
G1 X116.253 Y127.577 E161.45013
G1 X116.398 Y128.022 E161.46569
G1 X116.722 Y128.331 E161.48058
G1 X117.085 Y128.452 E161.49331
G1 X117.719 Y128.455 E161.5144
G1 X118.121 Y128.345 E161.52826
G1 X118.43 Y128.01 E161.54342
G1 X118.566 Y127.579 E161.55845
G1 X118.567 Y107.424 E162.22881
G1 X118.425 Y106.984 E162.24419
G1 X118.121 Y106.655 E162.25908
G1 X117.719 Y106.545 E162.27295
G1 X117.085 Y106.548 E162.29403
G1 X116.723 Y106.667 E162.30671
G1 X116.479 Y106.882 E162.31752
G1 F2700 E157.31752
G0 F6000 X116.513 Y107.537
G0 X116.497 Y107.184
G0 X116.497 Y91.835
G0 X96.457 Y91.836
G0 X95.474 Y91.965
G0 X94.355 Y94.355
G1 F2700 E162.31752
G1 F1200 X94.99 Y93.867 E162.34416
G1 X95.701 Y93.571 E162.36978
G1 X96.569 Y93.46 E162.39888
G1 X138.427 Y93.46 E163.79108
G1 X139.291 Y93.571 E163.82006
G1 X140.002 Y93.867 E163.84567
G1 X140.633 Y94.351 E163.87212
G1 X141.125 Y94.989 E163.89892
G1 X141.421 Y95.705 E163.92469
G1 X141.54 Y96.574 E163.95386
G1 X141.539 Y138.418 E165.3456
G1 X141.421 Y139.287 E165.37477
G1 X141.125 Y140.006 E165.40063
G1 X140.637 Y140.637 E165.42716
G1 X140.006 Y141.125 E165.45369
G1 X139.287 Y141.421 E165.47955
G1 X138.422 Y141.539 E165.50859
G1 X96.574 Y141.54 E166.90046
G1 X95.705 Y141.421 E166.92963
G1 X94.986 Y141.125 E166.95549
G1 X94.355 Y140.637 E166.98202
G1 X93.867 Y140.002 E167.00866
G1 X93.571 Y139.291 E167.03427
G1 X93.461 Y138.427 E167.06324
G1 X93.46 Y96.569 E168.45545
G1 X93.571 Y95.701 E168.48455
G1 X93.867 Y94.99 E168.51017
G1 X94.355 Y94.355 E168.5368
G1 F2700 E163.5368
G0 F6000 X94.199 Y94.151
G0 X94.885 Y93.697
G0 X95.655 Y93.378
G0 X96.554 Y93.261
G0 X138.446 Y93.261
G0 X139.341 Y93.378
G0 X140.107 Y93.697
G0 X140.654 Y94.116
G0 X141.285 Y94.766
G0 X140.978 Y95.157
G1 F2700 E168.5368
G1 F1200 X139.836 Y94.016 E168.5905
G0 F6000 X138.989 Y93.734
G1 F1200 X141.26 Y96.005 E168.69732
G0 F6000 X141.34 Y96.651
G1 F1200 X138.349 Y93.66 E168.838
G0 F6000 X137.783 Y93.66
G1 F1200 X141.34 Y97.217 E169.00531
G0 F6000 X141.34 Y97.782
G1 F1200 X137.218 Y93.66 E169.1992
G0 F6000 X136.652 Y93.66
G1 F1200 X141.34 Y98.348 E169.41971
G0 F6000 X141.34 Y98.914
G1 F1200 X136.086 Y93.66 E169.66684
G0 F6000 X135.521 Y93.66
G1 F1200 X141.34 Y99.479 E169.94055
G0 F6000 X141.34 Y100.045
G1 F1200 X134.955 Y93.66 E170.24088
G0 F6000 X134.389 Y93.66
G1 F1200 X141.34 Y100.611 E170.56783
G0 F6000 X141.34 Y101.176
G1 F1200 X133.823 Y93.66 E170.92139
G0 F6000 X133.258 Y93.66
G1 F1200 X141.34 Y101.742 E171.30154
G0 F6000 X141.34 Y102.308
G1 F1200 X132.692 Y93.66 E171.70832
G0 F6000 X132.126 Y93.66
G1 F1200 X141.34 Y102.873 E172.14169
G0 F6000 X141.34 Y103.439
G1 F1200 X131.561 Y93.66 E172.60166
G0 F6000 X130.995 Y93.66
G1 F1200 X141.34 Y104.005 E173.08826
G0 F6000 X141.34 Y104.57
G1 F1200 X130.429 Y93.66 E173.60146
G0 F6000 X129.864 Y93.66
G1 F1200 X141.34 Y105.136 E174.14125
G0 F6000 X141.34 Y105.702
G1 F1200 X129.298 Y93.66 E174.70767
G0 F6000 X128.732 Y93.66
G1 F1200 X141.34 Y106.268 E175.30071
G0 F6000 X141.34 Y106.833
G1 F1200 X128.167 Y93.66 E175.92033
G0 F6000 X127.601 Y93.66
G1 F1200 X141.34 Y107.399 E176.56657
G0 F6000 X141.34 Y107.965
G1 F1200 X127.035 Y93.66 E177.23944
G0 F6000 X126.47 Y93.66
G1 F1200 X141.34 Y108.53 E177.93887
G0 F6000 X141.34 Y109.096
G1 F1200 X125.904 Y93.66 E178.66494
G0 F6000 X125.338 Y93.66
G1 F1200 X141.34 Y109.662 E179.41762
G0 F6000 X141.34 Y110.227
G1 F1200 X124.773 Y93.66 E180.19688
G0 F6000 X124.207 Y93.66
G1 F1200 X141.34 Y110.793 E181.00277
G0 F6000 X141.34 Y111.359
G1 F1200 X123.641 Y93.66 E181.83527
G0 F6000 X123.075 Y93.66
G1 F1200 X141.34 Y111.924 E182.69438
G0 F6000 X141.34 Y112.49
G1 F1200 X122.51 Y93.66 E183.58008
G0 F6000 X121.944 Y93.66
G1 F1200 X141.34 Y113.056 E184.49241
G0 F6000 X141.34 Y113.621
G1 F1200 X121.378 Y93.66 E185.43134
G0 F6000 X120.813 Y93.66
G1 F1200 X141.34 Y114.187 E186.39687
G0 F6000 X141.34 Y114.753
G1 F1200 X120.247 Y93.66 E187.38902
G0 F6000 X119.681 Y93.66
G1 F1200 X141.34 Y115.319 E188.40779
G0 F6000 X141.34 Y115.884
G1 F1200 X119.116 Y93.66 E189.45314
G0 F6000 X118.55 Y93.66
G1 F1200 X141.34 Y116.45 E190.52511
G0 F6000 X141.34 Y117.016
G1 F1200 X117.984 Y93.66 E191.62371
G0 F6000 X117.419 Y93.66
G1 F1200 X141.34 Y117.581 E192.74888
G0 F6000 X141.34 Y118.147
G1 F1200 X116.853 Y93.66 E193.90067
G0 F6000 X116.287 Y93.66
G1 F1200 X141.34 Y118.713 E195.07909
G0 F6000 X141.34 Y119.278
G1 F1200 X115.722 Y93.66 E196.28408
G0 F6000 X115.156 Y93.66
G1 F1200 X141.34 Y119.844 E197.51569
G0 F6000 X141.34 Y120.41
G1 F1200 X114.59 Y93.66 E198.77393
G0 F6000 X114.025 Y93.66
G1 F1200 X141.34 Y120.975 E200.05875
G0 F6000 X141.34 Y121.541
G1 F1200 X113.459 Y93.66 E201.37018
G0 F6000 X112.893 Y93.66
G1 F1200 X141.34 Y122.107 E202.70824
G0 F6000 X141.34 Y122.672
G1 F1200 X112.327 Y93.66 E204.0729
G0 F6000 X111.762 Y93.66
G1 F1200 X141.34 Y123.238 E205.46416
G0 F6000 X141.34 Y123.804
G1 F1200 X111.196 Y93.66 E206.88204
G0 F6000 X110.63 Y93.66
G1 F1200 X141.34 Y124.369 E208.32652
G0 F6000 X141.34 Y124.935
G1 F1200 X110.065 Y93.66 E209.7976
G0 F6000 X109.499 Y93.66
G1 F1200 X141.34 Y125.501 E211.2953
G0 F6000 X141.34 Y126.067
G1 F1200 X108.933 Y93.66 E212.81963
G0 F6000 X108.368 Y93.66
G1 F1200 X141.34 Y126.632 E214.37053
G0 F6000 X141.34 Y127.198
G1 F1200 X107.802 Y93.66 E215.94806
G0 F6000 X107.236 Y93.66
G1 F1200 X141.34 Y127.764 E217.5522
G0 F6000 X141.34 Y128.329
G1 F1200 X106.671 Y93.66 E219.18293
G0 F6000 X106.105 Y93.66
G1 F1200 X141.34 Y128.895 E220.84027
G0 F6000 X141.34 Y129.461
G1 F1200 X105.539 Y93.66 E222.52424
G0 F6000 X104.974 Y93.66
G1 F1200 X117.66 Y106.347 E223.12098
G0 F6000 X117.094 Y106.346
G1 F1200 X104.408 Y93.66 E223.71769
G0 F6000 X103.842 Y93.66
G1 F1200 X116.66 Y106.478 E224.32061
G0 F6000 X116.347 Y106.73
G1 F1200 X103.276 Y93.66 E224.9354
G0 F6000 X102.711 Y93.66
G1 F1200 X116.131 Y107.08 E225.56664
G0 F6000 X116.052 Y107.567
G1 F1200 X102.145 Y93.66 E226.22078
G0 F6000 X101.579 Y93.66
G1 F1200 X116.052 Y108.133 E226.90155
G0 F6000 X116.052 Y108.699
G1 F1200 X101.014 Y93.66 E227.60891
G0 F6000 X100.448 Y93.66
G1 F1200 X116.052 Y109.264 E228.34288
G0 F6000 X116.052 Y109.83
G1 F1200 X99.882 Y93.66 E229.10346
G0 F6000 X99.317 Y93.66
G1 F1200 X116.052 Y110.396 E229.89065
G0 F6000 X116.052 Y110.961
G1 F1200 X98.751 Y93.66 E230.70444
G0 F6000 X98.185 Y93.66
G1 F1200 X116.052 Y111.527 E231.54485
G0 F6000 X116.052 Y112.093
G1 F1200 X97.62 Y93.66 E232.41185
G0 F6000 X97.054 Y93.66
G1 F1200 X116.052 Y112.658 E233.30546
G0 F6000 X116.052 Y113.224
G1 F1200 X96.499 Y93.67 E234.2252
G0 F6000 X95.998 Y93.735
G1 F1200 X116.052 Y113.79 E235.1685
G0 F6000 X116.052 Y114.355
G1 F1200 X95.549 Y93.851 E236.13292
G0 F6000 X95.149 Y94.018
G1 F1200 X116.052 Y114.921 E237.11614
G0 F6000 X116.052 Y115.487
G1 F1200 X94.818 Y94.252 E238.11494
G0 F6000 X94.498 Y94.498
G1 F1200 X116.052 Y116.052 E239.12878
G0 F6000 X116.052 Y116.618
G1 F1200 X94.252 Y94.817 E240.1542
G0 F6000 X94.017 Y95.148
G1 F1200 X116.052 Y117.184 E241.19069
G0 F6000 X116.052 Y117.75
G1 F1200 X93.851 Y95.548 E242.23498
G0 F6000 X93.734 Y95.997
G1 F1200 X116.052 Y118.315 E243.28475
G0 F6000 X116.052 Y118.881
G1 F1200 X93.67 Y96.498 E244.33755
G0 F6000 X93.66 Y97.054
G1 F1200 X116.052 Y119.447 E245.39083
G0 F6000 X116.052 Y120.012
G1 F1200 X93.66 Y97.62 E246.44408
G0 F6000 X93.66 Y98.185
G1 F1200 X116.052 Y120.578 E247.49735
G0 F6000 X116.052 Y121.144
G1 F1200 X93.66 Y98.751 E248.55063
G0 F6000 X93.66 Y99.317
G1 F1200 X116.052 Y121.709 E249.60388
G0 F6000 X116.052 Y122.275
G1 F1200 X93.66 Y99.882 E250.65715
G0 F6000 X93.66 Y100.448
G1 F1200 X116.052 Y122.841 E251.71043
G0 F6000 X116.052 Y123.406
G1 F1200 X93.66 Y101.014 E252.76368
G0 F6000 X93.66 Y101.579
G1 F1200 X116.052 Y123.972 E253.81695
G0 F6000 X116.052 Y124.538
G1 F1200 X93.66 Y102.145 E254.87023
G0 F6000 X93.66 Y102.711
G1 F1200 X116.052 Y125.103 E255.92348
G0 F6000 X116.052 Y125.669
G1 F1200 X93.66 Y103.276 E256.97675
G0 F6000 X93.66 Y103.842
G1 F1200 X116.052 Y126.235 E258.03003
G0 F6000 X116.052 Y126.801
G1 F1200 X93.66 Y104.408 E259.0833
G0 F6000 X93.66 Y104.974
G1 F1200 X116.052 Y127.366 E260.13655
G0 F6000 X116.215 Y128.095
G1 F1200 X93.66 Y105.539 E261.19749
G0 F6000 X93.66 Y106.105
G1 F1200 X128.894 Y141.339 E262.85479
G0 F6000 X128.329 Y141.339
G1 F1200 X93.66 Y106.671 E264.48549
G0 F6000 X93.66 Y107.236
G1 F1200 X127.763 Y141.339 E266.08959
G0 F6000 X127.197 Y141.339
G1 F1200 X93.66 Y107.802 E267.66707
G0 F6000 X93.66 Y108.368
G1 F1200 X126.632 Y141.339 E269.21795
G0 F6000 X126.066 Y141.339
G1 F1200 X93.66 Y108.933 E270.74223
G0 F6000 X93.66 Y109.499
G1 F1200 X125.5 Y141.339 E272.23988
G0 F6000 X124.934 Y141.339
G1 F1200 X93.66 Y110.065 E273.71092
G0 F6000 X93.66 Y110.63
G1 F1200 X124.369 Y141.339 E275.15537
G0 F6000 X123.803 Y141.339
G1 F1200 X93.66 Y111.196 E276.57321
G0 F6000 X93.66 Y111.762
G1 F1200 X123.237 Y141.339 E277.96442
G0 F6000 X122.672 Y141.339
G1 F1200 X93.66 Y112.327 E279.32906
G0 F6000 X93.66 Y112.893
G1 F1200 X122.106 Y141.339 E280.66707
G0 F6000 X121.54 Y141.339
G1 F1200 X93.66 Y113.459 E281.97846
G0 F6000 X93.66 Y114.025
G1 F1200 X120.975 Y141.339 E283.26325
G0 F6000 X120.409 Y141.339
G1 F1200 X93.66 Y114.59 E284.52144
G0 F6000 X93.66 Y115.156
G1 F1200 X119.843 Y141.339 E285.75301
G0 F6000 X119.278 Y141.339
G1 F1200 X93.66 Y115.722 E286.95798
G0 F6000 X93.66 Y116.287
G1 F1200 X118.712 Y141.339 E288.13635
G0 F6000 X118.146 Y141.339
G1 F1200 X93.66 Y116.853 E289.28809
G0 F6000 X93.66 Y117.419
G1 F1200 X117.581 Y141.339 E290.41324
G0 F6000 X117.015 Y141.339
G1 F1200 X93.661 Y117.985 E291.51174
G0 F6000 X93.661 Y118.551
G1 F1200 X116.449 Y141.339 E292.58362
G0 F6000 X115.883 Y141.339
G1 F1200 X93.661 Y119.116 E293.62889
G0 F6000 X93.661 Y119.682
G1 F1200 X115.318 Y141.339 E294.64757
G0 F6000 X114.752 Y141.339
G1 F1200 X93.661 Y120.248 E295.63963
G0 F6000 X93.661 Y120.813
G1 F1200 X114.186 Y141.339 E296.60509
G0 F6000 X113.621 Y141.339
G1 F1200 X93.661 Y121.379 E297.54394
G0 F6000 X93.661 Y121.945
G1 F1200 X113.055 Y141.339 E298.45618
G0 F6000 X112.489 Y141.339
G1 F1200 X93.661 Y122.51 E299.34181
G0 F6000 X93.661 Y123.076
G1 F1200 X111.924 Y141.339 E300.20085
G0 F6000 X111.358 Y141.339
G1 F1200 X93.661 Y123.642 E301.03326
G0 F6000 X93.661 Y124.208
G1 F1200 X110.792 Y141.339 E301.83905
G0 F6000 X110.227 Y141.339
G1 F1200 X93.661 Y124.773 E302.61826
G0 F6000 X93.661 Y125.339
G1 F1200 X109.661 Y141.339 E303.37086
G0 F6000 X109.095 Y141.339
G1 F1200 X93.661 Y125.905 E304.09682
G0 F6000 X93.661 Y126.47
G1 F1200 X108.53 Y141.339 E304.79622
G0 F6000 X107.964 Y141.339
G1 F1200 X93.661 Y127.036 E305.46898
G0 F6000 X93.661 Y127.602
G1 F1200 X107.398 Y141.339 E306.11513
G0 F6000 X106.833 Y141.339
G1 F1200 X93.661 Y128.167 E306.7347
G0 F6000 X93.661 Y128.733
G1 F1200 X106.267 Y141.339 E307.32765
G0 F6000 X105.701 Y141.339
G1 F1200 X93.661 Y129.299 E307.89397
G0 F6000 X93.661 Y129.864
G1 F1200 X105.135 Y141.339 E308.4337
G0 F6000 X104.57 Y141.339
G1 F1200 X93.661 Y130.43 E308.94683
G0 F6000 X93.661 Y130.996
G1 F1200 X104.004 Y141.339 E309.43333
G0 F6000 X103.438 Y141.339
G1 F1200 X93.661 Y131.561 E309.89323
G0 F6000 X93.661 Y132.127
G1 F1200 X102.873 Y141.339 E310.32654
G0 F6000 X102.307 Y141.339
G1 F1200 X93.661 Y132.693 E310.73322
G0 F6000 X93.661 Y133.259
G1 F1200 X101.741 Y141.339 E311.11328
G0 F6000 X101.176 Y141.339
G1 F1200 X93.661 Y133.824 E311.46676
G0 F6000 X93.661 Y134.39
G1 F1200 X100.61 Y141.339 E311.79362
G0 F6000 X100.044 Y141.339
G1 F1200 X93.661 Y134.956 E312.09385
G0 F6000 X93.661 Y135.521
G1 F1200 X99.479 Y141.339 E312.36752
G0 F6000 X98.913 Y141.339
G1 F1200 X93.661 Y136.087 E312.61455
G0 F6000 X93.661 Y136.653
G1 F1200 X98.347 Y141.339 E312.83497
G0 F6000 X97.782 Y141.339
G1 F1200 X93.661 Y137.218 E313.02881
G0 F6000 X93.661 Y137.784
G1 F1200 X97.216 Y141.339 E313.19602
G0 F6000 X96.65 Y141.339
G1 F1200 X93.661 Y138.35 E313.33662
G0 F6000 X93.734 Y138.989
G1 F1200 X96.005 Y141.259 E313.44342
G0 F6000 X95.158 Y140.979
G1 F1200 X94.015 Y139.835 E313.4972
G1 F2700 E308.4972
G0 F6000 X93.59 Y140.01
G0 X94.215 Y140.781
G0 X94.934 Y141.293
G0 X94.345 Y142.619
G0 X95.292 Y143.011
G0 X96.235 Y143.135
G0 X116.556 Y143.165
G0 X116.63 Y128.51
G1 F2700 E313.4972
G1 F1200 X129.46 Y141.339 E314.10066
G0 F6000 X130.026 Y141.339
G1 F1200 X117.34 Y128.654 E314.69735
G0 F6000 X117.872 Y128.62
G1 F1200 X130.591 Y141.339 E315.29561
G0 F6000 X131.157 Y141.339
G1 F1200 X118.281 Y128.464 E315.90124
G0 F6000 X118.554 Y128.171
G1 F1200 X131.723 Y141.339 E316.52064
G0 F6000 X132.288 Y141.339
G1 F1200 X118.717 Y127.768 E317.15898
G0 F6000 X118.768 Y127.253
G1 F1200 X132.854 Y141.339 E317.82154
G0 F6000 X133.42 Y141.339
G1 F1200 X118.768 Y126.687 E318.51073
G0 F6000 X118.768 Y126.122
G1 F1200 X133.985 Y141.339 E319.22649
G0 F6000 X134.551 Y141.339
G1 F1200 X118.768 Y125.556 E319.96887
G0 F6000 X118.768 Y124.99
G1 F1200 X135.117 Y141.339 E320.73788
G0 F6000 X135.682 Y141.339
G1 F1200 X118.767 Y124.424 E321.53351
G0 F6000 X118.767 Y123.858
G1 F1200 X136.248 Y141.339 E322.35576
G0 F6000 X136.814 Y141.339
G1 F1200 X118.767 Y123.293 E323.20461
G0 F6000 X118.767 Y122.727
G1 F1200 X137.38 Y141.339 E324.08009
G0 F6000 X137.945 Y141.339
G1 F1200 X118.767 Y122.161 E324.98216
G0 F6000 X118.766 Y121.595
G1 F1200 X138.498 Y141.327 E325.9103
G0 F6000 X138.996 Y141.259
G1 F1200 X118.766 Y121.029 E326.86185
G0 F6000 X118.766 Y120.463
G1 F1200 X139.443 Y141.14 E327.83444
G0 F6000 X139.843 Y140.974
G1 F1200 X118.766 Y119.898 E328.82581
G0 F6000 X118.766 Y119.332
G1 F1200 X140.175 Y140.74 E329.8328
G0 F6000 X140.494 Y140.494
G1 F1200 X118.766 Y118.766 E330.85482
G0 F6000 X118.766 Y118.2
G1 F1200 X140.741 Y140.175 E331.88845
G0 F6000 X140.975 Y139.844
G1 F1200 X118.766 Y117.634 E332.93312
G0 F6000 X118.766 Y117.069
G1 F1200 X141.141 Y139.444 E333.98557
G0 F6000 X141.259 Y138.997
G1 F1200 X118.766 Y116.503 E335.0436
G0 F6000 X118.765 Y115.937
G1 F1200 X141.327 Y138.499 E336.10485
G0 F6000 X141.34 Y137.946
G1 F1200 X118.765 Y115.371 E337.1667
G0 F6000 X118.765 Y114.805
G1 F1200 X141.34 Y137.38 E338.22856
G0 F6000 X141.34 Y136.815
G1 F1200 X118.765 Y114.239 E339.29045
G0 F6000 X118.765 Y113.674
G1 F1200 X141.34 Y136.249 E340.3523
G0 F6000 X141.34 Y135.683
G1 F1200 X118.764 Y113.107 E341.41421
G0 F6000 X118.764 Y112.542
G1 F1200 X141.34 Y135.117 E342.47609
G0 F6000 X141.34 Y134.552
G1 F1200 X118.764 Y111.976 E343.538
G0 F6000 X118.764 Y111.41
G1 F1200 X141.34 Y133.986 E344.5999
G0 F6000 X141.34 Y133.42
G1 F1200 X118.764 Y110.845 E345.66179
G0 F6000 X118.764 Y110.279
G1 F1200 X141.34 Y132.855 E346.72369
G0 F6000 X141.34 Y132.289
G1 F1200 X118.764 Y109.713 E347.7856
G0 F6000 X118.764 Y109.147
G1 F1200 X141.34 Y131.723 E348.8475
G0 F6000 X141.34 Y131.158
G1 F1200 X118.764 Y108.581 E349.90943
G0 F6000 X118.764 Y108.016
G1 F1200 X141.34 Y130.592 E350.97134
G0 F6000 X141.34 Y130.026
G1 F1200 X118.764 Y107.45 E352.03324
G1 F2700 E347.03324
;MESH:NONMESH
G0 F300 X118.764 Y107.45 Z0.4
G0 F6000 X118.311 Y107.45
G0 X118.043 Y107.072
G0 X116.913 Y107.072
G0 X116.497 Y107.184
G0 X116.497 Y91.835
G0 X96.457 Y91.836
G0 X95.474 Y91.965
G0 X94.1 Y94.1
;TIME_ELAPSED:557.937732
;LAYER:1
M106 S85
;TYPE:WALL-INNER
;MESH:triangolo_spesso.stl
G1 F2700 E352.03324
G1 F1350 X93.556 Y94.804 E352.06284
G1 X93.221 Y95.613 E352.09196
G1 X93.1 Y96.543 E352.12315
G1 X93.1 Y138.457 E353.51722
G1 X93.221 Y139.383 E353.54828
G1 X93.556 Y140.192 E353.5774
G1 X94.1 Y140.896 E353.60699
G1 X94.804 Y141.44 E353.63658
G1 X95.614 Y141.775 E353.66574
G1 X96.544 Y141.9 E353.69695
G1 X138.456 Y141.9 E355.09095
G1 X139.383 Y141.775 E355.12206
G1 X140.188 Y141.443 E355.15102
G1 X140.896 Y140.896 E355.18078
G1 X141.443 Y140.188 E355.21053
G1 X141.775 Y139.383 E355.2395
G1 X141.9 Y138.456 E355.27061
G1 X141.9 Y96.544 E356.66461
G1 X141.775 Y95.613 E356.69585
G1 X141.443 Y94.808 E356.72481
G1 X140.896 Y94.101 E356.75454
G1 X140.188 Y93.556 E356.78426
G1 X139.383 Y93.221 E356.81326
G1 X138.457 Y93.1 E356.84432
G1 X96.543 Y93.1 E358.23839
G1 X95.613 Y93.221 E358.26958
G1 X94.804 Y93.556 E358.2987
G1 X94.1 Y94.1 E358.32829
G1 F2700 E353.32829
G0 F7500 X94.157 Y94.191
G0 X93.697 Y94.885
G0 X93.398 Y95.7
G0 X91.964 Y95.475
G0 X91.86 Y96.271
G0 X91.835 Y121.498
G0 X108.143 Y121.895
G1 F2700 E358.32829
G1 F1350 X108.299 Y121.721 E358.33607
G1 X125.729 Y111.657 E359.00549
G1 X125.943 Y111.608 E359.01279
G1 X126.135 Y111.629 E359.01921
G1 X126.339 Y111.729 E359.02677
G1 X126.472 Y111.869 E359.03319
G1 X126.721 Y112.311 E359.05007
G1 X126.768 Y112.478 E359.05584
G1 X126.764 Y112.66 E359.06189
G1 X126.685 Y112.869 E359.06932
G1 X126.473 Y113.076 E359.07918
G1 X109.113 Y123.097 E359.74587
G1 X108.892 Y123.155 E359.75347
G1 X108.618 Y123.109 E359.76271
G1 X108.358 Y122.898 E359.77384
G1 X108.093 Y122.432 E359.79167
G1 X108.064 Y122.104 E359.80263
G1 X108.143 Y121.895 E359.81006
G0 F7500 X108.458 Y122.267
;TYPE:WALL-OUTER
G1 F1350 X108.458 Y122.173 E359.81318
G1 X108.53 Y122.052 E359.81787
G1 X125.927 Y112.005 E360.48605
G1 X126.11 Y112.039 E360.49224
G1 X126.37 Y112.498 E360.50979
G1 X126.322 Y112.702 E360.51676
G1 X108.939 Y122.737 E361.18435
G1 X108.788 Y122.746 E361.18938
G1 X108.698 Y122.685 E361.19299
G1 X108.458 Y122.267 E361.20902
G1 F2700 E356.20902
G0 F7500 X108.157 Y122.75
G0 X108.072 Y121.688
G0 X91.835 Y121.688
G0 X91.836 Y96.457
G0 X91.964 Y95.475
G0 X93.815 Y93.815
G1 F2700 E361.20902
G1 F1350 X93.207 Y94.602 E361.2421
G1 X92.831 Y95.509 E361.27476
G1 X92.7 Y96.517 E361.30857
G1 X92.7 Y138.483 E362.70436
G1 X92.831 Y139.487 E362.73804
G1 X93.207 Y140.394 E362.77069
G1 X93.815 Y141.181 E362.80377
G1 X94.602 Y141.789 E362.83685
G1 X95.509 Y142.165 E362.8695
G1 X96.518 Y142.3 E362.90336
G1 X138.482 Y142.3 E364.29909
G1 X139.487 Y142.165 E364.33282
G1 X140.39 Y141.793 E364.3653
G1 X141.181 Y141.181 E364.39856
G1 X141.793 Y140.39 E364.43183
G1 X142.165 Y139.487 E364.46431
G1 X142.3 Y138.482 E364.49804
G1 X142.3 Y96.518 E365.89377
G1 X142.165 Y95.509 E365.92762
G1 X141.793 Y94.606 E365.96011
G1 X141.181 Y93.815 E365.99337
G1 X140.39 Y93.207 E366.02655
G1 X139.487 Y92.831 E366.05909
G1 X138.483 Y92.7 E366.09276
G1 X96.517 Y92.7 E367.48856
G1 X95.509 Y92.831 E367.52237
G1 X94.602 Y93.207 E367.55502
G1 X93.815 Y93.815 E367.5881
G1 F2700 E362.5881
G0 F7500 X94.157 Y94.191
G0 X93.697 Y94.885
G0 X93.398 Y95.7
G0 X91.964 Y95.475
G0 X91.86 Y96.271
G0 X91.835 Y121.498
G0 X107.756 Y121.865
;TYPE:SKIN
G1 F2700 E367.5881
G1 F1350 X107.696 Y122.221 E367.60011
G1 X107.755 Y122.567 E367.61178
G1 X108.083 Y123.139 E367.63371
G1 X108.351 Y123.375 E367.64559
G1 X108.624 Y123.485 E367.65538
G1 X108.935 Y123.51 E367.66576
G1 X109.269 Y123.418 E367.67728
G1 X126.729 Y113.338 E368.34783
G1 X126.991 Y113.054 E368.36068
G1 X127.151 Y112.628 E368.37582
G1 X127.068 Y112.188 E368.39071
G1 X126.718 Y111.577 E368.41413
G1 X126.414 Y111.355 E368.42665
G1 X126.097 Y111.256 E368.43769
G1 X125.852 Y111.252 E368.44584
G1 X125.561 Y111.339 E368.45595
G1 X108.096 Y121.422 E369.12669
G1 X107.94 Y121.564 E369.13371
G1 X107.756 Y121.865 E369.14544
G1 F2700 E364.14544
G0 F7500 X108.336 Y121.586
G0 X109.573 Y120.78
G0 X91.835 Y120.78
G0 X91.836 Y96.457
G0 X91.964 Y95.475
G0 X94.355 Y94.355
G1 F2700 E369.14544
G1 F1350 X94.99 Y93.867 E369.17208
G1 X95.701 Y93.571 E369.19769
G1 X96.569 Y93.46 E369.2268
G1 X138.427 Y93.46 E370.619
G1 X139.291 Y93.571 E370.64797
G1 X140.002 Y93.867 E370.67359
G1 X140.633 Y94.351 E370.70004
G1 X141.125 Y94.989 E370.72684
G1 X141.421 Y95.705 E370.75261
G1 X141.54 Y96.574 E370.78178
G1 X141.539 Y138.418 E372.17351
G1 X141.421 Y139.287 E372.20268
G1 X141.125 Y140.006 E372.22854
G1 X140.637 Y140.637 E372.25508
G1 X140.006 Y141.125 E372.28161
G1 X139.287 Y141.421 E372.30747
G1 X138.422 Y141.539 E372.3365
G1 X96.574 Y141.54 E373.72837
G1 X95.705 Y141.421 E373.75755
G1 X94.986 Y141.125 E373.78341
G1 X94.355 Y140.637 E373.80994
G1 X93.867 Y140.002 E373.83658
G1 X93.571 Y139.291 E373.86219
G1 X93.461 Y138.427 E373.89116
G1 X93.46 Y96.569 E375.28336
G1 X93.571 Y95.701 E375.31247
G1 X93.867 Y94.99 E375.33808
G1 X94.355 Y94.355 E375.36472
G0 F7500 X94.199 Y94.151
G0 X93.914 Y94.567
G0 X93.315 Y95.668
G0 X93.777 Y95.728
G1 F1350 X95.728 Y93.777 E375.45649
G0 F7500 X96.384 Y93.686
G1 F1350 X93.686 Y96.384 E375.58339
G0 F7500 X93.661 Y96.975
G1 F1350 X96.976 Y93.66 E375.73932
G0 F7500 X97.542 Y93.66
G1 F1350 X93.661 Y97.541 E375.92187
G0 F7500 X93.661 Y98.107
G1 F1350 X98.108 Y93.66 E376.13105
G0 F7500 X98.673 Y93.66
G1 F1350 X93.661 Y98.673 E376.36682
G0 F7500 X93.661 Y99.238
G1 F1350 X99.239 Y93.66 E376.62919
G0 F7500 X99.805 Y93.66
G1 F1350 X93.661 Y99.804 E376.91819
G0 F7500 X93.661 Y100.37
G1 F1350 X100.37 Y93.66 E377.23378
G0 F7500 X100.936 Y93.66
G1 F1350 X93.661 Y100.935 E377.57597
G0 F7500 X93.661 Y101.501
G1 F1350 X101.502 Y93.66 E377.94479
G0 F7500 X102.067 Y93.66
G1 F1350 X93.661 Y102.067 E378.34021
G0 F7500 X93.661 Y102.632
G1 F1350 X102.633 Y93.66 E378.76222
G0 F7500 X103.199 Y93.66
G1 F1350 X93.661 Y103.198 E379.21086
G0 F7500 X93.661 Y103.764
G1 F1350 X103.764 Y93.66 E379.6861
G0 F7500 X104.33 Y93.66
G1 F1350 X93.661 Y104.329 E380.18793
G0 F7500 X93.661 Y104.895
G1 F1350 X104.896 Y93.66 E380.71639
G0 F7500 X105.461 Y93.66
G1 F1350 X93.661 Y105.461 E381.27145
G0 F7500 X93.661 Y106.026
G1 F1350 X106.027 Y93.66 E381.85311
G0 F7500 X106.593 Y93.66
G1 F1350 X93.661 Y106.592 E382.46139
G0 F7500 X93.661 Y107.158
G1 F1350 X107.158 Y93.66 E383.09628
G0 F7500 X107.724 Y93.66
G1 F1350 X93.661 Y107.723 E383.75776
G0 F7500 X93.661 Y108.289
G1 F1350 X108.29 Y93.66 E384.44586
G0 F7500 X108.856 Y93.66
G1 F1350 X93.661 Y108.855 E385.16059
G0 F7500 X93.661 Y109.421
G1 F1350 X109.421 Y93.66 E385.90191
G0 F7500 X109.987 Y93.66
G1 F1350 X93.661 Y109.986 E386.66984
G0 F7500 X93.661 Y110.552
G1 F1350 X110.553 Y93.66 E387.46438
G0 F7500 X111.118 Y93.66
G1 F1350 X93.661 Y111.118 E388.28553
G0 F7500 X93.661 Y111.683
G1 F1350 X111.684 Y93.66 E389.13328
G0 F7500 X112.25 Y93.66
G1 F1350 X93.661 Y112.249 E390.00765
G0 F7500 X93.661 Y112.815
G1 F1350 X112.815 Y93.66 E390.90862
G0 F7500 X113.381 Y93.66
G1 F1350 X93.661 Y113.38 E391.83618
G0 F7500 X93.661 Y113.946
G1 F1350 X113.947 Y93.66 E392.79038
G0 F7500 X114.512 Y93.66
G1 F1350 X93.661 Y114.512 E393.77117
G0 F7500 X93.661 Y115.077
G1 F1350 X115.078 Y93.66 E394.77856
G0 F7500 X115.644 Y93.66
G1 F1350 X93.661 Y115.643 E395.81257
G0 F7500 X93.661 Y116.209
G1 F1350 X116.209 Y93.66 E396.87318
G0 F7500 X116.775 Y93.66
G1 F1350 X93.661 Y116.774 E397.96039
G0 F7500 X93.661 Y117.34
G1 F1350 X117.341 Y93.66 E399.07423
G0 F7500 X117.907 Y93.66
G1 F1350 X93.661 Y117.905 E400.21466
G0 F7500 X93.661 Y118.471
G1 F1350 X118.472 Y93.66 E401.3817
G0 F7500 X119.038 Y93.66
G1 F1350 X93.661 Y119.036 E402.57533
G0 F7500 X93.661 Y119.602
G1 F1350 X119.604 Y93.66 E403.79558
G0 F7500 X120.169 Y93.66
G1 F1350 X93.661 Y120.168 E405.04244
G0 F7500 X93.661 Y120.734
G1 F1350 X120.735 Y93.66 E406.31592
G0 F7500 X121.301 Y93.66
G1 F1350 X93.661 Y121.299 E407.61599
G0 F7500 X93.661 Y121.865
G1 F1350 X121.866 Y93.66 E408.94267
G0 F7500 X122.432 Y93.66
G1 F1350 X93.661 Y122.431 E410.29597
G0 F7500 X93.661 Y122.996
G1 F1350 X122.998 Y93.66 E411.67587
G0 F7500 X123.563 Y93.66
G1 F1350 X93.661 Y123.562 E413.08237
G0 F7500 X93.661 Y124.128
G1 F1350 X124.129 Y93.66 E414.51549
G0 F7500 X124.695 Y93.66
G1 F1350 X93.661 Y124.693 E415.97521
G0 F7500 X93.661 Y125.259
G1 F1350 X125.26 Y93.66 E417.46153
G0 F7500 X125.826 Y93.66
G1 F1350 X93.661 Y125.825 E418.97447
G0 F7500 X93.661 Y126.39
G1 F1350 X126.392 Y93.66 E420.51402
G0 F7500 X126.957 Y93.66
G1 F1350 X93.661 Y126.956 E422.08016
G0 F7500 X93.661 Y127.522
G1 F1350 X127.523 Y93.66 E423.67292
G0 F7500 X128.089 Y93.66
G1 F1350 X93.661 Y128.087 E425.29229
G0 F7500 X93.661 Y128.653
G1 F1350 X128.655 Y93.66 E426.93827
G0 F7500 X129.22 Y93.66
G1 F1350 X93.661 Y129.219 E428.61086
G0 F7500 X93.661 Y129.784
G1 F1350 X129.786 Y93.66 E430.31004
G0 F7500 X130.352 Y93.66
G1 F1350 X93.661 Y130.35 E432.03585
G0 F7500 X93.661 Y130.916
G1 F1350 X130.917 Y93.66 E433.78826
G0 F7500 X131.483 Y93.66
G1 F1350 X93.661 Y131.482 E435.56729
G0 F7500 X93.661 Y132.047
G1 F1350 X132.049 Y93.66 E437.37292
G0 F7500 X132.614 Y93.66
G1 F1350 X93.661 Y132.613 E439.20515
G0 F7500 X93.661 Y133.179
G1 F1350 X133.18 Y93.66 E441.064
G0 F7500 X133.746 Y93.66
G1 F1350 X93.661 Y133.744 E442.94946
G0 F7500 X93.661 Y134.31
G1 F1350 X134.311 Y93.66 E444.86151
G0 F7500 X134.877 Y93.66
G1 F1350 X93.661 Y134.876 E446.80018
G0 F7500 X93.661 Y135.441
G1 F1350 X135.443 Y93.66 E448.76546
G0 F7500 X136.008 Y93.66
G1 F1350 X108.995 Y120.673 E450.03606
G0 F7500 X109.225 Y121.073
G0 X110.563 Y120.3
G0 X110.333 Y119.901
G1 F1350 X136.574 Y93.66 E451.27036
G0 F7500 X137.14 Y93.66
G1 F1350 X111.672 Y119.128 E452.4683
G0 F7500 X111.902 Y119.527
G0 X113.241 Y118.754
G0 X113.011 Y118.354
G1 F1350 X137.706 Y93.66 E453.62985
G0 F7500 X138.271 Y93.66
G1 F1350 X114.35 Y117.581 E454.75502
G0 F7500 X114.58 Y117.981
G0 X115.918 Y117.208
G0 X115.688 Y116.808
G1 F1350 X138.788 Y93.709 E455.84155
G0 F7500 X139.28 Y93.783
G1 F1350 X117.027 Y116.036 E456.88826
G0 F7500 X117.257 Y116.435
G0 X118.595 Y115.663
G0 X118.365 Y115.263
G1 F1350 X139.679 Y93.949 E457.89081
G0 F7500 X140.043 Y94.151
G1 F1350 X119.705 Y114.489 E458.84745
G0 F7500 X119.935 Y114.889
G0 X121.273 Y114.116
G0 X121.043 Y113.716
G1 F1350 X140.364 Y94.396 E459.75622
G0 F7500 X140.639 Y94.687
G1 F1350 X122.382 Y112.943 E460.61495
G0 F7500 X122.612 Y113.343
G0 X123.951 Y112.57
G0 X123.72 Y112.17
G1 F1350 X140.885 Y95.006 E461.42232
G0 F7500 X141.071 Y95.385
G1 F1350 X125.059 Y111.398 E462.1755
G0 F7500 X125.965 Y111.057
G1 F1350 X141.23 Y95.792 E462.89352
G0 F7500 X141.298 Y96.29
G1 F1350 X126.434 Y111.154 E463.59267
G0 F7500 X126.779 Y111.374
G1 F1350 X141.339 Y96.814 E464.27753
G0 F7500 X141.339 Y97.38
G1 F1350 X127.018 Y111.701 E464.95115
G0 F7500 X127.225 Y112.06
G1 F1350 X141.339 Y97.946 E465.61503
G0 F7500 X141.339 Y98.511
G1 F1350 X127.332 Y112.518 E466.27387
G0 F7500 X126.882 Y112.597
G0 X125.453 Y113.78
G0 X125.678 Y114.172
G1 F1350 X98.511 Y141.34 E467.55175
G0 F7500 X99.076 Y141.34
G1 F1350 X141.339 Y99.077 E469.53967
G0 F7500 X141.339 Y99.643
G1 F1350 X99.642 Y141.34 E471.50097
G0 F7500 X100.208 Y141.34
G1 F1350 X141.339 Y100.208 E473.43567
G0 F7500 X141.339 Y100.774
G1 F1350 X100.773 Y141.34 E475.34377
G0 F7500 X101.339 Y141.34
G1 F1350 X141.339 Y101.34 E477.22525
G0 F7500 X141.339 Y101.905
G1 F1350 X101.905 Y141.34 E479.08013
G0 F7500 X102.47 Y141.34
G1 F1350 X141.339 Y102.471 E480.9084
G0 F7500 X141.339 Y103.037
G1 F1350 X103.036 Y141.34 E482.71006
G0 F7500 X103.602 Y141.34
G1 F1350 X141.339 Y103.602 E484.48512
G0 F7500 X141.339 Y104.168
G1 F1350 X104.167 Y141.34 E486.23357
G0 F7500 X104.733 Y141.34
G1 F1350 X141.339 Y104.734 E487.95541
G0 F7500 X141.339 Y105.3
G1 F1350 X105.299 Y141.34 E489.65062
G0 F7500 X105.864 Y141.34
G1 F1350 X141.339 Y105.865 E491.31925
G0 F7500 X141.339 Y106.431
G1 F1350 X106.43 Y141.34 E492.96127
G0 F7500 X106.996 Y141.34
G1 F1350 X141.339 Y106.997 E494.57665
G0 F7500 X141.339 Y107.562
G1 F1350 X107.562 Y141.34 E496.16544
G0 F7500 X108.127 Y141.34
G1 F1350 X141.339 Y108.128 E497.72764
G0 F7500 X141.339 Y108.694
G1 F1350 X108.693 Y141.34 E499.2632
G0 F7500 X109.259 Y141.34
G1 F1350 X141.339 Y109.259 E500.77217
G0 F7500 X141.339 Y109.825
G1 F1350 X109.824 Y141.34 E502.25454
G0 F7500 X110.39 Y141.34
G1 F1350 X141.339 Y110.391 E503.71029
G0 F7500 X141.339 Y110.956
G1 F1350 X110.956 Y141.34 E505.13943
G0 F7500 X111.521 Y141.34
G1 F1350 X141.339 Y111.522 E506.54198
G0 F7500 X141.339 Y112.088
G1 F1350 X112.087 Y141.34 E507.9179
G0 F7500 X112.653 Y141.34
G1 F1350 X141.339 Y112.653 E509.26723
G0 F7500 X141.339 Y113.219
G1 F1350 X113.218 Y141.34 E510.58996
G0 F7500 X113.784 Y141.34
G1 F1350 X141.339 Y113.785 E511.88606
G0 F7500 X141.339 Y114.35
G1 F1350 X114.35 Y141.34 E513.15556
G0 F7500 X114.915 Y141.34
G1 F1350 X141.339 Y114.916 E514.39847
G0 F7500 X141.339 Y115.482
G1 F1350 X115.481 Y141.34 E515.61475
G0 F7500 X116.047 Y141.34
G1 F1350 X141.339 Y116.048 E516.8044
G0 F7500 X141.339 Y116.613
G1 F1350 X116.613 Y141.34 E517.96746
G0 F7500 X117.178 Y141.34
G1 F1350 X141.339 Y117.179 E519.10392
G0 F7500 X141.339 Y117.745
G1 F1350 X117.744 Y141.34 E520.21376
G0 F7500 X118.31 Y141.34
G1 F1350 X141.339 Y118.311 E521.29697
G0 F7500 X141.339 Y118.877
G1 F1350 X118.875 Y141.34 E522.35359
G0 F7500 X119.441 Y141.34
G1 F1350 X141.339 Y119.442 E523.3836
G0 F7500 X141.339 Y120.008
G1 F1350 X120.007 Y141.34 E524.38699
G0 F7500 X120.572 Y141.34
G1 F1350 X141.339 Y120.574 E525.36379
G0 F7500 X141.339 Y121.139
G1 F1350 X121.138 Y141.34 E526.31398
G0 F7500 X121.704 Y141.34
G1 F1350 X141.339 Y121.705 E527.23755
G0 F7500 X141.339 Y122.271
G1 F1350 X122.269 Y141.34 E528.13452
G0 F7500 X122.835 Y141.34
G1 F1350 X141.339 Y122.836 E529.00489
G0 F7500 X141.339 Y123.402
G1 F1350 X123.401 Y141.34 E529.84864
G0 F7500 X123.966 Y141.34
G1 F1350 X141.339 Y123.968 E530.66579
G0 F7500 X141.339 Y124.534
G1 F1350 X124.532 Y141.34 E531.45632
G0 F7500 X125.098 Y141.34
G1 F1350 X141.339 Y125.099 E532.22024
G0 F7500 X141.339 Y125.665
G1 F1350 X125.663 Y141.34 E532.95757
G0 F7500 X126.229 Y141.34
G1 F1350 X141.339 Y126.231 E533.66827
G0 F7500 X141.339 Y126.796
G1 F1350 X126.795 Y141.34 E534.35238
G0 F7500 X127.361 Y141.34
G1 F1350 X141.339 Y127.362 E535.00986
G0 F7500 X141.339 Y127.928
G1 F1350 X127.926 Y141.34 E535.64074
G0 F7500 X128.492 Y141.34
G1 F1350 X141.339 Y128.493 E536.24503
G0 F7500 X141.339 Y129.059
G1 F1350 X129.058 Y141.34 E536.82269
G0 F7500 X129.623 Y141.34
G1 F1350 X141.339 Y129.625 E537.37375
G0 F7500 X141.339 Y130.19
G1 F1350 X130.189 Y141.34 E537.89821
G0 F7500 X130.755 Y141.34
G1 F1350 X141.339 Y130.756 E538.39605
G0 F7500 X141.339 Y131.322
G1 F1350 X131.32 Y141.34 E538.86729
G0 F7500 X131.886 Y141.34
G1 F1350 X141.339 Y131.887 E539.31193
G0 F7500 X141.339 Y132.453
G1 F1350 X132.452 Y141.34 E539.72995
G0 F7500 X133.017 Y141.34
G1 F1350 X141.339 Y133.019 E540.12137
G0 F7500 X141.339 Y133.584
G1 F1350 X133.583 Y141.34 E540.48618
G0 F7500 X134.149 Y141.34
G1 F1350 X141.339 Y134.15 E540.82438
G0 F7500 X141.339 Y134.716
G1 F1350 X134.714 Y141.34 E541.13598
G0 F7500 X135.28 Y141.34
G1 F1350 X141.339 Y135.282 E541.42095
G0 F7500 X141.339 Y135.847
G1 F1350 X135.846 Y141.34 E541.67932
G0 F7500 X136.412 Y141.34
G1 F1350 X141.339 Y136.413 E541.91107
G0 F7500 X141.339 Y136.979
G1 F1350 X136.977 Y141.34 E542.11623
G0 F7500 X137.543 Y141.34
G1 F1350 X141.339 Y137.544 E542.29478
G0 F7500 X141.339 Y138.11
G1 F1350 X138.109 Y141.34 E542.44671
G0 F7500 X138.717 Y141.297
G1 F1350 X141.296 Y138.718 E542.56802
G0 F7500 X141.141 Y139.439
G1 F1350 X139.439 Y141.141 E542.64807
G1 F2700 E537.64807
G0 F7500 X139.615 Y141.571
G0 X138.442 Y141.7
G0 X138.442 Y143.165
G0 X139.708 Y143.011
G0 X140.835 Y142.544
G0 X141.802 Y141.802
G0 X142.544 Y140.835
G0 X143.011 Y139.708
G0 X143.135 Y138.765
G0 X143.165 Y115.22
G0 X124.34 Y114.945
G1 F2700 E542.64807
G1 F1350 X97.945 Y141.34 E543.88961
G0 F7500 X97.379 Y141.34
G1 F1350 X123.001 Y115.719 E545.09477
G0 F7500 X122.776 Y115.326
G0 X121.437 Y116.099
G0 X121.662 Y116.492
G1 F1350 X96.814 Y141.34 E546.26354
G0 F7500 X96.29 Y141.298
G1 F1350 X120.323 Y117.265 E547.39398
G0 F7500 X120.098 Y116.872
G0 X118.759 Y117.645
G0 X118.984 Y118.038
G1 F1350 X95.792 Y141.23 E548.48486
G0 F7500 X95.384 Y141.072
G1 F1350 X117.646 Y118.811 E549.53197
G0 F7500 X117.42 Y118.417
G0 X116.08 Y119.191
G0 X116.306 Y119.584
G1 F1350 X95.005 Y140.885 E550.53391
G0 F7500 X94.686 Y140.639
G1 F1350 X114.968 Y120.357 E551.48791
G0 F7500 X114.742 Y119.963
G0 X113.403 Y120.737
G0 X113.629 Y121.131
G1 F1350 X94.397 Y140.363 E552.39253
G0 F7500 X94.151 Y140.042
G1 F1350 X112.29 Y121.904 E553.2457
G0 F7500 X112.064 Y121.509
G0 X110.725 Y122.282
G0 X110.951 Y122.677
G1 F1350 X93.95 Y139.678 E554.04538
G0 F7500 X93.784 Y139.279
G1 F1350 X109.612 Y123.45 E554.7899
G0 F7500 X108.796 Y123.701
G1 F1350 X93.709 Y138.787 E555.49953
G0 F7500 X93.661 Y138.27
G1 F1350 X108.343 Y123.588 E556.19012
G0 F7500 X108.018 Y123.347
G1 F1350 X93.661 Y137.704 E556.86543
G0 F7500 X93.661 Y137.138
G1 F1350 X107.78 Y123.02 E557.52952
G0 F7500 X107.577 Y122.657
G1 F1350 X93.661 Y136.573 E558.18409
G0 F7500 X93.661 Y136.007
G1 F1350 X107.503 Y122.165 E558.83517
G1 F2700 E553.83517
;MESH:NONMESH
G0 F300 X107.503 Y122.165 Z0.6
G0 F7500 X108.157 Y122.75
G0 X108.072 Y121.688
G0 X91.835 Y121.688
G0 X91.836 Y96.457
G0 X91.964 Y95.475
G0 X94.1 Y94.1
;TIME_ELAPSED:857.899178
;LAYER:2
M106 S170
;TYPE:WALL-INNER
;MESH:triangolo_spesso.stl
G1 F2700 E558.83517
G1 F1500 X93.556 Y94.804 E558.86477
G1 X93.221 Y95.613 E558.89389
G1 X93.1 Y96.543 E558.92508
G1 X93.1 Y138.457 E560.31915
G1 X93.221 Y139.383 E560.35021
G1 X93.556 Y140.192 E560.37933
G1 X94.1 Y140.896 E560.40892
G1 X94.804 Y141.44 E560.43851
G1 X95.614 Y141.775 E560.46767
G1 X96.544 Y141.9 E560.49888
G1 X138.456 Y141.9 E561.89288
G1 X139.383 Y141.775 E561.92399
G1 X140.188 Y141.443 E561.95295
G1 X140.896 Y140.896 E561.98271
G1 X141.443 Y140.188 E562.01246
G1 X141.775 Y139.383 E562.04143
G1 X141.9 Y138.456 E562.07254
G1 X141.9 Y96.544 E563.46654
G1 X141.775 Y95.613 E563.49778
G1 X141.443 Y94.808 E563.52674
G1 X140.896 Y94.101 E563.55647
G1 X140.188 Y93.556 E563.58619
G1 X139.383 Y93.221 E563.61519
G1 X138.457 Y93.1 E563.64625
G1 X96.543 Y93.1 E565.04032
G1 X95.613 Y93.221 E565.07151
G1 X94.804 Y93.556 E565.10063
G1 X94.1 Y94.1 E565.13022
G1 F2700 E560.13022
G0 F9000 X94.157 Y94.191
G0 X93.697 Y94.885
G0 X93.398 Y95.7
G0 X91.964 Y95.475
G0 X91.86 Y96.271
G0 X91.835 Y111.976
G0 X108.539 Y111.927
G1 F2700 E565.13022
G1 F1500 X108.705 Y111.858 E565.1362
G1 X108.892 Y111.841 E565.14245
G1 X109.099 Y111.889 E565.14952
G1 X126.511 Y121.944 E565.81827
G1 X126.685 Y122.127 E565.82667
G1 X126.752 Y122.283 E565.83231
G1 X126.768 Y122.518 E565.84015
G1 X126.721 Y122.685 E565.84592
G1 X126.44 Y123.183 E565.86494
G1 X126.222 Y123.336 E565.87379
G1 X126.041 Y123.385 E565.88003
G1 X125.729 Y123.339 E565.89052
G1 X108.299 Y113.275 E566.55994
G1 X108.143 Y113.101 E566.56771
G1 X108.076 Y112.945 E566.57336
G1 X108.061 Y112.619 E566.58422
G1 X108.358 Y112.098 E566.60416
G1 X108.539 Y111.927 E566.61244
G0 F9000 X108.698 Y112.311
;TYPE:WALL-OUTER
G1 F1500 X108.833 Y112.24 E566.61752
G1 X108.926 Y112.253 E566.62064
G1 X126.323 Y122.296 E567.28876
G1 X126.37 Y122.498 E567.29566
G1 X126.116 Y122.946 E567.31279
G1 X125.998 Y122.987 E567.31694
G1 X125.889 Y122.969 E567.32062
G1 X108.53 Y112.944 E567.98734
G1 X108.458 Y112.822 E567.99206
G1 X108.458 Y112.729 E567.99515
G1 X108.698 Y112.311 E568.01118
G1 F2700 E563.01118
G0 F9000 X108.262 Y112.056
G0 X91.835 Y111.976
G0 X91.836 Y96.457
G0 X91.964 Y95.475
G0 X93.815 Y93.815
G1 F2700 E568.01118
G1 F1500 X93.207 Y94.602 E568.04426
G1 X92.831 Y95.509 E568.07691
G1 X92.7 Y96.517 E568.11072
G1 X92.7 Y138.483 E569.50652
G1 X92.831 Y139.487 E569.54019
G1 X93.207 Y140.394 E569.57285
G1 X93.815 Y141.181 E569.60593
G1 X94.602 Y141.789 E569.639
G1 X95.509 Y142.165 E569.67166
G1 X96.518 Y142.3 E569.70552
G1 X138.482 Y142.3 E571.10125
G1 X139.487 Y142.165 E571.13497
G1 X140.39 Y141.793 E571.16746
G1 X141.181 Y141.181 E571.20072
G1 X141.793 Y140.39 E571.23398
G1 X142.165 Y139.487 E571.26647
G1 X142.3 Y138.482 E571.30019
G1 X142.3 Y96.518 E572.69592
G1 X142.165 Y95.509 E572.72978
G1 X141.793 Y94.606 E572.76226
G1 X141.181 Y93.815 E572.79553
G1 X140.39 Y93.207 E572.82871
G1 X139.487 Y92.831 E572.86124
G1 X138.483 Y92.7 E572.89492
G1 X96.517 Y92.7 E574.29071
G1 X95.509 Y92.831 E574.32452
G1 X94.602 Y93.207 E574.35718
G1 X93.815 Y93.815 E574.39026
G1 F2700 E569.39026
G0 F9000 X94.157 Y94.191
G0 X93.697 Y94.885
G0 X93.398 Y95.7
G0 X91.964 Y95.475
G0 X91.86 Y96.271
G0 X91.835 Y111.976
G0 X108.453 Y111.566
;TYPE:SKIN
G1 F2700 E574.39026
G1 F1500 X108.078 Y111.854 E574.40598
G1 X107.809 Y112.333 E574.42425
G1 X107.707 Y112.618 E574.43432
G1 X107.727 Y113.043 E574.44847
G1 X107.876 Y113.352 E574.45988
G1 X108.101 Y113.571 E574.47033
G1 X125.547 Y123.65 E575.14046
G1 X125.922 Y123.766 E575.15351
G1 X126.308 Y123.686 E575.16662
G1 X126.553 Y123.556 E575.17585
G1 X126.76 Y123.343 E575.18573
G1 X127.068 Y122.803 E575.20641
G1 X127.128 Y122.476 E575.21746
G1 X127.068 Y122.097 E575.23023
G1 X126.884 Y121.796 E575.24196
G1 X126.728 Y121.654 E575.24898
G1 X109.266 Y111.57 E575.91965
G1 X108.772 Y111.475 E575.93638
G1 X108.453 Y111.566 E575.94742
G1 F2700 E570.94742
G0 F9000 X108.246 Y112.085
G0 X91.835 Y111.976
G0 X91.836 Y96.457
G0 X91.964 Y95.475
G0 X94.355 Y94.355
G1 F2700 E575.94742
G1 F1500 X94.99 Y93.867 E575.97405
G1 X95.701 Y93.571 E575.99967
G1 X96.569 Y93.46 E576.02877
G1 X138.427 Y93.46 E577.42097
G1 X139.291 Y93.571 E577.44995
G1 X140.002 Y93.867 E577.47556
G1 X140.633 Y94.351 E577.50201
G1 X141.125 Y94.989 E577.52881
G1 X141.421 Y95.705 E577.55458
G1 X141.54 Y96.574 E577.58375
G1 X141.539 Y138.418 E578.97549
G1 X141.421 Y139.287 E579.00466
G1 X141.125 Y140.006 E579.03052
G1 X140.637 Y140.637 E579.05705
G1 X140.006 Y141.125 E579.08358
G1 X139.287 Y141.421 E579.10944
G1 X138.422 Y141.539 E579.13848
G1 X96.574 Y141.54 E580.53035
G1 X95.705 Y141.421 E580.55952
G1 X94.986 Y141.125 E580.58538
G1 X94.355 Y140.637 E580.61191
G1 X93.867 Y140.002 E580.63855
G1 X93.571 Y139.291 E580.66417
G1 X93.461 Y138.427 E580.69313
G1 X93.46 Y96.569 E582.08534
G1 X93.571 Y95.701 E582.11444
G1 X93.867 Y94.99 E582.14006
G1 X94.355 Y94.355 E582.16669
G1 F2700 E577.16669
G0 F9000 X94.199 Y94.151
G0 X94.885 Y93.697
G0 X95.655 Y93.378
G0 X96.554 Y93.261
G0 X138.446 Y93.261
G0 X139.341 Y93.378
G0 X140.107 Y93.697
G0 X140.654 Y94.116
G0 X141.285 Y94.766
G0 X140.977 Y95.157
G1 F2700 E582.16669
G1 F1500 X139.836 Y94.016 E582.22036
G0 F9000 X138.989 Y93.734
G1 F1500 X141.259 Y96.005 E582.32716
G0 F9000 X141.339 Y96.65
G1 F1500 X138.35 Y93.661 E582.46775
G0 F9000 X137.784 Y93.661
G1 F1500 X141.339 Y97.216 E582.63497
G0 F9000 X141.339 Y97.782
G1 F1500 X137.218 Y93.661 E582.82881
G0 F9000 X136.653 Y93.661
G1 F1500 X141.339 Y98.347 E583.04922
G0 F9000 X141.339 Y98.913
G1 F1500 X136.087 Y93.661 E583.29626
G0 F9000 X135.521 Y93.661
G1 F1500 X141.339 Y99.479 E583.56992
G0 F9000 X141.339 Y100.044
G1 F1500 X134.956 Y93.661 E583.87016
G0 F9000 X134.39 Y93.661
G1 F1500 X141.339 Y100.61 E584.19702
G0 F9000 X141.339 Y101.176
G1 F1500 X133.824 Y93.661 E584.5505
G0 F9000 X133.259 Y93.661
G1 F1500 X141.339 Y101.741 E584.93056
G0 F9000 X141.339 Y102.307
G1 F1500 X132.693 Y93.661 E585.33724
G0 F9000 X132.127 Y93.661
G1 F1500 X141.339 Y102.873 E585.77055
G0 F9000 X141.339 Y103.438
G1 F1500 X131.561 Y93.661 E586.23045
G0 F9000 X130.996 Y93.661
G1 F1500 X141.339 Y104.004 E586.71695
G0 F9000 X141.339 Y104.57
G1 F1500 X130.43 Y93.661 E587.23008
G0 F9000 X129.864 Y93.661
G1 F1500 X141.339 Y105.135 E587.7698
G0 F9000 X141.339 Y105.701
G1 F1500 X129.299 Y93.661 E588.33613
G0 F9000 X128.733 Y93.661
G1 F1500 X141.339 Y106.267 E588.92908
G0 F9000 X141.339 Y106.833
G1 F1500 X128.167 Y93.661 E589.54865
G0 F9000 X127.602 Y93.661
G1 F1500 X141.339 Y107.398 E590.19479
G0 F9000 X141.339 Y107.964
G1 F1500 X127.036 Y93.661 E590.86756
G0 F9000 X126.47 Y93.661
G1 F1500 X141.339 Y108.53 E591.56695
G0 F9000 X141.339 Y109.095
G1 F1500 X125.905 Y93.661 E592.29292
G0 F9000 X125.339 Y93.661
G1 F1500 X141.339 Y109.661 E593.04551
G0 F9000 X141.339 Y110.227
G1 F1500 X124.773 Y93.661 E593.82473
G0 F9000 X124.208 Y93.661
G1 F1500 X141.339 Y110.792 E594.63052
G0 F9000 X141.339 Y111.358
G1 F1500 X123.642 Y93.661 E595.46293
G0 F9000 X123.076 Y93.661
G1 F1500 X141.339 Y111.924 E596.32197
G0 F9000 X141.339 Y112.489
G1 F1500 X122.51 Y93.661 E597.2076
G0 F9000 X121.945 Y93.661
G1 F1500 X141.339 Y113.055 E598.11983
G0 F9000 X141.339 Y113.621
G1 F1500 X121.379 Y93.661 E599.05869
G0 F9000 X120.813 Y93.661
G1 F1500 X141.339 Y114.186 E600.02415
G0 F9000 X141.339 Y114.752
G1 F1500 X120.248 Y93.661 E601.0162
G0 F9000 X119.682 Y93.661
G1 F1500 X141.339 Y115.318 E602.03488
G0 F9000 X141.339 Y115.883
G1 F1500 X119.116 Y93.661 E603.08016
G0 F9000 X118.551 Y93.661
G1 F1500 X141.339 Y116.449 E604.15204
G0 F9000 X141.339 Y117.015
G1 F1500 X117.985 Y93.661 E605.25054
G0 F9000 X117.419 Y93.661
G1 F1500 X141.339 Y117.58 E606.37564
G0 F9000 X141.339 Y118.146
G1 F1500 X116.854 Y93.661 E607.52734
G0 F9000 X116.288 Y93.661
G1 F1500 X141.339 Y118.711 E608.70564
G0 F9000 X141.339 Y119.277
G1 F1500 X115.722 Y93.661 E609.91056
G0 F9000 X115.157 Y93.661
G1 F1500 X141.339 Y119.843 E611.14208
G0 F9000 X141.339 Y120.408
G1 F1500 X114.591 Y93.661 E612.4002
G0 F9000 X114.025 Y93.661
G1 F1500 X141.339 Y120.974 E613.68494
G0 F9000 X141.339 Y121.54
G1 F1500 X113.46 Y93.661 E614.99629
G0 F9000 X112.894 Y93.661
G1 F1500 X141.339 Y122.105 E616.33423
G0 F9000 X141.339 Y122.671
G1 F1500 X112.328 Y93.661 E617.69879
G0 F9000 X111.762 Y93.661
G1 F1500 X141.339 Y123.237 E619.08998
G0 F9000 X141.339 Y123.802
G1 F1500 X111.197 Y93.661 E620.50775
G0 F9000 X110.631 Y93.661
G1 F1500 X141.339 Y124.368 E621.95213
G0 F9000 X141.339 Y124.934
G1 F1500 X110.065 Y93.661 E623.42314
G0 F9000 X109.5 Y93.661
G1 F1500 X141.339 Y125.499 E624.92073
G0 F9000 X141.339 Y126.065
G1 F1500 X108.934 Y93.661 E626.44494
G0 F9000 X108.368 Y93.661
G1 F1500 X141.339 Y126.631 E627.99577
G0 F9000 X141.339 Y127.196
G1 F1500 X107.803 Y93.661 E629.57317
G0 F9000 X107.237 Y93.661
G1 F1500 X141.339 Y127.762 E631.1772
G0 F9000 X141.339 Y128.328
G1 F1500 X106.671 Y93.661 E632.80786
G0 F9000 X106.106 Y93.661
G1 F1500 X141.339 Y128.894 E634.46511
G0 F9000 X141.339 Y129.459
G1 F1500 X105.54 Y93.661 E636.14896
G0 F9000 X104.974 Y93.661
G1 F1500 X141.339 Y130.025 E637.85944
G0 F9000 X141.339 Y130.591
G1 F1500 X104.409 Y93.661 E639.59651
G0 F9000 X103.843 Y93.661
G1 F1500 X141.339 Y131.156 E641.36018
G0 F9000 X141.339 Y131.722
G1 F1500 X103.277 Y93.661 E643.15048
G0 F9000 X102.712 Y93.661
G1 F1500 X141.339 Y132.288 E644.96737
G0 F9000 X141.339 Y132.853
G1 F1500 X102.146 Y93.661 E646.81087
G0 F9000 X101.58 Y93.661
G1 F1500 X141.339 Y133.419 E648.68099
G0 F9000 X141.339 Y133.985
G1 F1500 X101.014 Y93.661 E650.57773
G0 F9000 X100.449 Y93.661
G1 F1500 X141.339 Y134.55 E652.50105
G0 F9000 X141.339 Y135.116
G1 F1500 X99.883 Y93.661 E654.45098
G0 F9000 X99.317 Y93.661
G1 F1500 X141.339 Y135.682 E656.42755
G0 F9000 X141.339 Y136.247
G1 F1500 X127.287 Y122.196 E657.08849
G0 F9000 X127.284 Y122.759
G1 F1500 X141.339 Y136.813 E657.74957
G0 F9000 X141.339 Y137.379
G1 F1500 X127.103 Y123.143 E658.41919
G0 F9000 X126.887 Y123.493
G1 F1500 X141.339 Y137.945 E659.09896
G0 F9000 X141.326 Y138.497
G1 F1500 X126.592 Y123.763 E659.79201
G0 F9000 X126.182 Y123.919
G1 F1500 X141.258 Y138.995 E660.50113
G0 F9000 X141.139 Y139.442
G1 F1500 X125.565 Y123.868 E661.23369
G0 F9000 X125.696 Y123.427
G0 X124.496 Y122.741
G0 X124.267 Y123.136
G1 F1500 X140.974 Y139.843 E662.01953
G0 F9000 X140.74 Y140.175
G1 F1500 X122.929 Y122.363 E662.85733
G0 F9000 X123.158 Y121.969
G0 X121.82 Y121.196
G0 X121.591 Y121.591
G1 F1500 X140.494 Y140.494 E663.74647
G0 F9000 X140.175 Y140.74
G1 F1500 X120.253 Y120.819 E664.68352
G0 F9000 X120.482 Y120.424
G0 X119.144 Y119.651
G0 X118.915 Y120.046
G1 F1500 X139.843 Y140.974 E665.66791
G0 F9000 X139.442 Y141.139
G1 F1500 X117.577 Y119.274 E666.69637
G0 F9000 X117.806 Y118.879
G0 X116.469 Y118.106
G0 X116.239 Y118.502
G1 F1500 X138.996 Y141.259 E667.76679
G0 F9000 X138.498 Y141.327
G1 F1500 X114.901 Y117.73 E668.87672
G0 F9000 X115.131 Y117.334
G0 X113.793 Y116.561
G0 X113.563 Y116.957
G1 F1500 X137.945 Y141.339 E670.02357
G0 F9000 X137.38 Y141.339
G1 F1500 X112.225 Y116.185 E671.20676
G0 F9000 X112.455 Y115.789
G0 X111.117 Y115.016
G0 X110.887 Y115.413
G1 F1500 X136.814 Y141.339 E672.42627
G0 F9000 X136.248 Y141.339
G1 F1500 X109.549 Y114.64 E673.68211
G0 F9000 X109.779 Y114.244
G0 X108.441 Y113.471
G0 X108.211 Y113.868
G1 F1500 X135.682 Y141.339 E674.97426
G0 F9000 X135.117 Y141.339
G1 F1500 X93.661 Y99.883 E676.92422
G0 F9000 X93.661 Y100.449
G1 F1500 X134.551 Y141.339 E678.84756
G0 F9000 X133.985 Y141.339
G1 F1500 X93.661 Y101.014 E680.7443
G0 F9000 X93.661 Y101.58
G1 F1500 X133.42 Y141.339 E682.61444
G0 F9000 X132.854 Y141.339
G1 F1500 X93.661 Y102.146 E684.45796
G0 F9000 X93.661 Y102.712
G1 F1500 X132.288 Y141.339 E686.27486
G0 F9000 X131.723 Y141.339
G1 F1500 X93.661 Y103.277 E688.06518
G0 F9000 X93.661 Y103.843
G1 F1500 X131.157 Y141.339 E689.82887
G0 F9000 X130.591 Y141.339
G1 F1500 X93.661 Y104.409 E691.56595
G0 F9000 X93.661 Y104.974
G1 F1500 X130.026 Y141.339 E693.27645
G0 F9000 X129.46 Y141.339
G1 F1500 X93.661 Y105.54 E694.96032
G0 F9000 X93.661 Y106.106
G1 F1500 X128.894 Y141.339 E696.61757
G0 F9000 X128.329 Y141.339
G1 F1500 X93.661 Y106.671 E698.24825
G0 F9000 X93.661 Y107.237
G1 F1500 X127.763 Y141.339 E699.8523
G0 F9000 X127.197 Y141.339
G1 F1500 X93.661 Y107.803 E701.42973
G0 F9000 X93.661 Y108.368
G1 F1500 X126.632 Y141.339 E702.98059
G0 F9000 X126.066 Y141.339
G1 F1500 X93.661 Y108.934 E704.50482
G0 F9000 X93.661 Y109.5
G1 F1500 X125.5 Y141.339 E706.00243
G0 F9000 X124.934 Y141.339
G1 F1500 X93.661 Y110.065 E707.47344
G0 F9000 X93.661 Y110.631
G1 F1500 X124.369 Y141.339 E708.91785
G0 F9000 X123.803 Y141.339
G1 F1500 X93.661 Y111.197 E710.33564
G0 F9000 X93.661 Y111.762
G1 F1500 X123.237 Y141.339 E711.72682
G0 F9000 X122.672 Y141.339
G1 F1500 X93.661 Y112.328 E713.09141
G0 F9000 X93.661 Y112.894
G1 F1500 X122.106 Y141.339 E714.42938
G0 F9000 X121.54 Y141.339
G1 F1500 X93.661 Y113.46 E715.74072
G0 F9000 X93.661 Y114.025
G1 F1500 X120.975 Y141.339 E717.02549
G0 F9000 X120.409 Y141.339
G1 F1500 X93.661 Y114.591 E718.28363
G0 F9000 X93.661 Y115.157
G1 F1500 X119.843 Y141.339 E719.51515
G0 F9000 X119.278 Y141.339
G1 F1500 X93.661 Y115.722 E720.7201
G0 F9000 X93.661 Y116.288
G1 F1500 X118.712 Y141.339 E721.89842
G0 F9000 X118.146 Y141.339
G1 F1500 X93.661 Y116.854 E723.05012
G0 F9000 X93.661 Y117.419
G1 F1500 X117.581 Y141.339 E724.17524
G0 F9000 X117.015 Y141.339
G1 F1500 X93.661 Y117.985 E725.27374
G0 F9000 X93.661 Y118.551
G1 F1500 X116.449 Y141.339 E726.34562
G0 F9000 X115.883 Y141.339
G1 F1500 X93.661 Y119.116 E727.3909
G0 F9000 X93.661 Y119.682
G1 F1500 X115.318 Y141.339 E728.40958
G0 F9000 X114.752 Y141.339
G1 F1500 X93.661 Y120.248 E729.40163
G0 F9000 X93.661 Y120.813
G1 F1500 X114.186 Y141.339 E730.36709
G0 F9000 X113.621 Y141.339
G1 F1500 X93.661 Y121.379 E731.30595
G0 F9000 X93.661 Y121.945
G1 F1500 X113.055 Y141.339 E732.21818
G0 F9000 X112.489 Y141.339
G1 F1500 X93.661 Y122.51 E733.10382
G0 F9000 X93.661 Y123.076
G1 F1500 X111.924 Y141.339 E733.96285
G0 F9000 X111.358 Y141.339
G1 F1500 X93.661 Y123.642 E734.79527
G0 F9000 X93.661 Y124.208
G1 F1500 X110.792 Y141.339 E735.60106
G0 F9000 X110.227 Y141.339
G1 F1500 X93.661 Y124.773 E736.38027
G0 F9000 X93.661 Y125.339
G1 F1500 X109.661 Y141.339 E737.13286
G0 F9000 X109.095 Y141.339
G1 F1500 X93.661 Y125.905 E737.85883
G0 F9000 X93.661 Y126.47
G1 F1500 X108.53 Y141.339 E738.55822
G0 F9000 X107.964 Y141.339
G1 F1500 X93.661 Y127.036 E739.23099
G0 F9000 X93.661 Y127.602
G1 F1500 X107.398 Y141.339 E739.87714
G0 F9000 X106.833 Y141.339
G1 F1500 X93.661 Y128.167 E740.49671
G0 F9000 X93.661 Y128.733
G1 F1500 X106.267 Y141.339 E741.08965
G0 F9000 X105.701 Y141.339
G1 F1500 X93.661 Y129.299 E741.65598
G0 F9000 X93.661 Y129.864
G1 F1500 X105.135 Y141.339 E742.1957
G0 F9000 X104.57 Y141.339
G1 F1500 X93.661 Y130.43 E742.70883
G0 F9000 X93.661 Y130.996
G1 F1500 X104.004 Y141.339 E743.19533
G0 F9000 X103.438 Y141.339
G1 F1500 X93.661 Y131.561 E743.65524
G0 F9000 X93.661 Y132.127
G1 F1500 X102.873 Y141.339 E744.08854
G0 F9000 X102.307 Y141.339
G1 F1500 X93.661 Y132.693 E744.49522
G0 F9000 X93.661 Y133.259
G1 F1500 X101.741 Y141.339 E744.87528
G0 F9000 X101.176 Y141.339
G1 F1500 X93.661 Y133.824 E745.22876
G0 F9000 X93.661 Y134.39
G1 F1500 X100.61 Y141.339 E745.55562
G0 F9000 X100.044 Y141.339
G1 F1500 X93.661 Y134.956 E745.85586
G0 F9000 X93.661 Y135.521
G1 F1500 X99.479 Y141.339 E746.12952
G0 F9000 X98.913 Y141.339
G1 F1500 X93.661 Y136.087 E746.37656
G0 F9000 X93.661 Y136.653
G1 F1500 X98.347 Y141.339 E746.59697
G0 F9000 X97.782 Y141.339
G1 F1500 X93.661 Y137.218 E746.79081
G0 F9000 X93.661 Y137.784
G1 F1500 X97.216 Y141.339 E746.95803
G0 F9000 X96.65 Y141.339
G1 F1500 X93.661 Y138.35 E747.09862
G0 F9000 X93.734 Y138.989
G1 F1500 X96.005 Y141.259 E747.20542
G0 F9000 X95.158 Y140.979
G1 F1500 X94.015 Y139.835 E747.25921
G1 F2700 E742.25921
G0 F9000 X93.59 Y140.01
G0 X93.378 Y139.341
G0 X93.293 Y138.404
G0 X91.835 Y138.444
G0 X91.835 Y113.434
G0 X107.622 Y113.279
G1 F2700 E747.25921
G1 F1500 X93.661 Y99.317 E747.91591
G0 F9000 X93.661 Y98.752
G1 F1500 X107.506 Y112.598 E748.56716
G0 F9000 X107.663 Y112.188
G1 F1500 X93.661 Y98.186 E749.22577
G0 F9000 X93.661 Y97.62
G1 F1500 X107.866 Y111.825 E749.89393
G0 F9000 X108.151 Y111.545
G1 F1500 X93.661 Y97.055 E750.5755
G0 F9000 X93.672 Y96.5
G1 F1500 X108.509 Y111.337 E751.27339
G0 F9000 X109.061 Y111.324
G1 F1500 X93.735 Y95.998 E751.99427
G0 F9000 X93.851 Y95.549
G1 F1500 X110.156 Y111.853 E752.76119
G0 F9000 X109.925 Y112.252
G0 X111.264 Y113.025
G0 X111.495 Y112.627
G1 F1500 X94.018 Y95.15 E753.58325
G0 F9000 X94.252 Y94.818
G1 F1500 X112.834 Y113.4 E754.45729
G0 F9000 X112.603 Y113.798
G0 X113.942 Y114.571
G0 X114.173 Y114.173
G1 F1500 X94.498 Y94.498 E755.38274
G0 F9000 X94.818 Y94.252
G1 F1500 X115.512 Y114.947 E756.35615
G0 F9000 X115.281 Y115.345
G0 X116.621 Y116.118
G0 X116.852 Y115.72
G1 F1500 X95.15 Y94.018 E757.37695
G0 F9000 X95.549 Y93.851
G1 F1500 X118.19 Y116.493 E758.44193
G0 F9000 X117.959 Y116.891
G0 X119.299 Y117.664
G0 X119.529 Y117.267
G1 F1500 X95.998 Y93.735 E759.54878
G0 F9000 X96.5 Y93.672
G1 F1500 X120.869 Y118.04 E760.695
G0 F9000 X120.638 Y118.438
G0 X121.976 Y119.21
G0 X122.207 Y118.813
G1 F1500 X97.055 Y93.661 E761.87807
G0 F9000 X97.62 Y93.661
G1 F1500 X123.546 Y119.587 E763.09755
G0 F9000 X123.316 Y119.984
G0 X124.656 Y120.757
G0 X124.886 Y120.36
G1 F1500 X98.186 Y93.661 E764.35342
G0 F9000 X98.752 Y93.661
G1 F1500 X126.224 Y121.133 E765.64561
G1 F2700 E760.64561
;MESH:NONMESH
G0 F300 X126.224 Y121.133 Z0.8
G0 F9000 X125.994 Y121.53
G0 X108.708 Y111.895
G0 X91.835 Y111.895
G0 X91.836 Y96.457
G0 X91.964 Y95.475
G0 X94.1 Y94.1
;TIME_ELAPSED:1131.797768
;LAYER:3
M106 S255
;TYPE:WALL-INNER
;MESH:triangolo_spesso.stl
G1 F2700 E765.64561
G1 F1500 X93.556 Y94.804 E765.67521
G1 X93.221 Y95.613 E765.70433
G1 X93.1 Y96.543 E765.73552
G1 X93.1 Y138.457 E767.12959
G1 X93.221 Y139.383 E767.16065
G1 X93.556 Y140.192 E767.18977
G1 X94.1 Y140.896 E767.21936
G1 X94.804 Y141.44 E767.24895
G1 X95.614 Y141.775 E767.27811
G1 X96.544 Y141.9 E767.30932
G1 X138.456 Y141.9 E768.70332
G1 X139.383 Y141.775 E768.73443
G1 X140.188 Y141.443 E768.76339
G1 X140.896 Y140.896 E768.79315
G1 X141.443 Y140.188 E768.8229
G1 X141.775 Y139.383 E768.85187
G1 X141.9 Y138.456 E768.88298
G1 X141.9 Y96.544 E770.27698
G1 X141.775 Y95.613 E770.30822
G1 X141.443 Y94.808 E770.33718
G1 X140.896 Y94.101 E770.36691
G1 X140.188 Y93.556 E770.39663
G1 X139.383 Y93.221 E770.42563
G1 X138.457 Y93.1 E770.45669
G1 X96.543 Y93.1 E771.85076
G1 X95.613 Y93.221 E771.88195
G1 X94.804 Y93.556 E771.91107
G1 X94.1 Y94.1 E771.94066
G1 F2700 E766.94066
G0 F9000 X94.157 Y94.191
G0 X94.885 Y93.697
G0 X95.7 Y93.398
G0 X95.474 Y91.965
G0 X96.27 Y91.861
G0 X116.595 Y91.835
G0 X116.773 Y107.09
G1 F2700 E771.94066
G1 F1500 X116.962 Y106.954 E771.94841
G1 X117.146 Y106.903 E771.95476
G1 X117.678 Y106.903 E771.97245
G1 X117.968 Y107.016 E771.9828
G1 X118.118 Y107.176 E771.9901
G1 X118.211 Y107.46 E772.00004
G1 X118.208 Y127.578 E772.66917
G1 X118.143 Y127.781 E772.67626
G1 X117.918 Y128.017 E772.6871
G1 X117.678 Y128.097 E772.69552
G1 X117.146 Y128.097 E772.71321
G1 X116.962 Y128.046 E772.71956
G1 X116.708 Y127.827 E772.73071
G1 X116.613 Y127.541 E772.74074
G1 X116.617 Y107.418 E773.41003
G1 X116.662 Y107.258 E773.41556
G1 X116.773 Y107.09 E773.42226
G0 F9000 X117.127 Y107.301
;TYPE:WALL-OUTER
G1 F1500 X117.661 Y107.3 E773.44002
G1 X117.76 Y107.364 E773.44394
G1 X117.811 Y107.473 E773.44794
G1 X117.806 Y127.552 E774.11577
G1 X117.731 Y127.662 E774.1202
G1 X117.634 Y127.699 E774.12365
G1 X117.128 Y127.7 E774.14048
G1 X117.013 Y127.528 E774.14736
G1 X117.013 Y107.472 E774.81443
G1 X117.127 Y107.301 E774.82126
G1 F2700 E769.82126
G0 F9000 X116.513 Y107.537
G0 X116.497 Y107.184
G0 X116.497 Y91.835
G0 X96.457 Y91.836
G0 X95.474 Y91.965
G0 X93.815 Y93.815
G1 F2700 E774.82126
G1 F1500 X93.207 Y94.602 E774.85434
G1 X92.831 Y95.509 E774.887
G1 X92.7 Y96.517 E774.92081
G1 X92.7 Y138.483 E776.3166
G1 X92.831 Y139.487 E776.35028
G1 X93.207 Y140.394 E776.38293
G1 X93.815 Y141.181 E776.41601
G1 X94.602 Y141.789 E776.44909
G1 X95.509 Y142.165 E776.48175
G1 X96.518 Y142.3 E776.5156
G1 X138.482 Y142.3 E777.91133
G1 X139.487 Y142.165 E777.94506
G1 X140.39 Y141.793 E777.97754
G1 X141.181 Y141.181 E778.01081
G1 X141.793 Y140.39 E778.04407
G1 X142.165 Y139.487 E778.07655
G1 X142.3 Y138.482 E778.11028
G1 X142.3 Y96.518 E779.50601
G1 X142.165 Y95.509 E779.53987
G1 X141.793 Y94.606 E779.57235
G1 X141.181 Y93.815 E779.60561
G1 X140.39 Y93.207 E779.63879
G1 X139.487 Y92.831 E779.67133
G1 X138.483 Y92.7 E779.705
G1 X96.517 Y92.7 E781.1008
G1 X95.509 Y92.831 E781.13461
G1 X94.602 Y93.207 E781.16726
G1 X93.815 Y93.815 E781.20034
G1 F2700 E776.20034
G0 F9000 X94.157 Y94.191
G0 X94.885 Y93.697
G0 X95.7 Y93.398
G0 X95.474 Y91.965
G0 X96.27 Y91.861
G0 X116.595 Y91.835
G0 X116.479 Y106.882
;TYPE:SKIN
G1 F2700 E781.20034
G1 F1500 X116.336 Y107.102 E781.20907
G1 X116.253 Y107.419 E781.21997
G1 X116.253 Y127.577 E781.89042
G1 X116.398 Y128.022 E781.90599
G1 X116.722 Y128.331 E781.92088
G1 X117.085 Y128.452 E781.93361
G1 X117.719 Y128.455 E781.9547
G1 X118.121 Y128.345 E781.96856
G1 X118.43 Y128.01 E781.98372
G1 X118.566 Y127.579 E781.99875
G1 X118.567 Y107.424 E782.66911
G1 X118.425 Y106.984 E782.68448
G1 X118.121 Y106.655 E782.69938
G1 X117.719 Y106.545 E782.71324
G1 X117.085 Y106.548 E782.73433
G1 X116.723 Y106.667 E782.74701
G1 X116.479 Y106.882 E782.75782
G1 F2700 E777.75782
G0 F9000 X116.513 Y107.537
G0 X116.497 Y107.184
G0 X116.497 Y91.835
G0 X96.457 Y91.836
G0 X95.474 Y91.965
G0 X94.355 Y94.355
G1 F2700 E782.75782
G1 F1500 X94.99 Y93.867 E782.78446
G1 X95.701 Y93.571 E782.81007
G1 X96.569 Y93.46 E782.83918
G1 X138.427 Y93.46 E784.23138
G1 X139.291 Y93.571 E784.26036
G1 X140.002 Y93.867 E784.28597
G1 X140.633 Y94.351 E784.31242
G1 X141.125 Y94.989 E784.33922
G1 X141.421 Y95.705 E784.36499
G1 X141.54 Y96.574 E784.39416
G1 X141.539 Y138.418 E785.7859
G1 X141.421 Y139.287 E785.81506
G1 X141.125 Y140.006 E785.84093
G1 X140.637 Y140.637 E785.86746
G1 X140.006 Y141.125 E785.89399
G1 X139.287 Y141.421 E785.91985
G1 X138.422 Y141.539 E785.94889
G1 X96.574 Y141.54 E787.34076
G1 X95.705 Y141.421 E787.36993
G1 X94.986 Y141.125 E787.39579
G1 X94.355 Y140.637 E787.42232
G1 X93.867 Y140.002 E787.44896
G1 X93.571 Y139.291 E787.47457
G1 X93.461 Y138.427 E787.50354
G1 X93.46 Y96.569 E788.89574
G1 X93.571 Y95.701 E788.92485
G1 X93.867 Y94.99 E788.95047
G1 X94.355 Y94.355 E788.9771
G0 F9000 X94.199 Y94.151
G0 X93.914 Y94.567
G0 X93.315 Y95.668
G0 X93.777 Y95.728
G1 F1500 X95.728 Y93.777 E789.06887
G0 F9000 X96.384 Y93.686
G1 F1500 X93.686 Y96.384 E789.19578
G0 F9000 X93.661 Y96.975
G1 F1500 X96.976 Y93.66 E789.3517
G0 F9000 X97.542 Y93.66
G1 F1500 X93.661 Y97.541 E789.53425
G0 F9000 X93.661 Y98.107
G1 F1500 X98.108 Y93.66 E789.74343
G0 F9000 X98.673 Y93.66
G1 F1500 X93.661 Y98.673 E789.9792
G0 F9000 X93.661 Y99.238
G1 F1500 X99.239 Y93.66 E790.24157
G0 F9000 X99.805 Y93.66
G1 F1500 X93.661 Y99.804 E790.53057
G0 F9000 X93.661 Y100.37
G1 F1500 X100.37 Y93.66 E790.84616
G0 F9000 X100.936 Y93.66
G1 F1500 X93.661 Y100.935 E791.18835
G0 F9000 X93.661 Y101.501
G1 F1500 X101.502 Y93.66 E791.55717
G0 F9000 X102.067 Y93.66
G1 F1500 X93.661 Y102.067 E791.95259
G0 F9000 X93.661 Y102.632
G1 F1500 X102.633 Y93.66 E792.3746
G0 F9000 X103.199 Y93.66
G1 F1500 X93.661 Y103.198 E792.82324
G0 F9000 X93.661 Y103.764
G1 F1500 X103.764 Y93.66 E793.29848
G0 F9000 X104.33 Y93.66
G1 F1500 X93.661 Y104.329 E793.80032
G0 F9000 X93.661 Y104.895
G1 F1500 X104.896 Y93.66 E794.32878
G0 F9000 X105.461 Y93.66
G1 F1500 X93.661 Y105.461 E794.88384
G0 F9000 X93.661 Y106.026
G1 F1500 X106.027 Y93.66 E795.46549
G0 F9000 X106.593 Y93.66
G1 F1500 X93.661 Y106.592 E796.07378
G0 F9000 X93.661 Y107.158
G1 F1500 X107.158 Y93.66 E796.70866
G0 F9000 X107.724 Y93.66
G1 F1500 X93.661 Y107.723 E797.37014
G0 F9000 X93.661 Y108.289
G1 F1500 X108.29 Y93.66 E798.05824
G0 F9000 X108.856 Y93.66
G1 F1500 X93.661 Y108.855 E798.77297
G0 F9000 X93.661 Y109.421
G1 F1500 X109.421 Y93.66 E799.51429
G0 F9000 X109.987 Y93.66
G1 F1500 X93.661 Y109.986 E800.28222
G0 F9000 X93.661 Y110.552
G1 F1500 X110.553 Y93.66 E801.07676
G0 F9000 X111.118 Y93.66
G1 F1500 X93.661 Y111.118 E801.89791
G0 F9000 X93.661 Y111.683
G1 F1500 X111.684 Y93.66 E802.74566
G0 F9000 X112.25 Y93.66
G1 F1500 X93.661 Y112.249 E803.62003
G0 F9000 X93.661 Y112.815
G1 F1500 X112.815 Y93.66 E804.521
G0 F9000 X113.381 Y93.66
G1 F1500 X93.661 Y113.38 E805.44857
G0 F9000 X93.661 Y113.946
G1 F1500 X113.947 Y93.66 E806.40276
G0 F9000 X114.512 Y93.66
G1 F1500 X93.661 Y114.512 E807.38355
G0 F9000 X93.661 Y115.077
G1 F1500 X115.078 Y93.66 E808.39094
G0 F9000 X115.644 Y93.66
G1 F1500 X93.661 Y115.643 E809.42495
G0 F9000 X93.661 Y116.209
G1 F1500 X116.209 Y93.66 E810.48556
G0 F9000 X116.775 Y93.66
G1 F1500 X93.661 Y116.774 E811.57277
G0 F9000 X93.661 Y117.34
G1 F1500 X117.341 Y93.66 E812.68661
G0 F9000 X117.907 Y93.66
G1 F1500 X93.661 Y117.905 E813.82704
G0 F9000 X93.661 Y118.471
G1 F1500 X118.472 Y93.66 E814.99408
G0 F9000 X119.038 Y93.66
G1 F1500 X93.661 Y119.036 E816.18771
G0 F9000 X93.661 Y119.602
G1 F1500 X119.604 Y93.66 E817.40796
G0 F9000 X120.169 Y93.66
G1 F1500 X93.661 Y120.168 E818.65482
G0 F9000 X93.661 Y120.734
G1 F1500 X120.735 Y93.66 E819.9283
G0 F9000 X121.301 Y93.66
G1 F1500 X93.661 Y121.299 E821.22838
G0 F9000 X93.661 Y121.865
G1 F1500 X121.866 Y93.66 E822.55505
G0 F9000 X122.432 Y93.66
G1 F1500 X93.661 Y122.431 E823.90835
G0 F9000 X93.661 Y122.996
G1 F1500 X122.998 Y93.66 E825.28825
G0 F9000 X123.563 Y93.66
G1 F1500 X93.661 Y123.562 E826.69475
G0 F9000 X93.661 Y124.128
G1 F1500 X124.129 Y93.66 E828.12787
G0 F9000 X124.695 Y93.66
G1 F1500 X93.661 Y124.693 E829.58759
G0 F9000 X93.661 Y125.259
G1 F1500 X125.26 Y93.66 E831.07391
G0 F9000 X125.826 Y93.66
G1 F1500 X93.661 Y125.825 E832.58685
G0 F9000 X93.661 Y126.39
G1 F1500 X126.392 Y93.66 E834.1264
G0 F9000 X126.957 Y93.66
G1 F1500 X93.661 Y126.956 E835.69254
G0 F9000 X93.661 Y127.522
G1 F1500 X127.523 Y93.66 E837.2853
G0 F9000 X128.089 Y93.66
G1 F1500 X93.661 Y128.087 E838.90467
G0 F9000 X93.661 Y128.653
G1 F1500 X128.655 Y93.66 E840.55065
G0 F9000 X129.22 Y93.66
G1 F1500 X93.661 Y129.219 E842.22324
G0 F9000 X93.661 Y129.784
G1 F1500 X116.059 Y107.387 E843.27675
G0 F9000 X116.052 Y107.96
G1 F1500 X93.661 Y130.35 E844.32993
G0 F9000 X93.661 Y130.916
G1 F1500 X116.052 Y108.525 E845.38313
G0 F9000 X116.052 Y109.091
G1 F1500 X93.661 Y131.482 E846.43634
G0 F9000 X93.661 Y132.047
G1 F1500 X116.052 Y109.657 E847.48952
G0 F9000 X116.052 Y110.222
G1 F1500 X93.661 Y132.613 E848.54272
G0 F9000 X93.661 Y133.179
G1 F1500 X116.052 Y110.788 E849.59593
G0 F9000 X116.052 Y111.354
G1 F1500 X93.661 Y133.744 E850.64911
G0 F9000 X93.661 Y134.31
G1 F1500 X116.052 Y111.919 E851.70231
G0 F9000 X116.052 Y112.485
G1 F1500 X93.661 Y134.876 E852.75552
G0 F9000 X93.661 Y135.441
G1 F1500 X116.052 Y113.051 E853.8087
G0 F9000 X116.052 Y113.617
G1 F1500 X93.661 Y136.007 E854.86188
G0 F9000 X93.661 Y136.573
G1 F1500 X116.052 Y114.182 E855.91508
G0 F9000 X116.052 Y114.748
G1 F1500 X93.661 Y137.138 E856.96826
G0 F9000 X93.661 Y137.704
G1 F1500 X116.052 Y115.314 E858.02144
G0 F9000 X116.052 Y115.879
G1 F1500 X93.661 Y138.27 E859.07465
G0 F9000 X93.709 Y138.787
G1 F1500 X116.052 Y116.445 E860.12557
G0 F9000 X116.052 Y117.011
G1 F1500 X93.784 Y139.279 E861.17299
G0 F9000 X93.95 Y139.678
G1 F1500 X116.052 Y117.576 E862.2126
G0 F9000 X116.052 Y118.142
G1 F1500 X94.151 Y140.042 E863.24273
G0 F9000 X94.397 Y140.363
G1 F1500 X116.052 Y118.708 E864.26131
G0 F9000 X116.052 Y119.273
G1 F1500 X94.686 Y140.639 E865.26631
G0 F9000 X95.005 Y140.885
G1 F1500 X116.052 Y119.839 E866.25627
G0 F9000 X116.052 Y120.405
G1 F1500 X95.384 Y141.072 E867.2284
G0 F9000 X95.792 Y141.23
G1 F1500 X116.052 Y120.97 E868.18137
G0 F9000 X116.052 Y121.536
G1 F1500 X96.29 Y141.298 E869.11092
G0 F9000 X96.814 Y141.34
G1 F1500 X116.052 Y122.102 E870.01581
G0 F9000 X116.052 Y122.667
G1 F1500 X97.379 Y141.34 E870.89413
G0 F9000 X97.945 Y141.34
G1 F1500 X116.052 Y123.233 E871.74583
G0 F9000 X116.052 Y123.799
G1 F1500 X98.511 Y141.34 E872.57091
G0 F9000 X99.076 Y141.34
G1 F1500 X116.052 Y124.365 E873.36938
G0 F9000 X116.052 Y124.93
G1 F1500 X99.642 Y141.34 E874.14126
G0 F9000 X100.208 Y141.34
G1 F1500 X116.052 Y125.496 E874.88651
G0 F9000 X116.052 Y126.062
G1 F1500 X100.773 Y141.34 E875.60516
G0 F9000 X101.339 Y141.34
G1 F1500 X116.052 Y126.627 E876.29722
G0 F9000 X116.052 Y127.193
G1 F1500 X101.905 Y141.34 E876.96265
G0 F9000 X102.47 Y141.34
G1 F1500 X116.089 Y127.722 E877.60322
G0 F9000 X116.235 Y128.141
G1 F1500 X103.036 Y141.34 E878.22406
G0 F9000 X103.602 Y141.34
G1 F1500 X116.525 Y128.417 E878.83192
G0 F9000 X116.905 Y128.602
G1 F1500 X104.167 Y141.34 E879.43108
G0 F9000 X104.733 Y141.34
G1 F1500 X117.421 Y128.652 E880.02788
G0 F9000 X118.072 Y128.567
G1 F1500 X105.299 Y141.34 E880.62869
G0 F9000 X105.864 Y141.34
G1 F1500 X141.339 Y105.865 E882.29732
G0 F9000 X141.339 Y105.3
G1 F1500 X118.645 Y127.993 E883.36475
G0 F9000 X118.768 Y127.305
G1 F1500 X141.339 Y104.734 E884.42642
G0 F9000 X141.339 Y104.168
G1 F1500 X118.768 Y126.739 E885.48809
G0 F9000 X118.768 Y126.173
G1 F1500 X141.339 Y103.602 E886.54977
G0 F9000 X141.339 Y103.037
G1 F1500 X118.768 Y125.608 E887.61144
G0 F9000 X118.768 Y125.042
G1 F1500 X141.339 Y102.471 E888.67311
G0 F9000 X141.339 Y101.905
G1 F1500 X118.768 Y124.477 E889.7348
G0 F9000 X118.768 Y123.911
G1 F1500 X141.339 Y101.34 E890.79647
G0 F9000 X141.339 Y100.774
G1 F1500 X118.768 Y123.346 E891.85817
G0 F9000 X118.768 Y122.78
G1 F1500 X141.339 Y100.208 E892.91986
G0 F9000 X141.339 Y99.643
G1 F1500 X118.768 Y122.214 E893.98153
G0 F9000 X118.767 Y121.649
G1 F1500 X141.339 Y99.077 E895.04325
G0 F9000 X141.339 Y98.511
G1 F1500 X118.767 Y121.084 E896.10499
G0 F9000 X118.767 Y120.518
G1 F1500 X141.339 Y97.946 E897.16671
G0 F9000 X141.339 Y97.38
G1 F1500 X118.767 Y119.952 E898.22842
G0 F9000 X118.767 Y119.386
G1 F1500 X141.339 Y96.814 E899.29014
G0 F9000 X141.298 Y96.29
G1 F1500 X118.766 Y118.822 E900.34998
G0 F9000 X118.766 Y118.256
G1 F1500 X141.23 Y95.792 E901.40662
G0 F9000 X141.071 Y95.385
G1 F1500 X118.766 Y117.69 E902.45577
G0 F9000 X118.766 Y117.124
G1 F1500 X140.885 Y95.006 E903.49616
G0 F9000 X140.639 Y94.687
G1 F1500 X118.766 Y116.559 E904.52498
G0 F9000 X118.766 Y115.994
G1 F1500 X140.364 Y94.396 E905.54088
G0 F9000 X140.043 Y94.151
G1 F1500 X118.766 Y115.428 E906.54169
G0 F9000 X118.766 Y114.862
G1 F1500 X139.679 Y93.949 E907.52537
G0 F9000 X139.28 Y93.783
G1 F1500 X118.766 Y114.297 E908.49028
G0 F9000 X118.766 Y113.731
G1 F1500 X138.788 Y93.709 E909.43206
G0 F9000 X138.271 Y93.66
G1 F1500 X118.766 Y113.165 E910.34951
G0 F9000 X118.765 Y112.6
G1 F1500 X137.706 Y93.66 E911.24042
G0 F9000 X137.14 Y93.66
G1 F1500 X118.765 Y112.035 E912.10472
G0 F9000 X118.765 Y111.469
G1 F1500 X136.574 Y93.66 E912.9424
G0 F9000 X136.008 Y93.66
G1 F1500 X118.765 Y110.903 E913.75346
G0 F9000 X118.765 Y110.338
G1 F1500 X135.443 Y93.66 E914.53794
G0 F9000 X134.877 Y93.66
G1 F1500 X118.764 Y109.773 E915.29585
G0 F9000 X118.764 Y109.207
G1 F1500 X134.311 Y93.66 E916.02713
G0 F9000 X133.746 Y93.66
G1 F1500 X118.764 Y108.641 E916.73181
G0 F9000 X118.764 Y108.076
G1 F1500 X133.18 Y93.66 E917.4099
G0 F9000 X132.614 Y93.66
G1 F1500 X118.764 Y107.51 E918.06136
G0 F9000 X118.657 Y107.051
G1 F1500 X132.049 Y93.66 E918.69125
G0 F9000 X131.483 Y93.66
G1 F1500 X118.438 Y106.705 E919.30485
G0 F9000 X118.126 Y106.451
G1 F1500 X130.917 Y93.66 E919.9065
G0 F9000 X130.352 Y93.66
G1 F1500 X117.664 Y106.347 E920.50328
G0 F9000 X117.099 Y106.347
G1 F1500 X129.786 Y93.66 E921.10004
G0 F9000 X129.786 Y93.2
G0 X138.446 Y93.261
G0 X139.341 Y93.378
G0 X140.107 Y93.697
G0 X140.782 Y94.215
G0 X141.303 Y94.889
G0 X141.618 Y95.655
G0 X141.716 Y96.385
G0 X141.8 Y106.431
G0 X141.339 Y106.431
G1 F1500 X106.43 Y141.34 E922.74205
G0 F9000 X106.996 Y141.34
G1 F1500 X141.339 Y106.997 E924.35744
G0 F9000 X141.339 Y107.562
G1 F1500 X107.562 Y141.34 E925.94623
G0 F9000 X108.127 Y141.34
G1 F1500 X141.339 Y108.128 E927.50842
G0 F9000 X141.339 Y108.694
G1 F1500 X108.693 Y141.34 E929.04399
G0 F9000 X109.259 Y141.34
G1 F1500 X141.339 Y109.259 E930.55296
G0 F9000 X141.339 Y109.825
G1 F1500 X109.824 Y141.34 E932.03533
G0 F9000 X110.39 Y141.34
G1 F1500 X141.339 Y110.391 E933.49107
G0 F9000 X141.339 Y110.956
G1 F1500 X110.956 Y141.34 E934.92022
G0 F9000 X111.521 Y141.34
G1 F1500 X141.339 Y111.522 E936.32277
G0 F9000 X141.339 Y112.088
G1 F1500 X112.087 Y141.34 E937.69869
G0 F9000 X112.653 Y141.34
G1 F1500 X141.339 Y112.653 E939.04802
G0 F9000 X141.339 Y113.219
G1 F1500 X113.218 Y141.34 E940.37074
G0 F9000 X113.784 Y141.34
G1 F1500 X141.339 Y113.785 E941.66684
G0 F9000 X141.339 Y114.35
G1 F1500 X114.35 Y141.34 E942.93635
G0 F9000 X114.915 Y141.34
G1 F1500 X141.339 Y114.916 E944.17925
G0 F9000 X141.339 Y115.482
G1 F1500 X115.481 Y141.34 E945.39553
G0 F9000 X116.047 Y141.34
G1 F1500 X141.339 Y116.048 E946.58519
G0 F9000 X141.339 Y116.613
G1 F1500 X116.613 Y141.34 E947.74825
G0 F9000 X117.178 Y141.34
G1 F1500 X141.339 Y117.179 E948.88471
G0 F9000 X141.339 Y117.745
G1 F1500 X117.744 Y141.34 E949.99455
G0 F9000 X118.31 Y141.34
G1 F1500 X141.339 Y118.311 E951.07776
G0 F9000 X141.339 Y118.877
G1 F1500 X118.875 Y141.34 E952.13437
G0 F9000 X119.441 Y141.34
G1 F1500 X141.339 Y119.442 E953.16439
G0 F9000 X141.339 Y120.008
G1 F1500 X120.007 Y141.34 E954.16778
G0 F9000 X120.572 Y141.34
G1 F1500 X141.339 Y120.574 E955.14457
G0 F9000 X141.339 Y121.139
G1 F1500 X121.138 Y141.34 E956.09477
G0 F9000 X121.704 Y141.34
G1 F1500 X141.339 Y121.705 E957.01834
G0 F9000 X141.339 Y122.271
G1 F1500 X122.269 Y141.34 E957.91531
G0 F9000 X122.835 Y141.34
G1 F1500 X141.339 Y122.836 E958.78568
G0 F9000 X141.339 Y123.402
G1 F1500 X123.401 Y141.34 E959.62943
G0 F9000 X123.966 Y141.34
G1 F1500 X141.339 Y123.968 E960.44658
G0 F9000 X141.339 Y124.534
G1 F1500 X124.532 Y141.34 E961.2371
G0 F9000 X125.098 Y141.34
G1 F1500 X141.339 Y125.099 E962.00103
G0 F9000 X141.339 Y125.665
G1 F1500 X125.663 Y141.34 E962.73836
G0 F9000 X126.229 Y141.34
G1 F1500 X141.339 Y126.231 E963.44906
G0 F9000 X141.339 Y126.796
G1 F1500 X126.795 Y141.34 E964.13317
G0 F9000 X127.361 Y141.34
G1 F1500 X141.339 Y127.362 E964.79065
G0 F9000 X141.339 Y127.928
G1 F1500 X127.926 Y141.34 E965.42153
G0 F9000 X128.492 Y141.34
G1 F1500 X141.339 Y128.493 E966.02581
G0 F9000 X141.339 Y129.059
G1 F1500 X129.058 Y141.34 E966.60348
G0 F9000 X129.623 Y141.34
G1 F1500 X141.339 Y129.625 E967.15454
G0 F9000 X141.339 Y130.19
G1 F1500 X130.189 Y141.34 E967.679
G0 F9000 X130.755 Y141.34
G1 F1500 X141.339 Y130.756 E968.17684
G0 F9000 X141.339 Y131.322
G1 F1500 X131.32 Y141.34 E968.64808
G0 F9000 X131.886 Y141.34
G1 F1500 X141.339 Y131.887 E969.09272
G0 F9000 X141.339 Y132.453
G1 F1500 X132.452 Y141.34 E969.51073
G0 F9000 X133.017 Y141.34
G1 F1500 X141.339 Y133.019 E969.90215
G0 F9000 X141.339 Y133.584
G1 F1500 X133.583 Y141.34 E970.26697
G0 F9000 X134.149 Y141.34
G1 F1500 X141.339 Y134.15 E970.60517
G0 F9000 X141.339 Y134.716
G1 F1500 X134.714 Y141.34 E970.91676
G0 F9000 X135.28 Y141.34
G1 F1500 X141.339 Y135.282 E971.20174
G0 F9000 X141.339 Y135.847
G1 F1500 X135.846 Y141.34 E971.46011
G0 F9000 X136.412 Y141.34
G1 F1500 X141.339 Y136.413 E971.69186
G0 F9000 X141.339 Y136.979
G1 F1500 X136.977 Y141.34 E971.89701
G0 F9000 X137.543 Y141.34
G1 F1500 X141.339 Y137.544 E972.07556
G0 F9000 X141.339 Y138.11
G1 F1500 X138.109 Y141.34 E972.22749
G0 F9000 X138.717 Y141.297
G1 F1500 X141.296 Y138.718 E972.3488
G0 F9000 X141.141 Y139.439
G1 F1500 X139.439 Y141.141 E972.42886
G1 F2700 E967.42886
;MESH:NONMESH
G0 F300 X139.439 Y141.141 Z1
G0 F9000 X139.615 Y141.571
G0 X138.444 Y141.739
G0 X96.556 Y141.739
G0 X95.656 Y141.618
G0 X94.885 Y141.299
G0 X94.215 Y140.781
G0 X93.697 Y140.111
G0 X93.378 Y139.341
G0 X93.261 Y138.446
G0 X93.261 Y96.554
G0 X93.378 Y95.655
G0 X93.636 Y95.031
G0 X94.157 Y94.191
G0 X94.1 Y94.1
;TIME_ELAPSED:1404.483830
;LAYER:4
;TYPE:WALL-INNER
;MESH:triangolo_spesso.stl
G1 F2700 E972.42886
G1 F1500 X93.556 Y94.804 E972.45845
G1 X93.221 Y95.613 E972.48757
G1 X93.1 Y96.543 E972.51877
G1 X93.1 Y138.457 E973.91283
G1 X93.221 Y139.383 E973.94389
G1 X93.556 Y140.192 E973.97301
G1 X94.1 Y140.896 E974.00261
G1 X94.804 Y141.44 E974.0322
G1 X95.614 Y141.775 E974.06135
G1 X96.544 Y141.9 E974.09256
G1 X138.456 Y141.9 E975.48656
G1 X139.383 Y141.775 E975.51767
G1 X140.188 Y141.443 E975.54663
G1 X140.896 Y140.896 E975.57639
G1 X141.443 Y140.188 E975.60615
G1 X141.775 Y139.383 E975.63511
G1 X141.9 Y138.456 E975.66622
G1 X141.9 Y96.544 E977.06022
G1 X141.775 Y95.613 E977.09146
G1 X141.443 Y94.808 E977.12043
G1 X140.896 Y94.101 E977.15016
G1 X140.188 Y93.556 E977.17987
G1 X139.383 Y93.221 E977.20887
G1 X138.457 Y93.1 E977.23993
G1 X96.543 Y93.1 E978.634
G1 X95.613 Y93.221 E978.66519
G1 X94.804 Y93.556 E978.69432
G1 X94.1 Y94.1 E978.72391
G1 F2700 E973.72391
G0 F9000 X94.312 Y94.313
G0 X107.958 Y121.575
G0 X108.143 Y121.895
G1 F2700 E978.72391
G1 F1500 X108.299 Y121.721 E978.73168
G1 X125.729 Y111.657 E979.4011
G1 X125.943 Y111.608 E979.4084
G1 X126.135 Y111.629 E979.41483
G1 X126.339 Y111.729 E979.42238
G1 X126.472 Y111.869 E979.42881
G1 X126.721 Y112.311 E979.44568
G1 X126.768 Y112.478 E979.45145
G1 X126.764 Y112.66 E979.4575
G1 X126.685 Y112.869 E979.46494
G1 X126.473 Y113.076 E979.47479
G1 X109.113 Y123.097 E980.14148
G1 X108.892 Y123.155 E980.14908
G1 X108.618 Y123.109 E980.15832
G1 X108.358 Y122.898 E980.16946
G1 X108.093 Y122.432 E980.18729
G1 X108.064 Y122.104 E980.19824
G1 X108.143 Y121.895 E980.20567
G0 F9000 X108.458 Y122.267
;TYPE:WALL-OUTER
G1 F1500 X108.458 Y122.173 E980.2088
G1 X108.53 Y122.052 E980.21348
G1 X125.927 Y112.005 E980.88167
G1 X126.11 Y112.039 E980.88786
G1 X126.37 Y112.498 E980.9054
G1 X126.322 Y112.702 E980.91237
G1 X108.939 Y122.737 E981.57996
G1 X108.788 Y122.746 E981.58499
G1 X108.698 Y122.685 E981.58861
G1 X108.458 Y122.267 E981.60464
G1 F2700 E976.60464
G0 F9000 X107.851 Y122.616
G0 X94.312 Y94.313
G0 X93.815 Y93.815
G1 F2700 E981.60464
G1 F1500 X93.207 Y94.602 E981.63771
G1 X92.831 Y95.509 E981.67037
G1 X92.7 Y96.517 E981.70418
G1 X92.7 Y138.483 E983.09997
G1 X92.831 Y139.487 E983.13365
G1 X93.207 Y140.394 E983.16631
G1 X93.815 Y141.181 E983.19938
G1 X94.602 Y141.789 E983.23246
G1 X95.509 Y142.165 E983.26512
G1 X96.518 Y142.3 E983.29898
G1 X138.482 Y142.3 E984.6947
G1 X139.487 Y142.165 E984.72843
G1 X140.39 Y141.793 E984.76091
G1 X141.181 Y141.181 E984.79418
G1 X141.793 Y140.39 E984.82744
G1 X142.165 Y139.487 E984.85992
G1 X142.3 Y138.482 E984.89365
G1 X142.3 Y96.518 E986.28938
G1 X142.165 Y95.509 E986.32324
G1 X141.793 Y94.606 E986.35572
G1 X141.181 Y93.815 E986.38898
G1 X140.39 Y93.207 E986.42217
G1 X139.487 Y92.831 E986.4547
G1 X138.483 Y92.7 E986.48838
G1 X96.517 Y92.7 E987.88417
G1 X95.509 Y92.831 E987.91798
G1 X94.602 Y93.207 E987.95064
G1 X93.815 Y93.815 E987.98371
G0 F9000 X94.721 Y93.721
;TYPE:FILL
G1 F3000 X111.037 Y110.037 E988.75117
G0 F9000 X110.937 Y110.037
G0 X110.937 Y107.54
G0 X111.037 Y107.54
G1 F3000 X93.181 Y112.324 E989.36601
G0 F9000 X93.18 Y112.801
G1 F3000 X98.438 Y93.18 E990.04163
G0 F9000 X98.438 Y93.4
G0 X102.665 Y93.4
G0 X102.665 Y93.18
G1 F3000 X116.535 Y107.05 E990.69403
G0 F9000 X116.435 Y107.05
G0 X116.507 Y106.792
G0 X118.323 Y106.792
G0 X118.395 Y108.81
G0 X118.295 Y108.81
G1 F3000 X122.284 Y112.799 E990.88166
G0 F9000 X122.335 Y112.713
G0 X124.247 Y112.17
G0 X124.356 Y112.36
G1 F3000 X129.496 Y93.18 E991.5421
G0 F9000 X129.496 Y93.4
G0 X128.121 Y93.4
G0 X128.121 Y93.18
G1 F3000 X141.82 Y106.879 E992.18646
G0 F9000 X141.6 Y106.879
G0 X141.6 Y105.503
G0 X141.82 Y105.503
G1 F3000 X119.845 Y111.391 E992.94313
G0 F9000 X119.896 Y111.305
G0 X118.648 Y110.585
G0 X118.598 Y110.67
G1 F3000 X123.284 Y93.179 E993.5454
G0 F9000 X123.284 Y93.4
G0 X119.635 Y93.4
G0 X119.635 Y93.18
G1 F3000 X141.82 Y115.364 E994.58889
G0 F9000 X141.6 Y115.364
G0 X141.6 Y116.732
G0 X141.82 Y116.732
G1 F3000 X135.098 Y141.82 E995.45276
G0 F9000 X134.335 Y141.82
G1 F3000 X118.295 Y125.78 E996.20723
G0 F9000 X118.395 Y125.78
G0 X119.234 Y124.078
G0 X119.185 Y123.992
G1 F3000 X124.317 Y122.616 E996.38395
G0 F9000 X124.266 Y122.702
G0 X122.915 Y121.952
G0 X122.866 Y121.866
G1 F3000 X141.275 Y140.275 E997.24985
G0 F9000 X141.105 Y140.144
G0 X141.6 Y136.562
G0 X141.819 Y136.562
G1 F3000 X122.194 Y141.82 E997.9256
G0 F9000 X122.674 Y141.821
G1 F3000 X128.965 Y118.343 E998.73403
G0 F9000 X128.245 Y118.76
G1 F3000 X141.82 Y132.335 E999.37256
G0 F9000 X141.6 Y132.335
G0 X141.6 Y130.35
G0 X141.819 Y130.35
G1 F3000 X99.012 Y141.82 E1000.84655
G0 F9000 X99.012 Y141.6
G0 X97.827 Y141.6
G0 X97.827 Y141.821
G1 F3000 X110.861 Y93.18 E1002.52143
G0 F9000 X111.15 Y93.18
G1 F3000 X141.82 Y123.85 E1003.96405
G0 F9000 X141.82 Y124.138
G1 F3000 X93.181 Y137.171 E1005.63886
G0 F9000 X93.4 Y137.171
G0 X93.4 Y135.983
G0 X93.18 Y135.983
G1 F3000 X104.649 Y93.18 E1007.11272
G0 F9000 X104.649 Y93.4
G0 X117.072 Y93.4
G0 X117.072 Y93.18
G1 F3000 X113.218 Y107.563 E1007.60797
G0 F9000 X112.497 Y107.149
G1 F3000 X141.82 Y99.292 E1008.61766
G0 F9000 X141.82 Y98.394
G1 F3000 X136.606 Y93.18 E1008.86292
G0 F9000 X135.707 Y93.18
G1 F3000 X129.357 Y116.881 E1009.67902
G0 F9000 X129.407 Y116.796
G0 X127.246 Y115.548
G0 X127.195 Y115.634
G1 F3000 X141.819 Y111.715 E1010.18258
G0 F9000 X141.6 Y111.715
G0 X141.6 Y117.927
G0 X141.82 Y117.927
G1 F3000 X126.723 Y121.972 E1010.70241
G0 F9000 X126.773 Y121.887
G0 X127.142 Y122.182
G0 X126.235 Y123.757
G0 X121.665 Y122.674
G0 X121.616 Y122.588
G1 F3000 X116.463 Y141.82 E1011.36464
G0 F9000 X117.364 Y141.82
G1 F3000 X93.18 Y117.636 E1012.50218
G0 F9000 X93.18 Y118.536
G1 F3000 X109.619 Y114.132 E1013.06822
G0 F9000 X109.569 Y114.217
G0 X110.937 Y115.704
G0 X111.037 Y115.704
G1 F3000 X109.659 Y120.846 E1013.24528
G0 F9000 X109.55 Y120.656
G0 X110.965 Y119.839
G0 X111.036 Y119.963
G1 F3000 X93.181 Y124.748 E1013.8601
G0 F9000 X93.4 Y124.748
G0 X93.4 Y126.121
G0 X93.18 Y126.121
G1 F3000 X108.879 Y141.82 E1014.59853
G0 F9000 X108.879 Y141.6
G0 X110.251 Y141.6
G0 X110.251 Y141.82
G1 F3000 X114.268 Y126.829 E1015.11472
G0 F9000 X114.318 Y126.916
G0 X112.157 Y128.164
G0 X112.108 Y128.078
G1 F3000 X125.849 Y141.82 E1015.76108
G0 F9000 X125.849 Y141.6
G0 X128.886 Y141.6
G0 X128.886 Y141.821
G1 F3000 X141.433 Y94.994 E1017.37349
G0 F9000 X141.23 Y95.077
G0 X139.92 Y93.769
G0 X140.005 Y93.566
G1 F3000 X93.181 Y106.113 E1018.98581
G0 F9000 X93.4 Y106.113
G0 X93.4 Y109.15
G0 X93.18 Y109.15
G1 F3000 X111.037 Y127.008 E1019.82577
G0 F9000 X111.037 Y126.175
G1 F3000 X93.181 Y130.959 E1020.44061
G0 F9000 X93.4 Y130.959
G0 X93.4 Y134.606
G0 X93.18 Y134.606
G1 F3000 X100.394 Y141.82 E1020.77993
G0 F9000 X100.394 Y141.6
G0 X104.039 Y141.6
G0 X104.039 Y141.821
G1 F3000 X109.029 Y123.198 E1021.42119
G0 F9000 X109.158 Y123.422
G0 X108.552 Y123.689
G0 X107.525 Y121.908
G0 X110.937 Y118.522
G0 X111.037 Y118.522
G1 F3000 X93.18 Y100.665 E1022.26112
G0 F9000 X93.18 Y99.901
G1 F3000 X118.265 Y93.18 E1023.12488
G0 F9000 X118.265 Y93.4
G0 X110.937 Y107.116
G0 X111.076 Y107.116
;TYPE:SKIN
G1 F1500 X111.717 Y106.744 E1023.14953
G1 X116.3 Y109.387 E1023.32549
G1 X116.408 Y109.397 E1023.3291
G1 X116.542 Y109.307 E1023.33447
G1 X116.57 Y109.235 E1023.33704
G1 X116.572 Y106.86 E1023.41603
G1 X118.252 Y106.86 E1023.47191
G1 X118.252 Y110.45 E1023.59131
G1 X118.314 Y110.552 E1023.59528
G1 X122.616 Y113.036 E1023.76051
G1 X111.077 Y119.699 E1024.20369
G1 X111.076 Y114.99 E1024.36031
G1 X111.014 Y114.888 E1024.36428
G1 X107.777 Y113.022 E1024.48855
G1 X108.618 Y111.565 E1024.5445
G1 X110.643 Y112.728 E1024.62217
G1 X110.814 Y112.713 E1024.62788
G1 X111.025 Y112.578 E1024.63621
G1 X111.075 Y112.472 E1024.64011
G1 X111.076 Y107.116 E1024.81825
G0 F9000 X110.937 Y107.116
G0 X111.717 Y106.657
G0 X118.323 Y106.792
G0 X118.395 Y107.304
G0 X118.052 Y107.304
G1 F1500 X117.808 Y107.06 E1024.82973
G0 F9000 X117.243 Y107.06
G1 F1500 X118.052 Y107.87 E1024.8678
G0 F9000 X118.052 Y108.436
G1 F1500 X116.771 Y107.154 E1024.92808
G0 F9000 X116.769 Y107.719
G1 F1500 X118.052 Y109.001 E1024.98841
G0 F9000 X118.052 Y109.567
G1 F1500 X116.769 Y108.284 E1025.04876
G0 F9000 X116.767 Y108.848
G1 F1500 X118.052 Y110.133 E1025.1092
G0 F9000 X118.395 Y110.133
G0 X118.323 Y106.792
G0 X116.507 Y106.792
G0 X116.449 Y109.291
G0 X116.727 Y109.373
G1 F1500 X121.058 Y113.704 E1025.31292
G0 F9000 X120.699 Y113.911
G1 F1500 X116.381 Y109.593 E1025.51602
G0 F9000 X116.415 Y109.31
G0 X115.392 Y108.704
G0 X115.221 Y108.998
G1 F1500 X120.34 Y114.118 E1025.75683
G0 F9000 X119.982 Y114.325
G1 F1500 X113.882 Y108.226 E1026.04373
G0 F9000 X114.053 Y107.931
G0 X112.715 Y107.159
G0 X112.544 Y107.453
G1 F1500 X119.623 Y114.532 E1026.3767
G0 F9000 X119.265 Y114.739
G1 F1500 X111.581 Y107.056 E1026.73811
G0 F9000 X111.276 Y107.316
G1 F1500 X118.906 Y114.947 E1027.09703
G0 F9000 X118.547 Y115.153
G1 F1500 X111.276 Y107.882 E1027.43903
G0 F9000 X111.276 Y108.448
G1 F1500 X118.189 Y115.36 E1027.76417
G0 F9000 X117.83 Y115.567
G1 F1500 X111.275 Y109.013 E1028.07248
G0 F9000 X111.275 Y109.578
G1 F1500 X117.472 Y115.775 E1028.36397
G0 F9000 X117.113 Y115.982
G1 F1500 X111.275 Y110.143 E1028.63859
G0 F9000 X111.275 Y110.709
G1 F1500 X116.755 Y116.189 E1028.89635
G0 F9000 X116.395 Y116.395
G1 F1500 X111.274 Y111.274 E1029.13723
G0 F9000 X111.274 Y111.84
G1 F1500 X116.037 Y116.603 E1029.36127
G0 F9000 X115.678 Y116.81
G1 F1500 X111.274 Y112.405 E1029.56844
G0 F9000 X111.07 Y112.767
G1 F1500 X115.32 Y117.017 E1029.76835
G0 F9000 X114.961 Y117.224
G1 F1500 X110.669 Y112.931 E1029.97025
G0 F9000 X110.818 Y112.675
G0 X108.596 Y111.474
G0 X107.689 Y113.049
G0 X110.094 Y114.52
G0 X110.265 Y114.225
G1 F1500 X108.394 Y112.354 E1030.05826
G0 F9000 X108.187 Y112.712
G1 F1500 X108.931 Y113.456 E1030.09326
G0 F9000 X108.76 Y113.75
G0 X107.689 Y113.049
G0 X108.596 Y111.474
G0 X109.606 Y111.975
G0 X109.437 Y112.265
G1 F1500 X114.603 Y117.431 E1030.33625
G0 F9000 X114.244 Y117.638
G1 F1500 X108.6 Y111.994 E1030.60172
G0 F9000 X108.311 Y111.827
G0 X107.689 Y113.049
G0 X110.937 Y115.236
G0 X111.276 Y115.236
G1 F1500 X113.885 Y117.845 E1030.72444
G0 F9000 X113.527 Y118.052
G1 F1500 X111.276 Y115.801 E1030.83032
G0 F9000 X111.276 Y116.367
G1 F1500 X113.168 Y118.259 E1030.91932
G0 F9000 X112.81 Y118.467
G1 F1500 X111.276 Y116.933 E1030.99147
G0 F9000 X111.276 Y117.499
G1 F1500 X112.45 Y118.673 E1031.04669
G0 F9000 X112.092 Y118.88
G1 F1500 X111.276 Y118.064 E1031.08508
G0 F9000 X111.276 Y118.63
G1 F1500 X111.733 Y119.087 E1031.10657
G0 F9000 X111.375 Y119.295
G1 F1500 X111.276 Y119.196 E1031.11123
G0 F9000 X110.937 Y119.196
G0 X111.015 Y119.713
G0 X122.859 Y113.108
G0 X121.868 Y112.529
G0 X119.406 Y111.022
G0 X119.235 Y111.316
G1 F1500 X121.417 Y113.497 E1031.21384
G0 F9000 X121.775 Y113.29
G1 F1500 X120.573 Y112.088 E1031.27038
G0 F9000 X120.744 Y111.795
G0 X122.082 Y112.568
G0 X121.912 Y112.861
G1 F1500 X122.134 Y113.083 E1031.28082
G0 F9000 X122.345 Y112.72
G0 X122.699 Y113.01
G0 X119.855 Y114.828
G0 X107.525 Y121.908
G0 X108.552 Y123.689
G0 X110.937 Y122.38
G0 X111.076 Y122.38
G1 F1500 X124.936 Y114.375 E1031.81317
G1 X130.346 Y117.499 E1032.02095
G1 X124.891 Y120.65 E1032.23048
G1 X124.82 Y120.804 E1032.23612
G1 X124.843 Y120.898 E1032.23934
G1 X124.92 Y120.978 E1032.24303
G1 X127.05 Y122.206 E1032.32481
G1 X126.21 Y123.662 E1032.38071
G1 X123.008 Y121.811 E1032.50373
G1 X122.887 Y121.803 E1032.50776
G1 X118.323 Y124.442 E1032.68311
G1 X118.252 Y124.559 E1032.68766
G1 X118.252 Y128.14 E1032.80677
G1 X116.572 Y128.14 E1032.86264
G1 X116.572 Y125.796 E1032.9406
G1 X116.542 Y125.689 E1032.9443
G1 X116.473 Y125.622 E1032.9475
G1 X116.323 Y125.592 E1032.95259
G1 X111.076 Y128.625 E1033.15416
G1 X111.076 Y122.38 E1033.36187
G0 F9000 X110.937 Y122.38
G0 X111.018 Y128.73
G0 X111.825 Y128.356
G0 X111.654 Y128.059
G1 F1500 X111.596 Y128.001 E1033.3646
G1 X111.596 Y128
G1 X111.276 Y127.681 E1033.37963
G0 F9000 X111.276 Y127.115
G1 F1500 X112.013 Y127.852 E1033.41429
G0 F9000 X112.371 Y127.645
G1 F1500 X111.276 Y126.549 E1033.46582
G0 F9000 X111.276 Y125.984
G1 F1500 X112.73 Y127.438 E1033.53421
G0 F9000 X113.088 Y127.23
G1 F1500 X111.276 Y125.418 E1033.61945
G0 F9000 X111.276 Y124.852
G1 F1500 X113.447 Y127.023 E1033.72156
G0 F9000 X113.805 Y126.816
G1 F1500 X111.276 Y124.287 E1033.84052
G0 F9000 X111.276 Y123.721
G1 F1500 X114.163 Y126.608 E1033.97631
G0 F9000 X114.522 Y126.401
G1 F1500 X111.276 Y123.155 E1034.129
G0 F9000 X111.276 Y122.59
G1 F1500 X114.88 Y126.194 E1034.29852
G0 F9000 X115.239 Y125.987
G1 F1500 X111.575 Y122.323 E1034.47086
G0 F9000 X111.934 Y122.116
G1 F1500 X115.597 Y125.779 E1034.64316
G0 F9000 X115.956 Y125.572
G1 F1500 X112.292 Y121.909 E1034.81548
G0 F9000 X112.651 Y121.702
G1 F1500 X116.352 Y125.403 E1034.98956
G0 F9000 X116.772 Y125.823
G1 F1500 X118.052 Y127.103 E1035.04977
G0 F9000 X118.052 Y127.669
G1 F1500 X116.772 Y126.388 E1035.11
G0 F9000 X116.772 Y126.954
G1 F1500 X117.758 Y127.94 E1035.15638
G0 F9000 X117.192 Y127.94
G1 F1500 X116.772 Y127.52 E1035.17613
G0 F9000 X116.435 Y127.52
G0 X116.507 Y128.208
G0 X118.323 Y128.208
G0 X118.395 Y126.537
G0 X118.052 Y126.537
G1 F1500 X113.009 Y121.494 E1035.41334
G0 F9000 X113.368 Y121.287
G1 F1500 X118.052 Y125.972 E1035.63368
G0 F9000 X118.052 Y125.406
G1 F1500 X113.726 Y121.08 E1035.83717
G0 F9000 X114.085 Y120.874
G1 F1500 X118.052 Y124.84 E1036.02374
G0 F9000 X118.148 Y124.371
G1 F1500 X114.444 Y120.666 E1036.19799
G0 F9000 X114.802 Y120.459
G1 F1500 X118.467 Y124.124 E1036.37038
G0 F9000 X118.826 Y123.917
G1 F1500 X115.161 Y120.252 E1036.54277
G0 F9000 X115.519 Y120.045
G1 F1500 X119.184 Y123.71 E1036.71516
G0 F9000 X119.543 Y123.503
G1 F1500 X115.878 Y119.838 E1036.88755
G0 F9000 X116.236 Y119.63
G1 F1500 X119.901 Y123.295 E1037.05994
G0 F9000 X120.26 Y123.088
G1 F1500 X116.596 Y119.424 E1037.23228
G0 F9000 X116.954 Y119.217
G1 F1500 X120.618 Y122.881 E1037.40463
G0 F9000 X120.977 Y122.674
G1 F1500 X117.313 Y119.01 E1037.57697
G0 F9000 X117.671 Y118.802
G1 F1500 X121.335 Y122.467 E1037.74934
G0 F9000 X121.694 Y122.259
G1 F1500 X118.03 Y118.595 E1037.92168
G0 F9000 X118.388 Y118.388
G1 F1500 X122.052 Y122.052 E1038.09402
G0 F9000 X122.411 Y121.845
G1 F1500 X118.747 Y118.181 E1038.26637
G0 F9000 X119.106 Y117.974
G1 F1500 X122.776 Y121.644 E1038.43899
G0 F9000 X123.646 Y121.949
G1 F1500 X119.464 Y117.767 E1038.6357
G0 F9000 X119.823 Y117.56
G1 F1500 X124.988 Y122.725 E1038.87865
G0 F9000 X124.816 Y123.02
G0 X126.235 Y123.757
G0 X127.142 Y122.182
G0 X125.677 Y121.254
G0 X125.507 Y121.547
G1 F1500 X126.579 Y122.619 E1038.92907
G0 F9000 X126.372 Y122.978
G1 F1500 X120.54 Y117.146 E1039.20339
G0 F9000 X120.898 Y116.938
G1 F1500 X124.643 Y120.683 E1039.37954
G0 F9000 X124.922 Y120.397
G1 F1500 X121.257 Y116.731 E1039.55196
G0 F9000 X121.615 Y116.524
G1 F1500 X125.281 Y120.19 E1039.72439
G0 F9000 X125.639 Y119.983
G1 F1500 X121.975 Y116.318 E1039.89676
G0 F9000 X122.333 Y116.11
G1 F1500 X125.999 Y119.776 E1040.0692
G0 F9000 X126.357 Y119.569
G1 F1500 X122.692 Y115.903 E1040.24161
G0 F9000 X123.05 Y115.696
G1 F1500 X126.716 Y119.362 E1040.41405
G0 F9000 X127.075 Y119.155
G1 F1500 X123.409 Y115.489 E1040.58649
G0 F9000 X123.767 Y115.282
G1 F1500 X127.433 Y118.948 E1040.75892
G0 F9000 X127.792 Y118.741
G1 F1500 X124.126 Y115.075 E1040.93136
G0 F9000 X124.485 Y114.868
G1 F1500 X128.151 Y118.534 E1041.1038
G0 F9000 X128.51 Y118.327
G1 F1500 X124.843 Y114.661 E1041.27626
G0 F9000 X124.676 Y114.369
G0 X126.098 Y114.885
G0 X125.927 Y115.179
G1 F1500 X128.868 Y118.12 E1041.41459
G0 F9000 X129.227 Y117.914
G1 F1500 X127.266 Y115.952 E1041.50686
G0 F9000 X127.437 Y115.659
G0 X128.775 Y116.431
G0 X128.604 Y116.725
G1 F1500 X129.547 Y117.668 E1041.55121
G0 F9000 X129.743 Y118.01
G0 X126.461 Y123.507
G0 X126.166 Y123.337
G1 F1500 X120.181 Y117.353 E1041.83271
G1 F2700 E1036.83271
;MESH:NONMESH
G0 F300 X120.181 Y117.353 Z1.2
G0 F9000 X120.013 Y117.059
G0 X127.306 Y112.861
G0 X126.279 Y111.08
G0 X118.391 Y115.623
G0 X111.017 Y119.945
G0 X111.003 Y114.97
G0 X107.689 Y113.049
G0 X94.312 Y94.313
G0 X94.1 Y94.1
;TIME_ELAPSED:1492.177974
;LAYER:5
;TYPE:WALL-INNER
;MESH:triangolo_spesso.stl
G1 F2700 E1041.83271
G1 F1500 X93.556 Y94.804 E1041.8623
G1 X93.221 Y95.613 E1041.89142
G1 X93.1 Y96.543 E1041.92261
G1 X93.1 Y138.457 E1043.31668
G1 X93.221 Y139.383 E1043.34774
G1 X93.556 Y140.192 E1043.37686
G1 X94.1 Y140.896 E1043.40645
G1 X94.804 Y141.44 E1043.43604
G1 X95.614 Y141.775 E1043.4652
G1 X96.544 Y141.9 E1043.49641
G1 X138.456 Y141.9 E1044.89041
G1 X139.383 Y141.775 E1044.92152
G1 X140.188 Y141.443 E1044.95048
G1 X140.896 Y140.896 E1044.98024
G1 X141.443 Y140.188 E1045.01
G1 X141.775 Y139.383 E1045.03896
G1 X141.9 Y138.456 E1045.07007
G1 X141.9 Y96.544 E1046.46407
G1 X141.775 Y95.613 E1046.49531
G1 X141.443 Y94.808 E1046.52427
G1 X140.896 Y94.101 E1046.554
G1 X140.188 Y93.556 E1046.58372
G1 X139.383 Y93.221 E1046.61272
G1 X138.457 Y93.1 E1046.64378
G1 X96.543 Y93.1 E1048.03785
G1 X95.613 Y93.221 E1048.06904
G1 X94.804 Y93.556 E1048.09816
G1 X94.1 Y94.1 E1048.12775
G0 F9000 X94.312 Y94.313
G0 X108.221 Y111.743
G0 X108.539 Y111.927
G1 F1500 X108.705 Y111.858 E1048.13373
G1 X108.892 Y111.841 E1048.13998
G1 X109.099 Y111.889 E1048.14705
G1 X126.511 Y121.944 E1048.8158
G1 X126.685 Y122.127 E1048.8242
G1 X126.752 Y122.283 E1048.82984
G1 X126.768 Y122.518 E1048.83768
G1 X126.721 Y122.685 E1048.84345
G1 X126.44 Y123.183 E1048.86247
G1 X126.222 Y123.336 E1048.87133
G1 X126.041 Y123.385 E1048.87756
G1 X125.729 Y123.339 E1048.88805
G1 X108.299 Y113.275 E1049.55747
G1 X108.143 Y113.101 E1049.56525
G1 X108.076 Y112.945 E1049.57089
G1 X108.061 Y112.619 E1049.58175
G1 X108.358 Y112.098 E1049.60169
G1 X108.539 Y111.927 E1049.60997
G0 F9000 X108.698 Y112.311
;TYPE:WALL-OUTER
G1 F1500 X108.833 Y112.24 E1049.61505
G1 X108.926 Y112.253 E1049.61817
G1 X126.323 Y122.296 E1050.28629
G1 X126.37 Y122.498 E1050.29319
G1 X126.116 Y122.946 E1050.31032
G1 X125.998 Y122.987 E1050.31447
G1 X125.889 Y122.969 E1050.31815
G1 X108.53 Y112.944 E1050.98488
G1 X108.458 Y112.822 E1050.98959
G1 X108.458 Y112.729 E1050.99268
G1 X108.698 Y112.311 E1051.00871
G1 F2700 E1046.00871
G0 F9000 X108.094 Y111.963
G0 X94.312 Y94.313
G0 X93.815 Y93.815
G1 F2700 E1051.00871
G1 F1500 X93.207 Y94.602 E1051.04179
G1 X92.831 Y95.509 E1051.07445
G1 X92.7 Y96.517 E1051.10825
G1 X92.7 Y138.483 E1052.50405
G1 X92.831 Y139.487 E1052.53772
G1 X93.207 Y140.394 E1052.57038
G1 X93.815 Y141.181 E1052.60346
G1 X94.602 Y141.789 E1052.63654
G1 X95.509 Y142.165 E1052.66919
G1 X96.518 Y142.3 E1052.70305
G1 X138.482 Y142.3 E1054.09878
G1 X139.487 Y142.165 E1054.13251
G1 X140.39 Y141.793 E1054.16499
G1 X141.181 Y141.181 E1054.19825
G1 X141.793 Y140.39 E1054.23152
G1 X142.165 Y139.487 E1054.264
G1 X142.3 Y138.482 E1054.29773
G1 X142.3 Y96.518 E1055.69345
G1 X142.165 Y95.509 E1055.72731
G1 X141.793 Y94.606 E1055.75979
G1 X141.181 Y93.815 E1055.79306
G1 X140.39 Y93.207 E1055.82624
G1 X139.487 Y92.831 E1055.85877
G1 X138.483 Y92.7 E1055.89245
G1 X96.517 Y92.7 E1057.28825
G1 X95.509 Y92.831 E1057.32205
G1 X94.602 Y93.207 E1057.35471
G1 X93.815 Y93.815 E1057.38779
G0 F9000 X94.312 Y94.313
G0 X94.955 Y93.82
G0 X94.834 Y93.634
;TYPE:FILL
G1 F3000 X111.037 Y109.838 E1058.14995
G0 F9000 X110.937 Y109.838
G0 X110.937 Y107.686
G0 X111.037 Y107.686
G1 F3000 X93.181 Y112.47 E1058.76479
G0 F9000 X93.18 Y112.257
G1 F3000 X98.292 Y93.18 E1059.42168
G0 F9000 X98.292 Y93.4
G0 X102.864 Y93.4
G0 X102.864 Y93.18
G1 F3000 X116.535 Y106.851 E1060.06472
G0 F9000 X116.435 Y106.851
G0 X118.323 Y106.792
G0 X118.395 Y108.61
G0 X118.295 Y108.61
G1 F3000 X122.757 Y113.073 E1060.27462
G0 F9000 X122.808 Y112.987
G0 X124.133 Y112.376
G0 X124.183 Y112.463
G1 F3000 X129.35 Y93.18 E1060.9386
G0 F9000 X129.35 Y93.4
G0 X128.32 Y93.4
G0 X128.32 Y93.18
G1 F3000 X141.82 Y106.68 E1061.5736
G0 F9000 X141.6 Y106.68
G0 X141.6 Y105.649
G0 X141.819 Y105.649
G1 F3000 X120.018 Y111.491 E1062.32429
G0 F9000 X120.069 Y111.405
G0 X118.522 Y110.511
G0 X118.471 Y110.597
G1 F3000 X123.138 Y93.18 E1062.92402
G0 F9000 X123.138 Y93.4
G0 X119.835 Y93.4
G0 X119.835 Y93.18
G1 F3000 X141.82 Y115.165 E1063.95812
G0 F9000 X141.6 Y115.165
G0 X141.6 Y116.188
G0 X141.82 Y116.188
G1 F3000 X134.952 Y141.82 E1064.84072
G0 F9000 X134.534 Y141.82
G1 F3000 X118.295 Y125.581 E1065.60455
G0 F9000 X118.395 Y125.581
G0 X118.76 Y124.352
G0 X118.71 Y124.265
G1 F3000 X124.493 Y122.715 E1065.80369
G0 F9000 X124.381 Y122.907
G0 X123.012 Y122.116
G0 X123.124 Y121.925
G1 F3000 X141.362 Y140.163 E1066.66155
G0 F9000 X141.179 Y140.048
G0 X141.6 Y136.708
G0 X141.82 Y136.708
G1 F3000 X122.739 Y141.82 E1067.31856
G0 F9000 X122.528 Y141.821
G1 F3000 X128.792 Y118.445 E1068.12348
G0 F9000 X128.372 Y118.688
G1 F3000 X141.82 Y132.136 E1068.75604
G0 F9000 X141.6 Y132.136
G0 X141.6 Y130.496
G0 X141.819 Y130.496
G1 F3000 X99.556 Y141.82 E1070.21129
G0 F9000 X99.556 Y141.6
G0 X100.593 Y141.6
G0 X100.593 Y141.82
G1 F3000 X93.18 Y134.407 E1070.55998
G0 F9000 X93.4 Y134.407
G0 X93.4 Y135.439
G0 X93.18 Y135.439
G1 F3000 X104.503 Y93.179 E1072.01513
G0 F9000 X104.503 Y93.4
G0 X110.715 Y93.4
G0 X110.715 Y93.18
G1 F3000 X97.681 Y141.821 E1073.69001
G0 F9000 X97.681 Y141.6
G0 X103.893 Y141.6
G0 X103.893 Y141.821
G1 F3000 X108.843 Y123.349 E1074.32607
G0 F9000 X108.893 Y123.436
G0 X108.596 Y123.524
G0 X107.689 Y121.952
G0 X109.436 Y120.859
G0 X109.486 Y120.946
G1 F3000 X111.037 Y115.161 E1074.52528
G0 F9000 X110.987 Y115.138
G0 X109.686 Y114.422
G0 X109.798 Y114.229
G1 F3000 X93.18 Y118.682 E1075.09749
G0 F9000 X93.4 Y118.682
G0 X93.4 Y117.436
G0 X93.18 Y117.436
G1 F3000 X117.564 Y141.82 E1076.24444
G0 F9000 X117.564 Y141.6
G0 X116.317 Y141.6
G0 X116.317 Y141.82
G1 F3000 X121.444 Y122.685 E1076.90332
G0 F9000 X121.494 Y122.772
G0 X126.279 Y123.92
G0 X127.306 Y122.139
G0 X126.915 Y121.83
G0 X126.752 Y122.11
G1 F3000 X141.82 Y118.073 E1077.42216
G0 F9000 X141.6 Y118.073
G0 X141.6 Y123.65
G0 X141.82 Y123.65
G1 F3000 X111.35 Y93.18 E1078.85538
G0 F9000 X111.35 Y93.4
G0 X116.926 Y93.4
G0 X116.926 Y93.18
G1 F3000 X113.092 Y107.49 E1079.34812
G0 F9000 X112.67 Y107.248
G1 F3000 X141.82 Y99.438 E1080.35184
G0 F9000 X141.6 Y99.438
G0 X141.6 Y98.195
G0 X141.82 Y98.195
G1 F3000 X136.805 Y93.18 E1080.58773
G0 F9000 X136.805 Y93.4
G0 X135.561 Y93.4
G0 X135.561 Y93.18
G1 F3000 X129.23 Y116.808 E1081.40133
G0 F9000 X129.28 Y116.723
G0 X127.418 Y115.648
G0 X127.367 Y115.734
G1 F3000 X141.82 Y111.861 E1081.899
G0 F9000 X141.6 Y111.861
G0 X141.6 Y124.284
G0 X141.82 Y124.284
G1 F3000 X93.18 Y137.317 E1083.57384
G0 F9000 X93.4 Y137.317
G0 X93.4 Y131.105
G0 X93.181 Y131.105
G1 F3000 X111.037 Y126.321 E1084.18868
G0 F9000 X111.037 Y126.808
G1 F3000 X93.18 Y108.951 E1085.02861
G0 F9000 X93.4 Y108.951
G0 X93.4 Y106.259
G0 X93.181 Y106.259
G1 F3000 X140.194 Y93.661 E1086.64744
G0 F9000 X140.062 Y93.832
G0 X141.165 Y94.935
G0 X141.338 Y94.803
G1 F3000 X128.74 Y141.821 E1088.26643
G0 F9000 X128.74 Y141.6
G0 X126.049 Y141.6
G0 X126.049 Y141.82
G1 F3000 X112.234 Y128.005 E1088.91624
G0 F9000 X112.283 Y128.091
G0 X114.144 Y127.016
G0 X114.095 Y126.93
G1 F3000 X110.105 Y141.821 E1089.42899
G0 F9000 X110.105 Y141.6
G0 X109.078 Y141.6
G0 X109.078 Y141.82
G1 F3000 X93.18 Y125.922 E1090.17678
G0 F9000 X93.4 Y125.922
G0 X93.4 Y124.894
G0 X93.181 Y124.894
G1 F3000 X110.849 Y120.16 E1090.78515
G0 F9000 X110.799 Y120.072
G0 X110.937 Y118.323
G0 X111.037 Y118.323
G1 F3000 X93.18 Y100.466 E1091.62509
G0 F9000 X93.181 Y100.047
G1 F3000 X118.81 Y93.18 E1092.50758
G0 F9000 X118.81 Y93.4
G0 X110.937 Y107.116
G0 X111.076 Y107.116
;TYPE:SKIN
G1 F1500 X111.717 Y106.744 E1092.53223
G1 X116.324 Y109.404 E1092.70917
G1 X116.473 Y109.374 E1092.71422
G1 X116.57 Y109.235 E1092.71986
G1 X116.572 Y106.86 E1092.79886
G1 X118.252 Y106.86 E1092.85473
G1 X118.252 Y110.437 E1092.9737
G1 X118.318 Y110.55 E1092.97806
G1 X122.84 Y113.166 E1093.15181
G1 X123.007 Y113.185 E1093.1574
G1 X126.21 Y111.338 E1093.28038
G1 X127.05 Y112.79 E1093.33617
G1 X124.891 Y114.038 E1093.41911
G1 X124.82 Y114.193 E1093.42478
G1 X124.867 Y114.336 E1093.42979
G1 X130.344 Y117.499 E1093.64015
G1 X124.936 Y120.621 E1093.84784
G1 X111.076 Y112.616 E1094.38019
G1 X111.076 Y107.116 E1094.56312
G0 F9000 X111.276 Y107.644
G1 F1500 X111.862 Y107.058 E1094.59069
G0 F9000 X112.221 Y107.265
G1 F1500 X111.276 Y108.21 E1094.63514
G0 F9000 X111.276 Y108.776
G1 F1500 X112.58 Y107.472 E1094.69647
G0 F9000 X112.939 Y107.678
G1 F1500 X111.276 Y109.341 E1094.7747
G0 F9000 X111.276 Y109.907
G1 F1500 X113.298 Y107.885 E1094.8698
G0 F9000 X113.657 Y108.092
G1 F1500 X111.276 Y110.473 E1094.9818
G0 F9000 X111.276 Y111.038
G1 F1500 X114.016 Y108.298 E1095.11068
G0 F9000 X114.375 Y108.505
G1 F1500 X111.276 Y111.604 E1095.25645
G0 F9000 X111.276 Y112.17
G1 F1500 X114.734 Y108.711 E1095.41912
G0 F9000 X115.093 Y108.918
G1 F1500 X111.424 Y112.587 E1095.5917
G0 F9000 X111.783 Y112.794
G1 F1500 X115.452 Y109.125 E1095.76428
G0 F9000 X115.811 Y109.331
G1 F1500 X112.141 Y113.001 E1095.93691
G0 F9000 X112.5 Y113.209
G1 F1500 X116.171 Y109.538 E1096.10958
G0 F9000 X116.768 Y108.94
G1 F1500 X118.052 Y107.656 E1096.16998
G0 F9000 X118.052 Y107.091
G1 F1500 X116.769 Y108.374 E1096.23032
G0 F9000 X116.77 Y107.807
G1 F1500 X117.518 Y107.06 E1096.26548
G0 F9000 X116.952 Y107.06
G1 F1500 X116.772 Y107.24 E1096.27395
G0 F9000 X116.435 Y107.24
G0 X116.507 Y106.792
G0 X118.323 Y106.792
G0 X118.395 Y108.222
G0 X118.052 Y108.222
G1 F1500 X112.858 Y113.416 E1096.51826
G0 F9000 X113.218 Y113.622
G1 F1500 X118.052 Y108.788 E1096.74564
G0 F9000 X118.052 Y109.353
G1 F1500 X113.576 Y113.829 E1096.95617
G0 F9000 X113.935 Y114.037
G1 F1500 X118.052 Y109.919 E1097.14985
G0 F9000 X118.056 Y110.48
G1 F1500 X114.293 Y114.244 E1097.32687
G0 F9000 X114.652 Y114.451
G1 F1500 X118.317 Y110.785 E1097.49929
G0 F9000 X118.677 Y110.992
G1 F1500 X115.01 Y114.658 E1097.67175
G0 F9000 X115.369 Y114.865
G1 F1500 X119.035 Y111.199 E1097.84418
G0 F9000 X119.394 Y111.405
G1 F1500 X115.727 Y115.072 E1098.01667
G0 F9000 X116.086 Y115.279
G1 F1500 X119.753 Y111.612 E1098.18915
G0 F9000 X120.113 Y111.818
G1 F1500 X116.445 Y115.486 E1098.36168
G0 F9000 X116.803 Y115.693
G1 F1500 X120.471 Y112.026 E1098.53419
G0 F9000 X120.83 Y112.232
G1 F1500 X117.162 Y115.9 E1098.70672
G0 F9000 X117.52 Y116.108
G1 F1500 X121.19 Y112.438 E1098.87935
G0 F9000 X121.548 Y112.646
G1 F1500 X117.879 Y116.315 E1099.05193
G0 F9000 X118.237 Y116.522
G1 F1500 X121.907 Y112.852 E1099.22455
G0 F9000 X122.267 Y113.059
G1 F1500 X118.596 Y116.729 E1099.3972
G0 F9000 X118.955 Y116.936
G1 F1500 X122.625 Y113.266 E1099.56983
G0 F9000 X123.089 Y113.368
G1 F1500 X119.314 Y117.143 E1099.74739
G0 F9000 X119.672 Y117.35
G1 F1500 X124.425 Y112.598 E1099.97094
G0 F9000 X124.256 Y112.305
G0 X126.235 Y111.245
G0 X127.142 Y112.817
G0 X125.117 Y114.07
G0 X124.946 Y113.773
G1 F1500 X126.493 Y112.226 E1100.0437
G0 F9000 X126.285 Y111.869
G1 F1500 X120.389 Y117.764 E1100.32101
G0 F9000 X120.031 Y117.557
G1 F1500 X125.76 Y111.828 E1100.59048
G0 F9000 X125.591 Y111.534
G0 X126.235 Y111.245
G0 X126.993 Y112.417
G0 X126.701 Y112.584
G1 F1500 X126.286 Y112.999 E1100.61
G0 F9000 X126.457 Y113.296
G0 X124.809 Y114.198
G0 X124.649 Y114.07
G1 F1500 X120.748 Y117.972 E1100.79352
G0 F9000 X121.106 Y118.179
G1 F1500 X124.781 Y114.504 E1100.96638
G0 F9000 X125.132 Y114.719
G1 F1500 X121.465 Y118.385 E1101.13884
G0 F9000 X121.824 Y118.592
G1 F1500 X125.49 Y114.926 E1101.31128
G0 F9000 X125.849 Y115.133
G1 F1500 X122.182 Y118.8 E1101.48376
G0 F9000 X122.541 Y119.007
G1 F1500 X126.207 Y115.34 E1101.65622
G0 F9000 X126.566 Y115.548
G1 F1500 X122.899 Y119.214 E1101.82868
G0 F9000 X123.258 Y119.421
G1 F1500 X126.924 Y115.755 E1102.00112
G0 F9000 X127.283 Y115.962
G1 F1500 X123.616 Y119.628 E1102.17358
G0 F9000 X123.975 Y119.836
G1 F1500 X127.642 Y116.168 E1102.34609
G0 F9000 X128 Y116.376
G1 F1500 X124.334 Y120.042 E1102.51853
G0 F9000 X124.693 Y120.249
G1 F1500 X128.359 Y116.583 E1102.69096
G0 F9000 X128.717 Y116.79
G1 F1500 X125.364 Y120.143 E1102.84868
G0 F9000 X125.535 Y120.44
G0 X126.873 Y119.668
G0 X126.702 Y119.371
G1 F1500 X129.076 Y116.997 E1102.96034
G0 F9000 X129.434 Y117.204
G1 F1500 X128.041 Y118.598 E1103.02589
G0 F9000 X128.212 Y118.894
G0 X129.549 Y118.122
G0 X129.379 Y117.826
G1 F1500 X129.793 Y117.412 E1103.04536
G1 F2700 E1098.04536
G0 F9000 X129.964 Y117.118
G0 X126.235 Y111.245
G0 X118.323 Y106.792
G0 X111.717 Y106.657
G0 X111.003 Y107.072
G0 X107.525 Y113.092
G0 X111.146 Y115.173
G0 X111.077 Y115.291
G1 F2700 E1103.04536
G1 F1500 X122.622 Y121.957 E1103.48876
G1 X118.314 Y124.444 E1103.65421
G1 X118.252 Y124.546 E1103.65818
G1 X118.252 Y128.14 E1103.77772
G1 X116.572 Y128.14 E1103.83359
G1 X116.572 Y125.796 E1103.91156
G1 X116.542 Y125.689 E1103.91525
G1 X116.473 Y125.622 E1103.91845
G1 X116.301 Y125.608 E1103.92419
G1 X111.717 Y128.256 E1104.10027
G1 X111.076 Y127.884 E1104.12492
G1 X111.076 Y122.341 E1104.30928
G1 X110.976 Y122.186 E1104.31541
G1 X110.884 Y122.16 E1104.31859
G1 X110.776 Y122.186 E1104.32229
G1 X108.618 Y123.43 E1104.40513
G1 X107.778 Y121.974 E1104.46104
G1 X111.016 Y120.107 E1104.58536
G1 X111.077 Y120.001 E1104.58943
G1 X111.077 Y115.291 E1104.74608
G0 F9000 X111.589 Y115.816
G1 F1500 X111.351 Y116.055 E1104.7573
G1 X111.35 Y116.055
G1 X111.277 Y116.129 E1104.76076
G0 F9000 X111.277 Y116.695
G1 F1500 X111.948 Y116.023 E1104.79234
G0 F9000 X112.307 Y116.23
G1 F1500 X111.277 Y117.26 E1104.84079
G0 F9000 X111.277 Y117.826
G1 F1500 X112.665 Y116.437 E1104.9061
G0 F9000 X113.024 Y116.644
G1 F1500 X111.277 Y118.392 E1104.9883
G0 F9000 X111.277 Y118.957
G1 F1500 X113.382 Y116.852 E1105.08731
G0 F9000 X113.741 Y117.059
G1 F1500 X111.277 Y119.523 E1105.20321
G0 F9000 X111.223 Y120.142
G1 F1500 X114.099 Y117.266 E1105.33849
G0 F9000 X114.458 Y117.473
G1 F1500 X108.889 Y123.042 E1105.60044
G0 F9000 X108.515 Y122.85
G1 F1500 X111.044 Y120.321 E1105.71939
G0 F9000 X110.875 Y120.028
G0 X109.536 Y120.802
G0 X109.705 Y121.095
G1 F1500 X108.309 Y122.491 E1105.78506
G0 F9000 X108.102 Y122.132
G1 F1500 X108.369 Y121.865 E1105.79761
G0 F9000 X108.201 Y121.573
G0 X107.689 Y121.952
G0 X108.596 Y123.524
G0 X110.393 Y122.569
G0 X110.223 Y122.274
G1 F1500 X114.817 Y117.68 E1106.0137
G0 F9000 X115.176 Y117.887
G1 F1500 X111.055 Y122.008 E1106.20754
G0 F9000 X111.276 Y122.352
G1 F1500 X115.534 Y118.094 E1106.40782
G0 F9000 X115.893 Y118.301
G1 F1500 X111.276 Y122.918 E1106.62499
G0 F9000 X111.276 Y123.483
G1 F1500 X116.251 Y118.508 E1106.859
G0 F9000 X116.61 Y118.715
G1 F1500 X111.276 Y124.049 E1107.1099
G0 F9000 X111.276 Y124.615
G1 F1500 X116.967 Y118.923 E1107.37761
G0 F9000 X117.326 Y119.131
G1 F1500 X111.277 Y125.18 E1107.66214
G0 F9000 X111.277 Y125.746
G1 F1500 X117.684 Y119.338 E1107.96352
G0 F9000 X118.043 Y119.545
G1 F1500 X111.277 Y126.311 E1108.28178
G0 F9000 X111.277 Y126.877
G1 F1500 X118.401 Y119.752 E1108.61689
G0 F9000 X118.761 Y119.959
G1 F1500 X111.277 Y127.443 E1108.96892
G0 F9000 X111.43 Y127.855
G1 F1500 X119.119 Y120.166 E1109.33058
G0 F9000 X119.478 Y120.373
G1 F1500 X111.975 Y127.875 E1109.68348
G0 F9000 X112.145 Y128.171
G0 X113.483 Y127.398
G0 X113.313 Y127.103
G1 F1500 X119.836 Y120.58 E1109.9903
G0 F9000 X120.195 Y120.787
G1 F1500 X114.652 Y126.33 E1110.25102
G0 F9000 X114.822 Y126.625
G0 X116.16 Y125.853
G0 X115.99 Y125.558
G1 F1500 X120.553 Y120.994 E1110.46568
G0 F9000 X120.912 Y121.202
G1 F1500 X116.62 Y125.494 E1110.66756
G0 F9000 X116.772 Y125.907
G1 F1500 X118.051 Y124.628 E1110.72772
G0 F9000 X118.051 Y125.193
G1 F1500 X116.772 Y126.472 E1110.78788
G0 F9000 X116.772 Y127.038
G1 F1500 X118.051 Y125.759 E1110.84804
G0 F9000 X118.051 Y126.325
G1 F1500 X116.772 Y127.604 E1110.9082
G0 F9000 X117.001 Y127.94
G1 F1500 X118.051 Y126.89 E1110.95759
G0 F9000 X118.051 Y127.456
G1 F1500 X117.567 Y127.94 E1110.98036
G0 F9000 X117.567 Y128.28
G0 X118.323 Y128.208
G0 X118.844 Y124.303
G0 X118.673 Y124.006
G1 F1500 X121.271 Y121.408 E1111.10256
G0 F9000 X121.629 Y121.615
G1 F1500 X120.012 Y123.233 E1111.17864
G0 F9000 X120.183 Y123.53
G0 X121.522 Y122.756
G0 X121.351 Y122.46
G1 F1500 X121.823 Y121.987 E1111.20086
G1 X121.989 Y121.822 E1111.20865
G1 F2700 E1106.20865
;MESH:NONMESH
G0 F300 X121.989 Y121.822 Z1.4
G0 F9000 X121.991 Y121.466
G0 X107.525 Y113.092
G0 X94.312 Y94.313
G0 X94.1 Y94.1
;TIME_ELAPSED:1578.164993
;LAYER:6
;TYPE:WALL-INNER
;MESH:triangolo_spesso.stl
G1 F2700 E1111.20865
G1 F1500 X93.556 Y94.804 E1111.23824
G1 X93.221 Y95.613 E1111.26736
G1 X93.1 Y96.543 E1111.29856
G1 X93.1 Y138.457 E1112.69262
G1 X93.221 Y139.383 E1112.72368
G1 X93.556 Y140.192 E1112.75281
G1 X94.1 Y140.896 E1112.7824
G1 X94.804 Y141.44 E1112.81199
G1 X95.614 Y141.775 E1112.84114
G1 X96.544 Y141.9 E1112.87235
G1 X138.456 Y141.9 E1114.26635
G1 X139.383 Y141.775 E1114.29746
G1 X140.188 Y141.443 E1114.32642
G1 X140.896 Y140.896 E1114.35618
G1 X141.443 Y140.188 E1114.38594
G1 X141.775 Y139.383 E1114.4149
G1 X141.9 Y138.456 E1114.44601
G1 X141.9 Y96.544 E1115.84001
G1 X141.775 Y95.613 E1115.87125
G1 X141.443 Y94.808 E1115.90022
G1 X140.896 Y94.101 E1115.92995
G1 X140.188 Y93.556 E1115.95966
G1 X139.383 Y93.221 E1115.98867
G1 X138.457 Y93.1 E1116.01973
G1 X96.543 Y93.1 E1117.41379
G1 X95.613 Y93.221 E1117.44498
G1 X94.804 Y93.556 E1117.47411
G1 X94.1 Y94.1 E1117.5037
G0 F9000 X94.312 Y94.313
G0 X111.131 Y106.783
G0 X111.363 Y107.186
G1 F1500 X111.689 Y107.007 E1117.51607
G1 X112.054 Y106.986 E1117.52823
G1 X129.412 Y117.01 E1118.19491
G1 X129.613 Y117.255 E1118.20545
G1 X129.656 Y117.396 E1118.21035
G1 X129.613 Y117.745 E1118.22205
G1 X129.412 Y117.99 E1118.23259
G1 X112.126 Y127.968 E1118.89643
G1 X111.813 Y128.017 E1118.90697
G1 X111.63 Y127.966 E1118.91329
G1 X111.306 Y127.777 E1118.92576
G1 X111.168 Y127.57 E1118.93404
G1 X111.118 Y127.376 E1118.9407
G1 X111.116 Y107.594 E1119.59865
G1 X111.168 Y107.426 E1119.6045
G1 X111.363 Y107.186 E1119.61479
G0 F9000 X111.583 Y107.521
;TYPE:WALL-OUTER
G1 F1500 X111.836 Y107.38 E1119.62442
G1 X111.943 Y107.38 E1119.62798
G1 X129.165 Y117.326 E1120.28945
G1 X129.262 Y117.465 E1120.29508
G1 X129.255 Y117.56 E1120.29825
G1 X129.18 Y117.664 E1120.30252
G1 X111.943 Y127.611 E1120.96443
G1 X111.836 Y127.616 E1120.968
G1 X111.583 Y127.475 E1120.97763
G1 X111.516 Y127.342 E1120.98258
G1 X111.518 Y107.637 E1121.63797
G1 X111.583 Y107.521 E1121.6424
G1 F2700 E1116.6424
G0 F9000 X110.817 Y107.521
G0 X94.312 Y94.313
G0 X93.815 Y93.815
G1 F2700 E1121.6424
G1 F1500 X93.207 Y94.602 E1121.67547
G1 X92.831 Y95.509 E1121.70813
G1 X92.7 Y96.517 E1121.74194
G1 X92.7 Y138.483 E1123.13773
G1 X92.831 Y139.487 E1123.17141
G1 X93.207 Y140.394 E1123.20407
G1 X93.815 Y141.181 E1123.23714
G1 X94.602 Y141.789 E1123.27022
G1 X95.509 Y142.165 E1123.30288
G1 X96.518 Y142.3 E1123.33673
G1 X138.482 Y142.3 E1124.73246
G1 X139.487 Y142.165 E1124.76619
G1 X140.39 Y141.793 E1124.79867
G1 X141.181 Y141.181 E1124.83194
G1 X141.793 Y140.39 E1124.8652
G1 X142.165 Y139.487 E1124.89768
G1 X142.3 Y138.482 E1124.93141
G1 X142.3 Y96.518 E1126.32714
G1 X142.165 Y95.509 E1126.361
G1 X141.793 Y94.606 E1126.39348
G1 X141.181 Y93.815 E1126.42674
G1 X140.39 Y93.207 E1126.45993
G1 X139.487 Y92.831 E1126.49246
G1 X138.483 Y92.7 E1126.52614
G1 X96.517 Y92.7 E1127.92193
G1 X95.509 Y92.831 E1127.95574
G1 X94.602 Y93.207 E1127.98839
G1 X93.815 Y93.815 E1128.02147
G0 F9000 X94.312 Y94.313
G0 X95.056 Y93.779
G0 X94.972 Y93.574
;TYPE:FILL
G1 F3000 X111.038 Y109.639 E1128.77714
G0 F9000 X110.817 Y109.639
G0 X110.817 Y107.832
G0 X111.037 Y107.832
G1 F3000 X93.18 Y112.616 E1129.39201
G0 F9000 X93.18 Y111.711
G1 F3000 X98.145 Y93.18 E1130.0301
G0 F9000 X98.145 Y93.4
G0 X95.842 Y93.494
G0 X95.815 Y93.275
G1 F3000 X95.466 Y93.369 E1130.04212
G0 F9000 X95.55 Y93.574
G0 X93.4 Y100.193
G0 X93.181 Y100.193
G1 F3000 X119.355 Y93.18 E1130.94338
G0 F9000 X120.034 Y93.18
G1 F3000 X141.82 Y114.966 E1131.96812
G0 F9000 X141.82 Y115.642
G1 F3000 X134.806 Y141.821 E1132.86955
G1 X134.734 Y141.82
G1 X118.295 Y125.381 E1133.64279
G0 F9000 X118.295 Y124.522
G1 F3000 X124.662 Y122.816 E1133.86203
G0 F9000 X124.613 Y122.901
G0 X123.554 Y122.291
G0 X123.604 Y122.205
G1 F3000 X141.424 Y140.026 E1134.70025
G0 F9000 X141.636 Y139.512
G1 F3000 X141.72 Y139.199 E1134.71103
G0 F9000 X141.505 Y139.171
G0 X141.6 Y136.854
G0 X141.82 Y136.854
G1 F3000 X123.285 Y141.82 E1135.34925
G0 F9000 X122.382 Y141.82
G1 F3000 X128.621 Y118.538 E1136.15093
G1 X128.495 Y118.612
G1 X141.82 Y131.936 E1136.77768
G0 F9000 X141.6 Y131.936
G0 X141.6 Y130.642
G0 X141.82 Y130.642
G1 F3000 X100.101 Y141.82 E1138.2142
G0 F9000 X100.792 Y141.82
G1 F3000 X93.18 Y134.207 E1138.57227
G0 F9000 X93.18 Y134.894
G1 F3000 X104.357 Y93.18 E1140.00862
G0 F9000 X104.357 Y93.4
G0 X103.064 Y93.4
G0 X103.064 Y93.18
G1 F3000 X116.704 Y106.82 E1140.65021
G0 F9000 X116.704 Y106.72
G0 X118.323 Y106.792
G0 X118.395 Y108.411
G0 X118.295 Y108.411
G1 F3000 X123.018 Y113.134 E1140.87236
G0 F9000 X123.09 Y113.011
G0 X123.961 Y112.474
G0 X124.011 Y112.561
G1 F3000 X129.204 Y93.179 E1141.53975
G0 F9000 X128.519 Y93.18
G1 F3000 X141.82 Y106.48 E1142.16536
G0 F9000 X141.82 Y105.795
G1 F3000 X120.185 Y111.592 E1142.91033
G0 F9000 X120.298 Y111.399
G0 X118.456 Y110.336
G0 X118.344 Y110.528
G1 F3000 X122.992 Y93.18 E1143.50768
G0 F9000 X122.992 Y93.4
G0 X116.78 Y93.4
G0 X116.78 Y93.18
G1 F3000 X112.965 Y107.421 E1143.99803
G1 X112.839 Y107.349
G1 X141.82 Y99.584 E1144.99595
G0 F9000 X141.6 Y99.584
G0 X141.6 Y97.995
G0 X141.82 Y97.995
G1 F3000 X137.005 Y93.18 E1145.22243
G0 F9000 X137.005 Y93.4
G0 X135.415 Y93.4
G0 X135.415 Y93.18
G1 F3000 X129.103 Y116.74 E1146.03367
G0 F9000 X129.215 Y116.548
G0 X127.647 Y115.642
G0 X127.534 Y115.835
G1 F3000 X141.82 Y112.007 E1146.52559
G0 F9000 X141.6 Y112.007
G0 X141.6 Y118.219
G0 X141.82 Y118.219
G1 F3000 X127.067 Y122.172 E1147.03358
G0 F9000 X127.118 Y122.086
G0 X126.235 Y123.756
G0 X121.385 Y122.973
G0 X121.273 Y122.778
G1 F3000 X116.171 Y141.821 E1147.6893
G0 F9000 X116.171 Y141.6
G0 X117.763 Y141.6
G0 X117.763 Y141.82
G1 F3000 X93.18 Y117.237 E1148.8456
G0 F9000 X93.4 Y117.237
G0 X93.4 Y118.828
G0 X93.181 Y118.828
G1 F3000 X109.966 Y114.33 E1149.42357
G0 F9000 X109.916 Y114.416
G0 X110.817 Y114.904
G0 X110.96 Y114.904
G1 F3000 X109.314 Y121.046 E1149.63507
G0 F9000 X109.266 Y120.96
G0 X110.33 Y120.346
G0 X110.378 Y120.432
G1 F3000 X93.181 Y125.04 E1150.22722
G0 F9000 X93.18 Y125.722
G1 F3000 X109.278 Y141.82 E1150.98442
G0 F9000 X109.959 Y141.821
G1 F3000 X113.925 Y127.02 E1151.49407
G0 F9000 X114.038 Y127.216
G0 X112.468 Y128.123
G0 X112.355 Y127.927
G1 F3000 X126.248 Y141.82 E1152.14755
G0 F9000 X126.248 Y141.6
G0 X128.594 Y141.6
G0 X128.594 Y141.821
G1 F3000 X141.23 Y94.663 E1153.77136
G0 F9000 X141.057 Y94.794
G0 X140.203 Y93.941
G0 X140.335 Y93.77
G1 F3000 X93.181 Y106.405 E1155.39504
G0 F9000 X93.4 Y106.405
G0 X93.4 Y108.752
G0 X93.18 Y108.752
G1 F3000 X111.038 Y126.61 E1156.23503
G1 X111.037 Y126.467
G1 X93.18 Y131.251 E1156.8499
G0 F9000 X93.4 Y131.251
G0 X93.4 Y137.463
G0 X93.181 Y137.463
G1 F3000 X141.819 Y124.43 E1158.52467
G0 F9000 X141.82 Y123.451
G1 F3000 X111.549 Y93.18 E1159.94853
G0 F9000 X110.569 Y93.179
G1 F3000 X97.536 Y141.82 E1161.6234
G0 F9000 X97.536 Y141.6
G0 X103.747 Y141.6
G0 X103.747 Y141.821
G1 F3000 X108.67 Y123.45 E1162.25598
G0 F9000 X108.72 Y123.537
G0 X107.689 Y121.952
G0 X110.817 Y118.125
G0 X111.038 Y118.125
G1 F3000 X93.18 Y100.266 E1163.09599
G0 F9000 X93.4 Y100.266
G0 X108.501 Y111.498
G0 X108.618 Y111.566
;TYPE:SKIN
G1 F1500 X110.756 Y112.8 E1163.1781
G1 X110.756 Y114.741 E1163.24265
G1 X107.778 Y113.022 E1163.35702
G1 X108.618 Y111.566 E1163.41293
G0 F9000 X108.501 Y111.498
G0 X107.897 Y112.546
G0 X108.187 Y112.713
G1 F1500 X108.932 Y113.457 E1163.44795
G0 F9000 X108.763 Y113.75
G0 X107.689 Y113.048
G0 X108.104 Y112.187
G0 X108.394 Y112.354
G1 F1500 X110.27 Y114.23 E1163.53619
G0 F9000 X110.556 Y113.95
G1 F1500 X108.6 Y111.994 E1163.62819
G0 F9000 X109.447 Y112.275
G1 F1500 X110.556 Y113.385 E1163.68038
G0 F9000 X110.867 Y112.74
G0 X110.883 Y107.002
G0 X111.717 Y106.519
G0 X116.435 Y106.86
G0 X116.572 Y106.86
G1 F1500 X118.252 Y106.86 E1163.73626
G1 X118.252 Y110.148 E1163.84562
G1 X116.572 Y109.18 E1163.91011
G1 X116.572 Y106.86 E1163.98727
G0 F9000 X116.435 Y106.86
G0 X118.323 Y106.792
G0 X118.395 Y107.304
G0 X118.052 Y107.304
G1 F1500 X117.808 Y107.06 E1163.99875
G0 F9000 X117.243 Y107.06
G1 F1500 X118.052 Y107.87 E1164.03682
G0 F9000 X118.052 Y108.436
G1 F1500 X116.772 Y107.155 E1164.09705
G0 F9000 X116.772 Y107.721
G1 F1500 X118.052 Y109.001 E1164.15726
G0 F9000 X118.052 Y109.567
G1 F1500 X116.772 Y108.286 E1164.21749
G0 F9000 X116.772 Y108.852
G1 F1500 X117.269 Y109.35 E1164.24089
G0 F9000 X117.097 Y109.645
G0 X123.187 Y112.921
G0 X123.254 Y113.039
G1 F1500 X126.21 Y111.334 E1164.35439
G1 X127.05 Y112.79 E1164.4103
G1 X124.936 Y114.009 E1164.49146
G1 X123.254 Y113.039 E1164.55604
G0 F9000 X123.739 Y112.991
G1 F1500 X123.967 Y113.219 E1164.56677
G0 F9000 X124.098 Y112.784
G1 F1500 X125.034 Y113.72 E1164.61079
G0 F9000 X125.393 Y113.514
G1 F1500 X124.456 Y112.577 E1164.65487
G0 F9000 X124.816 Y112.371
G1 F1500 X125.752 Y113.307 E1164.69889
G0 F9000 X126.11 Y113.1
G1 F1500 X125.174 Y112.163 E1164.74294
G0 F9000 X125.533 Y111.957
G1 F1500 X126.47 Y112.893 E1164.78699
G0 F9000 X126.663 Y112.52
G1 F1500 X125.892 Y111.75 E1164.82324
G0 F9000 X125.723 Y111.457
G0 X126.235 Y111.244
G0 X130.706 Y117.5
G0 X126.235 Y123.756
G0 X123.136 Y121.958
G0 X123.255 Y121.957
G1 F1500 X124.936 Y120.987 E1164.88779
G1 X127.05 Y122.206 E1164.96895
G1 X126.21 Y123.662 E1165.02486
G1 X123.255 Y121.957 E1165.13833
G0 F9000 X124.055 Y121.792
G1 F1500 X124.99 Y122.728 E1165.18233
G0 F9000 X124.821 Y123.021
G0 X126.235 Y123.756
G0 X127.142 Y122.183
G0 X125.677 Y121.255
G0 X125.507 Y121.547
G1 F1500 X126.579 Y122.619 E1165.23276
G0 F9000 X126.373 Y122.979
G1 F1500 X124.731 Y121.337 E1165.30999
G0 F9000 X124.372 Y121.543
G1 F1500 X126.166 Y123.338 E1165.3944
G0 F9000 X126.46 Y123.508
G0 X126.258 Y123.731
G0 X118.395 Y124.843
G0 X118.252 Y124.843
G1 F1500 X118.252 Y128.14 E1165.50406
G1 X116.572 Y128.14 E1165.55993
G1 X116.572 Y125.816 E1165.63723
G1 X118.252 Y124.843 E1165.7018
G0 F9000 X117.916 Y125.27
G1 F1500 X118.052 Y125.406 E1165.7082
G0 F9000 X117.557 Y125.477
G1 F1500 X118.052 Y125.972 E1165.73148
G0 F9000 X118.052 Y126.537
G1 F1500 X117.199 Y125.684 E1165.77161
G0 F9000 X116.841 Y125.892
G1 F1500 X118.052 Y127.103 E1165.82857
G0 F9000 X118.052 Y127.669
G1 F1500 X116.772 Y126.389 E1165.88878
G0 F9000 X116.772 Y126.955
G1 F1500 X117.758 Y127.94 E1165.93513
G0 F9000 X117.192 Y127.94
G1 F1500 X116.772 Y127.52 E1165.95489
G0 F9000 X116.435 Y127.52
G0 X111.717 Y128.481
G0 X110.883 Y127.998
G0 X107.689 Y121.952
G0 X107.778 Y121.974
G1 F1500 X110.756 Y120.258 E1166.0692
G1 X110.756 Y122.196 E1166.13366
G1 X108.618 Y123.43 E1166.21576
G1 X107.778 Y121.974 E1166.27167
G0 F9000 X107.712 Y121.856
G0 X108.596 Y123.525
G0 X109.067 Y123.336
G0 X108.896 Y123.038
G1 F1500 X108.25 Y122.392 E1166.30206
G0 F9000 X108.318 Y121.895
G1 F1500 X109.254 Y122.831 E1166.34608
G0 F9000 X109.613 Y122.624
G1 F1500 X108.677 Y121.687 E1166.39013
G0 F9000 X109.036 Y121.481
G1 F1500 X109.971 Y122.416 E1166.43411
G0 F9000 X110.33 Y122.209
G1 F1500 X109.395 Y121.274 E1166.47809
G0 F9000 X109.754 Y121.068
G1 F1500 X110.556 Y121.87 E1166.51582
G0 F9000 X110.556 Y121.304
G1 F1500 X110.113 Y120.861 E1166.53665
G0 F9000 X110.472 Y120.654
G1 F1500 X110.556 Y120.738 E1166.54061
G0 F9000 X110.182 Y120.084
G1 F2700 E1161.54061
;MESH:NONMESH
G0 F300 X110.182 Y120.084 Z1.6
G0 F9000 X94.312 Y94.313
G0 X94.1 Y94.1
;TIME_ELAPSED:1641.571434
;LAYER:7
;TYPE:WALL-INNER
;MESH:triangolo_spesso.stl
G1 F2700 E1166.54061
G1 F1500 X93.556 Y94.804 E1166.5702
G1 X93.221 Y95.613 E1166.59932
G1 X93.1 Y96.543 E1166.63051
G1 X93.1 Y138.457 E1168.02458
G1 X93.221 Y139.383 E1168.05564
G1 X93.556 Y140.192 E1168.08476
G1 X94.1 Y140.896 E1168.11435
G1 X94.804 Y141.44 E1168.14394
G1 X95.614 Y141.775 E1168.1731
G1 X96.544 Y141.9 E1168.20431
G1 X138.456 Y141.9 E1169.59831
G1 X139.383 Y141.775 E1169.62942
G1 X140.188 Y141.443 E1169.65838
G1 X140.896 Y140.896 E1169.68814
G1 X141.443 Y140.188 E1169.7179
G1 X141.775 Y139.383 E1169.74686
G1 X141.9 Y138.456 E1169.77797
G1 X141.9 Y96.544 E1171.17197
G1 X141.775 Y95.613 E1171.20321
G1 X141.443 Y94.808 E1171.23217
G1 X140.896 Y94.101 E1171.2619
G1 X140.188 Y93.556 E1171.29162
G1 X139.383 Y93.221 E1171.32062
G1 X138.457 Y93.1 E1171.35168
G1 X96.543 Y93.1 E1172.74575
G1 X95.613 Y93.221 E1172.77694
G1 X94.804 Y93.556 E1172.80606
G1 X94.1 Y94.1 E1172.83565
G0 F9000 X94.312 Y94.313
G0 X111.131 Y106.783
G0 X111.363 Y107.186
G1 F1500 X111.689 Y107.007 E1172.84802
G1 X112.054 Y106.986 E1172.86018
G1 X129.412 Y117.01 E1173.52687
G1 X129.613 Y117.255 E1173.53741
G1 X129.656 Y117.396 E1173.54231
G1 X129.613 Y117.745 E1173.554
G1 X129.412 Y117.99 E1173.56455
G1 X112.126 Y127.968 E1174.22839
G1 X111.813 Y128.017 E1174.23893
G1 X111.63 Y127.966 E1174.24524
G1 X111.306 Y127.777 E1174.25772
G1 X111.168 Y127.57 E1174.26599
G1 X111.118 Y127.376 E1174.27266
G1 X111.116 Y107.594 E1174.93061
G1 X111.168 Y107.426 E1174.93646
G1 X111.363 Y107.186 E1174.94674
G0 F9000 X111.583 Y107.521
;TYPE:WALL-OUTER
G1 F1500 X111.836 Y107.38 E1174.95638
G1 X111.943 Y107.38 E1174.95994
G1 X129.165 Y117.326 E1175.6214
G1 X129.262 Y117.465 E1175.62704
G1 X129.255 Y117.56 E1175.63021
G1 X129.18 Y117.664 E1175.63447
G1 X111.943 Y127.611 E1176.29639
G1 X111.836 Y127.616 E1176.29995
G1 X111.583 Y127.475 E1176.30959
G1 X111.516 Y127.342 E1176.31454
G1 X111.518 Y107.637 E1176.96993
G1 X111.583 Y107.521 E1176.97435
G1 F2700 E1171.97435
G0 F9000 X110.817 Y107.521
G0 X94.312 Y94.313
G0 X93.815 Y93.815
G1 F2700 E1176.97435
G1 F1500 X93.207 Y94.602 E1177.00743
G1 X92.831 Y95.509 E1177.04009
G1 X92.7 Y96.517 E1177.07389
G1 X92.7 Y138.483 E1178.46969
G1 X92.831 Y139.487 E1178.50337
G1 X93.207 Y140.394 E1178.53602
G1 X93.815 Y141.181 E1178.5691
G1 X94.602 Y141.789 E1178.60218
G1 X95.509 Y142.165 E1178.63483
G1 X96.518 Y142.3 E1178.66869
G1 X138.482 Y142.3 E1180.06442
G1 X139.487 Y142.165 E1180.09815
G1 X140.39 Y141.793 E1180.13063
G1 X141.181 Y141.181 E1180.16389
G1 X141.793 Y140.39 E1180.19716
G1 X142.165 Y139.487 E1180.22964
G1 X142.3 Y138.482 E1180.26337
G1 X142.3 Y96.518 E1181.65909
G1 X142.165 Y95.509 E1181.69295
G1 X141.793 Y94.606 E1181.72544
G1 X141.181 Y93.815 E1181.7587
G1 X140.39 Y93.207 E1181.79188
G1 X139.487 Y92.831 E1181.82442
G1 X138.483 Y92.7 E1181.85809
G1 X96.517 Y92.7 E1183.25389
G1 X95.509 Y92.831 E1183.28769
G1 X94.602 Y93.207 E1183.32035
G1 X93.815 Y93.815 E1183.35343
G0 F9000 X94.733 Y93.713
;TYPE:FILL
G1 F3000 X96.721 Y93.18 E1183.42188
G0 F9000 X96.721 Y93.4
G0 X97.998 Y93.4
G0 X97.998 Y93.18
G1 F3000 X93.18 Y111.163 E1184.0411
G0 F9000 X93.4 Y111.163
G0 X93.4 Y112.763
G0 X93.18 Y112.763
G1 F3000 X111.037 Y107.979 E1184.65597
G0 F9000 X110.817 Y107.979
G0 X110.817 Y109.438
G0 X111.038 Y109.438
G1 F3000 X95.114 Y93.515 E1185.40496
G0 F9000 X95.198 Y93.72
G0 X93.4 Y100.066
G0 X93.18 Y100.066
G1 F3000 X111.038 Y117.924 E1186.24495
G0 F9000 X110.817 Y117.924
G0 X109.85 Y120.62
G0 X109.9 Y120.707
G1 F3000 X93.181 Y125.187 E1186.82064
G0 F9000 X93.18 Y125.521
G1 F3000 X109.479 Y141.82 E1187.58729
G0 F9000 X109.812 Y141.821
G1 F3000 X113.751 Y127.12 E1188.0935
G0 F9000 X113.864 Y127.316
G0 X112.595 Y128.049
G0 X112.482 Y127.853
G1 F3000 X126.449 Y141.82 E1188.75046
G0 F9000 X126.449 Y141.6
G0 X128.447 Y141.6
G0 X128.447 Y141.821
G1 F3000 X141.121 Y94.521 E1190.37916
G0 F9000 X140.477 Y93.879
G1 F3000 X93.181 Y106.552 E1192.00773
G0 F9000 X93.4 Y106.552
G0 X93.4 Y108.551
G0 X93.18 Y108.551
G1 F3000 X111.038 Y126.409 E1192.84771
G0 F9000 X111.038 Y126.614
G1 F3000 X93.18 Y131.398 E1193.46262
G0 F9000 X93.4 Y131.398
G0 X93.4 Y134.007
G0 X93.18 Y134.007
G1 F3000 X100.993 Y141.82 E1193.83012
G0 F9000 X100.649 Y141.82
G1 F3000 X141.819 Y130.789 E1195.24774
G0 F9000 X141.82 Y131.735
G1 F3000 X128.623 Y118.538 E1195.86848
G0 F9000 X128.447 Y118.638
G1 F3000 X122.235 Y141.82 E1196.66672
G0 F9000 X122.235 Y141.6
G0 X123.833 Y141.6
G0 X123.833 Y141.82
G1 F3000 X141.82 Y137.001 E1197.28607
G0 F9000 X141.6 Y137.001
G0 X141.6 Y138.277
G0 X141.82 Y138.277
G1 F3000 X141.289 Y140.257 E1197.35425
G0 F9000 X141.483 Y139.883
G1 F3000 X124.079 Y122.479 E1198.17288
G0 F9000 X124.836 Y122.916
G1 F3000 X118.295 Y124.669 E1198.39812
G0 F9000 X118.295 Y125.181
G1 F3000 X134.934 Y141.82 E1199.18076
G0 F9000 X134.659 Y141.821
G1 F3000 X141.82 Y115.093 E1200.10109
G0 F9000 X141.82 Y114.765
G1 F3000 X120.235 Y93.18 E1201.11639
G0 F9000 X119.903 Y93.18
G1 F3000 X93.181 Y100.34 E1202.03652
G0 F9000 X93.4 Y100.34
G0 X103.264 Y93.4
G0 X103.264 Y93.18
G1 F3000 X116.905 Y106.82 E1202.67812
G0 F9000 X116.905 Y106.72
G0 X118.323 Y106.792
G0 X118.395 Y108.21
G0 X118.295 Y108.21
G1 F3000 X123.145 Y113.061 E1202.90628
G0 F9000 X123.837 Y112.661
G1 F3000 X129.057 Y93.179 E1203.57711
G0 F9000 X128.72 Y93.18
G1 F3000 X141.82 Y106.28 E1204.19329
G0 F9000 X141.819 Y105.942
G1 F3000 X120.359 Y111.693 E1204.93224
G0 F9000 X120.472 Y111.499
G0 X118.395 Y110.16
G0 X118.295 Y110.16
G1 F3000 X122.845 Y93.18 E1205.51692
G0 F9000 X122.845 Y93.4
G0 X116.633 Y93.4
G0 X116.633 Y93.18
G1 F3000 X112.837 Y107.347 E1206.00474
G0 F9000 X113.013 Y107.449
G1 F3000 X141.82 Y99.731 E1206.99665
G0 F9000 X141.6 Y99.731
G0 X141.6 Y97.794
G0 X141.82 Y97.794
G1 F3000 X137.206 Y93.18 E1207.21368
G0 F9000 X137.206 Y93.4
G0 X135.268 Y93.4
G0 X135.268 Y93.18
G1 F3000 X128.975 Y116.667 E1208.02242
G0 F9000 X129.088 Y116.474
G0 X127.82 Y115.742
G0 X127.708 Y115.935
G1 F3000 X141.82 Y112.154 E1208.50834
G0 F9000 X141.6 Y112.154
G0 X141.6 Y118.366
G0 X141.82 Y118.366
G1 F3000 X127.025 Y122.33 E1209.01778
G0 F9000 X127.11 Y122.379
G0 X126.235 Y123.756
G0 X121.211 Y123.074
G0 X121.099 Y122.879
G1 F3000 X116.024 Y141.821 E1209.67001
G0 F9000 X116.024 Y141.6
G0 X117.964 Y141.6
G0 X117.964 Y141.82
G1 F3000 X93.18 Y117.036 E1210.83578
G0 F9000 X93.4 Y117.036
G0 X93.4 Y118.975
G0 X93.181 Y118.975
G1 F3000 X110.14 Y114.431 E1211.41973
G0 F9000 X110.832 Y114.831
G1 F3000 X109.14 Y121.146 E1211.63718
G0 F9000 X109.09 Y121.059
G0 X107.689 Y121.952
G0 X108.456 Y123.425
G0 X108.542 Y123.377
G1 F3000 X103.6 Y141.821 E1212.27227
G0 F9000 X103.6 Y141.6
G0 X97.389 Y141.6
G0 X97.389 Y141.82
G1 F3000 X110.422 Y93.179 E1213.94714
G0 F9000 X110.422 Y93.4
G0 X111.75 Y93.4
G0 X111.75 Y93.18
G1 F3000 X141.82 Y123.25 E1215.36154
G0 F9000 X141.6 Y123.25
G0 X141.6 Y124.577
G0 X141.819 Y124.577
G1 F3000 X93.181 Y137.61 E1217.03632
G0 F9000 X93.4 Y137.61
G0 X93.4 Y134.345
G0 X93.18 Y134.345
G1 F3000 X104.21 Y93.18 E1218.45377
G0 F9000 X104.21 Y93.4
G0 X116.435 Y106.86
G0 X116.572 Y106.86
;TYPE:SKIN
G1 F1500 X118.252 Y106.86 E1218.50965
G1 X118.252 Y110.148 E1218.61901
G1 X116.572 Y109.18 E1218.68349
G1 X116.572 Y106.86 E1218.76066
G0 F9000 X116.952 Y107.06
G1 F1500 X116.772 Y107.24 E1218.76913
G0 F9000 X116.772 Y107.805
G1 F1500 X117.518 Y107.06 E1218.80419
G0 F9000 X118.052 Y107.091
G1 F1500 X116.772 Y108.371 E1218.8644
G0 F9000 X116.772 Y108.937
G1 F1500 X118.052 Y107.656 E1218.92463
G0 F9000 X118.052 Y108.222
G1 F1500 X117.051 Y109.223 E1218.97171
G0 F9000 X117.409 Y109.43
G1 F1500 X118.052 Y108.788 E1219.00193
G0 F9000 X118.052 Y109.353
G1 F1500 X117.768 Y109.638 E1219.01532
G0 F9000 X117.596 Y109.933
G0 X111.717 Y106.519
G0 X110.883 Y107.002
G0 X108.501 Y111.498
G0 X108.618 Y111.566
G1 F1500 X110.756 Y112.8 E1219.09742
G1 X110.756 Y114.741 E1219.16198
G1 X107.778 Y113.022 E1219.27634
G1 X108.618 Y111.566 E1219.33225
G0 F9000 X108.747 Y111.871
G1 F1500 X108.572 Y112.045 E1219.34046
G0 F9000 X109.105 Y112.078
G1 F1500 X108.167 Y113.016 E1219.38458
G0 F9000 X108.525 Y113.223
G1 F1500 X109.464 Y112.284 E1219.42875
G0 F9000 X109.823 Y112.491
G1 F1500 X108.884 Y113.431 E1219.47294
G0 F9000 X109.242 Y113.638
G1 F1500 X110.181 Y112.699 E1219.51711
G0 F9000 X110.541 Y112.905
G1 F1500 X109.602 Y113.844 E1219.56128
G0 F9000 X109.96 Y114.051
G1 F1500 X110.555 Y113.456 E1219.58926
G0 F9000 X110.555 Y114.022
G1 F1500 X110.319 Y114.259 E1219.60039
G0 F9000 X110.149 Y114.552
G0 X107.711 Y121.856
G0 X107.778 Y121.974
G1 F1500 X110.756 Y120.255 E1219.71475
G1 X110.756 Y122.196 E1219.77931
G1 X108.618 Y123.43 E1219.86142
G1 X107.778 Y121.974 E1219.91732
G0 F9000 X108.101 Y122.133
G1 F1500 X108.373 Y121.861 E1219.93012
G0 F9000 X108.308 Y122.492
G1 F1500 X109.71 Y121.089 E1219.99609
G0 F9000 X110.556 Y120.809
G1 F1500 X108.515 Y122.851 E1220.09211
G0 F9000 X108.887 Y123.044
G1 F1500 X110.556 Y121.375 E1220.17062
G0 F9000 X110.556 Y121.941
G1 F1500 X110.225 Y122.272 E1220.18619
G0 F9000 X110.396 Y122.569
G0 X110.883 Y127.998
G0 X111.717 Y128.481
G0 X118.323 Y128.208
G0 X118.395 Y124.843
G0 X118.252 Y124.843
G1 F1500 X118.252 Y128.14 E1220.29585
G1 X116.572 Y128.14 E1220.35172
G1 X116.572 Y125.816 E1220.42902
G1 X118.252 Y124.843 E1220.49359
G0 F9000 X118.395 Y124.843
G0 X118.323 Y128.208
G0 X116.507 Y128.208
G0 X116.435 Y126.472
G0 X116.772 Y126.472
G1 F1500 X117.76 Y125.485 E1220.54004
G1 X117.761 Y125.484
G1 X118.052 Y125.193 E1220.55373
G0 F9000 X118.052 Y125.758
G1 F1500 X116.772 Y127.038 E1220.61393
G0 F9000 X116.772 Y127.604
G1 F1500 X118.052 Y126.324 E1220.67414
G0 F9000 X118.052 Y126.89
G1 F1500 X117.001 Y127.94 E1220.72355
G0 F9000 X117.567 Y127.94
G1 F1500 X118.052 Y127.455 E1220.74637
G0 F9000 X118.395 Y127.455
G0 X123.186 Y121.837
G0 X123.255 Y121.957
G1 F1500 X124.936 Y120.987 E1220.81092
G1 X127.05 Y122.206 E1220.89208
G1 X126.21 Y123.662 E1220.94799
G1 X123.255 Y121.957 E1221.06146
G0 F9000 X123.947 Y122.127
G1 F1500 X124.055 Y122.018 E1221.06656
G1 X124.746 Y121.328 E1221.09904
G0 F9000 X125.243 Y121.395
G1 F1500 X124.307 Y122.332 E1221.14309
G0 F9000 X124.665 Y122.539
G1 F1500 X125.602 Y121.603 E1221.18714
G0 F9000 X125.961 Y121.809
G1 F1500 X125.024 Y122.747 E1221.23124
G0 F9000 X125.383 Y122.953
G1 F1500 X126.32 Y122.016 E1221.27531
G0 F9000 X126.678 Y122.223
G1 F1500 X125.741 Y123.16 E1221.31939
G0 F9000 X126.1 Y123.368
G1 F1500 X126.217 Y123.25 E1221.32491
G0 F9000 X126.511 Y123.42
G0 X130.706 Y117.5
G0 X126.235 Y111.244
G0 X123.187 Y112.921
G0 X123.254 Y113.039
G1 F1500 X126.21 Y111.334 E1221.43841
G1 X127.05 Y112.79 E1221.49432
G1 X124.936 Y114.009 E1221.57549
G1 X123.254 Y113.039 E1221.64007
G0 F9000 X123.862 Y113.16
G1 F1500 X124.056 Y112.966 E1221.64919
G1 X124.43 Y112.592 E1221.66678
G0 F9000 X124.222 Y113.365
G1 F1500 X125.766 Y111.822 E1221.73938
G0 F9000 X126.286 Y111.867
G1 F1500 X124.581 Y113.573 E1221.81961
G0 F9000 X124.949 Y113.77
G1 F1500 X126.493 Y112.226 E1221.89223
G0 F9000 X126.699 Y112.586
G1 F1500 X126.285 Y113 E1221.9117
G0 F9000 X126.606 Y113.557
G1 F2700 E1216.9117
;MESH:NONMESH
G0 F300 X126.606 Y113.557 Z1.8
G0 F9000 X127.142 Y112.817
G0 X126.235 Y111.244
G0 X119.114 Y107.237
G0 X94.312 Y94.313
G0 X94.1 Y94.1
;TIME_ELAPSED:1704.880710
;LAYER:8
;TYPE:WALL-INNER
;MESH:triangolo_spesso.stl
G1 F2700 E1221.9117
G1 F1500 X93.556 Y94.804 E1221.9413
G1 X93.221 Y95.613 E1221.97042
G1 X93.1 Y96.543 E1222.00161
G1 X93.1 Y138.457 E1223.39568
G1 X93.221 Y139.383 E1223.42674
G1 X93.556 Y140.192 E1223.45586
G1 X94.1 Y140.896 E1223.48545
G1 X94.804 Y141.44 E1223.51504
G1 X95.614 Y141.775 E1223.5442
G1 X96.544 Y141.9 E1223.57541
G1 X138.456 Y141.9 E1224.96941
G1 X139.383 Y141.775 E1225.00052
G1 X140.188 Y141.443 E1225.02948
G1 X140.896 Y140.896 E1225.05924
G1 X141.443 Y140.188 E1225.08899
G1 X141.775 Y139.383 E1225.11796
G1 X141.9 Y138.456 E1225.14907
G1 X141.9 Y96.544 E1226.54307
G1 X141.775 Y95.613 E1226.57431
G1 X141.443 Y94.808 E1226.60327
G1 X140.896 Y94.101 E1226.633
G1 X140.188 Y93.556 E1226.66272
G1 X139.383 Y93.221 E1226.69172
G1 X138.457 Y93.1 E1226.72278
G1 X96.543 Y93.1 E1228.11685
G1 X95.613 Y93.221 E1228.14804
G1 X94.804 Y93.556 E1228.17716
G1 X94.1 Y94.1 E1228.20675
G0 F9000 X94.312 Y94.313
G0 X111.131 Y106.783
G0 X111.363 Y107.186
G1 F1500 X111.689 Y107.007 E1228.21912
G1 X112.054 Y106.986 E1228.23128
G1 X129.412 Y117.01 E1228.89796
G1 X129.613 Y117.255 E1228.9085
G1 X129.656 Y117.396 E1228.91341
G1 X129.613 Y117.745 E1228.9251
G1 X129.412 Y117.99 E1228.93564
G1 X112.126 Y127.968 E1229.59949
G1 X111.813 Y128.017 E1229.61002
G1 X111.63 Y127.966 E1229.61634
G1 X111.306 Y127.777 E1229.62882
G1 X111.168 Y127.57 E1229.63709
G1 X111.118 Y127.376 E1229.64376
G1 X111.124 Y107.568 E1230.30257
G1 X111.168 Y107.426 E1230.30752
G1 X111.363 Y107.186 E1230.3178
G0 F9000 X111.583 Y107.521
;TYPE:WALL-OUTER
G1 F1500 X111.836 Y107.38 E1230.32744
G1 X111.943 Y107.38 E1230.33099
G1 X129.165 Y117.326 E1230.99246
G1 X129.262 Y117.465 E1230.9981
G1 X129.255 Y117.56 E1231.00127
G1 X129.18 Y117.664 E1231.00553
G1 X111.943 Y127.611 E1231.66745
G1 X111.836 Y127.616 E1231.67101
G1 X111.583 Y127.475 E1231.68064
G1 X111.516 Y127.342 E1231.6856
G1 X111.516 Y107.621 E1232.34152
G1 X111.583 Y107.521 E1232.34552
G1 F2700 E1227.34552
G0 F9000 X110.817 Y107.521
G0 X94.312 Y94.313
G0 X93.815 Y93.815
G1 F2700 E1232.34552
G1 F1500 X93.207 Y94.602 E1232.3786
G1 X92.831 Y95.509 E1232.41126
G1 X92.7 Y96.517 E1232.44507
G1 X92.7 Y138.483 E1233.84086
G1 X92.831 Y139.487 E1233.87454
G1 X93.207 Y140.394 E1233.90719
G1 X93.815 Y141.181 E1233.94027
G1 X94.602 Y141.789 E1233.97335
G1 X95.509 Y142.165 E1234.006
G1 X96.518 Y142.3 E1234.03986
G1 X138.482 Y142.3 E1235.43559
G1 X139.487 Y142.165 E1235.46932
G1 X140.39 Y141.793 E1235.5018
G1 X141.181 Y141.181 E1235.53506
G1 X141.793 Y140.39 E1235.56833
G1 X142.165 Y139.487 E1235.60081
G1 X142.3 Y138.482 E1235.63454
G1 X142.3 Y96.518 E1237.03027
G1 X142.165 Y95.509 E1237.06412
G1 X141.793 Y94.606 E1237.09661
G1 X141.181 Y93.815 E1237.12987
G1 X140.39 Y93.207 E1237.16305
G1 X139.487 Y92.831 E1237.19559
G1 X138.483 Y92.7 E1237.22926
G1 X96.517 Y92.7 E1238.62506
G1 X95.509 Y92.831 E1238.65887
G1 X94.602 Y93.207 E1238.69152
G1 X93.815 Y93.815 E1238.7246
G0 F9000 X94.443 Y93.936
;TYPE:FILL
G1 F3000 X97.266 Y93.18 E1238.8218
G0 F9000 X97.852 Y93.18
G1 F3000 X93.18 Y110.618 E1239.42225
G0 F9000 X93.4 Y110.618
G0 X93.4 Y108.351
G0 X93.18 Y108.351
G1 F3000 X111.038 Y126.209 E1240.26223
G0 F9000 X111.037 Y126.76
G1 F3000 X93.18 Y131.544 E1240.8771
G0 F9000 X93.4 Y131.544
G0 X93.4 Y133.801
G0 X93.18 Y133.801
G1 F3000 X104.064 Y93.18 E1242.27582
G0 F9000 X103.464 Y93.18
G1 F3000 X123.271 Y112.987 E1243.20748
G0 F9000 X123.664 Y112.761
G1 F3000 X128.911 Y93.18 E1243.88172
G1 X128.92 Y93.18
G1 X141.82 Y106.08 E1244.4885
G1 X141.82 Y106.088
G1 X120.532 Y111.792 E1245.22152
G0 F9000 X120.645 Y111.599
G0 X118.202 Y110.189
G0 X118.09 Y110.381
G1 F3000 X122.699 Y93.18 E1245.81381
G0 F9000 X122.699 Y93.4
G0 X120.449 Y93.4
G0 X120.449 Y93.18
G1 F3000 X93.181 Y100.486 E1246.75274
G0 F9000 X93.18 Y99.866
G1 F3000 X111.038 Y117.725 E1247.59274
G0 F9000 X110.817 Y117.725
G0 X110.655 Y114.844
G0 X110.706 Y114.758
G1 F3000 X108.967 Y121.246 E1247.81615
G0 F9000 X109.428 Y120.979
G1 F3000 X93.181 Y125.333 E1248.3756
G1 X93.18 Y125.322
G1 X109.678 Y141.82 E1249.15161
G1 X109.666 Y141.821
G1 X113.578 Y127.221 E1249.65434
G0 F9000 X113.69 Y127.417
G0 X112.721 Y127.976
G0 X112.609 Y127.781
G1 F3000 X126.648 Y141.82 E1250.31469
G0 F9000 X126.648 Y141.6
G0 X128.301 Y141.6
G0 X128.301 Y141.82
G1 F3000 X141.012 Y94.381 E1251.94818
G0 F9000 X140.618 Y93.987
G1 F3000 X93.18 Y106.698 E1253.58163
G0 F9000 X93.4 Y106.698
G0 X93.4 Y112.909
G0 X93.181 Y112.909
G1 F3000 X111.037 Y108.125 E1254.19647
G0 F9000 X110.817 Y108.125
G0 X110.817 Y109.239
G0 X111.038 Y109.239
G1 F3000 X95.255 Y93.456 E1254.93885
G0 F9000 X95.34 Y93.662
G0 X110.276 Y93.4
G0 X110.276 Y93.18
G1 F3000 X97.243 Y141.821 E1256.61373
G0 F9000 X97.243 Y141.6
G0 X101.193 Y141.6
G0 X101.193 Y141.82
G1 F3000 X93.18 Y133.807 E1256.99063
G0 F9000 X93.4 Y133.807
G0 X93.4 Y137.756
G0 X93.181 Y137.756
G1 F3000 X141.819 Y124.723 E1258.66541
G0 F9000 X141.6 Y124.723
G0 X141.6 Y123.051
G0 X141.82 Y123.051
G1 F3000 X111.949 Y93.18 E1260.07045
G0 F9000 X111.949 Y93.4
G0 X116.487 Y93.4
G0 X116.487 Y93.18
G1 F3000 X112.711 Y107.274 E1260.55575
G0 F9000 X113.185 Y107.549
G1 F3000 X141.819 Y99.877 E1261.54172
G0 F9000 X141.6 Y99.877
G0 X141.6 Y97.595
G0 X141.82 Y97.595
G1 F3000 X137.405 Y93.18 E1261.74938
G0 F9000 X137.405 Y93.4
G0 X135.123 Y93.4
G0 X135.123 Y93.179
G1 F3000 X128.849 Y116.593 E1262.55561
G0 F9000 X128.961 Y116.401
G0 X127.993 Y115.842
G0 X127.88 Y116.035
G1 F3000 X141.82 Y112.3 E1263.03561
G0 F9000 X141.6 Y112.3
G0 X141.6 Y114.549
G0 X141.82 Y114.549
G1 F3000 X134.512 Y141.821 E1263.97468
G0 F9000 X135.134 Y141.82
G1 F3000 X117.989 Y124.675 E1264.78113
G0 F9000 X117.27 Y125.089
G1 F3000 X125.008 Y123.016 E1265.04757
G0 F9000 X124.55 Y122.751
G1 F3000 X141.541 Y139.742 E1265.84678
G0 F9000 X141.066 Y140.546
G1 F3000 X141.82 Y137.733 E1265.94364
G0 F9000 X141.82 Y137.147
G1 F3000 X124.378 Y141.82 E1266.54422
G0 F9000 X124.378 Y141.6
G0 X122.089 Y141.6
G0 X122.089 Y141.82
G1 F3000 X128.274 Y118.738 E1267.33902
G0 F9000 X128.749 Y118.465
G1 F3000 X141.82 Y131.536 E1267.95384
G0 F9000 X141.82 Y130.935
G1 F3000 X101.194 Y141.82 E1269.35272
G0 F9000 X101.194 Y141.6
G0 X103.454 Y141.6
G0 X103.454 Y141.82
G1 F3000 X108.443 Y123.204 E1269.99374
G0 F9000 X108.356 Y123.253
G0 X107.689 Y121.952
G0 X110.261 Y114.617
G0 X110.312 Y114.531
G1 F3000 X93.181 Y119.121 E1270.58362
G0 F9000 X93.4 Y119.121
G0 X93.4 Y116.837
G0 X93.18 Y116.837
G1 F3000 X118.163 Y141.82 E1271.75874
G0 F9000 X118.163 Y141.6
G0 X115.878 Y141.6
G0 X115.878 Y141.821
G1 F3000 X120.926 Y122.978 E1272.40757
G0 F9000 X121.039 Y123.174
G0 X126.235 Y123.756
G0 X127.011 Y122.553
G0 X126.925 Y122.503
G1 F3000 X141.819 Y118.512 E1272.92042
G0 F9000 X141.6 Y118.512
G0 X141.6 Y114.565
G0 X141.82 Y114.565
G1 F3000 X120.434 Y93.18 E1273.92633
G0 F9000 X120.434 Y93.4
G0 X123.187 Y112.921
G0 X123.254 Y113.039
;TYPE:SKIN
G1 F1500 X126.21 Y111.334 E1274.03983
G1 X127.05 Y112.79 E1274.09573
G1 X124.936 Y114.009 E1274.1769
G1 X123.254 Y113.039 E1274.24148
G0 F9000 X123.739 Y112.991
G1 F1500 X123.967 Y113.219 E1274.2522
G0 F9000 X124.098 Y112.784
G1 F1500 X125.034 Y113.72 E1274.29623
G0 F9000 X125.393 Y113.514
G1 F1500 X124.456 Y112.577 E1274.3403
G0 F9000 X124.816 Y112.371
G1 F1500 X125.752 Y113.307 E1274.38433
G0 F9000 X126.11 Y113.1
G1 F1500 X125.174 Y112.163 E1274.42838
G0 F9000 X125.533 Y111.957
G1 F1500 X126.47 Y112.893 E1274.47243
G0 F9000 X126.663 Y112.52
G1 F1500 X125.892 Y111.75 E1274.50867
G0 F9000 X125.723 Y111.457
G0 X126.235 Y111.244
G0 X130.706 Y117.5
G0 X126.235 Y123.756
G0 X123.136 Y121.958
G0 X123.255 Y121.957
G1 F1500 X124.936 Y120.987 E1274.57322
G1 X127.05 Y122.206 E1274.65439
G1 X126.21 Y123.662 E1274.71029
G1 X123.255 Y121.957 E1274.82376
G0 F9000 X124.055 Y121.792
G1 F1500 X124.99 Y122.728 E1274.86777
G0 F9000 X124.821 Y123.021
G0 X126.235 Y123.756
G0 X127.142 Y122.183
G0 X125.677 Y121.255
G0 X125.507 Y121.547
G1 F1500 X126.579 Y122.619 E1274.91819
G0 F9000 X126.373 Y122.979
G1 F1500 X124.731 Y121.337 E1274.99543
G0 F9000 X124.372 Y121.543
G1 F1500 X126.166 Y123.338 E1275.07983
G0 F9000 X126.46 Y123.508
G0 X126.235 Y123.756
G0 X111.717 Y128.481
G0 X110.883 Y127.998
G0 X107.689 Y121.952
G0 X107.778 Y121.974
G1 F1500 X110.756 Y120.255 E1275.1942
G1 X110.756 Y122.196 E1275.25876
G1 X108.618 Y123.43 E1275.34086
G1 X107.778 Y121.974 E1275.39677
G0 F9000 X107.711 Y121.856
G0 X108.596 Y123.525
G0 X109.067 Y123.336
G0 X108.896 Y123.038
G1 F1500 X108.249 Y122.391 E1275.4272
G0 F9000 X108.317 Y121.894
G1 F1500 X109.254 Y122.831 E1275.47128
G0 F9000 X109.614 Y122.624
G1 F1500 X108.676 Y121.687 E1275.51537
G0 F9000 X109.035 Y121.48
G1 F1500 X109.972 Y122.417 E1275.55945
G0 F9000 X110.331 Y122.21
G1 F1500 X109.394 Y121.273 E1275.60352
G0 F9000 X109.752 Y121.066
G1 F1500 X110.556 Y121.87 E1275.64134
G0 F9000 X110.556 Y121.304
G1 F1500 X110.111 Y120.859 E1275.66227
G0 F9000 X110.469 Y120.652
G1 F1500 X110.556 Y120.738 E1275.66634
G0 F9000 X110.329 Y120.344
G0 X107.689 Y113.048
G0 X108.501 Y111.498
G0 X108.618 Y111.566
G1 F1500 X110.756 Y112.8 E1275.74844
G1 X110.756 Y114.741 E1275.813
G1 X107.778 Y113.022 E1275.92737
G1 X108.618 Y111.566 E1275.98327
G0 F9000 X108.501 Y111.498
G0 X107.897 Y112.546
G0 X108.187 Y112.713
G1 F1500 X108.932 Y113.457 E1276.01829
G0 F9000 X108.761 Y113.75
G0 X107.689 Y113.048
G0 X108.104 Y112.187
G0 X108.394 Y112.354
G1 F1500 X110.27 Y114.23 E1276.10654
G0 F9000 X110.556 Y113.95
G1 F1500 X108.6 Y111.994 E1276.19854
G0 F9000 X109.447 Y112.275
G1 F1500 X110.556 Y113.385 E1276.25073
G0 F9000 X110.517 Y112.48
;MESH:NONMESH
G0 F300 X110.517 Y112.48 Z2
G0 F9000 X94.312 Y94.313
G0 X94.1 Y94.1
;TIME_ELAPSED:1764.865385
;LAYER:9
;TYPE:WALL-INNER
;MESH:triangolo_spesso.stl
G1 F1500 X93.556 Y94.804 E1276.28032
G1 X93.221 Y95.613 E1276.30944
G1 X93.1 Y96.543 E1276.34063
G1 X93.1 Y138.457 E1277.7347
G1 X93.221 Y139.383 E1277.76576
G1 X93.556 Y140.192 E1277.79488
G1 X94.1 Y140.896 E1277.82447
G1 X94.804 Y141.44 E1277.85407
G1 X95.614 Y141.775 E1277.88322
G1 X96.544 Y141.9 E1277.91443
G1 X138.456 Y141.9 E1279.30843
G1 X139.383 Y141.775 E1279.33954
G1 X140.188 Y141.443 E1279.3685
G1 X140.896 Y140.896 E1279.39826
G1 X141.443 Y140.188 E1279.42802
G1 X141.775 Y139.383 E1279.45698
G1 X141.9 Y138.456 E1279.48809
G1 X141.9 Y96.544 E1280.88209
G1 X141.775 Y95.613 E1280.91333
G1 X141.443 Y94.808 E1280.94229
G1 X140.896 Y94.101 E1280.97203
G1 X140.188 Y93.556 E1281.00174
G1 X139.383 Y93.221 E1281.03074
G1 X138.457 Y93.1 E1281.0618
G1 X96.543 Y93.1 E1282.45587
G1 X95.613 Y93.221 E1282.48706
G1 X94.804 Y93.556 E1282.51618
G1 X94.1 Y94.1 E1282.54578
G0 F9000 X94.312 Y94.313
G0 X111.131 Y106.783
G0 X111.363 Y107.186
G1 F1500 X111.689 Y107.007 E1282.55815
G1 X112.054 Y106.986 E1282.57031
G1 X129.412 Y117.01 E1283.23699
G1 X129.613 Y117.255 E1283.24753
G1 X129.656 Y117.396 E1283.25243
G1 X129.613 Y117.745 E1283.26413
G1 X129.412 Y117.99 E1283.27467
G1 X112.126 Y127.968 E1283.93851
G1 X111.813 Y128.017 E1283.94905
G1 X111.63 Y127.966 E1283.95536
G1 X111.306 Y127.777 E1283.96784
G1 X111.168 Y127.57 E1283.97611
G1 X111.118 Y127.376 E1283.98278
G1 X111.116 Y107.594 E1284.64073
G1 X111.168 Y107.426 E1284.64658
G1 X111.363 Y107.186 E1284.65686
G0 F9000 X111.583 Y107.521
;TYPE:WALL-OUTER
G1 F1500 X111.836 Y107.38 E1284.6665
G1 X111.943 Y107.38 E1284.67006
G1 X129.165 Y117.326 E1285.33152
G1 X129.262 Y117.465 E1285.33716
G1 X129.255 Y117.56 E1285.34033
G1 X129.18 Y117.664 E1285.34459
G1 X111.943 Y127.611 E1286.00651
G1 X111.836 Y127.616 E1286.01007
G1 X111.583 Y127.475 E1286.01971
G1 X111.516 Y127.342 E1286.02466
G1 X111.518 Y107.637 E1286.68005
G1 X111.583 Y107.521 E1286.68447
G1 F2700 E1281.68447
G0 F9000 X110.817 Y107.521
G0 X94.312 Y94.313
G0 X93.815 Y93.815
G1 F2700 E1286.68447
G1 F1500 X93.207 Y94.602 E1286.71755
G1 X92.831 Y95.509 E1286.75021
G1 X92.7 Y96.517 E1286.78402
G1 X92.7 Y138.483 E1288.17981
G1 X92.831 Y139.487 E1288.21349
G1 X93.207 Y140.394 E1288.24614
G1 X93.815 Y141.181 E1288.27922
G1 X94.602 Y141.789 E1288.3123
G1 X95.509 Y142.165 E1288.34495
G1 X96.518 Y142.3 E1288.37881
G1 X138.482 Y142.3 E1289.77454
G1 X139.487 Y142.165 E1289.80827
G1 X140.39 Y141.793 E1289.84075
G1 X141.181 Y141.181 E1289.87401
G1 X141.793 Y140.39 E1289.90728
G1 X142.165 Y139.487 E1289.93976
G1 X142.3 Y138.482 E1289.97349
G1 X142.3 Y96.518 E1291.36922
G1 X142.165 Y95.509 E1291.40307
G1 X141.793 Y94.606 E1291.43556
G1 X141.181 Y93.815 E1291.46882
G1 X140.39 Y93.207 E1291.502
G1 X139.487 Y92.831 E1291.53454
G1 X138.483 Y92.7 E1291.56821
G1 X96.517 Y92.7 E1292.96401
G1 X95.509 Y92.831 E1292.99782
G1 X94.602 Y93.207 E1293.03047
G1 X93.815 Y93.815 E1293.06355
G0 F9000 X94.155 Y94.16
;TYPE:FILL
G1 F3000 X97.815 Y93.18 E1293.18957
G1 X97.705 Y93.18
G1 X93.18 Y110.069 E1293.77111
G0 F9000 X93.4 Y110.069
G0 X93.4 Y108.151
G0 X93.18 Y108.151
G1 F3000 X111.038 Y126.009 E1294.6111
G0 F9000 X111.037 Y126.907
G1 F3000 X93.18 Y131.691 E1295.22597
G0 F9000 X93.4 Y131.691
G0 X93.4 Y133.252
G0 X93.18 Y133.252
G1 F3000 X103.917 Y93.18 E1296.60578
G0 F9000 X103.665 Y93.18
G1 F3000 X124.659 Y114.174 E1297.59328
G0 F9000 X124.771 Y113.982
G0 X123.454 Y113.221
G0 X123.342 Y113.414
G1 F3000 X128.764 Y93.18 E1298.29
G0 F9000 X129.121 Y93.18
G1 F3000 X141.82 Y105.879 E1298.88733
G0 F9000 X141.82 Y106.235
G1 F3000 X120.707 Y111.892 E1299.61432
G0 F9000 X120.819 Y111.7
G0 X118.075 Y110.115
G0 X117.963 Y110.307
G1 F3000 X122.552 Y93.18 E1300.20406
G0 F9000 X122.552 Y93.4
G0 X120.998 Y93.4
G0 X120.998 Y93.18
G1 F3000 X93.181 Y100.633 E1301.16189
G0 F9000 X93.18 Y99.665
G1 F3000 X111.038 Y117.524 E1302.0019
G0 F9000 X110.817 Y117.524
G0 X110.527 Y114.771
G0 X110.578 Y114.685
G1 F3000 X103.307 Y141.82 E1302.93625
G0 F9000 X103.307 Y141.6
G0 X101.743 Y141.6
G0 X101.743 Y141.82
G1 F3000 X141.82 Y131.082 E1304.31623
G0 F9000 X141.82 Y131.335
G1 F3000 X128.877 Y118.392 E1304.92503
G0 F9000 X128.1 Y118.838
G1 F3000 X121.942 Y141.82 E1305.71638
G0 F9000 X121.942 Y141.6
G0 X124.926 Y141.6
G0 X124.926 Y141.82
G1 F3000 X141.82 Y137.294 E1306.29809
G1 X141.82 Y137.184
G1 X140.841 Y140.837 E1306.42388
G0 F9000 X140.688 Y140.688
G0 X141.398 Y139.517
G0 X141.6 Y139.601
G1 F3000 X125.025 Y123.025 E1307.20354
G1 X125.182 Y123.117
G1 X116.795 Y125.364 E1307.49233
G0 F9000 X116.907 Y125.559
G0 X118.228 Y124.796
G0 X118.116 Y124.601
G1 F3000 X135.335 Y141.82 E1308.30226
G0 F9000 X134.365 Y141.821
G1 F3000 X141.82 Y114 E1309.26024
G0 F9000 X141.82 Y114.365
G1 F3000 X120.635 Y93.18 E1310.25671
G0 F9000 X120.635 Y93.4
G0 X116.34 Y93.4
G0 X116.34 Y93.18
G1 F3000 X112.584 Y107.201 E1310.7395
G0 F9000 X113.359 Y107.65
G1 F3000 X141.819 Y100.024 E1311.71947
G0 F9000 X141.6 Y100.024
G0 X141.6 Y97.394
G0 X141.82 Y97.394
G1 F3000 X137.606 Y93.18 E1311.91769
G0 F9000 X137.606 Y93.4
G0 X134.976 Y93.4
G0 X134.976 Y93.179
G1 F3000 X128.722 Y116.52 E1312.7214
G0 F9000 X128.054 Y116.135
G1 F3000 X141.82 Y112.447 E1313.1954
G0 F9000 X141.6 Y112.447
G0 X141.6 Y118.659
G0 X141.819 Y118.659
G1 F3000 X126.824 Y122.677 E1313.71173
G0 F9000 X126.91 Y122.727
G0 X126.235 Y123.756
G0 X120.864 Y123.274
G0 X120.752 Y123.079
G1 F3000 X115.731 Y141.821 E1314.35707
G0 F9000 X115.731 Y141.6
G0 X118.364 Y141.6
G0 X118.364 Y141.82
G1 F3000 X93.18 Y116.636 E1315.54165
G0 F9000 X93.4 Y116.636
G0 X93.4 Y119.268
G0 X93.181 Y119.268
G1 F3000 X110.486 Y114.631 E1316.13752
G0 F9000 X110.435 Y114.717
G0 X107.689 Y113.048
G0 X108.596 Y111.475
G0 X110.817 Y109.038
G0 X111.038 Y109.038
G1 F3000 X95.397 Y93.397 E1316.87323
G0 F9000 X95.482 Y93.603
G0 X93.4 Y106.845
G0 X93.181 Y106.845
G1 F3000 X140.76 Y94.096 E1318.51154
G0 F9000 X140.903 Y94.24
G1 F3000 X128.154 Y141.82 E1320.14988
G0 F9000 X128.154 Y141.6
G0 X126.849 Y141.6
G0 X126.849 Y141.82
G1 F3000 X112.736 Y127.707 E1320.81371
G0 F9000 X113.404 Y127.321
G1 F3000 X109.519 Y141.821 E1321.313
G0 F9000 X109.879 Y141.82
G1 F3000 X93.18 Y125.121 E1322.09847
G0 F9000 X93.181 Y125.48
G1 F3000 X111.038 Y120.695 E1322.71335
G0 F9000 X110.817 Y120.695
G0 X107.689 Y113.048
G0 X108.423 Y111.774
G0 X110.817 Y108.272
G0 X111.037 Y108.272
G1 F3000 X93.181 Y113.056 E1323.32818
G0 F9000 X93.4 Y113.056
G0 X93.4 Y133.606
G0 X93.18 Y133.606
G1 F3000 X101.393 Y141.82 E1323.71452
G0 F9000 X101.393 Y141.6
G0 X97.096 Y141.6
G0 X97.096 Y141.821
G1 F3000 X110.129 Y93.179 E1325.38943
G0 F9000 X110.129 Y93.4
G0 X112.15 Y93.4
G0 X112.15 Y93.18
G1 F3000 X141.82 Y122.85 E1326.78501
G0 F9000 X141.6 Y122.85
G0 X141.6 Y124.87
G0 X141.819 Y124.87
G1 F3000 X93.181 Y137.903 E1328.45979
G1 F2700 E1323.45979
G0 F9000 X93.4 Y137.903
G0 X108.501 Y111.498
G0 X108.618 Y111.566
;TYPE:SKIN
G1 F2700 E1328.45979
G1 F1500 X110.756 Y112.8 E1328.5419
G1 X110.756 Y114.741 E1328.60645
G1 X107.778 Y113.022 E1328.72082
G1 X108.618 Y111.566 E1328.77673
G0 F9000 X108.747 Y111.871
G1 F1500 X108.572 Y112.045 E1328.78494
G0 F9000 X109.105 Y112.078
G1 F1500 X108.167 Y113.016 E1328.82906
G0 F9000 X108.525 Y113.223
G1 F1500 X109.464 Y112.284 E1328.87322
G0 F9000 X109.823 Y112.491
G1 F1500 X108.884 Y113.431 E1328.91741
G0 F9000 X109.242 Y113.638
G1 F1500 X110.181 Y112.699 E1328.96158
G0 F9000 X110.541 Y112.905
G1 F1500 X109.602 Y113.844 E1329.00575
G0 F9000 X109.96 Y114.051
G1 F1500 X110.555 Y113.456 E1329.03374
G0 F9000 X110.555 Y114.022
G1 F1500 X110.319 Y114.259 E1329.04486
G0 F9000 X110.149 Y114.552
G0 X110.883 Y127.998
G0 X111.717 Y128.481
G0 X123.186 Y121.837
G0 X123.255 Y121.957
G1 F1500 X124.936 Y120.987 E1329.10941
G1 X127.05 Y122.206 E1329.19058
G1 X126.21 Y123.662 E1329.24648
G1 X123.255 Y121.957 E1329.35995
G0 F9000 X123.947 Y122.127
G1 F1500 X124.055 Y122.018 E1329.36506
G1 X124.746 Y121.328 E1329.39754
G0 F9000 X125.243 Y121.395
G1 F1500 X124.307 Y122.332 E1329.44159
G0 F9000 X124.665 Y122.539
G1 F1500 X125.602 Y121.603 E1329.48564
G0 F9000 X125.961 Y121.809
G1 F1500 X125.024 Y122.747 E1329.52973
G0 F9000 X125.383 Y122.953
G1 F1500 X126.32 Y122.016 E1329.57381
G0 F9000 X126.678 Y122.223
G1 F1500 X125.741 Y123.16 E1329.61788
G0 F9000 X126.1 Y123.368
G1 F1500 X126.217 Y123.25 E1329.62341
G0 F9000 X126.771 Y123.57
G1 F2700 E1324.62341
;MESH:NONMESH
G0 F300 X126.771 Y123.57 Z2.2
G0 F9000 X130.706 Y117.5
G0 X94.312 Y94.313
G0 X94.1 Y94.1
;TIME_ELAPSED:1822.371587
;LAYER:10
;TYPE:WALL-INNER
;MESH:triangolo_spesso.stl
G1 F2700 E1329.62341
G1 F1500 X93.556 Y94.804 E1329.653
G1 X93.221 Y95.613 E1329.68212
G1 X93.1 Y96.543 E1329.71332
G1 X93.1 Y138.457 E1331.10738
G1 X93.221 Y139.383 E1331.13844
G1 X93.556 Y140.192 E1331.16756
G1 X94.1 Y140.896 E1331.19716
G1 X94.804 Y141.44 E1331.22675
G1 X95.614 Y141.775 E1331.2559
G1 X96.544 Y141.9 E1331.28711
G1 X138.456 Y141.9 E1332.68111
G1 X139.383 Y141.775 E1332.71222
G1 X140.188 Y141.443 E1332.74118
G1 X140.896 Y140.896 E1332.77094
G1 X141.443 Y140.188 E1332.8007
G1 X141.775 Y139.383 E1332.82966
G1 X141.9 Y138.456 E1332.86077
G1 X141.9 Y96.544 E1334.25477
G1 X141.775 Y95.613 E1334.28601
G1 X141.443 Y94.808 E1334.31498
G1 X140.896 Y94.101 E1334.34471
G1 X140.188 Y93.556 E1334.37442
G1 X139.383 Y93.221 E1334.40342
G1 X138.457 Y93.1 E1334.43448
G1 X96.543 Y93.1 E1335.82855
G1 X95.613 Y93.221 E1335.85974
G1 X94.804 Y93.556 E1335.88887
G1 X94.1 Y94.1 E1335.91846
G0 F9000 X94.312 Y94.313
G0 X111.131 Y106.783
G0 X111.363 Y107.186
G1 F1500 X111.689 Y107.007 E1335.93083
G1 X112.054 Y106.986 E1335.94299
G1 X129.412 Y117.01 E1336.60967
G1 X129.613 Y117.255 E1336.62021
G1 X129.656 Y117.396 E1336.62511
G1 X129.613 Y117.745 E1336.63681
G1 X129.412 Y117.99 E1336.64735
G1 X112.126 Y127.968 E1337.31119
G1 X111.813 Y128.017 E1337.32173
G1 X111.63 Y127.966 E1337.32805
G1 X111.306 Y127.777 E1337.34052
G1 X111.168 Y127.57 E1337.3488
G1 X111.118 Y127.376 E1337.35546
G1 X111.124 Y107.568 E1338.01428
G1 X111.168 Y107.426 E1338.01922
G1 X111.363 Y107.186 E1338.02951
G0 F9000 X111.583 Y107.521
;TYPE:WALL-OUTER
G1 F1500 X111.836 Y107.38 E1338.03914
G1 X111.943 Y107.38 E1338.0427
G1 X129.165 Y117.326 E1338.70417
G1 X129.262 Y117.465 E1338.7098
G1 X129.255 Y117.56 E1338.71297
G1 X129.18 Y117.664 E1338.71724
G1 X111.943 Y127.611 E1339.37915
G1 X111.836 Y127.616 E1339.38271
G1 X111.583 Y127.475 E1339.39235
G1 X111.516 Y127.342 E1339.3973
G1 X111.516 Y107.621 E1340.05322
G1 X111.583 Y107.521 E1340.05723
G1 F2700 E1335.05723
G0 F9000 X110.817 Y107.521
G0 X94.312 Y94.313
G0 X93.815 Y93.815
G1 F2700 E1340.05723
G1 F1500 X93.207 Y94.602 E1340.09031
G1 X92.831 Y95.509 E1340.12296
G1 X92.7 Y96.517 E1340.15677
G1 X92.7 Y138.483 E1341.55256
G1 X92.831 Y139.487 E1341.58624
G1 X93.207 Y140.394 E1341.6189
G1 X93.815 Y141.181 E1341.65197
G1 X94.602 Y141.789 E1341.68505
G1 X95.509 Y142.165 E1341.71771
G1 X96.518 Y142.3 E1341.75157
G1 X138.482 Y142.3 E1343.1473
G1 X139.487 Y142.165 E1343.18102
G1 X140.39 Y141.793 E1343.2135
G1 X141.181 Y141.181 E1343.24677
G1 X141.793 Y140.39 E1343.28003
G1 X142.165 Y139.487 E1343.31251
G1 X142.3 Y138.482 E1343.34624
G1 X142.3 Y96.518 E1344.74197
G1 X142.165 Y95.509 E1344.77583
G1 X141.793 Y94.606 E1344.80831
G1 X141.181 Y93.815 E1344.84157
G1 X140.39 Y93.207 E1344.87476
G1 X139.487 Y92.831 E1344.90729
G1 X138.483 Y92.7 E1344.94097
G1 X96.517 Y92.7 E1346.33676
G1 X95.509 Y92.831 E1346.37057
G1 X94.602 Y93.207 E1346.40323
G1 X93.815 Y93.815 E1346.4363
G0 F9000 X94.013 Y94.344
;TYPE:FILL
G1 F3000 X98.359 Y93.18 E1346.58595
G0 F9000 X97.559 Y93.18
G1 F3000 X93.18 Y109.525 E1347.14876
G0 F9000 X93.4 Y109.525
G0 X93.4 Y107.951
G0 X93.18 Y107.951
G1 F3000 X111.038 Y125.809 E1347.98874
G0 F9000 X110.817 Y125.809
G0 X110.817 Y127.053
G0 X111.037 Y127.053
G1 F3000 X93.181 Y131.837 E1348.60358
G0 F9000 X93.18 Y132.708
G1 F3000 X103.771 Y93.18 E1349.96466
G1 X103.864 Y93.18
G1 X125.131 Y114.447 E1350.965
G0 F9000 X125.243 Y114.254
G0 X123.328 Y113.149
G0 X123.216 Y113.341
G1 F3000 X128.618 Y93.18 E1351.65921
G0 F9000 X129.32 Y93.18
G1 F3000 X141.82 Y105.68 E1352.24717
G0 F9000 X141.82 Y106.381
G1 F3000 X120.88 Y111.992 E1352.96821
G0 F9000 X120.992 Y111.8
G0 X117.948 Y110.042
G0 X117.837 Y110.233
G1 F3000 X122.406 Y93.18 E1353.5554
G0 F9000 X121.542 Y93.18
G1 F3000 X93.181 Y100.779 E1354.53196
G0 F9000 X93.4 Y100.779
G0 X93.4 Y99.466
G0 X93.18 Y99.466
G1 F3000 X111.038 Y117.324 E1355.37194
G0 F9000 X110.817 Y117.324
G0 X110.817 Y114.629
G0 X111.038 Y114.629
G1 F3000 X93.181 Y119.414 E1355.98682
G0 F9000 X93.4 Y119.414
G0 X93.4 Y116.436
G0 X93.18 Y116.436
G1 F3000 X118.563 Y141.82 E1357.18079
G0 F9000 X118.563 Y141.6
G0 X115.584 Y141.6
G0 X115.584 Y141.821
G1 F3000 X120.579 Y123.179 E1357.82269
G0 F9000 X120.691 Y123.374
G0 X118.355 Y124.723
G0 X118.243 Y124.529
G1 F3000 X135.534 Y141.82 E1358.63601
G0 F9000 X135.534 Y141.6
G0 X134.22 Y141.6
G0 X134.22 Y141.82
G1 F3000 X141.82 Y113.456 E1359.61268
G0 F9000 X141.82 Y114.165
G1 F3000 X120.835 Y93.18 E1360.59975
G0 F9000 X120.835 Y93.4
G0 X116.195 Y93.4
G0 X116.195 Y93.179
G1 F3000 X112.457 Y107.127 E1361.08003
G0 F9000 X112.568 Y106.936
G0 X113.644 Y107.557
G0 X113.532 Y107.749
G1 F3000 X141.82 Y100.169 E1362.05409
G0 F9000 X141.6 Y100.169
G0 X141.6 Y97.195
G0 X141.82 Y97.195
G1 F3000 X137.805 Y93.18 E1362.24294
G0 F9000 X137.805 Y93.4
G0 X134.83 Y93.4
G0 X134.83 Y93.179
G1 F3000 X128.595 Y116.447 E1363.04414
G0 F9000 X128.227 Y116.235
G1 F3000 X141.82 Y112.593 E1363.51219
G0 F9000 X141.6 Y112.593
G0 X141.6 Y118.805
G0 X141.819 Y118.805
G1 F3000 X116.326 Y125.636 E1364.39
G0 F9000 X116.438 Y125.83
G0 X113.344 Y127.617
G0 X113.231 Y127.421
G1 F3000 X109.373 Y141.82 E1364.88581
G0 F9000 X110.078 Y141.82
G1 F3000 X93.18 Y124.922 E1365.68064
G0 F9000 X93.18 Y125.626
G1 F3000 X111.037 Y120.841 E1366.29552
G0 F9000 X110.817 Y120.841
G0 X110.883 Y127.998
G0 X111.717 Y128.481
G0 X112.975 Y127.829
G0 X112.863 Y127.634
G1 F3000 X127.049 Y141.82 E1366.96278
G0 F9000 X128.008 Y141.82
G1 F3000 X140.789 Y94.119 E1368.60529
G1 X140.881 Y94.21
G1 X93.18 Y106.991 E1370.24779
G0 F9000 X93.4 Y106.991
G0 X93.4 Y113.202
G0 X93.181 Y113.202
G1 F3000 X111.037 Y108.418 E1370.86263
G0 F9000 X111.038 Y108.839
G1 F3000 X95.539 Y93.34 E1371.59166
G0 F9000 X95.623 Y93.544
G0 X109.983 Y93.4
G0 X109.983 Y93.18
G1 F3000 X96.95 Y141.821 E1373.26653
G0 F9000 X96.95 Y141.6
G0 X101.593 Y141.6
G0 X101.593 Y141.82
G1 F3000 X93.18 Y133.407 E1373.66225
G0 F9000 X93.4 Y133.407
G0 X93.4 Y138.049
G0 X93.181 Y138.049
G1 F3000 X141.82 Y125.016 E1375.33706
G0 F9000 X141.6 Y125.016
G0 X141.6 Y122.65
G0 X141.82 Y122.65
G1 F3000 X112.349 Y93.18 E1376.72327
G0 F9000 X112.349 Y93.4
G0 X110.883 Y107.002
G0 X110.817 Y112.424
G0 X111.038 Y112.424
G1 F3000 X103.161 Y141.821 E1377.73551
G0 F9000 X102.288 Y141.82
G1 F3000 X141.82 Y131.228 E1379.09672
G1 X141.82 Y131.136
G1 X129.003 Y118.319 E1379.6996
G0 F9000 X129.114 Y118.511
G0 X128.039 Y119.132
G0 X127.928 Y118.938
G1 F3000 X121.796 Y141.821 E1380.48754
G0 F9000 X121.796 Y141.6
G0 X125.471 Y141.6
G0 X125.471 Y141.82
G1 F3000 X141.819 Y137.44 E1381.05045
G0 F9000 X141.82 Y136.638
G1 F3000 X140.656 Y140.98 E1381.19997
G0 F9000 X140.527 Y140.81
G0 X141.457 Y139.375
G0 X141.658 Y139.459
G1 F3000 X123.623 Y121.424 E1382.04828
G0 F9000 X123.884 Y121.878
G1 F2700 E1377.04828
;MESH:NONMESH
G0 F300 X123.884 Y121.878 Z2.4
G0 F9000 X111.717 Y128.481
G0 X110.883 Y127.998
G0 X94.312 Y94.313
G0 X94.1 Y94.1
;TIME_ELAPSED:1876.063908
;LAYER:11
;TYPE:WALL-INNER
;MESH:triangolo_spesso.stl
G1 F2700 E1382.04828
G1 F1500 X93.556 Y94.804 E1382.07787
G1 X93.221 Y95.613 E1382.10699
G1 X93.1 Y96.543 E1382.13819
G1 X93.1 Y138.457 E1383.53225
G1 X93.221 Y139.383 E1383.56331
G1 X93.556 Y140.192 E1383.59244
G1 X94.1 Y140.896 E1383.62203
G1 X94.804 Y141.44 E1383.65162
G1 X95.614 Y141.775 E1383.68077
G1 X96.544 Y141.9 E1383.71198
G1 X138.456 Y141.9 E1385.10598
G1 X139.383 Y141.775 E1385.13709
G1 X140.188 Y141.443 E1385.16605
G1 X140.896 Y140.896 E1385.19581
G1 X141.443 Y140.188 E1385.22557
G1 X141.775 Y139.383 E1385.25453
G1 X141.9 Y138.456 E1385.28564
G1 X141.9 Y96.544 E1386.67964
G1 X141.775 Y95.613 E1386.71088
G1 X141.443 Y94.808 E1386.73985
G1 X140.896 Y94.101 E1386.76958
G1 X140.188 Y93.556 E1386.79929
G1 X139.383 Y93.221 E1386.8283
G1 X138.457 Y93.1 E1386.85936
G1 X96.543 Y93.1 E1388.25342
G1 X95.613 Y93.221 E1388.28461
G1 X94.804 Y93.556 E1388.31374
G1 X94.1 Y94.1 E1388.34333
G0 F9000 X94.312 Y94.313
G0 X111.131 Y106.783
G0 X111.363 Y107.186
G1 F1500 X111.689 Y107.007 E1388.3557
G1 X112.054 Y106.986 E1388.36786
G1 X129.412 Y117.01 E1389.03454
G1 X129.613 Y117.255 E1389.04508
G1 X129.656 Y117.396 E1389.04998
G1 X129.613 Y117.745 E1389.06168
G1 X129.412 Y117.99 E1389.07222
G1 X112.126 Y127.968 E1389.73606
G1 X111.813 Y128.017 E1389.7466
G1 X111.63 Y127.966 E1389.75292
G1 X111.306 Y127.777 E1389.76539
G1 X111.168 Y127.57 E1389.77367
G1 X111.118 Y127.376 E1389.78033
G1 X111.116 Y107.594 E1390.43828
G1 X111.168 Y107.426 E1390.44413
G1 X111.363 Y107.186 E1390.45442
G0 F9000 X111.583 Y107.521
;TYPE:WALL-OUTER
G1 F1500 X111.836 Y107.38 E1390.46405
G1 X111.943 Y107.38 E1390.46761
G1 X129.165 Y117.326 E1391.12908
G1 X129.262 Y117.465 E1391.13471
G1 X129.255 Y117.56 E1391.13788
G1 X129.18 Y117.664 E1391.14215
G1 X111.943 Y127.611 E1391.80406
G1 X111.836 Y127.616 E1391.80763
G1 X111.583 Y127.475 E1391.81726
G1 X111.516 Y127.342 E1391.82221
G1 X111.518 Y107.637 E1392.4776
G1 X111.583 Y107.521 E1392.48203
G1 F2700 E1387.48203
G0 F9000 X110.817 Y107.521
G0 X94.312 Y94.313
G0 X93.815 Y93.815
G1 F2700 E1392.48203
G1 F1500 X93.207 Y94.602 E1392.5151
G1 X92.831 Y95.509 E1392.54776
G1 X92.7 Y96.517 E1392.58157
G1 X92.7 Y138.483 E1393.97736
G1 X92.831 Y139.487 E1394.01104
G1 X93.207 Y140.394 E1394.0437
G1 X93.815 Y141.181 E1394.07677
G1 X94.602 Y141.789 E1394.10985
G1 X95.509 Y142.165 E1394.14251
G1 X96.518 Y142.3 E1394.17636
G1 X138.482 Y142.3 E1395.57209
G1 X139.487 Y142.165 E1395.60582
G1 X140.39 Y141.793 E1395.6383
G1 X141.181 Y141.181 E1395.67157
G1 X141.793 Y140.39 E1395.70483
G1 X142.165 Y139.487 E1395.73731
G1 X142.3 Y138.482 E1395.77104
G1 X142.3 Y96.518 E1397.16677
G1 X142.165 Y95.509 E1397.20063
G1 X141.793 Y94.606 E1397.23311
G1 X141.181 Y93.815 E1397.26637
G1 X140.39 Y93.207 E1397.29956
G1 X139.487 Y92.831 E1397.33209
G1 X138.483 Y92.7 E1397.36577
G1 X96.517 Y92.7 E1398.76156
G1 X95.509 Y92.831 E1398.79537
G1 X94.602 Y93.207 E1398.82802
G1 X93.815 Y93.815 E1398.8611
G0 F9000 X93.87 Y94.53
;TYPE:FILL
G1 F3000 X98.908 Y93.18 E1399.03458
G0 F9000 X98.908 Y93.4
G0 X97.412 Y93.4
G0 X97.412 Y93.18
G1 F3000 X93.18 Y108.976 E1399.57848
G0 F9000 X93.4 Y108.976
G0 X93.4 Y107.75
G0 X93.18 Y107.75
G1 F3000 X111.038 Y125.608 E1400.41847
G0 F9000 X110.817 Y125.608
G0 X110.817 Y127.2
G0 X111.037 Y127.2
G1 F3000 X93.181 Y131.984 E1401.03331
G1 X93.18 Y132.159
G1 X103.624 Y93.18 E1402.37549
G0 F9000 X104.065 Y93.18
G1 F3000 X125.606 Y114.721 E1403.38871
G0 F9000 X125.718 Y114.529
G0 X123.2 Y113.075
G0 X123.088 Y113.267
G1 F3000 X128.471 Y93.18 E1404.08038
G0 F9000 X128.471 Y93.4
G0 X129.521 Y93.4
G0 X129.521 Y93.18
G1 F3000 X141.82 Y105.479 E1404.65889
G0 F9000 X141.6 Y105.479
G0 X141.6 Y106.528
G0 X141.82 Y106.528
G1 F3000 X121.053 Y112.093 E1405.37397
G0 F9000 X121.166 Y111.9
G0 X117.821 Y109.969
G0 X117.709 Y110.16
G1 F3000 X122.259 Y93.18 E1405.95865
G1 X122.091 Y93.18
G1 X93.181 Y100.926 E1406.95412
G0 F9000 X93.4 Y100.926
G0 X93.4 Y99.265
G0 X93.18 Y99.265
G1 F3000 X111.038 Y117.123 E1407.7941
G0 F9000 X110.817 Y117.123
G0 X110.817 Y114.776
G0 X111.038 Y114.776
G1 F3000 X93.181 Y119.561 E1408.40898
G0 F9000 X93.4 Y119.561
G0 X93.4 Y116.236
G0 X93.18 Y116.236
G1 F3000 X118.764 Y141.82 E1409.61238
G0 F9000 X118.764 Y141.6
G0 X121.649 Y141.6
G0 X121.649 Y141.821
G1 F3000 X127.754 Y119.038 E1410.39687
G0 F9000 X127.866 Y119.232
G0 X129.241 Y118.438
G0 X129.13 Y118.245
G1 F3000 X141.82 Y130.935 E1410.99377
G0 F9000 X141.82 Y131.375
G1 F3000 X102.837 Y141.82 E1412.33609
G1 X103.014 Y141.82
G1 X111.038 Y111.875 E1413.3672
G0 F9000 X110.817 Y111.875
G0 X110.817 Y108.638
G0 X111.038 Y108.638
G1 F3000 X95.692 Y93.292 E1414.08903
G0 F9000 X95.719 Y93.51
G0 X93.4 Y107.138
G0 X93.18 Y107.138
G1 F3000 X140.974 Y94.331 E1415.73474
G0 F9000 X140.668 Y94.025
G1 F3000 X127.861 Y141.82 E1417.38049
G0 F9000 X127.25 Y141.82
G1 F3000 X112.99 Y127.561 E1418.05122
G1 X113.057 Y127.522
G1 X109.226 Y141.821 E1418.54358
G0 F9000 X109.226 Y141.6
G0 X110.279 Y141.6
G0 X110.279 Y141.82
G1 F3000 X93.18 Y124.721 E1419.34786
G0 F9000 X93.4 Y124.721
G0 X93.4 Y125.773
G0 X93.18 Y125.773
G1 F3000 X111.037 Y120.988 E1419.96274
G0 F9000 X110.817 Y120.988
G0 X110.883 Y127.998
G0 X111.717 Y128.481
G0 X115.962 Y126.105
G0 X115.85 Y125.91
G1 F3000 X141.819 Y118.952 E1420.85694
G0 F9000 X141.6 Y118.952
G0 X141.6 Y122.45
G0 X141.82 Y122.45
G1 F3000 X112.55 Y93.18 E1422.23371
G0 F9000 X112.55 Y93.4
G0 X109.836 Y93.4
G0 X109.836 Y93.18
G1 F3000 X96.803 Y141.821 E1423.90858
G0 F9000 X96.803 Y141.6
G0 X101.794 Y141.6
G0 X101.794 Y141.82
G1 F3000 X93.18 Y133.206 E1424.31376
G0 F9000 X93.4 Y133.206
G0 X93.4 Y138.196
G0 X93.181 Y138.196
G1 F3000 X141.82 Y125.163 E1425.98857
G0 F9000 X141.6 Y125.163
G0 X141.6 Y136.09
G0 X141.82 Y136.09
G1 F3000 X140.471 Y141.124 E1426.16191
G0 F9000 X140.341 Y140.953
G0 X141.491 Y139.278
G0 X141.706 Y139.306
G1 F3000 X123.75 Y121.35 E1427.0065
G0 F9000 X123.862 Y121.544
G0 X120.518 Y123.475
G0 X120.406 Y123.28
G1 F3000 X115.437 Y141.821 E1427.64494
G0 F9000 X115.437 Y141.6
G0 X126.02 Y141.6
G0 X126.02 Y141.82
G1 F3000 X141.819 Y137.587 E1428.18895
G0 F9000 X141.6 Y137.587
G0 X135.735 Y141.6
G0 X135.735 Y141.82
G1 F3000 X118.37 Y124.456 E1429.00573
G0 F9000 X118.482 Y124.65
G0 X130.706 Y117.5
G0 X128.513 Y116.142
G0 X128.401 Y116.335
G1 F3000 X141.82 Y112.74 E1429.46778
G1 X141.82 Y112.907
G1 X134.072 Y141.821 E1430.46339
G0 F9000 X134.072 Y141.6
G0 X130.706 Y117.5
G0 X128.58 Y116.181
G0 X128.468 Y116.373
G1 F3000 X134.683 Y93.179 E1431.26204
G0 F9000 X134.683 Y93.4
G0 X138.006 Y93.4
G0 X138.006 Y93.18
G1 F3000 X141.82 Y96.994 E1431.44144
G0 F9000 X141.6 Y96.994
G0 X141.6 Y100.316
G0 X141.82 Y100.316
G1 F3000 X113.706 Y107.85 E1432.40951
G0 F9000 X113.818 Y107.658
G0 X112.442 Y106.863
G0 X112.33 Y107.054
G1 F3000 X116.048 Y93.179 E1432.88728
G0 F9000 X116.048 Y93.4
G0 X121.035 Y93.4
G0 X121.035 Y93.18
G1 F3000 X141.82 Y113.964 E1433.86492
G1 F2700 E1428.86492
G0 F9000 X141.6 Y113.964
G0 X111.717 Y106.519
G0 X110.883 Y107.002
G0 X110.817 Y108.565
G0 X111.037 Y108.565
G1 F2700 E1433.86492
G1 F3000 X93.181 Y113.349 E1434.47976
G0 F9000 X93.7 Y113.349
;MESH:NONMESH
G0 F300 X93.7 Y113.349 Z2.6
G0 F9000 X94.312 Y94.313
G0 X94.1 Y94.1
;TIME_ELAPSED:1931.250451
;LAYER:12
;TYPE:WALL-INNER
;MESH:triangolo_spesso.stl
G1 F1500 X93.556 Y94.804 E1434.50935
G1 X93.221 Y95.613 E1434.53847
G1 X93.1 Y96.543 E1434.56966
G1 X93.1 Y138.457 E1435.96373
G1 X93.221 Y139.383 E1435.99479
G1 X93.556 Y140.192 E1436.02391
G1 X94.1 Y140.896 E1436.0535
G1 X94.804 Y141.44 E1436.0831
G1 X95.614 Y141.775 E1436.11225
G1 X96.544 Y141.9 E1436.14346
G1 X138.456 Y141.9 E1437.53746
G1 X139.383 Y141.775 E1437.56857
G1 X140.188 Y141.443 E1437.59753
G1 X140.896 Y140.896 E1437.62729
G1 X141.443 Y140.188 E1437.65705
G1 X141.775 Y139.383 E1437.68601
G1 X141.9 Y138.456 E1437.71712
G1 X141.9 Y96.544 E1439.11112
G1 X141.775 Y95.613 E1439.14236
G1 X141.443 Y94.808 E1439.17132
G1 X140.896 Y94.101 E1439.20105
G1 X140.188 Y93.556 E1439.23077
G1 X139.383 Y93.221 E1439.25977
G1 X138.457 Y93.1 E1439.29083
G1 X96.543 Y93.1 E1440.6849
G1 X95.613 Y93.221 E1440.71609
G1 X94.804 Y93.556 E1440.74521
G1 X94.1 Y94.1 E1440.77481
G0 F9000 X94.312 Y94.313
G0 X111.131 Y106.783
G0 X111.363 Y107.186
G1 F1500 X111.689 Y107.007 E1440.78717
G1 X112.054 Y106.986 E1440.79933
G1 X129.412 Y117.01 E1441.46602
G1 X129.613 Y117.255 E1441.47656
G1 X129.656 Y117.396 E1441.48146
G1 X129.613 Y117.745 E1441.49316
G1 X129.412 Y117.99 E1441.5037
G1 X112.126 Y127.968 E1442.16754
G1 X111.813 Y128.017 E1442.17808
G1 X111.63 Y127.966 E1442.18439
G1 X111.306 Y127.777 E1442.19687
G1 X111.168 Y127.57 E1442.20514
G1 X111.118 Y127.376 E1442.21181
G1 X111.116 Y107.594 E1442.86976
G1 X111.168 Y107.426 E1442.87561
G1 X111.363 Y107.186 E1442.88589
G0 F9000 X111.583 Y107.521
;TYPE:WALL-OUTER
G1 F1500 X111.836 Y107.38 E1442.89553
G1 X111.943 Y107.38 E1442.89909
G1 X129.165 Y117.326 E1443.56055
G1 X129.262 Y117.465 E1443.56619
G1 X129.255 Y117.56 E1443.56936
G1 X129.18 Y117.664 E1443.57362
G1 X111.943 Y127.611 E1444.23554
G1 X111.836 Y127.616 E1444.2391
G1 X111.583 Y127.475 E1444.24874
G1 X111.516 Y127.342 E1444.25369
G1 X111.518 Y107.637 E1444.90908
G1 X111.583 Y107.521 E1444.9135
G1 F2700 E1439.9135
G0 F9000 X110.817 Y107.521
G0 X94.312 Y94.313
G0 X93.815 Y93.815
G1 F2700 E1444.9135
G1 F1500 X93.207 Y94.602 E1444.94658
G1 X92.831 Y95.509 E1444.97924
G1 X92.7 Y96.517 E1445.01304
G1 X92.7 Y138.483 E1446.40884
G1 X92.831 Y139.487 E1446.44252
G1 X93.207 Y140.394 E1446.47517
G1 X93.815 Y141.181 E1446.50825
G1 X94.602 Y141.789 E1446.54133
G1 X95.509 Y142.165 E1446.57398
G1 X96.518 Y142.3 E1446.60784
G1 X138.482 Y142.3 E1448.00357
G1 X139.487 Y142.165 E1448.0373
G1 X140.39 Y141.793 E1448.06978
G1 X141.181 Y141.181 E1448.10304
G1 X141.793 Y140.39 E1448.13631
G1 X142.165 Y139.487 E1448.16879
G1 X142.3 Y138.482 E1448.20252
G1 X142.3 Y96.518 E1449.59824
G1 X142.165 Y95.509 E1449.6321
G1 X141.793 Y94.606 E1449.66459
G1 X141.181 Y93.815 E1449.69785
G1 X140.39 Y93.207 E1449.73103
G1 X139.487 Y92.831 E1449.76357
G1 X138.483 Y92.7 E1449.79724
G1 X96.517 Y92.7 E1451.19304
G1 X95.509 Y92.831 E1451.22684
G1 X94.602 Y93.207 E1451.2595
G1 X93.815 Y93.815 E1451.29258
G0 F9000 X93.727 Y94.714
;TYPE:FILL
G1 F3000 X99.452 Y93.18 E1451.48971
G0 F9000 X99.452 Y93.4
G0 X97.267 Y93.4
G0 X97.267 Y93.179
G1 F3000 X93.18 Y108.431 E1452.01489
G0 F9000 X93.18 Y107.551
G1 F3000 X111.038 Y125.409 E1452.85488
G0 F9000 X110.817 Y125.409
G0 X110.817 Y127.345
G0 X111.038 Y127.345
G1 F3000 X93.181 Y132.13 E1453.46976
G0 F9000 X93.18 Y131.613
G1 F3000 X103.478 Y93.18 E1454.79313
G0 F9000 X104.264 Y93.18
G1 F3000 X126.078 Y114.993 E1455.81917
G0 F9000 X126.19 Y114.801
G0 X128.453 Y116.108
G0 X128.341 Y116.3
G1 F3000 X134.537 Y93.18 E1456.61528
G0 F9000 X134.537 Y93.4
G0 X138.205 Y93.4
G0 X138.205 Y93.18
G1 F3000 X141.82 Y96.794 E1456.7853
G0 F9000 X141.6 Y96.794
G0 X140.895 Y94.583
G0 X141.068 Y94.452
G1 F3000 X93.181 Y107.284 E1458.43422
G0 F9000 X93.4 Y107.284
G0 X93.4 Y113.495
G0 X93.181 Y113.495
G1 F3000 X111.038 Y108.711 E1459.04909
G0 F9000 X111.038 Y108.438
G1 F3000 X95.868 Y93.269 E1459.76262
G0 F9000 X95.895 Y93.487
G0 X93.4 Y99.066
G0 X93.18 Y99.066
G1 F3000 X111.038 Y116.924 E1460.6026
G0 F9000 X110.817 Y116.924
G0 X110.817 Y114.922
G0 X111.038 Y114.922
G1 F3000 X93.181 Y119.707 E1461.21748
G0 F9000 X93.4 Y119.707
G0 X93.4 Y116.036
G0 X93.18 Y116.036
G1 F3000 X118.964 Y141.82 E1462.43028
G0 F9000 X118.964 Y141.6
G0 X121.503 Y141.6
G0 X121.503 Y141.821
G1 F3000 X127.581 Y119.138 E1463.21134
G0 F9000 X127.693 Y119.332
G0 X129.368 Y118.365
G0 X129.257 Y118.172
G1 F3000 X141.82 Y130.736 E1463.80229
G0 F9000 X141.819 Y131.521
G1 F3000 X103.381 Y141.82 E1465.12583
G0 F9000 X102.868 Y141.821
G1 F3000 X111.038 Y111.33 E1466.17574
G0 F9000 X110.817 Y111.33
G0 X110.883 Y107.002
G0 X111.717 Y106.519
G0 X113.991 Y107.757
G0 X113.879 Y107.949
G1 F3000 X141.82 Y100.462 E1467.13785
G0 F9000 X141.6 Y100.462
G0 X141.6 Y105.28
G0 X141.82 Y105.28
G1 F3000 X129.72 Y93.18 E1467.707
G0 F9000 X129.72 Y93.4
G0 X128.325 Y93.4
G0 X128.325 Y93.18
G1 F3000 X122.962 Y113.194 E1468.39615
G0 F9000 X123.074 Y113.002
G0 X121.338 Y112
G0 X121.226 Y112.192
G1 F3000 X141.82 Y106.674 E1469.10527
G0 F9000 X141.6 Y106.674
G0 X141.6 Y112.362
G0 X141.82 Y112.362
G1 F3000 X133.927 Y141.82 E1470.11961
G0 F9000 X133.927 Y141.6
G0 X135.934 Y141.6
G0 X135.934 Y141.82
G1 F3000 X118.497 Y124.383 E1470.93979
G0 F9000 X118.609 Y124.577
G0 X120.345 Y123.574
G0 X120.233 Y123.38
G1 F3000 X115.291 Y141.821 E1471.57478
G0 F9000 X115.291 Y141.6
G0 X110.478 Y141.6
G0 X110.478 Y141.82
G1 F3000 X93.18 Y124.522 E1472.38843
G0 F9000 X93.4 Y124.522
G0 X93.4 Y125.919
G0 X93.181 Y125.919
G1 F3000 X111.037 Y121.134 E1473.00328
G0 F9000 X110.817 Y121.134
G0 X110.883 Y127.998
G0 X111.717 Y128.481
G0 X115.49 Y126.378
G0 X115.378 Y126.183
G1 F3000 X141.82 Y119.097 E1473.91377
G0 F9000 X141.6 Y119.097
G0 X141.6 Y122.25
G0 X141.82 Y122.25
G1 F3000 X112.75 Y93.18 E1475.28114
G0 F9000 X112.75 Y93.4
G0 X109.69 Y93.4
G0 X109.69 Y93.18
G1 F3000 X96.657 Y141.821 E1476.95601
G0 F9000 X96.657 Y141.6
G0 X93.4 Y138.342
G0 X93.181 Y138.342
G1 F3000 X141.82 Y125.309 E1478.63082
G0 F9000 X141.6 Y125.309
G0 X141.6 Y135.545
G0 X141.82 Y135.545
G1 F3000 X140.287 Y141.266 E1478.82781
G0 F9000 X140.157 Y141.095
G0 X141.514 Y139.102
G0 X141.73 Y139.13
G1 F3000 X123.877 Y121.277 E1479.66756
G0 F9000 X123.988 Y121.471
G0 X130.706 Y117.5
G0 X128.686 Y116.242
G0 X128.574 Y116.435
G1 F3000 X141.819 Y112.886 E1480.12363
G0 F9000 X141.82 Y113.765
G1 F3000 X121.235 Y93.18 E1481.09189
G0 F9000 X122.113 Y93.18
G1 F3000 X117.583 Y110.088 E1481.67409
G0 F9000 X117.695 Y109.896
G0 X112.315 Y106.79
G0 X112.204 Y106.981
G1 F3000 X115.902 Y93.18 E1482.1493
G0 F9000 X115.902 Y93.4
G0 X122.635 Y93.4
G0 X122.635 Y93.18
G1 F3000 X93.18 Y101.072 E1483.16353
G1 F2700 E1478.16353
G0 F9000 X93.4 Y101.072
G0 X93.4 Y133.007
G0 X93.18 Y133.007
G1 F2700 E1483.16353
G1 F3000 X101.993 Y141.82 E1483.57807
G0 F9000 X101.993 Y141.6
G0 X109.08 Y141.6
G0 X109.08 Y141.82
G1 F3000 X112.885 Y127.621 E1484.06699
G0 F9000 X113.117 Y127.488
G1 F3000 X127.449 Y141.82 E1484.74113
G0 F9000 X127.715 Y141.82
G1 F3000 X140.546 Y93.933 E1486.39004
G1 F2700 E1481.39004
G0 F9000 X140.415 Y94.103
G0 X141.6 Y137.733
G0 X141.819 Y137.733
G1 F2700 E1486.39004
G1 F3000 X126.564 Y141.82 E1486.91532
G0 F9000 X126.564 Y141.3
G1 F2700 E1481.91532
;MESH:NONMESH
G0 F300 X126.564 Y141.3 Z2.8
G0 F9000 X110.883 Y127.998
G0 X94.312 Y94.313
G0 X94.1 Y94.1
;TIME_ELAPSED:1987.536160
;LAYER:13
;TYPE:WALL-INNER
;MESH:triangolo_spesso.stl
G1 F2700 E1486.91532
G1 F1500 X93.556 Y94.804 E1486.94491
G1 X93.221 Y95.613 E1486.97403
G1 X93.1 Y96.543 E1487.00522
G1 X93.1 Y138.457 E1488.39929
G1 X93.221 Y139.383 E1488.43035
G1 X93.556 Y140.192 E1488.45947
G1 X94.1 Y140.896 E1488.48906
G1 X94.804 Y141.44 E1488.51865
G1 X95.614 Y141.775 E1488.54781
G1 X96.544 Y141.9 E1488.57902
G1 X138.456 Y141.9 E1489.97302
G1 X139.383 Y141.775 E1490.00413
G1 X140.188 Y141.443 E1490.03309
G1 X140.896 Y140.896 E1490.06285
G1 X141.443 Y140.188 E1490.09261
G1 X141.775 Y139.383 E1490.12157
G1 X141.9 Y138.456 E1490.15268
G1 X141.9 Y96.544 E1491.54668
G1 X141.775 Y95.613 E1491.57792
G1 X141.443 Y94.808 E1491.60688
G1 X140.896 Y94.101 E1491.63661
G1 X140.188 Y93.556 E1491.66633
G1 X139.383 Y93.221 E1491.69533
G1 X138.457 Y93.1 E1491.72639
G1 X96.543 Y93.1 E1493.12046
G1 X95.613 Y93.221 E1493.15165
G1 X94.804 Y93.556 E1493.18077
G1 X94.1 Y94.1 E1493.21036
G0 F9000 X94.312 Y94.313
G0 X111.131 Y106.783
G0 X111.363 Y107.186
G1 F1500 X111.689 Y107.007 E1493.22273
G1 X112.054 Y106.986 E1493.23489
G1 X129.412 Y117.01 E1493.90158
G1 X129.613 Y117.255 E1493.91212
G1 X129.656 Y117.396 E1493.91702
G1 X129.613 Y117.745 E1493.92871
G1 X129.412 Y117.99 E1493.93925
G1 X112.126 Y127.968 E1494.6031
G1 X111.813 Y128.017 E1494.61363
G1 X111.63 Y127.966 E1494.61995
G1 X111.306 Y127.777 E1494.63243
G1 X111.168 Y127.57 E1494.6407
G1 X111.118 Y127.376 E1494.64737
G1 X111.116 Y107.594 E1495.30532
G1 X111.168 Y107.426 E1495.31117
G1 X111.363 Y107.186 E1495.32145
G0 F9000 X111.583 Y107.521
;TYPE:WALL-OUTER
G1 F1500 X111.836 Y107.38 E1495.33109
G1 X111.943 Y107.38 E1495.33465
G1 X129.165 Y117.326 E1495.99611
G1 X129.262 Y117.465 E1496.00175
G1 X129.255 Y117.56 E1496.00492
G1 X129.18 Y117.664 E1496.00918
G1 X111.943 Y127.611 E1496.6711
G1 X111.836 Y127.616 E1496.67466
G1 X111.583 Y127.475 E1496.6843
G1 X111.516 Y127.342 E1496.68925
G1 X111.518 Y107.637 E1497.34464
G1 X111.583 Y107.521 E1497.34906
G1 F2700 E1492.34906
G0 F9000 X110.817 Y107.521
G0 X94.312 Y94.313
G0 X93.815 Y93.815
G1 F2700 E1497.34906
G1 F1500 X93.207 Y94.602 E1497.38214
G1 X92.831 Y95.509 E1497.4148
G1 X92.7 Y96.517 E1497.4486
G1 X92.7 Y138.483 E1498.8444
G1 X92.831 Y139.487 E1498.87808
G1 X93.207 Y140.394 E1498.91073
G1 X93.815 Y141.181 E1498.94381
G1 X94.602 Y141.789 E1498.97689
G1 X95.509 Y142.165 E1499.00954
G1 X96.518 Y142.3 E1499.0434
G1 X138.482 Y142.3 E1500.43913
G1 X139.487 Y142.165 E1500.47286
G1 X140.39 Y141.793 E1500.50534
G1 X141.181 Y141.181 E1500.5386
G1 X141.793 Y140.39 E1500.57187
G1 X142.165 Y139.487 E1500.60435
G1 X142.3 Y138.482 E1500.63808
G1 X142.3 Y96.518 E1502.0338
G1 X142.165 Y95.509 E1502.06766
G1 X141.793 Y94.606 E1502.10015
G1 X141.181 Y93.815 E1502.13341
G1 X140.39 Y93.207 E1502.16659
G1 X139.487 Y92.831 E1502.19913
G1 X138.483 Y92.7 E1502.2328
G1 X96.517 Y92.7 E1503.6286
G1 X95.509 Y92.831 E1503.6624
G1 X94.602 Y93.207 E1503.69506
G1 X93.815 Y93.815 E1503.72814
G0 F9000 X94.312 Y94.313
G0 X93.811 Y94.977
G0 X93.607 Y94.892
;TYPE:FILL
G1 F3000 X99.998 Y93.18 E1503.9482
G0 F9000 X99.998 Y93.4
G0 X97.121 Y93.4
G0 X97.121 Y93.18
G1 F3000 X93.18 Y107.887 E1504.45461
G0 F9000 X93.181 Y107.43
G1 F3000 X141.161 Y94.573 E1506.10674
G0 F9000 X140.988 Y94.704
G0 X140.294 Y94.01
G0 X140.425 Y93.84
G1 F3000 X127.569 Y141.821 E1507.75888
G1 X127.648 Y141.82
G1 X113.243 Y127.415 E1508.43645
G0 F9000 X112.712 Y127.721
G1 F3000 X108.934 Y141.821 E1508.92196
G0 F9000 X108.934 Y141.6
G0 X110.678 Y141.6
G0 X110.678 Y141.82
G1 F3000 X93.18 Y124.322 E1509.74501
G0 F9000 X93.4 Y124.322
G0 X93.4 Y126.065
G0 X93.181 Y126.065
G1 F3000 X111.037 Y121.28 E1510.35986
G0 F9000 X110.817 Y121.28
G0 X110.817 Y125.21
G0 X111.038 Y125.21
G1 F3000 X93.18 Y107.352 E1511.19984
G0 F9000 X93.4 Y107.352
G0 X93.4 Y101.218
G0 X93.181 Y101.218
G1 F3000 X123.18 Y93.18 E1512.23281
G0 F9000 X123.18 Y93.4
G0 X121.967 Y93.4
G0 X121.967 Y93.179
G1 F3000 X117.456 Y110.015 E1512.81253
G0 F9000 X117.568 Y109.823
G0 X114.163 Y107.857
G0 X114.051 Y108.049
G1 F3000 X141.82 Y100.608 E1513.76872
G0 F9000 X141.6 Y100.608
G0 X141.6 Y96.595
G0 X141.82 Y96.595
G1 F3000 X138.405 Y93.18 E1513.92935
G0 F9000 X138.405 Y93.4
G0 X134.391 Y93.4
G0 X134.391 Y93.18
G1 F3000 X128.215 Y116.228 E1514.72297
G0 F9000 X128.746 Y116.535
G1 F3000 X141.82 Y113.032 E1515.17315
G0 F9000 X141.82 Y113.566
G1 F3000 X121.434 Y93.18 E1516.13205
G0 F9000 X121.434 Y93.4
G0 X115.756 Y93.4
G0 X115.756 Y93.18
G1 F3000 X112.068 Y106.941 E1516.60589
G0 F9000 X112.196 Y106.721
G0 X111.717 Y106.519
G0 X110.883 Y107.002
G0 X110.817 Y108.239
G0 X111.038 Y108.239
G1 F3000 X96.045 Y93.246 E1517.31112
G0 F9000 X96.072 Y93.464
G0 X93.4 Y98.866
G0 X93.18 Y98.866
G1 F3000 X111.038 Y116.724 E1518.1511
G0 F9000 X110.817 Y116.724
G0 X110.817 Y115.068
G0 X111.037 Y115.068
G1 F3000 X93.18 Y119.853 E1518.76598
G0 F9000 X93.4 Y119.853
G0 X93.4 Y115.837
G0 X93.18 Y115.837
G1 F3000 X119.163 Y141.82 E1519.98814
G0 F9000 X119.163 Y141.6
G0 X121.357 Y141.6
G0 X121.357 Y141.821
G1 F3000 X127.408 Y119.238 E1520.76575
G0 F9000 X127.519 Y119.432
G0 X129.494 Y118.292
G0 X129.384 Y118.1
G1 F3000 X141.82 Y130.536 E1521.3507
G0 F9000 X141.6 Y130.536
G0 X141.6 Y131.667
G0 X141.819 Y131.667
G1 F3000 X103.926 Y141.82 E1522.65548
G0 F9000 X103.926 Y141.6
G0 X102.722 Y141.6
G0 X102.722 Y141.821
G1 F3000 X111.038 Y110.786 E1523.72413
G0 F9000 X110.817 Y110.786
G0 X110.817 Y108.857
G0 X111.038 Y108.857
G1 F3000 X93.181 Y113.641 E1524.339
G0 F9000 X93.4 Y113.641
G0 X93.4 Y131.069
G0 X93.18 Y131.069
G1 F3000 X103.332 Y93.179 E1525.64368
G0 F9000 X103.332 Y93.4
G0 X104.464 Y93.4
G0 X104.464 Y93.18
G1 F3000 X126.55 Y115.266 E1526.68253
G0 F9000 X126.662 Y115.074
G0 X122.948 Y112.929
G0 X122.836 Y113.121
G1 F3000 X128.179 Y93.18 E1527.36917
G0 F9000 X128.179 Y93.4
G0 X129.92 Y93.4
G0 X129.92 Y93.18
G1 F3000 X141.82 Y105.08 E1527.92891
G0 F9000 X141.6 Y105.08
G0 X141.6 Y106.82
G0 X141.819 Y106.82
G1 F3000 X121.399 Y112.292 E1528.63204
G0 F9000 X121.511 Y112.099
G0 X130.706 Y117.5
G0 X124.114 Y121.398
G0 X124.003 Y121.204
G1 F3000 X141.754 Y138.955 E1529.467
G0 F9000 X141.537 Y138.927
G0 X141.6 Y137.879
G0 X141.819 Y137.879
G1 F3000 X127.11 Y141.82 E1529.97348
G0 F9000 X127.11 Y141.6
G0 X133.781 Y141.6
G0 X133.781 Y141.82
G1 F3000 X141.82 Y111.817 E1531.00658
G0 F9000 X141.6 Y111.817
G0 X141.6 Y119.243
G0 X141.82 Y119.243
G1 F3000 X114.906 Y126.455 E1531.93332
G0 F9000 X115.018 Y126.65
G0 X111.717 Y128.481
G0 X110.883 Y127.998
G0 X110.817 Y127.484
G0 X111.066 Y127.484
G1 F3000 X93.181 Y132.276 E1532.54916
G0 F9000 X93.18 Y132.807
G1 F3000 X102.192 Y141.82 E1532.97308
G0 F9000 X102.192 Y141.6
G0 X96.54 Y141.598
G0 X96.512 Y141.816
G1 F3000 X109.544 Y93.18 E1534.64779
G0 F9000 X109.544 Y93.4
G0 X112.949 Y93.4
G0 X112.949 Y93.18
G1 F3000 X141.82 Y122.051 E1536.00579
G0 F9000 X141.6 Y122.051
G0 X141.6 Y125.455
G0 X141.82 Y125.455
G1 F3000 X93.185 Y138.487 E1537.68046
G0 F9000 X93.402 Y138.46
G0 X115.146 Y141.6
G0 X115.146 Y141.82
G1 F3000 X120.06 Y123.479 E1538.312
G0 F9000 X120.172 Y123.674
G0 X118.735 Y124.504
G0 X118.623 Y124.309
G1 F3000 X136.134 Y141.82 E1539.13567
G0 F9000 X136.134 Y141.6
G0 X140.025 Y141.187
G0 X140.108 Y141.39
G1 F3000 X141.82 Y135.001 E1539.35566
G0 F9000 X141.3 Y135.001
G1 F2700 E1534.35566
;MESH:NONMESH
G0 F300 X141.3 Y135.001 Z3
G0 F9000 X130.706 Y117.5
G0 X94.312 Y94.313
G0 X94.1 Y94.1
;TIME_ELAPSED:2043.060502
;LAYER:14
;TYPE:WALL-INNER
;MESH:triangolo_spesso.stl
G1 F2700 E1539.35566
G1 F1500 X93.556 Y94.804 E1539.38525
G1 X93.221 Y95.613 E1539.41438
G1 X93.1 Y96.543 E1539.44557
G1 X93.1 Y138.457 E1540.83963
G1 X93.221 Y139.383 E1540.8707
G1 X93.556 Y140.192 E1540.89982
G1 X94.1 Y140.896 E1540.92941
G1 X94.804 Y141.44 E1540.959
G1 X95.614 Y141.775 E1540.98816
G1 X96.544 Y141.9 E1541.01937
G1 X138.456 Y141.9 E1542.41336
G1 X139.383 Y141.775 E1542.44448
G1 X140.188 Y141.443 E1542.47344
G1 X140.896 Y140.896 E1542.50319
G1 X141.443 Y140.188 E1542.53295
G1 X141.775 Y139.383 E1542.56191
G1 X141.9 Y138.456 E1542.59303
G1 X141.9 Y96.544 E1543.98702
G1 X141.775 Y95.613 E1544.01827
G1 X141.443 Y94.808 E1544.04723
G1 X140.896 Y94.101 E1544.07696
G1 X140.188 Y93.556 E1544.10668
G1 X139.383 Y93.221 E1544.13568
G1 X138.457 Y93.1 E1544.16674
G1 X96.543 Y93.1 E1545.5608
G1 X95.613 Y93.221 E1545.592
G1 X94.804 Y93.556 E1545.62112
G1 X94.1 Y94.1 E1545.65071
G0 F9000 X94.312 Y94.313
G0 X111.131 Y106.783
G0 X111.363 Y107.186
G1 F1500 X111.689 Y107.007 E1545.66308
G1 X112.054 Y106.986 E1545.67524
G1 X129.412 Y117.01 E1546.34192
G1 X129.613 Y117.255 E1546.35246
G1 X129.656 Y117.396 E1546.35737
G1 X129.613 Y117.745 E1546.36906
G1 X129.412 Y117.99 E1546.3796
G1 X112.126 Y127.968 E1547.04344
G1 X111.813 Y128.017 E1547.05398
G1 X111.63 Y127.966 E1547.0603
G1 X111.306 Y127.777 E1547.07278
G1 X111.168 Y127.57 E1547.08105
G1 X111.118 Y127.376 E1547.08771
G1 X111.116 Y107.594 E1547.74567
G1 X111.168 Y107.426 E1547.75151
G1 X111.363 Y107.186 E1547.7618
G0 F9000 X111.583 Y107.521
;TYPE:WALL-OUTER
G1 F1500 X111.836 Y107.38 E1547.77143
G1 X111.943 Y107.38 E1547.77499
G1 X129.165 Y117.326 E1548.43646
G1 X129.262 Y117.465 E1548.4421
G1 X129.255 Y117.56 E1548.44527
G1 X129.18 Y117.664 E1548.44953
G1 X111.943 Y127.611 E1549.11145
G1 X111.836 Y127.616 E1549.11501
G1 X111.583 Y127.475 E1549.12464
G1 X111.516 Y127.342 E1549.1296
G1 X111.518 Y107.637 E1549.78499
G1 X111.583 Y107.521 E1549.78941
G1 F2700 E1544.78941
G0 F9000 X110.817 Y107.521
G0 X94.312 Y94.313
G0 X93.815 Y93.815
G1 F2700 E1549.78941
G1 F1500 X93.207 Y94.602 E1549.82249
G1 X92.831 Y95.509 E1549.85514
G1 X92.7 Y96.517 E1549.88895
G1 X92.7 Y138.483 E1551.28475
G1 X92.831 Y139.487 E1551.31842
G1 X93.207 Y140.394 E1551.35108
G1 X93.815 Y141.181 E1551.38416
G1 X94.602 Y141.789 E1551.41723
G1 X95.509 Y142.165 E1551.44989
G1 X96.518 Y142.3 E1551.48375
G1 X138.482 Y142.3 E1552.87948
G1 X139.487 Y142.165 E1552.9132
G1 X140.39 Y141.793 E1552.94569
G1 X141.181 Y141.181 E1552.97895
G1 X141.793 Y140.39 E1553.01221
G1 X142.165 Y139.487 E1553.0447
G1 X142.3 Y138.482 E1553.07842
G1 X142.3 Y96.518 E1554.47415
G1 X142.165 Y95.509 E1554.50801
G1 X141.793 Y94.606 E1554.54049
G1 X141.181 Y93.815 E1554.57376
G1 X140.39 Y93.207 E1554.60694
G1 X139.487 Y92.831 E1554.63947
G1 X138.483 Y92.7 E1554.67315
G1 X96.517 Y92.7 E1556.06894
G1 X95.509 Y92.831 E1556.10275
G1 X94.602 Y93.207 E1556.13541
G1 X93.815 Y93.815 E1556.16848
G0 F9000 X94.312 Y94.313
G0 X93.743 Y95.142
G0 X93.539 Y95.057
;TYPE:FILL
G1 F3000 X100.547 Y93.18 E1556.40979
G0 F9000 X100.547 Y93.4
G0 X103.185 Y93.4
G0 X103.185 Y93.179
G1 F3000 X93.18 Y130.52 E1557.69556
G0 F9000 X93.4 Y130.52
G0 X93.4 Y132.423
G0 X93.181 Y132.423
G1 F3000 X111.109 Y127.619 E1558.31289
G0 F9000 X110.817 Y127.619
G0 X110.883 Y127.998
G0 X111.717 Y128.481
G0 X112.651 Y128.017
G0 X112.538 Y127.821
G1 F3000 X108.787 Y141.821 E1558.79495
G0 F9000 X108.787 Y141.6
G0 X110.879 Y141.6
G0 X110.879 Y141.82
G1 F3000 X93.18 Y124.121 E1559.62746
G0 F9000 X93.4 Y124.121
G0 X93.4 Y126.212
G0 X93.181 Y126.212
G1 F3000 X111.037 Y121.427 E1560.24231
G0 F9000 X110.817 Y121.427
G0 X110.817 Y125.009
G0 X111.038 Y125.009
G1 F3000 X93.18 Y107.151 E1561.08229
G1 X93.18 Y107.338
G1 X96.974 Y93.18 E1561.5698
G0 F9000 X96.222 Y93.223
G1 F3000 X111.038 Y108.038 E1562.26668
G0 F9000 X111.038 Y109.004
G1 F3000 X93.181 Y113.788 E1562.88155
G0 F9000 X93.4 Y113.788
G0 X93.4 Y115.636
G0 X93.18 Y115.636
G1 F3000 X119.364 Y141.82 E1564.11316
G0 F9000 X119.364 Y141.6
G0 X121.21 Y141.6
G0 X121.21 Y141.821
G1 F3000 X127.234 Y119.338 E1564.88733
G0 F9000 X127.346 Y119.532
G0 X129.618 Y118.22
G0 X129.499 Y118.014
G1 F3000 X141.82 Y130.335 E1565.46687
G0 F9000 X141.6 Y130.335
G0 X141.6 Y131.814
G0 X141.819 Y131.814
G1 F3000 X104.475 Y141.82 E1566.75275
G0 F9000 X104.475 Y141.6
G0 X102.575 Y141.6
G0 X102.575 Y141.821
G1 F3000 X111.038 Y110.237 E1567.8403
G0 F9000 X110.817 Y110.237
G0 X110.883 Y107.002
G0 X111.717 Y106.519
G0 X112.081 Y106.655
G0 X111.927 Y106.92
G1 F3000 X115.609 Y93.18 E1568.31341
G0 F9000 X115.609 Y93.4
G0 X113.15 Y93.4
G0 X113.15 Y93.18
G1 F3000 X141.82 Y121.85 E1569.66196
G0 F9000 X141.6 Y121.85
G0 X141.6 Y119.39
G0 X141.82 Y119.39
G1 F3000 X114.431 Y126.729 E1570.60506
G0 F9000 X114.543 Y126.924
G0 X113.483 Y127.537
G0 X113.37 Y127.341
G1 F3000 X127.849 Y141.82 E1571.28611
G1 X127.659 Y141.82
G1 X141.819 Y138.026 E1571.77369
G0 F9000 X141.777 Y138.777
G1 F3000 X124.13 Y121.131 E1572.60372
G0 F9000 X124.241 Y121.325
G0 X119.998 Y123.775
G0 X119.886 Y123.58
G1 F3000 X114.999 Y141.82 E1573.23179
G0 F9000 X114.999 Y141.6
G0 X127.422 Y141.6
G0 X127.422 Y141.821
G1 F3000 X140.303 Y93.747 E1574.88713
G0 F9000 X140.172 Y93.917
G0 X141.082 Y94.826
G0 X141.255 Y94.695
G1 F3000 X93.181 Y107.577 E1576.54249
G0 F9000 X93.4 Y107.577
G0 X93.4 Y101.365
G0 X93.181 Y101.365
G1 F3000 X123.729 Y93.18 E1577.59436
G0 F9000 X123.729 Y93.4
G0 X121.82 Y93.4
G0 X121.82 Y93.179
G1 F3000 X117.329 Y109.941 E1578.17153
G0 F9000 X117.441 Y109.749
G0 X114.337 Y107.957
G0 X114.225 Y108.149
G1 F3000 X141.82 Y100.755 E1579.12172
G0 F9000 X141.6 Y100.755
G0 X141.6 Y104.879
G0 X141.82 Y104.879
G1 F3000 X130.12 Y93.18 E1579.67203
G0 F9000 X130.12 Y93.4
G0 X128.032 Y93.4
G0 X128.032 Y93.18
G1 F3000 X122.708 Y113.047 E1580.35612
G0 F9000 X122.82 Y112.855
G0 X121.685 Y112.2
G0 X121.573 Y112.392
G1 F3000 X141.82 Y106.967 E1581.0533
G0 F9000 X141.6 Y106.967
G0 X141.6 Y111.268
G0 X141.82 Y111.268
G1 F3000 X133.634 Y141.82 E1582.1053
G0 F9000 X133.634 Y141.6
G0 X136.334 Y141.6
G0 X136.334 Y141.82
G1 F3000 X118.75 Y124.236 E1582.9324
G0 F9000 X118.862 Y124.431
G0 X111.717 Y128.481
G0 X110.883 Y127.998
G0 X110.817 Y116.523
G0 X111.038 Y116.523
G1 F3000 X93.18 Y98.665 E1583.77239
G0 F9000 X93.4 Y98.665
G0 X104.665 Y93.4
G0 X104.665 Y93.18
G1 F3000 X127.025 Y115.541 E1584.82416
G0 F9000 X127.138 Y115.348
G0 X128.2 Y115.962
G0 X128.088 Y116.154
G1 F3000 X134.244 Y93.18 E1585.61523
G0 F9000 X134.244 Y93.4
G0 X138.602 Y93.42
G0 X138.63 Y93.204
G1 F3000 X141.797 Y96.371 E1585.7642
G0 F9000 X141.579 Y96.398
G0 X141.6 Y113.179
G0 X141.819 Y113.179
G1 F3000 X128.92 Y116.635 E1586.20835
G0 F9000 X129.032 Y116.442
G0 X141.6 Y113.365
G0 X141.82 Y113.365
G1 F3000 X121.635 Y93.18 E1587.15779
G0 F9000 X121.635 Y93.4
G0 X109.397 Y93.4
G0 X109.397 Y93.18
G1 F3000 X96.37 Y141.797 E1588.83184
G0 F9000 X96.398 Y141.58
G0 X93.421 Y138.602
G0 X93.204 Y138.629
G1 F3000 X141.82 Y125.602 E1590.50586
G0 F9000 X141.6 Y125.602
G0 X141.6 Y134.452
G0 X141.82 Y134.452
G1 F3000 X139.942 Y141.459 E1590.74714
G1 F2700 E1585.74714
G0 F9000 X139.859 Y141.256
G0 X102.393 Y141.6
G0 X102.393 Y141.82
G1 F2700 E1590.74714
G1 F3000 X93.18 Y132.607 E1591.18049
G0 F9000 X93.4 Y132.607
G0 X93.4 Y120
G0 X93.18 Y120
G1 F3000 X111.037 Y115.215 E1591.79537
G0 F9000 X110.517 Y115.215
;MESH:NONMESH
G0 F300 X110.517 Y115.215 Z3.2
G0 F9000 X94.312 Y94.313
G0 X94.1 Y94.1
;TIME_ELAPSED:2099.293815
;LAYER:15
;TYPE:WALL-INNER
;MESH:triangolo_spesso.stl
G1 F1500 X93.556 Y94.804 E1591.82496
G1 X93.221 Y95.613 E1591.85409
G1 X93.1 Y96.543 E1591.88528
G1 X93.1 Y138.457 E1593.27934
G1 X93.221 Y139.383 E1593.3104
G1 X93.556 Y140.192 E1593.33953
G1 X94.1 Y140.896 E1593.36912
G1 X94.804 Y141.44 E1593.39871
G1 X95.614 Y141.775 E1593.42786
G1 X96.544 Y141.9 E1593.45907
G1 X138.456 Y141.9 E1594.85307
G1 X139.383 Y141.775 E1594.88418
G1 X140.188 Y141.443 E1594.91315
G1 X140.896 Y140.896 E1594.9429
G1 X141.443 Y140.188 E1594.97266
G1 X141.775 Y139.383 E1595.00162
G1 X141.9 Y138.456 E1595.03273
G1 X141.9 Y96.544 E1596.42673
G1 X141.775 Y95.613 E1596.45798
G1 X141.443 Y94.808 E1596.48694
G1 X140.896 Y94.101 E1596.51667
G1 X140.188 Y93.556 E1596.54639
G1 X139.383 Y93.221 E1596.57539
G1 X138.457 Y93.1 E1596.60645
G1 X96.543 Y93.1 E1598.00051
G1 X95.613 Y93.221 E1598.03171
G1 X94.804 Y93.556 E1598.06083
G1 X94.1 Y94.1 E1598.09042
G0 F9000 X94.312 Y94.313
G0 X111.131 Y106.783
G0 X111.363 Y107.186
G1 F1500 X111.689 Y107.007 E1598.10279
G1 X112.054 Y106.986 E1598.11495
G1 X129.412 Y117.01 E1598.78163
G1 X129.613 Y117.255 E1598.79217
G1 X129.656 Y117.396 E1598.79707
G1 X129.613 Y117.745 E1598.80877
G1 X129.412 Y117.99 E1598.81931
G1 X112.126 Y127.968 E1599.48315
G1 X111.813 Y128.017 E1599.49369
G1 X111.63 Y127.966 E1599.50001
G1 X111.306 Y127.777 E1599.51248
G1 X111.168 Y127.57 E1599.52076
G1 X111.118 Y127.376 E1599.52742
G1 X111.116 Y107.594 E1600.18537
G1 X111.168 Y107.426 E1600.19122
G1 X111.363 Y107.186 E1600.20151
G0 F9000 X111.583 Y107.521
;TYPE:WALL-OUTER
G1 F1500 X111.836 Y107.38 E1600.21114
G1 X111.943 Y107.38 E1600.2147
G1 X129.165 Y117.326 E1600.87617
G1 X129.262 Y117.465 E1600.88181
G1 X129.255 Y117.56 E1600.88497
G1 X129.18 Y117.664 E1600.88924
G1 X111.943 Y127.611 E1601.55115
G1 X111.836 Y127.616 E1601.55472
G1 X111.583 Y127.475 E1601.56435
G1 X111.516 Y127.342 E1601.5693
G1 X111.518 Y107.637 E1602.22469
G1 X111.583 Y107.521 E1602.22912
G1 F2700 E1597.22912
G0 F9000 X110.817 Y107.521
G0 X94.312 Y94.313
G0 X93.815 Y93.815
G1 F2700 E1602.22912
G1 F1500 X93.207 Y94.602 E1602.26219
G1 X92.831 Y95.509 E1602.29485
G1 X92.7 Y96.517 E1602.32866
G1 X92.7 Y138.483 E1603.72445
G1 X92.831 Y139.487 E1603.75813
G1 X93.207 Y140.394 E1603.79079
G1 X93.815 Y141.181 E1603.82386
G1 X94.602 Y141.789 E1603.85694
G1 X95.509 Y142.165 E1603.8896
G1 X96.518 Y142.3 E1603.92346
G1 X138.482 Y142.3 E1605.31918
G1 X139.487 Y142.165 E1605.35291
G1 X140.39 Y141.793 E1605.38539
G1 X141.181 Y141.181 E1605.41866
G1 X141.793 Y140.39 E1605.45192
G1 X142.165 Y139.487 E1605.4844
G1 X142.3 Y138.482 E1605.51813
G1 X142.3 Y96.518 E1606.91386
G1 X142.165 Y95.509 E1606.94772
G1 X141.793 Y94.606 E1606.9802
G1 X141.181 Y93.815 E1607.01346
G1 X140.39 Y93.207 E1607.04665
G1 X139.487 Y92.831 E1607.07918
G1 X138.483 Y92.7 E1607.11286
G1 X96.517 Y92.7 E1608.50865
G1 X95.509 Y92.831 E1608.54246
G1 X94.602 Y93.207 E1608.57512
G1 X93.815 Y93.815 E1608.60819
G0 F9000 X94.312 Y94.313
G0 X93.675 Y95.306
G0 X93.471 Y95.221
;TYPE:FILL
G1 F3000 X101.091 Y93.18 E1608.87057
G0 F9000 X101.091 Y93.4
G0 X103.039 Y93.4
G0 X103.039 Y93.18
G1 F3000 X93.18 Y129.976 E1610.13758
G0 F9000 X93.4 Y129.976
G0 X93.4 Y132.407
G0 X93.18 Y132.407
G1 F3000 X102.593 Y141.82 E1610.58034
G1 X102.429 Y141.821
G1 X111.038 Y109.692 E1611.68665
G0 F9000 X111.037 Y109.15
G1 F3000 X93.18 Y113.934 E1612.30152
G0 F9000 X93.4 Y113.934
G0 X93.4 Y115.437
G0 X93.18 Y115.437
G1 F3000 X119.563 Y141.82 E1613.54249
G0 F9000 X119.563 Y141.6
G0 X121.064 Y141.6
G0 X121.064 Y141.82
G1 F3000 X127.062 Y119.438 E1614.31319
G0 F9000 X127.173 Y119.632
G0 X129.736 Y118.152
G0 X129.6 Y117.916
G1 F3000 X141.82 Y130.136 E1614.88798
G0 F9000 X141.6 Y130.136
G0 X141.6 Y131.96
G0 X141.819 Y131.96
G1 F3000 X105.019 Y141.82 E1616.15513
G0 F9000 X105.019 Y141.6
G0 X108.641 Y141.6
G0 X108.641 Y141.821
G1 F3000 X112.365 Y127.921 E1616.63375
G0 F9000 X112.478 Y128.117
G0 X111.717 Y128.481
G0 X110.883 Y127.998
G0 X110.817 Y127.743
G0 X111.192 Y127.743
G1 F3000 X93.181 Y132.569 E1617.25393
G0 F9000 X93.4 Y132.569
G0 X93.44 Y138.743
G0 X93.223 Y138.77
G1 F3000 X141.819 Y125.748 E1618.92726
G0 F9000 X141.6 Y125.748
G0 X141.6 Y121.651
G0 X141.82 Y121.651
G1 F3000 X113.349 Y93.18 E1620.26645
G0 F9000 X113.349 Y93.4
G0 X115.463 Y93.4
G0 X115.463 Y93.18
G1 F3000 X111.784 Y106.907 E1620.73912
G0 F9000 X111.968 Y106.59
G0 X111.717 Y106.519
G0 X110.883 Y107.002
G0 X110.817 Y107.839
G0 X111.038 Y107.839
G1 F3000 X96.399 Y93.2 E1621.4277
G0 F9000 X96.828 Y93.18
G1 F3000 X93.18 Y106.793 E1621.89644
G1 X93.18 Y106.951
G1 X111.038 Y124.809 E1622.73643
G0 F9000 X110.817 Y124.809
G0 X110.817 Y121.573
G0 X111.038 Y121.573
G1 F3000 X93.181 Y126.358 E1623.35131
G0 F9000 X93.4 Y126.358
G0 X93.4 Y123.922
G0 X93.18 Y123.922
G1 F3000 X111.078 Y141.82 E1624.19318
G0 F9000 X111.078 Y141.6
G0 X114.853 Y141.6
G0 X114.853 Y141.82
G1 F3000 X119.714 Y123.679 E1624.81783
G0 F9000 X118.877 Y124.163
G1 F3000 X136.534 Y141.82 E1625.64836
G0 F9000 X136.534 Y141.6
G0 X133.488 Y141.6
G0 X133.488 Y141.821
G1 F3000 X141.82 Y110.724 E1626.71914
G0 F9000 X141.6 Y110.724
G0 X141.6 Y113.165
G0 X141.82 Y113.165
G1 F3000 X121.834 Y93.18 E1627.65919
G1 X121.674 Y93.18
G1 X117.203 Y109.868 E1628.23381
G0 F9000 X117.315 Y109.676
G0 X114.51 Y108.057
G0 X114.398 Y108.249
G1 F3000 X141.82 Y100.902 E1629.17804
G0 F9000 X141.6 Y100.902
G0 X141.6 Y104.68
G0 X141.82 Y104.68
G1 F3000 X130.32 Y93.18 E1629.71897
G0 F9000 X130.32 Y93.4
G0 X127.886 Y93.4
G0 X127.886 Y93.179
G1 F3000 X122.582 Y112.974 E1630.40058
G0 F9000 X121.745 Y112.492
G1 F3000 X141.819 Y107.113 E1631.09179
G0 F9000 X141.6 Y107.113
G0 X141.6 Y113.325
G0 X141.82 Y113.325
G1 F3000 X129.093 Y116.735 E1631.53003
G0 F9000 X129.206 Y116.542
G0 X128.073 Y115.888
G0 X127.961 Y116.081
G1 F3000 X134.097 Y93.18 E1632.31858
G0 F9000 X134.097 Y93.4
G0 X138.831 Y93.45
G0 X138.859 Y93.233
G1 F3000 X141.766 Y96.14 E1632.45532
G0 F9000 X141.549 Y96.167
G0 X141.175 Y94.948
G0 X141.349 Y94.816
G1 F3000 X93.181 Y107.723 E1634.11391
G0 F9000 X93.4 Y107.723
G0 X93.4 Y101.511
G0 X93.181 Y101.511
G1 F3000 X124.273 Y93.18 E1635.18452
G0 F9000 X124.273 Y93.4
G0 X109.251 Y93.4
G0 X109.251 Y93.18
G1 F3000 X96.229 Y141.778 E1636.85791
G0 F9000 X96.257 Y141.561
G0 X93.4 Y120.146
G0 X93.181 Y120.146
G1 F3000 X111.037 Y115.361 E1637.47276
G0 F9000 X111.038 Y116.324
G1 F3000 X93.18 Y98.466 E1638.31275
G0 F9000 X93.4 Y98.466
G0 X104.864 Y93.4
G0 X104.864 Y93.18
G1 F3000 X127.497 Y115.813 E1639.37733
G0 F9000 X127.609 Y115.62
G0 X130.706 Y117.5
G0 X124.368 Y121.251
G0 X124.257 Y121.058
G1 F3000 X141.801 Y138.602 E1640.20255
G0 F9000 X141.82 Y138.171
G1 F3000 X128.203 Y141.82 E1640.67143
G1 X128.049 Y141.82
G1 X113.497 Y127.269 E1641.35589
G0 F9000 X113.959 Y127.002
G1 F3000 X141.82 Y119.536 E1642.31525
G0 F9000 X141.6 Y119.536
G0 X141.6 Y133.907
G0 X141.82 Y133.907
G1 F3000 X139.778 Y141.527 E1642.57763
G0 F9000 X139.695 Y141.324
G0 X127.276 Y141.6
G0 X127.276 Y141.821
G1 F3000 X140.182 Y93.653 E1644.23622
G0 F9000 X139.864 Y94.07
G1 F2700 E1639.23622
;MESH:NONMESH
G0 F300 X139.864 Y94.07 Z3.4
G0 F9000 X94.312 Y94.313
G0 X94.1 Y94.1
;TIME_ELAPSED:2153.827231
;LAYER:16
;TYPE:WALL-INNER
;MESH:triangolo_spesso.stl
G1 F2700 E1644.23622
G1 F1500 X93.556 Y94.804 E1644.26581
G1 X93.221 Y95.613 E1644.29493
G1 X93.1 Y96.543 E1644.32612
G1 X93.1 Y138.457 E1645.72019
G1 X93.221 Y139.383 E1645.75125
G1 X93.556 Y140.192 E1645.78037
G1 X94.1 Y140.896 E1645.80996
G1 X94.804 Y141.44 E1645.83955
G1 X95.614 Y141.775 E1645.86871
G1 X96.544 Y141.9 E1645.89992
G1 X138.456 Y141.9 E1647.29392
G1 X139.383 Y141.775 E1647.32503
G1 X140.188 Y141.443 E1647.35399
G1 X140.896 Y140.896 E1647.38375
G1 X141.443 Y140.188 E1647.41351
G1 X141.775 Y139.383 E1647.44247
G1 X141.9 Y138.456 E1647.47358
G1 X141.9 Y96.544 E1648.86758
G1 X141.775 Y95.613 E1648.89882
G1 X141.443 Y94.808 E1648.92778
G1 X140.896 Y94.101 E1648.95751
G1 X140.188 Y93.556 E1648.98723
G1 X139.383 Y93.221 E1649.01623
G1 X138.457 Y93.1 E1649.04729
G1 X96.543 Y93.1 E1650.44136
G1 X95.613 Y93.221 E1650.47255
G1 X94.804 Y93.556 E1650.50167
G1 X94.1 Y94.1 E1650.53126
G0 F9000 X94.312 Y94.313
G0 X111.131 Y106.783
G0 X111.363 Y107.186
G1 F1500 X111.689 Y107.007 E1650.54363
G1 X112.054 Y106.986 E1650.55579
G1 X129.412 Y117.01 E1651.22248
G1 X129.613 Y117.255 E1651.23302
G1 X129.656 Y117.396 E1651.23792
G1 X129.613 Y117.745 E1651.24961
G1 X129.412 Y117.99 E1651.26015
G1 X112.126 Y127.968 E1651.924
G1 X111.813 Y128.017 E1651.93453
G1 X111.63 Y127.966 E1651.94085
G1 X111.306 Y127.777 E1651.95333
G1 X111.168 Y127.57 E1651.9616
G1 X111.118 Y127.376 E1651.96827
G1 X111.116 Y107.594 E1652.62622
G1 X111.168 Y107.426 E1652.63207
G1 X111.363 Y107.186 E1652.64235
G0 F9000 X111.583 Y107.521
;TYPE:WALL-OUTER
G1 F1500 X111.836 Y107.38 E1652.65199
G1 X111.943 Y107.38 E1652.65555
G1 X129.165 Y117.326 E1653.31701
G1 X129.262 Y117.465 E1653.32265
G1 X129.255 Y117.56 E1653.32582
G1 X129.18 Y117.664 E1653.33008
G1 X111.943 Y127.611 E1653.992
G1 X111.836 Y127.616 E1653.99556
G1 X111.583 Y127.475 E1654.00519
G1 X111.516 Y127.342 E1654.01015
G1 X111.518 Y107.637 E1654.66554
G1 X111.583 Y107.521 E1654.66996
G1 F2700 E1649.66996
G0 F9000 X110.817 Y107.521
G0 X94.312 Y94.313
G0 X93.815 Y93.815
G1 F2700 E1654.66996
G1 F1500 X93.207 Y94.602 E1654.70304
G1 X92.831 Y95.509 E1654.7357
G1 X92.7 Y96.517 E1654.7695
G1 X92.7 Y138.483 E1656.1653
G1 X92.831 Y139.487 E1656.19897
G1 X93.207 Y140.394 E1656.23163
G1 X93.815 Y141.181 E1656.26471
G1 X94.602 Y141.789 E1656.29779
G1 X95.509 Y142.165 E1656.33044
G1 X96.518 Y142.3 E1656.3643
G1 X138.482 Y142.3 E1657.76003
G1 X139.487 Y142.165 E1657.79376
G1 X140.39 Y141.793 E1657.82624
G1 X141.181 Y141.181 E1657.8595
G1 X141.793 Y140.39 E1657.89277
G1 X142.165 Y139.487 E1657.92525
G1 X142.3 Y138.482 E1657.95897
G1 X142.3 Y96.518 E1659.3547
G1 X142.165 Y95.509 E1659.38856
G1 X141.793 Y94.606 E1659.42104
G1 X141.181 Y93.815 E1659.45431
G1 X140.39 Y93.207 E1659.48749
G1 X139.487 Y92.831 E1659.52002
G1 X138.483 Y92.7 E1659.5537
G1 X96.517 Y92.7 E1660.9495
G1 X95.509 Y92.831 E1660.9833
G1 X94.602 Y93.207 E1661.01596
G1 X93.815 Y93.815 E1661.04904
G0 F9000 X94.312 Y94.313
G0 X93.606 Y95.472
G0 X93.402 Y95.387
;TYPE:FILL
G1 F3000 X101.64 Y93.18 E1661.3327
G0 F9000 X101.64 Y93.4
G0 X102.892 Y93.4
G0 X102.892 Y93.18
G1 F3000 X93.18 Y129.427 E1662.5808
G0 F9000 X93.4 Y129.427
G0 X93.4 Y132.206
G0 X93.18 Y132.206
G1 F3000 X102.794 Y141.82 E1663.03302
G0 F9000 X102.282 Y141.821
G1 F3000 X111.038 Y109.144 E1664.1582
G1 X111.038 Y109.297
G1 X93.18 Y114.081 E1664.7731
G0 F9000 X93.4 Y114.081
G0 X93.4 Y115.236
G0 X93.18 Y115.236
G1 F3000 X119.764 Y141.82 E1666.02353
G0 F9000 X119.764 Y141.6
G0 X120.917 Y141.6
G0 X120.917 Y141.82
G1 F3000 X126.888 Y119.538 E1666.79078
G0 F9000 X127 Y119.732
G0 X124.495 Y121.178
G0 X124.384 Y120.985
G1 F3000 X141.82 Y138.42 E1667.61089
G1 X141.82 Y138.318
G1 X128.752 Y141.82 E1668.06087
G0 F9000 X128.249 Y141.82
G1 F3000 X113.624 Y127.195 E1668.74879
G1 X113.483 Y127.276
G1 X141.82 Y119.683 E1669.72453
G0 F9000 X141.6 Y119.683
G0 X141.6 Y121.45
G0 X141.82 Y121.45
G1 F3000 X113.55 Y93.18 E1671.05426
G0 F9000 X113.55 Y93.4
G0 X115.316 Y93.4
G0 X115.316 Y93.18
G1 F3000 X111.625 Y106.952 E1671.52849
G0 F9000 X111.038 Y107.638
G1 F3000 X96.579 Y93.18 E1672.20857
G1 X96.681 Y93.18
G1 X93.18 Y106.244 E1672.65841
G0 F9000 X93.18 Y106.75
G1 F3000 X111.038 Y124.608 E1673.4984
G0 F9000 X110.817 Y124.608
G0 X110.817 Y121.72
G0 X111.038 Y121.72
G1 F3000 X93.181 Y126.505 E1674.11328
G0 F9000 X93.4 Y126.505
G0 X93.4 Y123.721
G0 X93.18 Y123.721
G1 F3000 X111.279 Y141.82 E1674.9646
G0 F9000 X111.279 Y141.6
G0 X108.494 Y141.6
G0 X108.494 Y141.821
G1 F3000 X112.191 Y128.022 E1675.43974
G0 F9000 X111.296 Y127.862
G1 F3000 X93.181 Y132.716 E1676.06351
G0 F9000 X93.4 Y132.716
G0 X93.458 Y138.885
G0 X93.241 Y138.912
G1 F3000 X141.819 Y125.895 E1677.73622
G0 F9000 X141.6 Y125.895
G0 X141.6 Y129.935
G0 X141.82 Y129.935
G1 F3000 X129.663 Y117.778 E1678.30805
G0 F9000 X129.843 Y118.09
G0 X130.706 Y117.5
G0 X129.379 Y116.642
G0 X129.267 Y116.835
G1 F3000 X141.82 Y113.472 E1678.74028
G0 F9000 X141.82 Y112.965
G1 F3000 X122.035 Y93.18 E1679.67091
G0 F9000 X121.527 Y93.18
G1 F3000 X117.075 Y109.794 E1680.24299
G0 F9000 X117.187 Y109.603
G0 X114.684 Y108.158
G0 X114.572 Y108.35
G1 F3000 X141.82 Y101.049 E1681.18123
G0 F9000 X141.6 Y101.049
G0 X141.6 Y104.479
G0 X141.82 Y104.479
G1 F3000 X130.521 Y93.18 E1681.7127
G0 F9000 X130.521 Y93.4
G0 X127.739 Y93.4
G0 X127.739 Y93.179
G1 F3000 X122.455 Y112.901 E1682.39179
G0 F9000 X121.919 Y112.592
G1 F3000 X141.819 Y107.26 E1683.07702
G0 F9000 X141.6 Y107.26
G0 X141.6 Y110.175
G0 X141.82 Y110.175
G1 F3000 X133.341 Y141.821 E1684.16669
G0 F9000 X133.341 Y141.6
G0 X136.735 Y141.6
G0 X136.735 Y141.82
G1 F3000 X119.004 Y124.089 E1685.0007
G0 F9000 X119.54 Y123.78
G1 F3000 X114.706 Y141.82 E1685.62188
G0 F9000 X114.706 Y141.6
G0 X105.568 Y141.6
G0 X105.568 Y141.82
G1 F3000 X141.819 Y132.107 E1686.87013
G0 F9000 X141.6 Y132.107
G0 X141.6 Y133.359
G0 X141.82 Y133.359
G1 F3000 X139.613 Y141.594 E1687.15369
G0 F9000 X139.53 Y141.392
G0 X127.129 Y141.6
G0 X127.129 Y141.821
G1 F3000 X140.053 Y93.587 E1688.81455
G0 F9000 X139.969 Y93.789
G0 X139.062 Y93.481
G0 X139.09 Y93.264
G1 F3000 X141.735 Y95.908 E1688.93894
G0 F9000 X141.518 Y95.935
G0 X141.21 Y95.029
G0 X141.413 Y94.946
G1 F3000 X93.181 Y107.87 E1690.59973
G0 F9000 X93.4 Y107.87
G0 X93.4 Y101.658
G0 X93.181 Y101.658
G1 F3000 X124.822 Y93.18 E1691.68924
G0 F9000 X124.822 Y93.4
G0 X133.951 Y93.4
G0 X133.951 Y93.18
G1 F3000 X127.834 Y116.008 E1692.47529
G1 X127.972 Y116.087
G1 X105.065 Y93.18 E1693.55276
G0 F9000 X105.065 Y93.4
G0 X109.104 Y93.4
G0 X109.104 Y93.18
G1 F3000 X96.087 Y141.759 E1695.22551
G0 F9000 X96.115 Y141.543
G0 X93.4 Y120.293
G0 X93.181 Y120.293
G1 F3000 X111.037 Y115.508 E1695.84036
G0 F9000 X111.038 Y116.123
G1 F3000 X93.18 Y98.265 E1696.68034
G0 F9000 X93.7 Y98.265
;MESH:NONMESH
G0 F300 X93.7 Y98.265 Z3.6
G0 F9000 X94.312 Y94.313
G0 X94.1 Y94.1
;TIME_ELAPSED:2206.658006
;LAYER:17
;TYPE:WALL-INNER
;MESH:triangolo_spesso.stl
G1 F1500 X93.556 Y94.804 E1696.70993
G1 X93.221 Y95.613 E1696.73906
G1 X93.1 Y96.543 E1696.77025
G1 X93.1 Y138.457 E1698.16431
G1 X93.221 Y139.383 E1698.19537
G1 X93.556 Y140.192 E1698.2245
G1 X94.1 Y140.896 E1698.25409
G1 X94.804 Y141.44 E1698.28368
G1 X95.614 Y141.775 E1698.31283
G1 X96.544 Y141.9 E1698.34404
G1 X138.456 Y141.9 E1699.73804
G1 X139.383 Y141.775 E1699.76915
G1 X140.188 Y141.443 E1699.79812
G1 X140.896 Y140.896 E1699.82787
G1 X141.443 Y140.188 E1699.85763
G1 X141.775 Y139.383 E1699.88659
G1 X141.9 Y138.456 E1699.9177
G1 X141.9 Y96.544 E1701.3117
G1 X141.775 Y95.613 E1701.34295
G1 X141.443 Y94.808 E1701.37191
G1 X140.896 Y94.101 E1701.40164
G1 X140.188 Y93.556 E1701.43136
G1 X139.383 Y93.221 E1701.46036
G1 X138.457 Y93.1 E1701.49142
G1 X96.543 Y93.1 E1702.88548
G1 X95.613 Y93.221 E1702.91668
G1 X94.804 Y93.556 E1702.9458
G1 X94.1 Y94.1 E1702.97539
G0 F9000 X94.312 Y94.313
G0 X111.131 Y106.783
G0 X111.363 Y107.186
G1 F1500 X111.689 Y107.007 E1702.98776
G1 X112.054 Y106.986 E1702.99992
G1 X129.412 Y117.01 E1703.6666
G1 X129.613 Y117.255 E1703.67714
G1 X129.656 Y117.396 E1703.68204
G1 X129.613 Y117.745 E1703.69374
G1 X129.412 Y117.99 E1703.70428
G1 X112.126 Y127.968 E1704.36812
G1 X111.813 Y128.017 E1704.37866
G1 X111.63 Y127.966 E1704.38498
G1 X111.306 Y127.777 E1704.39745
G1 X111.168 Y127.57 E1704.40573
G1 X111.118 Y127.376 E1704.41239
G1 X111.116 Y107.594 E1705.07034
G1 X111.168 Y107.426 E1705.07619
G1 X111.363 Y107.186 E1705.08648
G0 F9000 X111.583 Y107.521
;TYPE:WALL-OUTER
G1 F1500 X111.836 Y107.38 E1705.09611
G1 X111.943 Y107.38 E1705.09967
G1 X129.165 Y117.326 E1705.76114
G1 X129.262 Y117.465 E1705.76678
G1 X129.255 Y117.56 E1705.76994
G1 X129.18 Y117.664 E1705.77421
G1 X111.943 Y127.611 E1706.43612
G1 X111.836 Y127.616 E1706.43969
G1 X111.583 Y127.475 E1706.44932
G1 X111.516 Y127.342 E1706.45427
G1 X111.518 Y107.637 E1707.10967
G1 X111.583 Y107.521 E1707.11409
G1 F2700 E1702.11409
G0 F9000 X110.817 Y107.521
G0 X94.312 Y94.313
G0 X93.815 Y93.815
G1 F2700 E1707.11409
G1 F1500 X93.207 Y94.602 E1707.14716
G1 X92.831 Y95.509 E1707.17982
G1 X92.7 Y96.517 E1707.21363
G1 X92.7 Y138.483 E1708.60942
G1 X92.831 Y139.487 E1708.6431
G1 X93.207 Y140.394 E1708.67576
G1 X93.815 Y141.181 E1708.70883
G1 X94.602 Y141.789 E1708.74191
G1 X95.509 Y142.165 E1708.77457
G1 X96.518 Y142.3 E1708.80843
G1 X138.482 Y142.3 E1710.20415
G1 X139.487 Y142.165 E1710.23788
G1 X140.39 Y141.793 E1710.27036
G1 X141.181 Y141.181 E1710.30363
G1 X141.793 Y140.39 E1710.33689
G1 X142.165 Y139.487 E1710.36937
G1 X142.3 Y138.482 E1710.4031
G1 X142.3 Y96.518 E1711.79883
G1 X142.165 Y95.509 E1711.83269
G1 X141.793 Y94.606 E1711.86517
G1 X141.181 Y93.815 E1711.89843
G1 X140.39 Y93.207 E1711.93162
G1 X139.487 Y92.831 E1711.96415
G1 X138.483 Y92.7 E1711.99783
G1 X96.517 Y92.7 E1713.39362
G1 X95.509 Y92.831 E1713.42743
G1 X94.602 Y93.207 E1713.46009
G1 X93.815 Y93.815 E1713.49316
G0 F9000 X94.312 Y94.313
G0 X93.538 Y95.636
G0 X93.334 Y95.551
;TYPE:FILL
G1 F3000 X102.185 Y93.18 E1713.79793
G0 F9000 X102.746 Y93.18
G1 F3000 X93.18 Y128.882 E1715.02727
G0 F9000 X93.4 Y128.882
G0 X93.4 Y126.651
G0 X93.181 Y126.651
G1 F3000 X111.038 Y121.866 E1715.64215
G0 F9000 X110.817 Y121.866
G0 X110.817 Y124.409
G0 X111.038 Y124.409
G1 F3000 X93.18 Y106.551 E1716.48213
G0 F9000 X93.18 Y105.699
G1 F3000 X96.534 Y93.182 E1716.91314
G0 F9000 X96.779 Y93.18
G1 F3000 X111.074 Y107.475 E1717.58553
G0 F9000 X111.456 Y107.039
G1 F3000 X115.17 Y93.18 E1718.06275
G0 F9000 X115.17 Y93.4
G0 X113.749 Y93.4
G0 X113.749 Y93.18
G1 F3000 X141.82 Y121.25 E1719.3831
G0 F9000 X141.6 Y121.25
G0 X141.6 Y119.829
G0 X141.82 Y119.829
G1 F3000 X113.012 Y127.549 E1720.37506
G0 F9000 X113.751 Y127.122
G1 F3000 X128.449 Y141.82 E1721.06641
G0 F9000 X129.296 Y141.82
G1 F3000 X141.818 Y138.465 E1721.49759
G0 F9000 X141.82 Y138.221
G1 F3000 X124.511 Y120.912 E1722.31175
G0 F9000 X124.622 Y121.105
G0 X126.827 Y119.832
G0 X126.715 Y119.638
G1 F3000 X120.771 Y141.82 E1723.07555
G0 F9000 X119.963 Y141.82
G1 F3000 X93.18 Y115.036 E1724.33537
G0 F9000 X93.18 Y114.227
G1 F3000 X111.037 Y109.443 E1724.95024
G0 F9000 X111.038 Y108.598
G1 F3000 X102.136 Y141.821 E1726.09422
G0 F9000 X102.993 Y141.82
G1 F3000 X93.18 Y132.007 E1726.55579
G0 F9000 X93.18 Y132.862
G1 F3000 X111.462 Y127.964 E1727.1853
G0 F9000 X112.036 Y128.057
G1 F3000 X108.348 Y141.821 E1727.65924
G0 F9000 X108.348 Y141.6
G0 X106.114 Y141.6
G0 X106.114 Y141.82
G1 F3000 X141.82 Y132.253 E1728.88872
G0 F9000 X141.82 Y132.813
G1 F3000 X139.449 Y141.662 E1729.19342
G0 F9000 X139.366 Y141.46
G0 X136.934 Y141.6
G0 X136.934 Y141.82
G1 F3000 X119.131 Y124.017 E1730.03082
G0 F9000 X119.367 Y123.88
G1 F3000 X114.56 Y141.821 E1730.64858
G0 F9000 X114.56 Y141.6
G0 X111.478 Y141.6
G0 X111.478 Y141.82
G1 F3000 X93.18 Y123.522 E1731.50926
G0 F9000 X93.4 Y123.522
G0 X93.4 Y120.439
G0 X93.181 Y120.439
G1 F3000 X111.037 Y115.654 E1732.12411
G0 F9000 X111.038 Y115.924
G1 F3000 X93.18 Y98.066 E1732.9641
G0 F9000 X93.4 Y98.066
G0 X93.4 Y101.804
G0 X93.181 Y101.804
G1 F3000 X125.367 Y93.18 E1734.07237
G0 F9000 X125.367 Y93.4
G0 X127.593 Y93.4
G0 X127.593 Y93.18
G1 F3000 X122.328 Y112.827 E1734.74889
G0 F9000 X122.092 Y112.692
G1 F3000 X141.82 Y107.406 E1735.42819
G0 F9000 X141.6 Y107.406
G0 X141.6 Y109.63
G0 X141.82 Y109.63
G1 F3000 X133.195 Y141.821 E1736.53663
G0 F9000 X133.195 Y141.6
G0 X126.983 Y141.6
G0 X126.983 Y141.82
G1 F3000 X139.922 Y93.532 E1738.19936
G0 F9000 X139.319 Y93.294
G1 F3000 X141.704 Y95.679 E1738.31154
G0 F9000 X141.468 Y95.077
G1 F3000 X93.181 Y108.016 E1739.97423
G0 F9000 X93.4 Y108.016
G0 X105.264 Y93.4
G0 X105.264 Y93.18
G1 F3000 X128.445 Y116.36 E1741.06457
G0 F9000 X127.707 Y115.934
G1 F3000 X133.804 Y93.18 E1741.84807
G0 F9000 X133.804 Y93.4
G0 X130.72 Y93.4
G0 X130.72 Y93.18
G1 F3000 X141.82 Y104.28 E1742.37018
G0 F9000 X141.6 Y104.28
G0 X141.6 Y101.195
G0 X141.819 Y101.195
G1 F3000 X114.745 Y108.449 E1743.30243
G0 F9000 X114.857 Y108.257
G0 X117.061 Y109.53
G0 X116.949 Y109.721
G1 F3000 X121.381 Y93.18 E1743.87199
G0 F9000 X122.235 Y93.18
G1 F3000 X141.82 Y112.765 E1744.79321
G0 F9000 X141.82 Y113.618
G1 F3000 X129.44 Y116.935 E1745.21949
G0 F9000 X129.724 Y117.639
G1 F3000 X141.82 Y129.736 E1745.78847
G0 F9000 X141.6 Y129.736
G0 X141.6 Y126.041
G0 X141.819 Y126.041
G1 F3000 X93.259 Y139.053 E1747.46056
G0 F9000 X93.477 Y139.026
G0 X95.974 Y141.524
G0 X95.946 Y141.739
G1 F3000 X108.958 Y93.179 E1749.13265
G0 F9000 X108.958 Y93.7
;MESH:NONMESH
G0 F300 X108.958 Y93.7 Z3.8
G0 F9000 X94.312 Y94.313
G0 X94.1 Y94.1
;TIME_ELAPSED:2258.248417
;LAYER:18
;TYPE:WALL-INNER
;MESH:triangolo_spesso.stl
G1 F1500 X93.556 Y94.804 E1749.16224
G1 X93.221 Y95.613 E1749.19137
G1 X93.1 Y96.543 E1749.22256
G1 X93.1 Y138.457 E1750.61663
G1 X93.221 Y139.383 E1750.64769
G1 X93.556 Y140.192 E1750.67681
G1 X94.1 Y140.896 E1750.7064
G1 X94.804 Y141.44 E1750.73599
G1 X95.614 Y141.775 E1750.76515
G1 X96.544 Y141.9 E1750.79636
G1 X138.456 Y141.9 E1752.19035
G1 X139.383 Y141.775 E1752.22147
G1 X140.188 Y141.443 E1752.25043
G1 X140.896 Y140.896 E1752.28019
G1 X141.443 Y140.188 E1752.30994
G1 X141.775 Y139.383 E1752.33891
G1 X141.9 Y138.456 E1752.37002
G1 X141.9 Y96.544 E1753.76402
G1 X141.775 Y95.613 E1753.79526
G1 X141.443 Y94.808 E1753.82422
G1 X140.896 Y94.101 E1753.85395
G1 X140.188 Y93.556 E1753.88367
G1 X139.383 Y93.221 E1753.91267
G1 X138.457 Y93.1 E1753.94373
G1 X96.543 Y93.1 E1755.33779
G1 X95.613 Y93.221 E1755.36899
G1 X94.804 Y93.556 E1755.39811
G1 X94.1 Y94.1 E1755.4277
G0 F9000 X94.312 Y94.313
G0 X111.131 Y106.783
G0 X111.363 Y107.186
G1 F1500 X111.689 Y107.007 E1755.44007
G1 X112.054 Y106.986 E1755.45223
G1 X129.412 Y117.01 E1756.11891
G1 X129.613 Y117.255 E1756.12945
G1 X129.656 Y117.396 E1756.13436
G1 X129.613 Y117.745 E1756.14605
G1 X129.412 Y117.99 E1756.15659
G1 X112.126 Y127.968 E1756.82044
G1 X111.813 Y128.017 E1756.83097
G1 X111.63 Y127.966 E1756.83729
G1 X111.306 Y127.777 E1756.84977
G1 X111.168 Y127.57 E1756.85804
G1 X111.118 Y127.376 E1756.8647
G1 X111.116 Y107.594 E1757.52266
G1 X111.168 Y107.426 E1757.52851
G1 X111.363 Y107.186 E1757.53879
G0 F9000 X111.583 Y107.521
;TYPE:WALL-OUTER
G1 F1500 X111.836 Y107.38 E1757.54842
G1 X111.943 Y107.38 E1757.55198
G1 X129.165 Y117.326 E1758.21345
G1 X129.262 Y117.465 E1758.21909
G1 X129.255 Y117.56 E1758.22226
G1 X129.18 Y117.664 E1758.22652
G1 X111.943 Y127.611 E1758.88844
G1 X111.836 Y127.616 E1758.892
G1 X111.583 Y127.475 E1758.90163
G1 X111.516 Y127.342 E1758.90659
G1 X111.518 Y107.637 E1759.56198
G1 X111.583 Y107.521 E1759.5664
G1 F2700 E1754.5664
G0 F9000 X110.817 Y107.521
G0 X94.312 Y94.313
G0 X93.815 Y93.815
G1 F2700 E1759.5664
G1 F1500 X93.207 Y94.602 E1759.59948
G1 X92.831 Y95.509 E1759.63213
G1 X92.7 Y96.517 E1759.66594
G1 X92.7 Y138.483 E1761.06174
G1 X92.831 Y139.487 E1761.09541
G1 X93.207 Y140.394 E1761.12807
G1 X93.815 Y141.181 E1761.16115
G1 X94.602 Y141.789 E1761.19422
G1 X95.509 Y142.165 E1761.22688
G1 X96.518 Y142.3 E1761.26074
G1 X138.482 Y142.3 E1762.65647
G1 X139.487 Y142.165 E1762.69019
G1 X140.39 Y141.793 E1762.72268
G1 X141.181 Y141.181 E1762.75594
G1 X141.793 Y140.39 E1762.7892
G1 X142.165 Y139.487 E1762.82169
G1 X142.3 Y138.482 E1762.85541
G1 X142.3 Y96.518 E1764.25114
G1 X142.165 Y95.509 E1764.285
G1 X141.793 Y94.606 E1764.31748
G1 X141.181 Y93.815 E1764.35075
G1 X140.39 Y93.207 E1764.38393
G1 X139.487 Y92.831 E1764.41646
G1 X138.483 Y92.7 E1764.45014
G1 X96.517 Y92.7 E1765.84593
G1 X95.509 Y92.831 E1765.87974
G1 X94.602 Y93.207 E1765.9124
G1 X93.815 Y93.815 E1765.94548
G0 F9000 X94.312 Y94.313
G0 X93.507 Y95.738
G0 X93.289 Y95.71
;TYPE:FILL
G1 F3000 X102.733 Y93.18 E1766.27066
G1 X102.599 Y93.18
G1 X93.18 Y128.334 E1767.48113
G0 F9000 X93.4 Y128.334
G0 X93.4 Y126.798
G0 X93.181 Y126.798
G1 F3000 X111.038 Y122.013 E1768.09601
G0 F9000 X110.817 Y122.013
G0 X110.817 Y124.208
G0 X111.038 Y124.208
G1 F3000 X93.18 Y106.35 E1768.93599
G0 F9000 X93.4 Y106.35
G0 X93.4 Y105.151
G0 X93.18 Y105.151
G1 F3000 X96.382 Y93.202 E1769.34744
G0 F9000 X96.98 Y93.18
G1 F3000 X111.139 Y107.339 E1770.01344
G0 F9000 X111.277 Y107.158
G1 F3000 X115.023 Y93.18 E1770.49475
G0 F9000 X115.023 Y93.4
G0 X113.95 Y93.4
G0 X113.95 Y93.18
G1 F3000 X141.82 Y121.05 E1771.80567
G0 F9000 X141.6 Y121.05
G0 X141.6 Y119.976
G0 X141.82 Y119.976
G1 F3000 X112.537 Y127.823 E1772.81399
G0 F9000 X111.883 Y128.081
G1 F3000 X108.201 Y141.821 E1773.28711
G0 F9000 X108.201 Y141.6
G0 X106.662 Y141.6
G0 X106.662 Y141.82
G1 F3000 X141.82 Y132.4 E1774.49772
G1 X141.82 Y132.264
G1 X139.29 Y141.707 E1774.82287
G0 F9000 X139.263 Y141.492
G0 X137.135 Y141.6
G0 X137.135 Y141.82
G1 F3000 X119.258 Y123.943 E1775.66375
G1 X119.193 Y123.98
G1 X114.413 Y141.821 E1776.27807
G0 F9000 X114.413 Y141.6
G0 X111.679 Y141.6
G0 X111.679 Y141.82
G1 F3000 X93.18 Y123.321 E1777.14821
G0 F9000 X93.4 Y123.321
G0 X93.4 Y120.586
G0 X93.181 Y120.586
G1 F3000 X111.037 Y115.801 E1777.76305
G1 X111.038 Y115.723
G1 X93.18 Y97.865 E1778.60304
G0 F9000 X93.4 Y97.865
G0 X93.4 Y101.951
G0 X93.181 Y101.951
G1 F3000 X125.916 Y93.18 E1779.73022
G0 F9000 X125.916 Y93.4
G0 X127.446 Y93.4
G0 X127.446 Y93.179
G1 F3000 X122.201 Y112.754 E1780.40425
G1 X122.266 Y112.793
G1 X141.82 Y107.553 E1781.07756
G0 F9000 X141.6 Y107.553
G0 X141.6 Y109.082
G0 X141.82 Y109.082
G1 F3000 X133.048 Y141.821 E1782.20488
G0 F9000 X133.048 Y141.6
G0 X129.845 Y141.6
G0 X129.845 Y141.82
G1 F3000 X141.797 Y138.617 E1782.61643
G0 F9000 X141.82 Y138.02
G1 F3000 X124.638 Y120.838 E1783.42462
G0 F9000 X124.749 Y121.031
G0 X126.653 Y119.932
G0 X126.541 Y119.738
G1 F3000 X120.624 Y141.82 E1784.18498
G0 F9000 X120.164 Y141.82
G1 F3000 X93.18 Y114.836 E1785.45422
G0 F9000 X93.18 Y114.374
G1 F3000 X111.037 Y109.59 E1786.06909
G0 F9000 X110.817 Y109.59
G0 X110.817 Y108.05
G0 X111.038 Y108.05
G1 F3000 X101.989 Y141.821 E1787.23195
G0 F9000 X101.989 Y141.6
G0 X103.194 Y141.6
G0 X103.194 Y141.82
G1 F3000 X93.18 Y131.806 E1787.70297
G0 F9000 X93.4 Y131.806
G0 X93.4 Y133.009
G0 X93.18 Y133.009
G1 F3000 X111.648 Y128.061 E1788.33889
G0 F9000 X111.45 Y128.402
G0 X111.69 Y128.473
G0 X113.99 Y127.244
G0 X113.878 Y127.049
G1 F3000 X128.65 Y141.82 E1789.03369
G0 F9000 X128.65 Y141.6
G0 X126.836 Y141.6
G0 X126.836 Y141.821
G1 F3000 X139.789 Y93.477 E1790.69834
G1 X139.642 Y93.415
G1 X141.583 Y95.356 E1790.78963
G1 X141.522 Y95.21
G1 X93.181 Y108.163 E1792.45418
G0 F9000 X93.4 Y108.163
G0 X105.465 Y93.4
G0 X105.465 Y93.18
G1 F3000 X128.92 Y116.634 E1793.55741
G0 F9000 X129.553 Y117.052
G1 F3000 X141.82 Y113.765 E1793.9798
G0 F9000 X141.6 Y113.765
G0 X141.6 Y112.564
G0 X141.82 Y112.564
G1 F3000 X122.436 Y93.18 E1794.89157
G0 F9000 X122.436 Y93.4
G0 X121.234 Y93.4
G0 X121.234 Y93.18
G1 F3000 X116.822 Y109.648 E1795.45861
G0 F9000 X116.934 Y109.456
G0 X115.03 Y108.357
G0 X114.918 Y108.55
G1 F3000 X141.82 Y101.342 E1796.38494
G0 F9000 X141.6 Y101.342
G0 X141.6 Y104.079
G0 X141.82 Y104.079
G1 F3000 X130.921 Y93.18 E1796.89759
G0 F9000 X130.921 Y93.4
G0 X133.657 Y93.4
G0 X133.657 Y93.18
G1 F3000 X127.58 Y115.861 E1797.67857
G0 F9000 X127.692 Y115.668
G0 X129.993 Y116.997
G0 X129.732 Y117.447
G1 F3000 X141.82 Y129.535 E1798.24716
G0 F9000 X141.6 Y129.535
G0 X141.6 Y126.188
G0 X141.819 Y126.188
G1 F3000 X93.278 Y139.195 E1799.91859
G0 F9000 X93.495 Y139.168
G0 X95.833 Y141.506
G0 X95.805 Y141.72
G1 F3000 X108.811 Y93.179 E1801.59002
G0 F9000 X108.811 Y93.7
;MESH:NONMESH
G0 F300 X108.811 Y93.7 Z4
G0 F9000 X94.312 Y94.313
G0 X94.1 Y94.1
;TIME_ELAPSED:2310.101313
;LAYER:19
;TYPE:WALL-INNER
;MESH:triangolo_spesso.stl
G1 F1500 X93.556 Y94.804 E1801.61961
G1 X93.221 Y95.613 E1801.64874
G1 X93.1 Y96.543 E1801.67993
G1 X93.1 Y138.457 E1803.07399
G1 X93.221 Y139.383 E1803.10506
G1 X93.556 Y140.192 E1803.13418
G1 X94.1 Y140.896 E1803.16377
G1 X94.804 Y141.44 E1803.19336
G1 X95.614 Y141.775 E1803.22251
G1 X96.544 Y141.9 E1803.25372
G1 X138.456 Y141.9 E1804.64772
G1 X139.383 Y141.775 E1804.67883
G1 X140.188 Y141.443 E1804.7078
G1 X140.896 Y140.896 E1804.73755
G1 X141.443 Y140.188 E1804.76731
G1 X141.775 Y139.383 E1804.79627
G1 X141.9 Y138.456 E1804.82739
G1 X141.9 Y96.544 E1806.22138
G1 X141.775 Y95.613 E1806.25263
G1 X141.443 Y94.808 E1806.28159
G1 X140.896 Y94.101 E1806.31132
G1 X140.188 Y93.556 E1806.34104
G1 X139.383 Y93.221 E1806.37004
G1 X138.457 Y93.1 E1806.4011
G1 X96.543 Y93.1 E1807.79516
G1 X95.613 Y93.221 E1807.82636
G1 X94.804 Y93.556 E1807.85548
G1 X94.1 Y94.1 E1807.88507
G0 F9000 X94.312 Y94.313
G0 X111.131 Y106.783
G0 X111.363 Y107.186
G1 F1500 X111.689 Y107.007 E1807.89744
G1 X112.054 Y106.986 E1807.9096
G1 X129.412 Y117.01 E1808.57628
G1 X129.613 Y117.255 E1808.58682
G1 X129.656 Y117.396 E1808.59173
G1 X129.613 Y117.745 E1808.60342
G1 X129.412 Y117.99 E1808.61396
G1 X112.126 Y127.968 E1809.2778
G1 X111.813 Y128.017 E1809.28834
G1 X111.63 Y127.966 E1809.29466
G1 X111.306 Y127.777 E1809.30714
G1 X111.168 Y127.57 E1809.31541
G1 X111.118 Y127.376 E1809.32207
G1 X111.116 Y107.594 E1809.98003
G1 X111.168 Y107.426 E1809.98587
G1 X111.363 Y107.186 E1809.99616
G0 F9000 X111.583 Y107.521
;TYPE:WALL-OUTER
G1 F1500 X111.836 Y107.38 E1810.00579
G1 X111.943 Y107.38 E1810.00935
G1 X129.165 Y117.326 E1810.67082
G1 X129.262 Y117.465 E1810.67646
G1 X129.255 Y117.56 E1810.67963
G1 X129.18 Y117.664 E1810.68389
G1 X111.943 Y127.611 E1811.34581
G1 X111.836 Y127.616 E1811.34937
G1 X111.583 Y127.475 E1811.359
G1 X111.516 Y127.342 E1811.36395
G1 X111.518 Y107.637 E1812.01935
G1 X111.583 Y107.521 E1812.02377
G1 F2700 E1807.02377
G0 F9000 X110.817 Y107.521
G0 X94.312 Y94.313
G0 X93.815 Y93.815
G1 F2700 E1812.02377
G1 F1500 X93.207 Y94.602 E1812.05685
G1 X92.831 Y95.509 E1812.0895
G1 X92.7 Y96.517 E1812.12331
G1 X92.7 Y138.483 E1813.51911
G1 X92.831 Y139.487 E1813.55278
G1 X93.207 Y140.394 E1813.58544
G1 X93.815 Y141.181 E1813.61852
G1 X94.602 Y141.789 E1813.65159
G1 X95.509 Y142.165 E1813.68425
G1 X96.518 Y142.3 E1813.71811
G1 X138.482 Y142.3 E1815.11384
G1 X139.487 Y142.165 E1815.14756
G1 X140.39 Y141.793 E1815.18004
G1 X141.181 Y141.181 E1815.21331
G1 X141.793 Y140.39 E1815.24657
G1 X142.165 Y139.487 E1815.27906
G1 X142.3 Y138.482 E1815.31278
G1 X142.3 Y96.518 E1816.70851
G1 X142.165 Y95.509 E1816.74237
G1 X141.793 Y94.606 E1816.77485
G1 X141.181 Y93.815 E1816.80812
G1 X140.39 Y93.207 E1816.8413
G1 X139.487 Y92.831 E1816.87383
G1 X138.483 Y92.7 E1816.90751
G1 X96.517 Y92.7 E1818.3033
G1 X95.509 Y92.831 E1818.33711
G1 X94.602 Y93.207 E1818.36977
G1 X93.815 Y93.815 E1818.40284
G0 F9000 X94.312 Y94.313
G0 X93.487 Y95.889
G0 X93.27 Y95.861
;TYPE:FILL
G1 F3000 X103.278 Y93.18 E1818.74745
G0 F9000 X102.453 Y93.18
G1 F3000 X93.18 Y127.789 E1819.93915
G0 F9000 X93.18 Y126.944
G1 F3000 X111.038 Y122.159 E1820.55406
G0 F9000 X110.817 Y122.159
G0 X110.817 Y124.009
G0 X111.038 Y124.009
G1 F3000 X93.18 Y106.151 E1821.39405
G0 F9000 X93.4 Y106.151
G0 X93.4 Y104.606
G0 X93.18 Y104.606
G1 F3000 X96.23 Y93.222 E1821.78604
G0 F9000 X97.179 Y93.18
G1 F3000 X111.226 Y107.226 E1822.44674
G0 F9000 X110.817 Y107.226
G0 X110.817 Y109.736
G0 X111.037 Y109.736
G1 F3000 X93.181 Y114.52 E1823.06158
G1 X93.18 Y114.636
G1 X120.364 Y141.82 E1824.34023
G1 X120.478 Y141.821
G1 X126.369 Y119.838 E1825.09719
G0 F9000 X126.48 Y120.032
G0 X124.876 Y120.958
G0 X124.765 Y120.765
G1 F3000 X141.82 Y137.821 E1825.89942
G0 F9000 X141.777 Y138.769
G1 F3000 X130.39 Y141.82 E1826.29152
G0 F9000 X130.39 Y141.6
G0 X128.849 Y141.6
G0 X128.849 Y141.82
G1 F3000 X114.004 Y126.975 E1826.98978
G0 F9000 X114.117 Y127.171
G0 X111.938 Y128.429
G0 X111.737 Y128.08
G1 F3000 X108.055 Y141.821 E1827.46293
G0 F9000 X107.207 Y141.82
G1 F3000 X141.82 Y132.546 E1828.65477
G0 F9000 X141.82 Y131.72
G1 F3000 X139.138 Y141.728 E1828.99938
G0 F9000 X139.111 Y141.512
G0 X137.334 Y141.6
G0 X137.334 Y141.82
G1 F3000 X119.384 Y123.87 E1829.8437
G0 F9000 X119.02 Y124.08
G1 F3000 X114.267 Y141.821 E1830.45457
G0 F9000 X114.267 Y141.6
G0 X111.878 Y141.6
G0 X111.878 Y141.82
G1 F3000 X93.18 Y123.121 E1831.33409
G0 F9000 X93.4 Y123.121
G0 X93.4 Y120.732
G0 X93.181 Y120.732
G1 F3000 X111.038 Y115.947 E1831.94897
G0 F9000 X111.038 Y115.524
G1 F3000 X93.18 Y97.666 E1832.78896
G0 F9000 X93.4 Y97.666
G0 X93.4 Y102.097
G0 X93.181 Y102.097
G1 F3000 X126.461 Y93.18 E1833.9349
G0 F9000 X127.3 Y93.18
G1 F3000 X122.074 Y112.682 E1834.60643
G0 F9000 X122.439 Y112.892
G1 F3000 X141.82 Y107.699 E1835.27378
G0 F9000 X141.82 Y108.537
G1 F3000 X132.902 Y141.821 E1836.41986
G0 F9000 X132.902 Y141.6
G0 X126.69 Y141.6
G0 X126.69 Y141.82
G1 F3000 X139.658 Y93.423 E1838.08633
G0 F9000 X139.984 Y93.558
G1 F3000 X141.443 Y95.017 E1838.15496
G0 F9000 X141.576 Y95.341
G1 F3000 X93.18 Y108.309 E1839.8214
G0 F9000 X93.4 Y108.309
G0 X105.664 Y93.4
G0 X105.664 Y93.18
G1 F3000 X129.391 Y116.907 E1840.93745
G0 F9000 X129.653 Y117.168
G1 F3000 X141.82 Y129.335 E1841.50975
G0 F9000 X141.6 Y129.335
G0 X141.6 Y126.334
G0 X141.82 Y126.334
G1 F3000 X93.296 Y139.336 E1843.18059
G0 F9000 X93.511 Y139.301
G0 X95.692 Y141.487
G0 X95.664 Y141.701
G1 F3000 X108.665 Y93.18 E1844.85134
G0 F9000 X108.665 Y93.4
G0 X114.15 Y93.4
G0 X114.15 Y93.18
G1 F3000 X141.82 Y120.85 E1846.15285
G0 F9000 X141.819 Y120.123
G1 F3000 X93.181 Y133.155 E1847.82762
G0 F9000 X93.4 Y133.155
G0 X93.4 Y131.607
G0 X93.18 Y131.607
G1 F3000 X103.393 Y141.82 E1848.30801
G0 F9000 X103.393 Y141.6
G0 X101.843 Y141.6
G0 X101.843 Y141.82
G1 F3000 X114.877 Y93.179 E1849.98289
G0 F9000 X114.877 Y93.4
G0 X121.088 Y93.4
G0 X121.088 Y93.18
G1 F3000 X116.695 Y109.575 E1850.54742
G0 F9000 X116.807 Y109.383
G0 X115.203 Y108.457
G0 X115.091 Y108.649
G1 F3000 X141.82 Y101.487 E1851.46779
G0 F9000 X141.6 Y101.487
G0 X141.6 Y103.88
G0 X141.82 Y103.88
G1 F3000 X131.12 Y93.18 E1851.97109
G0 F9000 X131.12 Y93.4
G0 X133.512 Y93.4
G0 X133.512 Y93.179
G1 F3000 X127.454 Y115.788 E1852.74959
G0 F9000 X127.566 Y115.596
G0 X129.814 Y116.894
G0 X129.653 Y117.171
G1 F3000 X141.82 Y113.911 E1853.16854
G0 F9000 X141.6 Y113.911
G0 X141.6 Y112.365
G0 X141.82 Y112.365
G1 F3000 X122.635 Y93.18 E1854.07095
G0 F9000 X122.635 Y93.7
;MESH:NONMESH
G0 F300 X122.635 Y93.7 Z4.2
G0 F9000 X94.312 Y94.313
G0 X94.1 Y94.1
;TIME_ELAPSED:2361.947376
;LAYER:20
;TYPE:WALL-INNER
;MESH:triangolo_spesso.stl
G1 F1500 X93.556 Y94.804 E1854.10054
G1 X93.221 Y95.613 E1854.12966
G1 X93.1 Y96.543 E1854.16085
G1 X93.1 Y138.457 E1855.55492
G1 X93.221 Y139.383 E1855.58598
G1 X93.556 Y140.192 E1855.6151
G1 X94.1 Y140.896 E1855.6447
G1 X94.804 Y141.44 E1855.67429
G1 X95.614 Y141.775 E1855.70344
G1 X96.544 Y141.9 E1855.73465
G1 X138.456 Y141.9 E1857.12865
G1 X139.383 Y141.775 E1857.15976
G1 X140.188 Y141.443 E1857.18872
G1 X140.896 Y140.896 E1857.21848
G1 X141.443 Y140.188 E1857.24824
G1 X141.775 Y139.383 E1857.2772
G1 X141.9 Y138.456 E1857.30831
G1 X141.9 Y96.544 E1858.70231
G1 X141.775 Y95.613 E1858.73355
G1 X141.443 Y94.808 E1858.76251
G1 X140.896 Y94.101 E1858.79225
G1 X140.188 Y93.556 E1858.82196
G1 X139.383 Y93.221 E1858.85096
G1 X138.457 Y93.1 E1858.88202
G1 X96.543 Y93.1 E1860.27609
G1 X95.613 Y93.221 E1860.30728
G1 X94.804 Y93.556 E1860.33641
G1 X94.1 Y94.1 E1860.366
G0 F9000 X94.312 Y94.313
G0 X111.131 Y106.783
G0 X111.363 Y107.186
G1 F1500 X111.689 Y107.007 E1860.37837
G1 X112.054 Y106.986 E1860.39053
G1 X129.412 Y117.01 E1861.05721
G1 X129.613 Y117.255 E1861.06775
G1 X129.656 Y117.396 E1861.07265
G1 X129.613 Y117.745 E1861.08435
G1 X129.412 Y117.99 E1861.09489
G1 X112.126 Y127.968 E1861.75873
G1 X111.813 Y128.017 E1861.76927
G1 X111.63 Y127.966 E1861.77559
G1 X111.306 Y127.777 E1861.78806
G1 X111.168 Y127.57 E1861.79634
G1 X111.118 Y127.376 E1861.803
G1 X111.116 Y107.594 E1862.46095
G1 X111.168 Y107.426 E1862.4668
G1 X111.363 Y107.186 E1862.47709
G0 F9000 X111.583 Y107.521
;TYPE:WALL-OUTER
G1 F1500 X111.836 Y107.38 E1862.48672
G1 X111.943 Y107.38 E1862.49028
G1 X129.165 Y117.326 E1863.15174
G1 X129.262 Y117.465 E1863.15738
G1 X129.255 Y117.56 E1863.16055
G1 X129.18 Y117.664 E1863.16482
G1 X111.943 Y127.611 E1863.82673
G1 X111.836 Y127.616 E1863.83029
G1 X111.583 Y127.475 E1863.83993
G1 X111.516 Y127.342 E1863.84488
G1 X111.518 Y107.637 E1864.50027
G1 X111.583 Y107.521 E1864.50469
G1 F2700 E1859.50469
G0 F9000 X110.817 Y107.521
G0 X94.312 Y94.313
G0 X93.815 Y93.815
G1 F2700 E1864.50469
G1 F1500 X93.207 Y94.602 E1864.53777
G1 X92.831 Y95.509 E1864.57043
G1 X92.7 Y96.517 E1864.60424
G1 X92.7 Y138.483 E1866.00003
G1 X92.831 Y139.487 E1866.03371
G1 X93.207 Y140.394 E1866.06636
G1 X93.815 Y141.181 E1866.09944
G1 X94.602 Y141.789 E1866.13252
G1 X95.509 Y142.165 E1866.16517
G1 X96.518 Y142.3 E1866.19903
G1 X138.482 Y142.3 E1867.59476
G1 X139.487 Y142.165 E1867.62849
G1 X140.39 Y141.793 E1867.66097
G1 X141.181 Y141.181 E1867.69423
G1 X141.793 Y140.39 E1867.7275
G1 X142.165 Y139.487 E1867.75998
G1 X142.3 Y138.482 E1867.79371
G1 X142.3 Y96.518 E1869.18944
G1 X142.165 Y95.509 E1869.22329
G1 X141.793 Y94.606 E1869.25578
G1 X141.181 Y93.815 E1869.28904
G1 X140.39 Y93.207 E1869.32222
G1 X139.487 Y92.831 E1869.35476
G1 X138.483 Y92.7 E1869.38843
G1 X96.517 Y92.7 E1870.78423
G1 X95.509 Y92.831 E1870.81804
G1 X94.602 Y93.207 E1870.85069
G1 X93.815 Y93.815 E1870.88377
G0 F9000 X94.312 Y94.313
G0 X93.467 Y96.041
G0 X93.25 Y96.013
;TYPE:FILL
G1 F3000 X103.822 Y93.18 E1871.2478
G0 F9000 X103.822 Y93.4
G0 X102.307 Y93.4
G0 X102.307 Y93.18
G1 F3000 X93.18 Y127.243 E1872.42071
G1 X93.18 Y127.09
G1 X111.037 Y122.305 E1873.03559
G0 F9000 X110.817 Y122.305
G0 X110.817 Y123.809
G0 X111.038 Y123.809
G1 F3000 X93.18 Y105.951 E1873.87557
G0 F9000 X93.4 Y105.951
G0 X93.4 Y104.062
G0 X93.18 Y104.062
G1 F3000 X96.079 Y93.241 E1874.24817
G0 F9000 X96.106 Y93.459
G0 X97.379 Y93.4
G0 X97.379 Y93.18
G1 F3000 X111.316 Y107.117 E1874.90373
G0 F9000 X111.125 Y106.786
G0 X110.907 Y106.98
G0 X110.817 Y109.881
G0 X111.038 Y109.881
G1 F3000 X93.181 Y114.666 E1875.51861
G0 F9000 X93.18 Y114.437
G1 F3000 X120.563 Y141.82 E1876.80662
G0 F9000 X120.332 Y141.821
G1 F3000 X126.196 Y119.938 E1877.56013
G0 F9000 X126.307 Y120.132
G0 X125.002 Y120.885
G0 X124.891 Y120.692
G1 F3000 X141.82 Y137.621 E1878.35642
G0 F9000 X141.6 Y137.621
G0 X141.542 Y138.892
G0 X141.756 Y138.92
G1 F3000 X130.935 Y141.82 E1878.72903
G0 F9000 X130.935 Y141.6
G0 X132.756 Y141.6
G0 X132.756 Y141.82
G1 F3000 X141.82 Y107.991 E1879.89387
G1 X141.82 Y107.845
G1 X122.611 Y112.992 E1880.5553
G0 F9000 X121.948 Y112.609
G1 F3000 X127.154 Y93.18 E1881.22431
G1 X127.005 Y93.18
G1 X93.18 Y102.243 E1882.38902
G0 F9000 X93.4 Y102.243
G0 X93.4 Y97.466
G0 X93.18 Y97.466
G1 F3000 X111.038 Y115.324 E1883.229
G0 F9000 X111.038 Y116.093
G1 F3000 X93.181 Y120.878 E1883.84388
G0 F9000 X93.4 Y120.878
G0 X93.4 Y122.922
G0 X93.18 Y122.922
G1 F3000 X112.078 Y141.82 E1884.73278
G0 F9000 X112.078 Y141.6
G0 X114.121 Y141.6
G0 X114.121 Y141.821
G1 F3000 X118.848 Y124.179 E1885.34026
G0 F9000 X119.511 Y123.797
G1 F3000 X137.534 Y141.82 E1886.188
G0 F9000 X137.534 Y141.6
G0 X138.96 Y141.532
G0 X138.987 Y141.748
G1 F3000 X141.82 Y131.175 E1886.55207
G0 F9000 X141.6 Y131.175
G0 X141.6 Y132.692
G0 X141.82 Y132.692
G1 F3000 X107.751 Y141.82 E1887.72517
G1 X107.909 Y141.82
G1 X111.599 Y128.048 E1888.19939
G0 F9000 X111.408 Y128.377
G0 X111.686 Y128.471
G0 X114.243 Y127.097
G0 X114.131 Y126.902
G1 F3000 X129.048 Y141.82 E1888.90106
G0 F9000 X129.048 Y141.6
G0 X126.544 Y141.6
G0 X126.544 Y141.82
G1 F3000 X139.527 Y93.368 E1890.56943
G0 F9000 X139.442 Y93.571
G0 X140.461 Y94.139
G0 X140.593 Y93.968
G1 F3000 X141.035 Y94.41 E1890.59022
G0 F9000 X140.862 Y94.541
G0 X141.428 Y95.555
G0 X141.631 Y95.472
G1 F3000 X93.181 Y108.454 E1892.25852
G0 F9000 X93.4 Y108.454
G0 X105.864 Y93.4
G0 X105.864 Y93.18
G1 F3000 X141.82 Y129.136 E1893.94978
G0 F9000 X141.6 Y129.136
G0 X141.6 Y126.48
G0 X141.82 Y126.48
G1 F3000 X93.343 Y139.469 E1895.61901
G0 F9000 X93.548 Y139.385
G0 X95.615 Y141.453
G0 X95.531 Y141.653
G1 F3000 X108.519 Y93.18 E1897.2881
G0 F9000 X108.519 Y93.4
G0 X114.349 Y93.4
G0 X114.349 Y93.18
G1 F3000 X141.82 Y120.651 E1898.58025
G0 F9000 X141.819 Y120.269
G1 F3000 X93.181 Y133.301 E1900.25502
G0 F9000 X93.4 Y133.301
G0 X93.4 Y131.407
G0 X93.18 Y131.407
G1 F3000 X103.593 Y141.82 E1900.74481
G0 F9000 X103.593 Y141.6
G0 X101.697 Y141.6
G0 X101.697 Y141.821
G1 F3000 X114.731 Y93.18 E1902.4197
G0 F9000 X114.731 Y93.4
G0 X120.942 Y93.4
G0 X120.942 Y93.18
G1 F3000 X116.569 Y109.501 E1902.98168
G0 F9000 X116.68 Y109.31
G0 X115.376 Y108.557
G0 X115.264 Y108.749
G1 F3000 X141.82 Y101.633 E1903.8961
G0 F9000 X141.6 Y101.633
G0 X141.6 Y103.68
G0 X141.82 Y103.68
G1 F3000 X131.32 Y93.18 E1904.38999
G0 F9000 X131.32 Y93.4
G0 X133.366 Y93.4
G0 X133.366 Y93.18
G1 F3000 X127.327 Y115.715 E1905.16595
G0 F9000 X127.439 Y115.522
G0 X129.909 Y116.948
G0 X129.702 Y117.304
G1 F3000 X141.819 Y114.057 E1905.58318
G0 F9000 X141.6 Y114.057
G0 X141.6 Y112.166
G0 X141.82 Y112.166
G1 F3000 X122.834 Y93.18 E1906.47623
G0 F9000 X122.834 Y93.7
;MESH:NONMESH
G0 F300 X122.834 Y93.7 Z4.4
G0 F9000 X94.312 Y94.313
G0 X94.1 Y94.1
;TIME_ELAPSED:2413.965265
;LAYER:21
;TYPE:WALL-INNER
;MESH:triangolo_spesso.stl
G1 F1500 X93.556 Y94.804 E1906.50582
G1 X93.221 Y95.613 E1906.53494
G1 X93.1 Y96.543 E1906.56613
G1 X93.1 Y138.457 E1907.9602
G1 X93.221 Y139.383 E1907.99126
G1 X93.556 Y140.192 E1908.02038
G1 X94.1 Y140.896 E1908.04997
G1 X94.804 Y141.44 E1908.07956
G1 X95.614 Y141.775 E1908.10872
G1 X96.544 Y141.9 E1908.13993
G1 X138.456 Y141.9 E1909.53393
G1 X139.383 Y141.775 E1909.56504
G1 X140.188 Y141.443 E1909.594
G1 X140.896 Y140.896 E1909.62376
G1 X141.443 Y140.188 E1909.65352
G1 X141.775 Y139.383 E1909.68248
G1 X141.9 Y138.456 E1909.71359
G1 X141.9 Y96.544 E1911.10759
G1 X141.775 Y95.613 E1911.13883
G1 X141.443 Y94.808 E1911.16779
G1 X140.896 Y94.101 E1911.19752
G1 X140.188 Y93.556 E1911.22724
G1 X139.383 Y93.221 E1911.25624
G1 X138.457 Y93.1 E1911.2873
G1 X96.543 Y93.1 E1912.68137
G1 X95.613 Y93.221 E1912.71256
G1 X94.804 Y93.556 E1912.74168
G1 X94.1 Y94.1 E1912.77127
G0 F9000 X94.312 Y94.313
G0 X111.131 Y106.783
G0 X111.363 Y107.186
G1 F1500 X111.689 Y107.007 E1912.78364
G1 X112.054 Y106.986 E1912.7958
G1 X129.412 Y117.01 E1913.46249
G1 X129.613 Y117.255 E1913.47303
G1 X129.656 Y117.396 E1913.47793
G1 X129.613 Y117.745 E1913.48962
G1 X129.412 Y117.99 E1913.50017
G1 X112.126 Y127.968 E1914.16401
G1 X111.813 Y128.017 E1914.17455
G1 X111.63 Y127.966 E1914.18086
G1 X111.306 Y127.777 E1914.19334
G1 X111.168 Y127.57 E1914.20161
G1 X111.118 Y127.376 E1914.20828
G1 X111.116 Y107.594 E1914.86623
G1 X111.168 Y107.426 E1914.87208
G1 X111.363 Y107.186 E1914.88236
G0 F9000 X111.583 Y107.521
;TYPE:WALL-OUTER
G1 F1500 X111.836 Y107.38 E1914.892
G1 X111.943 Y107.38 E1914.89556
G1 X129.165 Y117.326 E1915.55702
G1 X129.262 Y117.465 E1915.56266
G1 X129.255 Y117.56 E1915.56583
G1 X129.18 Y117.664 E1915.57009
G1 X111.943 Y127.611 E1916.23201
G1 X111.836 Y127.616 E1916.23557
G1 X111.583 Y127.475 E1916.24521
G1 X111.516 Y127.342 E1916.25016
G1 X111.518 Y107.637 E1916.90555
G1 X111.583 Y107.521 E1916.90997
G1 F2700 E1911.90997
G0 F9000 X110.817 Y107.521
G0 X94.312 Y94.313
G0 X93.815 Y93.815
G1 F2700 E1916.90997
G1 F1500 X93.207 Y94.602 E1916.94305
G1 X92.831 Y95.509 E1916.97571
G1 X92.7 Y96.517 E1917.00951
G1 X92.7 Y138.483 E1918.40531
G1 X92.831 Y139.487 E1918.43899
G1 X93.207 Y140.394 E1918.47164
G1 X93.815 Y141.181 E1918.50472
G1 X94.602 Y141.789 E1918.5378
G1 X95.509 Y142.165 E1918.57045
G1 X96.518 Y142.3 E1918.60431
G1 X138.482 Y142.3 E1920.00004
G1 X139.487 Y142.165 E1920.03377
G1 X140.39 Y141.793 E1920.06625
G1 X141.181 Y141.181 E1920.09951
G1 X141.793 Y140.39 E1920.13278
G1 X142.165 Y139.487 E1920.16526
G1 X142.3 Y138.482 E1920.19899
G1 X142.3 Y96.518 E1921.59471
G1 X142.165 Y95.509 E1921.62857
G1 X141.793 Y94.606 E1921.66106
G1 X141.181 Y93.815 E1921.69432
G1 X140.39 Y93.207 E1921.7275
G1 X139.487 Y92.831 E1921.76004
G1 X138.483 Y92.7 E1921.79371
G1 X96.517 Y92.7 E1923.18951
G1 X95.509 Y92.831 E1923.22331
G1 X94.602 Y93.207 E1923.25597
G1 X93.815 Y93.815 E1923.28905
G0 F9000 X94.312 Y94.313
G0 X95.954 Y93.479
G0 X95.927 Y93.261
;TYPE:FILL
G1 F3000 X93.18 Y103.513 E1923.64206
G0 F9000 X93.4 Y103.513
G0 X93.4 Y102.39
G0 X93.181 Y102.39
G1 F3000 X127.554 Y93.18 E1924.82564
G0 F9000 X127.007 Y93.18
G1 F3000 X121.821 Y112.535 E1925.4921
G0 F9000 X121.933 Y112.343
G0 X122.897 Y112.9
G0 X122.785 Y113.092
G1 F3000 X141.82 Y107.992 E1926.14753
G0 F9000 X141.82 Y107.443
G1 F3000 X132.609 Y141.82 E1927.33125
G0 F9000 X132.609 Y141.6
G0 X131.484 Y141.6
G0 X131.484 Y141.82
G1 F3000 X141.736 Y139.073 E1927.68426
G0 F9000 X141.522 Y139.045
G0 X141.6 Y137.421
G0 X141.82 Y137.421
G1 F3000 X125.018 Y120.618 E1928.4746
G0 F9000 X125.129 Y120.812
G0 X126.134 Y120.232
G0 X126.022 Y120.038
G1 F3000 X120.185 Y141.821 E1929.22466
G0 F9000 X120.764 Y141.82
G1 F3000 X93.18 Y114.236 E1930.52213
G0 F9000 X93.181 Y114.813
G1 F3000 X111.037 Y110.029 E1931.13697
G0 F9000 X110.817 Y110.029
G0 X110.883 Y107.002
G0 X111.252 Y106.712
G0 X111.444 Y107.045
G1 F3000 X97.579 Y93.18 E1931.78914
G0 F9000 X97.579 Y93.4
G0 X102.16 Y93.4
G0 X102.16 Y93.18
G1 F3000 X93.18 Y126.695 E1932.94317
G0 F9000 X93.18 Y127.237
G1 F3000 X111.037 Y122.452 E1933.55805
G0 F9000 X110.817 Y122.452
G0 X110.817 Y123.609
G0 X111.038 Y123.609
G1 F3000 X93.18 Y105.751 E1934.39803
G0 F9000 X93.4 Y105.751
G0 X93.4 Y108.601
G0 X93.181 Y108.601
G1 F3000 X141.685 Y95.605 E1936.06819
G0 F9000 X141.483 Y95.688
G0 X139.31 Y93.516
G0 X139.395 Y93.313
G1 F3000 X126.397 Y141.82 E1937.73845
G0 F9000 X126.397 Y141.6
G0 X129.249 Y141.6
G0 X129.249 Y141.82
G1 F3000 X114.258 Y126.829 E1938.44359
G0 F9000 X114.37 Y127.024
G0 X111.717 Y128.481
G0 X111.28 Y128.303
G0 X111.473 Y127.971
G1 F3000 X107.762 Y141.82 E1938.92046
G0 F9000 X108.3 Y141.82
G1 F3000 X141.82 Y132.839 E1940.07466
G0 F9000 X141.6 Y132.839
G0 X141.6 Y130.627
G0 X141.82 Y130.627
G1 F3000 X138.834 Y141.77 E1940.45835
G0 F9000 X138.807 Y141.552
G0 X137.735 Y141.6
G0 X137.735 Y141.82
G1 F3000 X119.638 Y123.724 E1941.30956
G0 F9000 X119.75 Y123.918
G0 X118.786 Y124.475
G0 X118.674 Y124.28
G1 F3000 X113.974 Y141.821 E1941.91355
G0 F9000 X113.974 Y141.6
G0 X112.279 Y141.6
G0 X112.279 Y141.82
G1 F3000 X93.18 Y122.721 E1942.81191
G0 F9000 X93.4 Y122.721
G0 X93.4 Y121.025
G0 X93.181 Y121.025
G1 F3000 X111.038 Y116.24 E1943.42679
G0 F9000 X110.817 Y116.24
G0 X110.817 Y115.123
G0 X111.038 Y115.123
G1 F3000 X93.18 Y97.265 E1944.26678
G0 F9000 X93.4 Y97.265
G0 X93.447 Y96.193
G0 X93.231 Y96.165
G1 F3000 X104.371 Y93.18 E1944.65036
G0 F9000 X104.371 Y93.4
G0 X106.065 Y93.4
G0 X106.065 Y93.18
G1 F3000 X141.82 Y128.935 E1946.33217
G0 F9000 X141.6 Y128.935
G0 X141.6 Y126.627
G0 X141.82 Y126.627
G1 F3000 X93.397 Y139.602 E1947.99954
G0 F9000 X93.616 Y140.128
G1 F3000 X94.867 Y141.379 E1948.05838
G0 F9000 X95.398 Y141.598
G1 F3000 X108.372 Y93.18 E1949.72558
G0 F9000 X108.372 Y93.4
G0 X114.55 Y93.4
G0 X114.55 Y93.18
G1 F3000 X141.82 Y120.45 E1951.00828
G1 X141.819 Y120.416
G1 X93.181 Y133.448 E1952.68305
G0 F9000 X93.4 Y133.448
G0 X93.4 Y131.206
G0 X93.18 Y131.206
G1 F3000 X103.793 Y141.82 E1953.18228
G0 F9000 X103.793 Y141.6
G0 X101.55 Y141.6
G0 X101.55 Y141.821
G1 F3000 X114.584 Y93.179 E1954.85719
G0 F9000 X114.584 Y93.4
G0 X120.795 Y93.4
G0 X120.795 Y93.18
G1 F3000 X116.442 Y109.428 E1955.41666
G0 F9000 X116.553 Y109.237
G0 X115.55 Y108.657
G0 X115.438 Y108.849
G1 F3000 X141.82 Y101.78 E1956.32508
G0 F9000 X141.6 Y101.78
G0 X141.6 Y103.479
G0 X141.82 Y103.479
G1 F3000 X131.52 Y93.18 E1956.80954
G0 F9000 X131.52 Y93.4
G0 X133.219 Y93.4
G0 X133.219 Y93.18
G1 F3000 X127.2 Y115.641 E1957.58295
G0 F9000 X127.312 Y115.449
G0 X129.992 Y116.996
G0 X129.733 Y117.442
G1 F3000 X141.82 Y114.204 E1957.99914
G0 F9000 X141.6 Y114.204
G0 X141.6 Y111.965
G0 X141.82 Y111.965
G1 F3000 X123.035 Y93.18 E1958.88273
G0 F9000 X123.035 Y93.7
;MESH:NONMESH
G0 F300 X123.035 Y93.7 Z4.6
G0 F9000 X94.312 Y94.313
G0 X94.1 Y94.1
;TIME_ELAPSED:2465.973480
;LAYER:22
;TYPE:WALL-INNER
;MESH:triangolo_spesso.stl
G1 F1500 X93.556 Y94.804 E1958.91232
G1 X93.221 Y95.613 E1958.94145
G1 X93.1 Y96.543 E1958.97264
G1 X93.1 Y138.457 E1960.36671
G1 X93.221 Y139.383 E1960.39777
G1 X93.556 Y140.192 E1960.42689
G1 X94.1 Y140.896 E1960.45648
G1 X94.804 Y141.44 E1960.48607
G1 X95.614 Y141.775 E1960.51523
G1 X96.544 Y141.9 E1960.54644
G1 X138.456 Y141.9 E1961.94043
G1 X139.383 Y141.775 E1961.97155
G1 X140.188 Y141.443 E1962.00051
G1 X140.896 Y140.896 E1962.03027
G1 X141.443 Y140.188 E1962.06002
G1 X141.775 Y139.383 E1962.08899
G1 X141.9 Y138.456 E1962.1201
G1 X141.9 Y96.544 E1963.5141
G1 X141.775 Y95.613 E1963.54534
G1 X141.443 Y94.808 E1963.5743
G1 X140.896 Y94.101 E1963.60403
G1 X140.188 Y93.556 E1963.63375
G1 X139.383 Y93.221 E1963.66275
G1 X138.457 Y93.1 E1963.69381
G1 X96.543 Y93.1 E1965.08788
G1 X95.613 Y93.221 E1965.11907
G1 X94.804 Y93.556 E1965.14819
G1 X94.1 Y94.1 E1965.17778
G0 F9000 X94.312 Y94.313
G0 X111.131 Y106.783
G0 X111.363 Y107.186
G1 F1500 X111.689 Y107.007 E1965.19015
G1 X112.054 Y106.986 E1965.20231
G1 X129.412 Y117.01 E1965.86899
G1 X129.613 Y117.255 E1965.87953
G1 X129.656 Y117.396 E1965.88444
G1 X129.613 Y117.745 E1965.89613
G1 X129.412 Y117.99 E1965.90667
G1 X112.126 Y127.968 E1966.57052
G1 X111.813 Y128.017 E1966.58105
G1 X111.63 Y127.966 E1966.58737
G1 X111.306 Y127.777 E1966.59985
G1 X111.168 Y127.57 E1966.60812
G1 X111.118 Y127.376 E1966.61478
G1 X111.116 Y107.594 E1967.27274
G1 X111.168 Y107.426 E1967.27859
G1 X111.363 Y107.186 E1967.28887
G0 F9000 X111.583 Y107.521
;TYPE:WALL-OUTER
G1 F1500 X111.836 Y107.38 E1967.2985
G1 X111.943 Y107.38 E1967.30206
G1 X129.165 Y117.326 E1967.96353
G1 X129.262 Y117.465 E1967.96917
G1 X129.255 Y117.56 E1967.97234
G1 X129.18 Y117.664 E1967.9766
G1 X111.943 Y127.611 E1968.63852
G1 X111.836 Y127.616 E1968.64208
G1 X111.583 Y127.475 E1968.65171
G1 X111.516 Y127.342 E1968.65667
G1 X111.518 Y107.637 E1969.31206
G1 X111.583 Y107.521 E1969.31648
G1 F2700 E1964.31648
G0 F9000 X110.817 Y107.521
G0 X94.312 Y94.313
G0 X93.815 Y93.815
G1 F2700 E1969.31648
G1 F1500 X93.207 Y94.602 E1969.34956
G1 X92.831 Y95.509 E1969.38221
G1 X92.7 Y96.517 E1969.41602
G1 X92.7 Y138.483 E1970.81182
G1 X92.831 Y139.487 E1970.84549
G1 X93.207 Y140.394 E1970.87815
G1 X93.815 Y141.181 E1970.91123
G1 X94.602 Y141.789 E1970.9443
G1 X95.509 Y142.165 E1970.97696
G1 X96.518 Y142.3 E1971.01082
G1 X138.482 Y142.3 E1972.40655
G1 X139.487 Y142.165 E1972.44027
G1 X140.39 Y141.793 E1972.47276
G1 X141.181 Y141.181 E1972.50602
G1 X141.793 Y140.39 E1972.53928
G1 X142.165 Y139.487 E1972.57177
G1 X142.3 Y138.482 E1972.60549
G1 X142.3 Y96.518 E1974.00122
G1 X142.165 Y95.509 E1974.03508
G1 X141.793 Y94.606 E1974.06756
G1 X141.181 Y93.815 E1974.10083
G1 X140.39 Y93.207 E1974.13401
G1 X139.487 Y92.831 E1974.16654
G1 X138.483 Y92.7 E1974.20022
G1 X96.517 Y92.7 E1975.59601
G1 X95.509 Y92.831 E1975.62982
G1 X94.602 Y93.207 E1975.66248
G1 X93.815 Y93.815 E1975.69556
G0 F9000 X94.312 Y94.313
G0 X95.803 Y93.499
G0 X95.776 Y93.28
;TYPE:FILL
G1 F3000 X93.18 Y102.968 E1976.02915
G0 F9000 X93.18 Y102.536
G1 F3000 X128.099 Y93.18 E1977.23152
G0 F9000 X128.099 Y93.4
G0 X126.861 Y93.4
G0 X126.861 Y93.18
G1 F3000 X121.694 Y112.462 E1977.89547
G0 F9000 X121.806 Y112.27
G0 X123.07 Y113
G0 X122.958 Y113.192
G1 F3000 X141.82 Y108.138 E1978.54496
G0 F9000 X141.6 Y108.138
G0 X141.6 Y106.898
G0 X141.82 Y106.898
G1 F3000 X132.463 Y141.82 E1979.74744
G0 F9000 X132.028 Y141.82
G1 F3000 X141.716 Y139.224 E1980.08103
G0 F9000 X141.502 Y139.196
G0 X141.6 Y137.221
G0 X141.82 Y137.221
G1 F3000 X125.144 Y120.545 E1980.86542
G0 F9000 X125.849 Y120.138
G1 F3000 X120.039 Y141.821 E1981.61204
G0 F9000 X120.963 Y141.82
G1 F3000 X93.18 Y114.037 E1982.91886
G0 F9000 X93.181 Y114.959
G1 F3000 X111.038 Y110.174 E1983.53374
G0 F9000 X110.817 Y110.174
G0 X110.883 Y107.002
G0 X111.379 Y106.639
G0 X111.572 Y106.973
G1 F3000 X97.779 Y93.18 E1984.18252
G0 F9000 X97.779 Y93.4
G0 X102.014 Y93.4
G0 X102.014 Y93.18
G1 F3000 X93.18 Y126.15 E1985.31779
G0 F9000 X93.4 Y126.15
G0 X93.4 Y127.382
G0 X93.181 Y127.382
G1 F3000 X111.037 Y122.598 E1985.93263
G0 F9000 X111.038 Y123.409
G1 F3000 X93.18 Y105.551 E1986.77262
G0 F9000 X93.4 Y105.551
G0 X93.4 Y108.747
G0 X93.181 Y108.747
G1 F3000 X141.712 Y95.744 E1988.4437
G0 F9000 X141.497 Y95.771
G0 X139.228 Y93.502
G0 X139.256 Y93.285
G1 F3000 X126.251 Y141.821 E1990.11496
G0 F9000 X126.251 Y141.6
G0 X129.449 Y141.6
G0 X129.449 Y141.82
G1 F3000 X114.384 Y126.756 E1990.82354
G0 F9000 X114.496 Y126.951
G0 X111.717 Y128.481
G0 X111.153 Y128.23
G0 X111.347 Y127.895
G1 F3000 X107.616 Y141.821 E1991.30306
G0 F9000 X107.616 Y141.6
G0 X108.845 Y141.6
G0 X108.845 Y141.82
G1 F3000 X141.819 Y132.985 E1992.43847
G0 F9000 X141.6 Y132.985
G0 X141.6 Y130.082
G0 X141.82 Y130.082
G1 F3000 X138.683 Y141.79 E1992.84161
G0 F9000 X137.934 Y141.82
G1 F3000 X119.765 Y123.651 E1993.69622
G0 F9000 X119.876 Y123.845
G0 X118.613 Y124.574
G0 X118.501 Y124.379
G1 F3000 X113.828 Y141.82 E1994.29678
G0 F9000 X113.828 Y141.6
G0 X112.478 Y141.6
G0 X112.478 Y141.82
G1 F3000 X93.18 Y122.522 E1995.20449
G0 F9000 X93.4 Y122.522
G0 X93.4 Y121.171
G0 X93.18 Y121.171
G1 F3000 X111.037 Y116.386 E1995.81937
G0 F9000 X110.817 Y116.386
G0 X110.817 Y114.924
G0 X111.038 Y114.924
G1 F3000 X93.18 Y97.066 E1996.65936
G0 F9000 X93.212 Y96.316
G1 F3000 X104.917 Y93.18 E1997.0624
G0 F9000 X104.917 Y93.4
G0 X106.264 Y93.4
G0 X106.264 Y93.18
G1 F3000 X141.82 Y128.736 E1998.73484
G0 F9000 X141.6 Y128.736
G0 X141.6 Y126.773
G0 X141.82 Y126.773
G1 F3000 X93.452 Y139.733 E2000.40032
G1 X93.475 Y139.788
G1 X95.206 Y141.519 E2000.48174
G1 X95.267 Y141.544
G1 X108.226 Y93.18 E2002.14708
G0 F9000 X108.226 Y93.4
G0 X114.438 Y93.4
G0 X114.438 Y93.18
G1 F3000 X101.404 Y141.821 E2003.82196
G0 F9000 X101.404 Y141.6
G0 X103.993 Y141.6
G0 X103.993 Y141.82
G1 F3000 X93.18 Y131.007 E2004.33057
G0 F9000 X93.4 Y131.007
G0 X93.4 Y133.594
G0 X93.181 Y133.594
G1 F3000 X141.82 Y120.561 E2006.00538
G0 F9000 X141.82 Y120.251
G1 F3000 X114.749 Y93.18 E2007.27872
G0 F9000 X114.749 Y93.4
G0 X120.649 Y93.4
G0 X120.649 Y93.179
G1 F3000 X116.315 Y109.356 E2007.83574
G0 F9000 X115.61 Y108.949
G1 F3000 X141.82 Y101.926 E2008.73824
G0 F9000 X141.6 Y101.926
G0 X141.6 Y103.28
G0 X141.82 Y103.28
G1 F3000 X131.72 Y93.18 E2009.21331
G0 F9000 X131.72 Y93.4
G0 X133.073 Y93.4
G0 X133.073 Y93.18
G1 F3000 X127.074 Y115.568 E2009.98421
G0 F9000 X127.186 Y115.376
G0 X130.706 Y117.5
G0 X129.978 Y118.013
G0 X129.733 Y117.588
G1 F3000 X141.819 Y114.35 E2010.40037
G0 F9000 X141.6 Y114.35
G0 X141.6 Y111.765
G0 X141.82 Y111.765
G1 F3000 X123.235 Y93.18 E2011.27455
G0 F9000 X123.235 Y93.7
;MESH:NONMESH
G0 F300 X123.235 Y93.7 Z4.8
G0 F9000 X94.312 Y94.313
G0 X94.1 Y94.1
;TIME_ELAPSED:2517.928973
;LAYER:23
;TYPE:WALL-INNER
;MESH:triangolo_spesso.stl
G1 F1500 X93.556 Y94.804 E2011.30414
G1 X93.221 Y95.613 E2011.33327
G1 X93.1 Y96.543 E2011.36446
G1 X93.1 Y138.457 E2012.75852
G1 X93.221 Y139.383 E2012.78958
G1 X93.556 Y140.192 E2012.81871
G1 X94.1 Y140.896 E2012.8483
G1 X94.804 Y141.44 E2012.87789
G1 X95.614 Y141.775 E2012.90704
G1 X96.544 Y141.9 E2012.93825
G1 X138.456 Y141.9 E2014.33225
G1 X139.383 Y141.775 E2014.36336
G1 X140.188 Y141.443 E2014.39233
G1 X140.896 Y140.896 E2014.42208
G1 X141.443 Y140.188 E2014.45184
G1 X141.775 Y139.383 E2014.4808
G1 X141.9 Y138.456 E2014.51191
G1 X141.9 Y96.544 E2015.90591
G1 X141.775 Y95.613 E2015.93716
G1 X141.443 Y94.808 E2015.96612
G1 X140.896 Y94.101 E2015.99585
G1 X140.188 Y93.556 E2016.02557
G1 X139.383 Y93.221 E2016.05457
G1 X138.457 Y93.1 E2016.08563
G1 X96.543 Y93.1 E2017.47969
G1 X95.613 Y93.221 E2017.51089
G1 X94.804 Y93.556 E2017.54001
G1 X94.1 Y94.1 E2017.5696
G0 F9000 X94.312 Y94.313
G0 X111.131 Y106.783
G0 X111.363 Y107.186
G1 F1500 X111.689 Y107.007 E2017.58197
G1 X112.054 Y106.986 E2017.59413
G1 X129.412 Y117.01 E2018.26081
G1 X129.613 Y117.255 E2018.27135
G1 X129.656 Y117.396 E2018.27625
G1 X129.613 Y117.745 E2018.28795
G1 X129.412 Y117.99 E2018.29849
G1 X112.126 Y127.968 E2018.96233
G1 X111.813 Y128.017 E2018.97287
G1 X111.63 Y127.966 E2018.97919
G1 X111.306 Y127.777 E2018.99166
G1 X111.168 Y127.57 E2018.99994
G1 X111.118 Y127.376 E2019.0066
G1 X111.116 Y107.594 E2019.66455
G1 X111.168 Y107.426 E2019.6704
G1 X111.363 Y107.186 E2019.68069
G0 F9000 X111.583 Y107.521
;TYPE:WALL-OUTER
G1 F1500 X111.836 Y107.38 E2019.69032
G1 X111.943 Y107.38 E2019.69388
G1 X129.165 Y117.326 E2020.35535
G1 X129.262 Y117.465 E2020.36099
G1 X129.255 Y117.56 E2020.36415
G1 X129.18 Y117.664 E2020.36842
G1 X111.943 Y127.611 E2021.03033
G1 X111.836 Y127.616 E2021.0339
G1 X111.583 Y127.475 E2021.04353
G1 X111.516 Y127.342 E2021.04848
G1 X111.518 Y107.637 E2021.70387
G1 X111.583 Y107.521 E2021.7083
G1 F2700 E2016.7083
G0 F9000 X110.817 Y107.521
G0 X94.312 Y94.313
G0 X93.815 Y93.815
G1 F2700 E2021.7083
G1 F1500 X93.207 Y94.602 E2021.74137
G1 X92.831 Y95.509 E2021.77403
G1 X92.7 Y96.517 E2021.80784
G1 X92.7 Y138.483 E2023.20363
G1 X92.831 Y139.487 E2023.23731
G1 X93.207 Y140.394 E2023.26997
G1 X93.815 Y141.181 E2023.30304
G1 X94.602 Y141.789 E2023.33612
G1 X95.509 Y142.165 E2023.36878
G1 X96.518 Y142.3 E2023.40264
G1 X138.482 Y142.3 E2024.79836
G1 X139.487 Y142.165 E2024.83209
G1 X140.39 Y141.793 E2024.86457
G1 X141.181 Y141.181 E2024.89784
G1 X141.793 Y140.39 E2024.9311
G1 X142.165 Y139.487 E2024.96358
G1 X142.3 Y138.482 E2024.99731
G1 X142.3 Y96.518 E2026.39304
G1 X142.165 Y95.509 E2026.4269
G1 X141.793 Y94.606 E2026.45938
G1 X141.181 Y93.815 E2026.49264
G1 X140.39 Y93.207 E2026.52583
G1 X139.487 Y92.831 E2026.55836
G1 X138.483 Y92.7 E2026.59204
G1 X96.517 Y92.7 E2027.98783
G1 X95.509 Y92.831 E2028.02164
G1 X94.602 Y93.207 E2028.0543
G1 X93.815 Y93.815 E2028.08737
G0 F9000 X94.312 Y94.313
G0 X95.699 Y93.511
G0 X95.623 Y93.303
;TYPE:FILL
G1 F3000 X93.18 Y102.42 E2028.4013
G0 F9000 X93.18 Y102.683
G1 F3000 X128.647 Y93.18 E2029.62255
G0 F9000 X128.647 Y93.4
G0 X126.714 Y93.4
G0 X126.714 Y93.18
G1 F3000 X121.567 Y112.388 E2030.28395
G0 F9000 X121.679 Y112.196
G0 X123.244 Y113.1
G0 X123.132 Y113.292
G1 F3000 X141.82 Y108.285 E2030.92744
G0 F9000 X141.6 Y108.285
G0 X141.6 Y106.35
G0 X141.82 Y106.35
G1 F3000 X132.316 Y141.82 E2032.14879
G0 F9000 X132.577 Y141.82
G1 F3000 X141.691 Y139.378 E2032.46262
G0 F9000 X141.491 Y139.294
G0 X141.6 Y137.02
G0 X141.82 Y137.02
G1 F3000 X125.272 Y120.472 E2033.24098
G0 F9000 X125.675 Y120.238
G1 F3000 X119.892 Y141.821 E2033.98416
G0 F9000 X119.892 Y141.6
G0 X121.164 Y141.6
G0 X121.164 Y141.82
G1 F3000 X93.18 Y113.836 E2035.30044
G0 F9000 X93.4 Y113.836
G0 X93.4 Y115.106
G0 X93.181 Y115.106
G1 F3000 X111.038 Y110.321 E2035.91532
G0 F9000 X110.817 Y110.321
G0 X110.883 Y107.002
G0 X111.717 Y106.519
G0 X111.724 Y106.924
G1 F3000 X97.98 Y93.18 E2036.5618
G0 F9000 X97.98 Y93.4
G0 X101.867 Y93.4
G0 X101.867 Y93.18
G1 F3000 X93.18 Y125.602 E2037.67819
G0 F9000 X93.4 Y125.602
G0 X93.4 Y127.529
G0 X93.181 Y127.529
G1 F3000 X111.037 Y122.745 E2038.29303
G0 F9000 X111.038 Y123.208
G1 F3000 X93.18 Y105.35 E2039.13302
G0 F9000 X93.4 Y105.35
G0 X93.4 Y108.894
G0 X93.181 Y108.894
G1 F3000 X141.73 Y95.886 E2040.80472
G0 F9000 X141.515 Y95.913
G0 X139.086 Y93.484
G0 X139.114 Y93.266
G1 F3000 X126.104 Y141.821 E2042.47663
G0 F9000 X126.104 Y141.6
G0 X129.649 Y141.6
G0 X129.649 Y141.82
G1 F3000 X114.512 Y126.682 E2043.18865
G0 F9000 X114.624 Y126.877
G0 X111.717 Y128.481
G0 X110.883 Y127.998
G0 X111.227 Y127.796
G1 F3000 X107.469 Y141.82 E2043.67155
G0 F9000 X107.469 Y141.6
G0 X109.393 Y141.6
G0 X109.393 Y141.82
G1 F3000 X141.819 Y133.132 E2044.78808
G0 F9000 X141.6 Y133.132
G0 X141.6 Y129.533
G0 X141.82 Y129.533
G1 F3000 X138.53 Y141.81 E2045.21083
G0 F9000 X138.135 Y141.82
G1 F3000 X119.892 Y123.578 E2046.0689
G0 F9000 X120.003 Y123.772
G0 X118.439 Y124.675
G0 X118.327 Y124.48
G1 F3000 X113.681 Y141.821 E2046.666
G0 F9000 X113.681 Y141.6
G0 X112.679 Y141.6
G0 X112.679 Y141.82
G1 F3000 X93.18 Y122.321 E2047.58318
G0 F9000 X93.4 Y122.321
G0 X93.4 Y121.318
G0 X93.18 Y121.318
G1 F3000 X111.038 Y116.533 E2048.19809
G0 F9000 X110.817 Y116.533
G0 X110.817 Y114.723
G0 X111.038 Y114.723
G1 F3000 X93.18 Y96.865 E2049.03807
G0 F9000 X93.191 Y96.468
G1 F3000 X105.464 Y93.18 E2049.46067
G0 F9000 X105.464 Y93.4
G0 X106.465 Y93.4
G0 X106.465 Y93.18
G1 F3000 X141.82 Y128.535 E2051.12366
G0 F9000 X141.6 Y128.535
G0 X141.6 Y126.92
G0 X141.82 Y126.92
G1 F3000 X93.507 Y139.865 E2052.78724
G0 F9000 X93.334 Y139.446
G1 F3000 X95.548 Y141.66 E2052.89138
G0 F9000 X95.135 Y141.489
G1 F3000 X108.079 Y93.18 E2054.55482
G0 F9000 X108.079 Y93.4
G0 X114.291 Y93.4
G0 X114.291 Y93.18
G1 F3000 X101.257 Y141.821 E2056.2297
G0 F9000 X101.257 Y141.6
G0 X104.194 Y141.6
G0 X104.194 Y141.82
G1 F3000 X93.18 Y130.806 E2056.74777
G0 F9000 X93.4 Y130.806
G0 X93.4 Y133.741
G0 X93.181 Y133.741
G1 F3000 X141.82 Y120.708 E2058.42258
G0 F9000 X141.82 Y120.05
G1 F3000 X114.95 Y93.18 E2059.68646
G0 F9000 X114.95 Y93.4
G0 X120.502 Y93.4
G0 X120.502 Y93.179
G1 F3000 X116.188 Y109.281 E2060.2409
G0 F9000 X115.784 Y109.05
G1 F3000 X141.82 Y102.073 E2061.13742
G0 F9000 X141.6 Y102.073
G0 X141.6 Y103.079
G0 X141.82 Y103.079
G1 F3000 X131.921 Y93.18 E2061.60304
G0 F9000 X131.921 Y93.4
G0 X132.926 Y93.4
G0 X132.926 Y93.18
G1 F3000 X126.946 Y115.495 E2062.37142
G0 F9000 X127.058 Y115.302
G0 X130.706 Y117.5
G0 X129.864 Y118.078
G0 X129.676 Y117.751
G1 F3000 X141.819 Y114.497 E2062.78955
G0 F9000 X141.6 Y114.497
G0 X141.6 Y111.564
G0 X141.82 Y111.564
G1 F3000 X123.435 Y93.18 E2063.6543
G0 F9000 X123.435 Y93.7
;MESH:NONMESH
G0 F300 X123.435 Y93.7 Z5
G0 F9000 X94.312 Y94.313
G0 X94.1 Y94.1
;TIME_ELAPSED:2570.139356
;LAYER:24
;TYPE:WALL-INNER
;MESH:triangolo_spesso.stl
G1 F1500 X93.556 Y94.804 E2063.68389
G1 X93.221 Y95.613 E2063.71302
G1 X93.1 Y96.543 E2063.74421
G1 X93.1 Y138.457 E2065.13827
G1 X93.221 Y139.383 E2065.16933
G1 X93.556 Y140.192 E2065.19846
G1 X94.1 Y140.896 E2065.22805
G1 X94.804 Y141.44 E2065.25764
G1 X95.614 Y141.775 E2065.28679
G1 X96.544 Y141.9 E2065.318
G1 X138.456 Y141.9 E2066.712
G1 X139.383 Y141.775 E2066.74311
G1 X140.188 Y141.443 E2066.77208
G1 X140.896 Y140.896 E2066.80183
G1 X141.443 Y140.188 E2066.83159
G1 X141.775 Y139.383 E2066.86055
G1 X141.9 Y138.456 E2066.89166
G1 X141.9 Y96.544 E2068.28566
G1 X141.775 Y95.613 E2068.31691
G1 X141.443 Y94.808 E2068.34587
G1 X140.896 Y94.101 E2068.3756
G1 X140.188 Y93.556 E2068.40532
G1 X139.383 Y93.221 E2068.43432
G1 X138.457 Y93.1 E2068.46538
G1 X96.543 Y93.1 E2069.85944
G1 X95.613 Y93.221 E2069.89064
G1 X94.804 Y93.556 E2069.91976
G1 X94.1 Y94.1 E2069.94935
G0 F9000 X94.312 Y94.313
G0 X111.131 Y106.783
G0 X111.363 Y107.186
G1 F1500 X111.689 Y107.007 E2069.96172
G1 X112.054 Y106.986 E2069.97388
G1 X129.412 Y117.01 E2070.64056
G1 X129.613 Y117.255 E2070.6511
G1 X129.656 Y117.396 E2070.656
G1 X129.613 Y117.745 E2070.6677
G1 X129.412 Y117.99 E2070.67824
G1 X112.126 Y127.968 E2071.34208
G1 X111.813 Y128.017 E2071.35262
G1 X111.63 Y127.966 E2071.35894
G1 X111.306 Y127.777 E2071.37141
G1 X111.168 Y127.57 E2071.37969
G1 X111.118 Y127.376 E2071.38635
G1 X111.116 Y107.594 E2072.0443
G1 X111.168 Y107.426 E2072.05015
G1 X111.363 Y107.186 E2072.06044
G0 F9000 X111.583 Y107.521
;TYPE:WALL-OUTER
G1 F1500 X111.836 Y107.38 E2072.07007
G1 X111.943 Y107.38 E2072.07363
G1 X129.165 Y117.326 E2072.7351
G1 X129.262 Y117.465 E2072.74074
G1 X129.255 Y117.56 E2072.7439
G1 X129.18 Y117.664 E2072.74817
G1 X111.943 Y127.611 E2073.41008
G1 X111.836 Y127.616 E2073.41365
G1 X111.583 Y127.475 E2073.42328
G1 X111.516 Y127.342 E2073.42823
G1 X111.518 Y107.637 E2074.08363
G1 X111.583 Y107.521 E2074.08805
G1 F2700 E2069.08805
G0 F9000 X110.817 Y107.521
G0 X94.312 Y94.313
G0 X93.815 Y93.815
G1 F2700 E2074.08805
G1 F1500 X93.207 Y94.602 E2074.12113
G1 X92.831 Y95.509 E2074.15378
G1 X92.7 Y96.517 E2074.18759
G1 X92.7 Y138.483 E2075.58338
G1 X92.831 Y139.487 E2075.61706
G1 X93.207 Y140.394 E2075.64972
G1 X93.815 Y141.181 E2075.68279
G1 X94.602 Y141.789 E2075.71587
G1 X95.509 Y142.165 E2075.74853
G1 X96.518 Y142.3 E2075.78239
G1 X138.482 Y142.3 E2077.17811
G1 X139.487 Y142.165 E2077.21184
G1 X140.39 Y141.793 E2077.24432
G1 X141.181 Y141.181 E2077.27759
G1 X141.793 Y140.39 E2077.31085
G1 X142.165 Y139.487 E2077.34333
G1 X142.3 Y138.482 E2077.37706
G1 X142.3 Y96.518 E2078.77279
G1 X142.165 Y95.509 E2078.80665
G1 X141.793 Y94.606 E2078.83913
G1 X141.181 Y93.815 E2078.87239
G1 X140.39 Y93.207 E2078.90558
G1 X139.487 Y92.831 E2078.93811
G1 X138.483 Y92.7 E2078.97179
G1 X96.517 Y92.7 E2080.36758
G1 X95.509 Y92.831 E2080.40139
G1 X94.602 Y93.207 E2080.43405
G1 X93.815 Y93.815 E2080.46712
G0 F9000 X94.312 Y94.313
G0 X95.542 Y93.578
G0 X95.458 Y93.372
;TYPE:FILL
G1 F3000 X93.18 Y101.874 E2080.75988
G0 F9000 X93.181 Y102.829
G1 F3000 X129.192 Y93.18 E2081.99986
G0 F9000 X129.192 Y93.4
G0 X126.568 Y93.4
G0 X126.568 Y93.18
G1 F3000 X121.441 Y112.315 E2082.65874
G0 F9000 X121.553 Y112.123
G0 X123.417 Y113.2
G0 X123.305 Y113.392
G1 F3000 X141.819 Y108.431 E2083.29624
G0 F9000 X141.6 Y108.431
G0 X141.6 Y105.805
G0 X141.82 Y105.805
G1 F3000 X132.17 Y141.82 E2084.53636
G0 F9000 X133.122 Y141.82
G1 F3000 X141.623 Y139.542 E2084.82908
G0 F9000 X141.423 Y139.458
G0 X141.6 Y136.821
G0 X141.82 Y136.821
G1 F3000 X125.398 Y120.399 E2085.60152
G1 X125.503 Y120.338
G1 X119.746 Y141.821 E2086.34126
G0 F9000 X119.746 Y141.6
G0 X121.364 Y141.6
G0 X121.364 Y141.82
G1 F3000 X93.18 Y113.636 E2087.66695
G0 F9000 X93.4 Y113.636
G0 X93.4 Y115.252
G0 X93.181 Y115.252
G1 F3000 X111.038 Y110.467 E2088.28183
G0 F9000 X110.817 Y110.467
G0 X110.883 Y107.002
G0 X111.717 Y106.519
G0 X112.073 Y106.65
G0 X111.917 Y106.918
G1 F3000 X98.179 Y93.18 E2088.92802
G0 F9000 X98.179 Y93.4
G0 X101.721 Y93.4
G0 X101.721 Y93.179
G1 F3000 X93.18 Y125.057 E2090.02568
G0 F9000 X93.4 Y125.057
G0 X93.4 Y127.675
G0 X93.181 Y127.675
G1 F3000 X111.038 Y122.891 E2090.64055
G1 X111.038 Y123.009
G1 X93.18 Y105.151 E2091.48054
G0 F9000 X93.4 Y105.151
G0 X93.4 Y109.04
G0 X93.181 Y109.04
G1 F3000 X141.749 Y96.027 E2093.1529
G0 F9000 X141.534 Y96.054
G0 X138.945 Y93.465
G0 X138.973 Y93.248
G1 F3000 X125.958 Y141.821 E2094.82543
G0 F9000 X125.958 Y141.6
G0 X129.849 Y141.6
G0 X129.849 Y141.82
G1 F3000 X114.638 Y126.61 E2095.54088
G0 F9000 X114.75 Y126.805
G0 X111.717 Y128.481
G0 X110.883 Y127.998
G0 X110.817 Y127.641
G0 X111.123 Y127.641
G1 F3000 X107.323 Y141.821 E2096.02915
G0 F9000 X107.323 Y141.6
G0 X109.938 Y141.6
G0 X109.938 Y141.82
G1 F3000 X141.819 Y133.278 E2097.12692
G0 F9000 X141.6 Y133.278
G0 X141.6 Y128.988
G0 X141.82 Y128.988
G1 F3000 X138.381 Y141.82 E2097.56878
G1 X138.334 Y141.82
G1 X120.019 Y123.505 E2098.43026
G0 F9000 X120.13 Y123.698
G0 X118.266 Y124.775
G0 X118.154 Y124.58
G1 F3000 X113.535 Y141.82 E2099.02389
G0 F9000 X112.878 Y141.82
G1 F3000 X93.18 Y122.122 E2099.95042
G0 F9000 X93.181 Y121.464
G1 F3000 X111.037 Y116.679 E2100.56527
G0 F9000 X110.817 Y116.679
G0 X110.817 Y114.524
G0 X111.038 Y114.524
G1 F3000 X93.18 Y96.666 E2101.40525
G1 X93.18 Y96.617
G1 X106.01 Y93.18 E2101.84703
G0 F9000 X106.664 Y93.18
G1 F3000 X141.82 Y128.336 E2103.50066
G0 F9000 X141.6 Y128.336
G0 X141.6 Y127.066
G0 X141.82 Y127.066
G1 F3000 X93.561 Y139.997 E2105.16238
G0 F9000 X93.277 Y139.189
G1 F3000 X95.807 Y141.72 E2105.28141
G0 F9000 X95.003 Y141.435
G1 F3000 X107.933 Y93.18 E2106.943
G0 F9000 X107.933 Y93.4
G0 X114.145 Y93.4
G0 X114.145 Y93.18
G1 F3000 X101.111 Y141.821 E2108.61788
G0 F9000 X101.111 Y141.6
G0 X104.393 Y141.6
G0 X104.393 Y141.82
G1 F3000 X93.18 Y130.607 E2109.1453
G0 F9000 X93.4 Y130.607
G0 X93.4 Y133.887
G0 X93.181 Y133.887
G1 F3000 X141.82 Y120.854 E2110.82011
G0 F9000 X141.6 Y120.854
G0 X141.6 Y119.85
G0 X141.82 Y119.85
G1 F3000 X115.15 Y93.18 E2112.07459
G0 F9000 X115.15 Y93.4
G0 X120.356 Y93.4
G0 X120.356 Y93.18
G1 F3000 X116.061 Y109.209 E2112.62652
G1 X115.957 Y109.149
G1 X141.82 Y102.219 E2113.51707
G0 F9000 X141.82 Y102.88
G1 F3000 X132.12 Y93.18 E2113.97333
G0 F9000 X132.78 Y93.18
G1 F3000 X126.82 Y115.421 E2114.73917
G0 F9000 X126.932 Y115.229
G0 X130.706 Y117.5
G0 X129.735 Y118.153
G0 X129.599 Y117.917
G1 F3000 X141.82 Y114.643 E2115.15998
G0 F9000 X141.6 Y114.643
G0 X141.6 Y111.365
G0 X141.82 Y111.365
G1 F3000 X123.635 Y93.18 E2116.01534
G0 F9000 X123.635 Y93.7
;MESH:NONMESH
G0 F300 X123.635 Y93.7 Z5.2
G0 F9000 X94.312 Y94.313
G0 X94.1 Y94.1
;TIME_ELAPSED:2622.232275
;LAYER:25
;TYPE:WALL-INNER
;MESH:triangolo_spesso.stl
G1 F1500 X93.556 Y94.804 E2116.04493
G1 X93.221 Y95.613 E2116.07406
G1 X93.1 Y96.543 E2116.10525
G1 X93.1 Y138.457 E2117.49931
G1 X93.221 Y139.383 E2117.53037
G1 X93.556 Y140.192 E2117.5595
G1 X94.1 Y140.896 E2117.58909
G1 X94.804 Y141.44 E2117.61868
G1 X95.614 Y141.775 E2117.64783
G1 X96.544 Y141.9 E2117.67904
G1 X138.456 Y141.9 E2119.07304
G1 X139.383 Y141.775 E2119.10415
G1 X140.188 Y141.443 E2119.13312
G1 X140.896 Y140.896 E2119.16287
G1 X141.443 Y140.188 E2119.19263
G1 X141.775 Y139.383 E2119.22159
G1 X141.9 Y138.456 E2119.2527
G1 X141.9 Y96.544 E2120.6467
G1 X141.775 Y95.613 E2120.67795
G1 X141.443 Y94.808 E2120.70691
G1 X140.896 Y94.101 E2120.73664
G1 X140.188 Y93.556 E2120.76636
G1 X139.383 Y93.221 E2120.79536
G1 X138.457 Y93.1 E2120.82642
G1 X96.543 Y93.1 E2122.22048
G1 X95.613 Y93.221 E2122.25168
G1 X94.804 Y93.556 E2122.2808
G1 X94.1 Y94.1 E2122.31039
G0 F9000 X94.312 Y94.313
G0 X111.131 Y106.783
G0 X111.363 Y107.186
G1 F1500 X111.689 Y107.007 E2122.32276
G1 X112.054 Y106.986 E2122.33492
G1 X129.412 Y117.01 E2123.0016
G1 X129.613 Y117.255 E2123.01214
G1 X129.656 Y117.396 E2123.01704
G1 X129.613 Y117.745 E2123.02874
G1 X129.412 Y117.99 E2123.03928
G1 X112.126 Y127.968 E2123.70312
G1 X111.813 Y128.017 E2123.71366
G1 X111.63 Y127.966 E2123.71998
G1 X111.306 Y127.777 E2123.73246
G1 X111.168 Y127.57 E2123.74073
G1 X111.118 Y127.376 E2123.74739
G1 X111.116 Y107.594 E2124.40534
G1 X111.168 Y107.426 E2124.41119
G1 X111.363 Y107.186 E2124.42148
G0 F9000 X111.583 Y107.521
;TYPE:WALL-OUTER
G1 F1500 X111.836 Y107.38 E2124.43111
G1 X111.943 Y107.38 E2124.43467
G1 X129.165 Y117.326 E2125.09614
G1 X129.262 Y117.465 E2125.10178
G1 X129.255 Y117.56 E2125.10494
G1 X129.18 Y117.664 E2125.10921
G1 X111.943 Y127.611 E2125.77113
G1 X111.836 Y127.616 E2125.77469
G1 X111.583 Y127.475 E2125.78432
G1 X111.516 Y127.342 E2125.78927
G1 X111.518 Y107.637 E2126.44467
G1 X111.583 Y107.521 E2126.44909
G1 F2700 E2121.44909
G0 F9000 X110.817 Y107.521
G0 X94.312 Y94.313
G0 X93.815 Y93.815
G1 F2700 E2126.44909
G1 F1500 X93.207 Y94.602 E2126.48217
G1 X92.831 Y95.509 E2126.51482
G1 X92.7 Y96.517 E2126.54863
G1 X92.7 Y138.483 E2127.94442
G1 X92.831 Y139.487 E2127.9781
G1 X93.207 Y140.394 E2128.01076
G1 X93.815 Y141.181 E2128.04383
G1 X94.602 Y141.789 E2128.07691
G1 X95.509 Y142.165 E2128.10957
G1 X96.518 Y142.3 E2128.14343
G1 X138.482 Y142.3 E2129.53916
G1 X139.487 Y142.165 E2129.57288
G1 X140.39 Y141.793 E2129.60536
G1 X141.181 Y141.181 E2129.63863
G1 X141.793 Y140.39 E2129.67189
G1 X142.165 Y139.487 E2129.70437
G1 X142.3 Y138.482 E2129.7381
G1 X142.3 Y96.518 E2131.13383
G1 X142.165 Y95.509 E2131.16769
G1 X141.793 Y94.606 E2131.20017
G1 X141.181 Y93.815 E2131.23343
G1 X140.39 Y93.207 E2131.26662
G1 X139.487 Y92.831 E2131.29915
G1 X138.483 Y92.7 E2131.33283
G1 X96.517 Y92.7 E2132.72862
G1 X95.509 Y92.831 E2132.76243
G1 X94.602 Y93.207 E2132.79509
G1 X93.815 Y93.815 E2132.82816
G0 F9000 X94.312 Y94.313
G0 X95.378 Y93.646
G0 X95.294 Y93.44
;TYPE:FILL
G1 F3000 X93.18 Y101.329 E2133.09981
G0 F9000 X93.4 Y101.329
G0 X93.4 Y102.975
G0 X93.181 Y102.975
G1 F3000 X129.737 Y93.18 E2134.35856
G0 F9000 X129.737 Y93.4
G0 X132.319 Y93.4
G0 X132.319 Y93.18
G1 F3000 X141.82 Y102.68 E2134.80543
G0 F9000 X141.82 Y102.365
G1 F3000 X116.13 Y109.249 E2135.69003
G0 F9000 X115.935 Y109.136
G1 F3000 X120.21 Y93.18 E2136.23945
G0 F9000 X120.21 Y93.4
G0 X123.834 Y93.4
G0 X123.834 Y93.18
G1 F3000 X141.82 Y111.166 E2137.08545
G0 F9000 X141.6 Y111.166
G0 X141.6 Y108.577
G0 X141.82 Y108.577
G1 F3000 X123.477 Y113.492 E2137.71706
G0 F9000 X123.589 Y113.299
G0 X121.426 Y112.05
G0 X121.314 Y112.242
G1 F3000 X126.422 Y93.179 E2138.37347
G0 F9000 X126.422 Y93.4
G0 X132.634 Y93.4
G0 X132.634 Y93.18
G1 F3000 X126.693 Y115.349 E2139.13683
G0 F9000 X126.805 Y115.156
G0 X130.706 Y117.5
G0 X129.42 Y118.334
G0 X129.309 Y118.141
G1 F3000 X141.82 Y114.789 E2139.56763
G0 F9000 X141.6 Y114.789
G0 X141.6 Y119.651
G0 X141.82 Y119.651
G1 F3000 X115.349 Y93.18 E2140.81274
G0 F9000 X115.349 Y93.4
G0 X113.999 Y93.4
G0 X113.999 Y93.18
G1 F3000 X100.965 Y141.821 E2142.48762
G0 F9000 X100.965 Y141.6
G0 X104.592 Y141.6
G0 X104.592 Y141.82
G1 F3000 X93.18 Y130.407 E2143.02443
G0 F9000 X93.4 Y130.407
G0 X93.4 Y127.821
G0 X93.181 Y127.821
G1 F3000 X111.038 Y123.037 E2143.6393
G0 F9000 X111.038 Y122.81
G1 F3000 X93.18 Y104.952 E2144.47929
G0 F9000 X93.4 Y104.952
G0 X93.4 Y109.187
G0 X93.181 Y109.187
G1 F3000 X141.769 Y96.167 E2146.15235
G0 F9000 X141.552 Y96.194
G0 X138.804 Y93.447
G0 X138.832 Y93.229
G1 F3000 X125.812 Y141.821 E2147.82553
G0 F9000 X125.812 Y141.6
G0 X130.048 Y141.6
G0 X130.048 Y141.82
G1 F3000 X114.765 Y126.537 E2148.5444
G0 F9000 X114.877 Y126.732
G0 X118.094 Y124.874
G0 X117.982 Y124.679
G1 F3000 X113.389 Y141.821 E2149.13466
G0 F9000 X113.078 Y141.82
G1 F3000 X93.18 Y121.922 E2150.0706
G0 F9000 X93.181 Y121.61
G1 F3000 X111.037 Y116.825 E2150.68544
G0 F9000 X110.817 Y116.825
G0 X110.817 Y114.324
G0 X111.038 Y114.324
G1 F3000 X93.189 Y96.476 E2151.52498
G0 F9000 X93.181 Y96.763
G1 F3000 X106.554 Y93.18 E2151.98546
G0 F9000 X106.864 Y93.18
G1 F3000 X141.82 Y128.136 E2153.62968
G0 F9000 X141.82 Y128.443
G1 F3000 X138.235 Y141.82 E2154.0903
G0 F9000 X138.524 Y141.81
G1 F3000 X120.145 Y123.431 E2154.9548
G0 F9000 X120.257 Y123.625
G0 X125.441 Y120.632
G0 X125.33 Y120.438
G1 F3000 X119.6 Y141.82 E2155.69106
G0 F9000 X119.6 Y141.6
G0 X121.563 Y141.6
G0 X121.563 Y141.82
G1 F3000 X93.18 Y113.437 E2157.02611
G0 F9000 X93.4 Y113.437
G0 X93.4 Y115.398
G0 X93.18 Y115.398
G1 F3000 X111.037 Y110.613 E2157.64099
G0 F9000 X110.817 Y110.613
G0 X110.883 Y107.002
G0 X111.717 Y106.519
G0 X112.264 Y106.76
G0 X112.152 Y106.953
G1 F3000 X98.378 Y93.18 E2158.28885
G0 F9000 X98.378 Y93.4
G0 X101.575 Y93.4
G0 X101.575 Y93.18
G1 F3000 X93.18 Y124.512 E2159.36771
G0 F9000 X93.4 Y124.512
G0 X93.4 Y134.033
G0 X93.18 Y134.033
G1 F3000 X141.82 Y121 E2161.04256
G0 F9000 X141.6 Y121
G0 X141.6 Y127.212
G0 X141.819 Y127.212
G1 F3000 X93.616 Y140.128 E2162.70235
G0 F9000 X93.821 Y140.044
G0 X93.464 Y138.932
G0 X93.246 Y138.959
G1 F3000 X96.038 Y141.751 E2162.83368
G0 F9000 X96.066 Y141.536
G0 X94.956 Y141.18
G0 X94.872 Y141.381
G1 F3000 X107.787 Y93.179 E2164.49343
G1 F2700 E2159.49343
G0 F9000 X107.787 Y93.4
G0 X130.706 Y117.5
G0 X125.636 Y120.519
G0 X125.525 Y120.326
G1 F2700 E2164.49343
G1 F3000 X141.82 Y136.622 E2165.25992
G0 F9000 X141.6 Y136.622
G0 X141.355 Y139.622
G0 X141.555 Y139.706
G1 F3000 X133.666 Y141.82 E2165.53157
G0 F9000 X133.666 Y141.6
G0 X132.024 Y141.6
G0 X132.024 Y141.821
G1 F3000 X141.82 Y105.26 E2166.79048
G0 F9000 X141.6 Y105.26
G0 X141.6 Y133.424
G0 X141.82 Y133.424
G1 F3000 X110.483 Y141.82 E2167.86952
G0 F9000 X110.483 Y141.6
G0 X107.177 Y141.6
G0 X107.177 Y141.821
G1 F3000 X111.043 Y127.394 E2168.36629
G0 F9000 X110.517 Y127.394
G1 F2700 E2163.36629
;MESH:NONMESH
G0 F300 X110.517 Y127.394 Z5.4
G0 F9000 X94.312 Y94.313
G0 X94.1 Y94.1
;TIME_ELAPSED:2676.511388
;LAYER:26
;TYPE:WALL-INNER
;MESH:triangolo_spesso.stl
G1 F2700 E2168.36629
G1 F1500 X93.556 Y94.804 E2168.39588
G1 X93.221 Y95.613 E2168.42501
G1 X93.1 Y96.543 E2168.4562
G1 X93.1 Y138.457 E2169.85026
G1 X93.221 Y139.383 E2169.88133
G1 X93.556 Y140.192 E2169.91045
G1 X94.1 Y140.896 E2169.94004
G1 X94.804 Y141.44 E2169.96963
G1 X95.614 Y141.775 E2169.99878
G1 X96.544 Y141.9 E2170.02999
G1 X138.456 Y141.9 E2171.42399
G1 X139.383 Y141.775 E2171.4551
G1 X140.188 Y141.443 E2171.48407
G1 X140.896 Y140.896 E2171.51382
G1 X141.443 Y140.188 E2171.54358
G1 X141.775 Y139.383 E2171.57254
G1 X141.9 Y138.456 E2171.60366
G1 X141.9 Y96.544 E2172.99765
G1 X141.775 Y95.613 E2173.0289
G1 X141.443 Y94.808 E2173.05786
G1 X140.896 Y94.101 E2173.08759
G1 X140.188 Y93.556 E2173.11731
G1 X139.383 Y93.221 E2173.14631
G1 X138.457 Y93.1 E2173.17737
G1 X96.543 Y93.1 E2174.57143
G1 X95.613 Y93.221 E2174.60263
G1 X94.804 Y93.556 E2174.63175
G1 X94.1 Y94.1 E2174.66134
G1 F2700 E2169.66134
G0 F9000 X94.157 Y94.191
G0 X94.885 Y93.697
G0 X95.7 Y93.398
G0 X111.239 Y107.044
G0 X111.363 Y107.186
G1 F2700 E2174.66134
G1 F1500 X111.689 Y107.007 E2174.67371
G1 X112.054 Y106.986 E2174.68587
G1 X129.412 Y117.01 E2175.35255
G1 X129.613 Y117.255 E2175.36309
G1 X129.656 Y117.396 E2175.368
G1 X129.613 Y117.745 E2175.37969
G1 X129.412 Y117.99 E2175.39023
G1 X112.126 Y127.968 E2176.05407
G1 X111.813 Y128.017 E2176.06461
G1 X111.63 Y127.966 E2176.07093
G1 X111.306 Y127.777 E2176.08341
G1 X111.168 Y127.57 E2176.09168
G1 X111.118 Y127.376 E2176.09834
G1 X111.116 Y107.594 E2176.7563
G1 X111.168 Y107.426 E2176.76214
G1 X111.363 Y107.186 E2176.77243
G0 F9000 X111.583 Y107.521
;TYPE:WALL-OUTER
G1 F1500 X111.836 Y107.38 E2176.78206
G1 X111.943 Y107.38 E2176.78562
G1 X129.165 Y117.326 E2177.44709
G1 X129.262 Y117.465 E2177.45273
G1 X129.255 Y117.56 E2177.4559
G1 X129.18 Y117.664 E2177.46016
G1 X111.943 Y127.611 E2178.12208
G1 X111.836 Y127.616 E2178.12564
G1 X111.583 Y127.475 E2178.13527
G1 X111.516 Y127.342 E2178.14022
G1 X111.518 Y107.637 E2178.79562
G1 X111.583 Y107.521 E2178.80004
G1 F2700 E2173.80004
G0 F9000 X111.217 Y107.521
G0 X111.119 Y107.169
G0 X95.665 Y93.416
G0 X93.815 Y93.815
G1 F2700 E2178.80004
G1 F1500 X93.207 Y94.602 E2178.83312
G1 X92.831 Y95.509 E2178.86577
G1 X92.7 Y96.517 E2178.89958
G1 X92.7 Y138.483 E2180.29538
G1 X92.831 Y139.487 E2180.32905
G1 X93.207 Y140.394 E2180.36171
G1 X93.815 Y141.181 E2180.39478
G1 X94.602 Y141.789 E2180.42786
G1 X95.509 Y142.165 E2180.46052
G1 X96.518 Y142.3 E2180.49438
G1 X138.482 Y142.3 E2181.89011
G1 X139.487 Y142.165 E2181.92383
G1 X140.39 Y141.793 E2181.95631
G1 X141.181 Y141.181 E2181.98958
G1 X141.793 Y140.39 E2182.02284
G1 X142.165 Y139.487 E2182.05533
G1 X142.3 Y138.482 E2182.08905
G1 X142.3 Y96.518 E2183.48478
G1 X142.165 Y95.509 E2183.51864
G1 X141.793 Y94.606 E2183.55112
G1 X141.181 Y93.815 E2183.58439
G1 X140.39 Y93.207 E2183.61757
G1 X139.487 Y92.831 E2183.6501
G1 X138.483 Y92.7 E2183.68378
G1 X96.517 Y92.7 E2185.07957
G1 X95.509 Y92.831 E2185.11338
G1 X94.602 Y93.207 E2185.14604
G1 X93.815 Y93.815 E2185.17911
G1 F2700 E2180.17911
G0 F9000 X94.157 Y94.191
G0 X94.885 Y93.697
G0 X95.7 Y93.398
G0 X111.239 Y107.044
G0 X111.12 Y106.904
;TYPE:SKIN
G1 F2700 E2185.17911
G1 F1500 X110.837 Y107.277 E2185.19469
G1 X110.756 Y107.591 E2185.20547
G1 X110.758 Y127.418 E2185.86492
G1 X110.837 Y127.719 E2185.87527
G1 X111.052 Y128.036 E2185.88801
G1 X111.514 Y128.318 E2185.90601
G1 X111.776 Y128.376 E2185.91494
G1 X112.102 Y128.351 E2185.92581
G1 X112.288 Y128.286 E2185.93237
G1 X129.625 Y118.28 E2186.59814
G1 X129.825 Y118.086 E2186.60741
G1 X130.01 Y117.671 E2186.62252
G1 X130.007 Y117.315 E2186.63436
G1 X129.893 Y117.017 E2186.64498
G1 X129.637 Y116.73 E2186.65777
G1 X112.289 Y106.706 E2187.32416
G1 X112.077 Y106.635 E2187.3316
G1 X111.763 Y106.622 E2187.34205
G1 X111.487 Y106.699 E2187.35158
G1 X111.12 Y106.904 E2187.36556
G1 F2700 E2182.36556
G0 F9000 X111.291 Y107.104
G0 X95.665 Y93.416
G0 X94.355 Y94.355
G1 F2700 E2187.36556
G1 F1500 X94.99 Y93.867 E2187.3922
G1 X95.701 Y93.571 E2187.41781
G1 X96.569 Y93.46 E2187.44692
G1 X138.427 Y93.46 E2188.83912
G1 X139.291 Y93.571 E2188.8681
G1 X140.002 Y93.867 E2188.89371
G1 X140.633 Y94.351 E2188.92016
G1 X141.125 Y94.989 E2188.94696
G1 X141.421 Y95.705 E2188.97273
G1 X141.54 Y96.574 E2189.0019
G1 X141.539 Y138.418 E2190.39364
G1 X141.421 Y139.287 E2190.4228
G1 X141.125 Y140.006 E2190.44867
G1 X140.637 Y140.637 E2190.4752
G1 X140.006 Y141.125 E2190.50173
G1 X139.287 Y141.421 E2190.52759
G1 X138.422 Y141.539 E2190.55663
G1 X96.574 Y141.54 E2191.9485
G1 X95.705 Y141.421 E2191.97767
G1 X94.986 Y141.125 E2192.00353
G1 X94.355 Y140.637 E2192.03006
G1 X93.867 Y140.002 E2192.0567
G1 X93.571 Y139.291 E2192.08231
G1 X93.461 Y138.427 E2192.11128
G1 X93.46 Y96.569 E2193.50348
G1 X93.571 Y95.701 E2193.53259
G1 X93.867 Y94.99 E2193.55821
G1 X94.355 Y94.355 E2193.58484
G1 F2700 E2188.58484
G0 F9000 X94.199 Y94.151
G0 X94.885 Y93.697
G0 X95.655 Y93.378
G0 X96.554 Y93.261
G0 X138.446 Y93.261
G0 X139.341 Y93.378
G0 X140.107 Y93.697
G0 X140.654 Y94.116
G0 X141.285 Y94.766
G0 X140.977 Y95.157
G1 F2700 E2193.58484
G1 F1500 X139.836 Y94.016 E2193.63851
G0 F9000 X138.989 Y93.734
G1 F1500 X141.259 Y96.005 E2193.74531
G0 F9000 X141.339 Y96.65
G1 F1500 X138.35 Y93.661 E2193.8859
G0 F9000 X137.784 Y93.661
G1 F1500 X141.339 Y97.216 E2194.05312
G0 F9000 X141.339 Y97.782
G1 F1500 X137.218 Y93.661 E2194.24696
G0 F9000 X136.653 Y93.661
G1 F1500 X141.339 Y98.347 E2194.46737
G0 F9000 X141.339 Y98.913
G1 F1500 X136.087 Y93.661 E2194.71441
G0 F9000 X135.521 Y93.661
G1 F1500 X141.339 Y99.479 E2194.98807
G0 F9000 X141.339 Y100.044
G1 F1500 X134.956 Y93.661 E2195.28831
G0 F9000 X134.39 Y93.661
G1 F1500 X141.339 Y100.61 E2195.61517
G0 F9000 X141.339 Y101.176
G1 F1500 X133.824 Y93.661 E2195.96865
G0 F9000 X133.259 Y93.661
G1 F1500 X141.339 Y101.741 E2196.34871
G0 F9000 X141.339 Y102.307
G1 F1500 X132.693 Y93.661 E2196.75539
G0 F9000 X132.127 Y93.661
G1 F1500 X141.339 Y102.873 E2197.18869
G0 F9000 X141.339 Y103.438
G1 F1500 X131.561 Y93.661 E2197.6486
G0 F9000 X130.996 Y93.661
G1 F1500 X141.339 Y104.004 E2198.1351
G0 F9000 X141.339 Y104.57
G1 F1500 X130.43 Y93.661 E2198.64823
G0 F9000 X129.864 Y93.661
G1 F1500 X141.339 Y105.135 E2199.18795
G0 F9000 X141.339 Y105.701
G1 F1500 X129.299 Y93.661 E2199.75428
G0 F9000 X128.733 Y93.661
G1 F1500 X141.339 Y106.267 E2200.34722
G0 F9000 X141.339 Y106.833
G1 F1500 X128.167 Y93.661 E2200.96679
G0 F9000 X127.602 Y93.661
G1 F1500 X141.339 Y107.398 E2201.61294
G0 F9000 X141.339 Y107.964
G1 F1500 X127.036 Y93.661 E2202.28571
G0 F9000 X126.47 Y93.661
G1 F1500 X141.339 Y108.53 E2202.9851
G0 F9000 X141.339 Y109.095
G1 F1500 X125.905 Y93.661 E2203.71107
G0 F9000 X125.339 Y93.661
G1 F1500 X141.339 Y109.661 E2204.46366
G0 F9000 X141.339 Y110.227
G1 F1500 X124.773 Y93.661 E2205.24288
G0 F9000 X124.208 Y93.661
G1 F1500 X141.339 Y110.792 E2206.04867
G0 F9000 X141.339 Y111.358
G1 F1500 X123.642 Y93.661 E2206.88108
G0 F9000 X123.076 Y93.661
G1 F1500 X141.339 Y111.924 E2207.74011
G0 F9000 X141.339 Y112.489
G1 F1500 X122.51 Y93.661 E2208.62575
G0 F9000 X121.945 Y93.661
G1 F1500 X141.339 Y113.055 E2209.53798
G0 F9000 X141.339 Y113.621
G1 F1500 X121.379 Y93.661 E2210.47684
G0 F9000 X120.813 Y93.661
G1 F1500 X141.339 Y114.186 E2211.4423
G0 F9000 X141.339 Y114.752
G1 F1500 X120.248 Y93.661 E2212.43435
G0 F9000 X119.682 Y93.661
G1 F1500 X141.339 Y115.318 E2213.45303
G0 F9000 X141.339 Y115.883
G1 F1500 X119.116 Y93.661 E2214.49831
G0 F9000 X118.551 Y93.661
G1 F1500 X141.339 Y116.449 E2215.57019
G0 F9000 X141.339 Y117.015
G1 F1500 X117.985 Y93.661 E2216.66869
G0 F9000 X117.419 Y93.661
G1 F1500 X141.339 Y117.58 E2217.79379
G0 F9000 X141.339 Y118.146
G1 F1500 X116.854 Y93.661 E2218.94549
G0 F9000 X116.288 Y93.661
G1 F1500 X141.339 Y118.711 E2220.12379
G0 F9000 X141.339 Y119.277
G1 F1500 X115.722 Y93.661 E2221.32871
G0 F9000 X115.157 Y93.661
G1 F1500 X141.339 Y119.843 E2222.56023
G0 F9000 X141.339 Y120.408
G1 F1500 X114.591 Y93.661 E2223.81835
G0 F9000 X114.025 Y93.661
G1 F1500 X141.339 Y120.974 E2225.10309
G0 F9000 X141.339 Y121.54
G1 F1500 X113.46 Y93.661 E2226.41443
G0 F9000 X112.894 Y93.661
G1 F1500 X141.339 Y122.105 E2227.75238
G0 F9000 X141.339 Y122.671
G1 F1500 X112.328 Y93.661 E2229.11694
G0 F9000 X111.762 Y93.661
G1 F1500 X141.339 Y123.237 E2230.50813
G0 F9000 X141.339 Y123.802
G1 F1500 X111.197 Y93.661 E2231.92589
G0 F9000 X110.631 Y93.661
G1 F1500 X141.339 Y124.368 E2233.37028
G0 F9000 X141.339 Y124.934
G1 F1500 X110.065 Y93.661 E2234.84129
G0 F9000 X109.5 Y93.661
G1 F1500 X141.339 Y125.499 E2236.33887
G0 F9000 X141.339 Y126.065
G1 F1500 X108.934 Y93.661 E2237.86308
G0 F9000 X108.368 Y93.661
G1 F1500 X141.339 Y126.631 E2239.41391
G0 F9000 X141.339 Y127.196
G1 F1500 X107.803 Y93.661 E2240.99132
G0 F9000 X107.237 Y93.661
G1 F1500 X141.339 Y127.762 E2242.59535
G0 F9000 X141.339 Y128.328
G1 F1500 X130.153 Y117.142 E2243.12151
G0 F9000 X130.198 Y117.753
G1 F1500 X141.339 Y128.894 E2243.64555
G0 F9000 X141.339 Y129.459
G1 F1500 X130.022 Y118.143 E2244.17784
G0 F9000 X129.75 Y118.436
G1 F1500 X141.339 Y130.025 E2244.72295
G0 F9000 X141.339 Y130.591
G1 F1500 X129.393 Y118.645 E2245.28485
G0 F9000 X129.034 Y118.851
G1 F1500 X141.339 Y131.156 E2245.86364
G0 F9000 X141.339 Y131.722
G1 F1500 X128.675 Y119.058 E2246.45932
G0 F9000 X128.317 Y119.266
G1 F1500 X141.339 Y132.288 E2247.07183
G0 F9000 X141.339 Y132.853
G1 F1500 X127.958 Y119.473 E2247.70121
G0 F9000 X127.599 Y119.679
G1 F1500 X141.339 Y133.419 E2248.3475
G0 F9000 X141.339 Y133.985
G1 F1500 X127.24 Y119.886 E2249.01067
G0 F9000 X126.882 Y120.094
G1 F1500 X141.339 Y134.55 E2249.69066
G0 F9000 X141.339 Y135.116
G1 F1500 X126.523 Y120.301 E2250.38754
G0 F9000 X126.164 Y120.507
G1 F1500 X141.339 Y135.682 E2251.10132
G0 F9000 X141.339 Y136.247
G1 F1500 X125.806 Y120.714 E2251.83195
G0 F9000 X125.447 Y120.922
G1 F1500 X141.339 Y136.813 E2252.57943
G0 F9000 X141.339 Y137.379
G1 F1500 X125.089 Y121.129 E2253.34378
G0 F9000 X124.729 Y121.335
G1 F1500 X141.339 Y137.945 E2254.12507
G0 F9000 X141.326 Y138.497
G1 F1500 X124.371 Y121.542 E2254.92258
G0 F9000 X124.012 Y121.75
G1 F1500 X141.258 Y138.995 E2255.73376
G0 F9000 X141.139 Y139.442
G1 F1500 X123.653 Y121.956 E2256.55624
G0 F9000 X123.295 Y122.163
G1 F1500 X140.974 Y139.843 E2257.38783
G0 F9000 X140.74 Y140.175
G1 F1500 X122.936 Y122.37 E2258.2253
G0 F9000 X122.578 Y122.578
G1 F1500 X140.494 Y140.494 E2259.06802
G0 F9000 X140.175 Y140.74
G1 F1500 X122.218 Y122.784 E2259.91263
G0 F9000 X121.86 Y122.991
G1 F1500 X139.843 Y140.974 E2260.7585
G0 F9000 X139.442 Y141.139
G1 F1500 X121.501 Y123.199 E2261.60237
G0 F9000 X121.143 Y123.406
G1 F1500 X138.996 Y141.259 E2262.44212
G0 F9000 X138.498 Y141.327
G1 F1500 X120.784 Y123.612 E2263.27535
G0 F9000 X120.425 Y123.819
G1 F1500 X137.945 Y141.339 E2264.09944
G0 F9000 X137.38 Y141.339
G1 F1500 X120.067 Y124.027 E2264.91377
G0 F9000 X119.708 Y124.234
G1 F1500 X136.814 Y141.339 E2265.71836
G0 F9000 X136.248 Y141.339
G1 F1500 X119.349 Y124.44 E2266.51323
G0 F9000 X118.991 Y124.647
G1 F1500 X135.682 Y141.339 E2267.29835
G0 F9000 X135.117 Y141.339
G1 F1500 X118.632 Y124.855 E2268.07373
G0 F9000 X118.274 Y125.062
G1 F1500 X134.551 Y141.339 E2268.83935
G0 F9000 X133.985 Y141.339
G1 F1500 X117.914 Y125.268 E2269.59528
G0 F9000 X117.556 Y125.475
G1 F1500 X133.42 Y141.339 E2270.34147
G0 F9000 X132.854 Y141.339
G1 F1500 X117.197 Y125.683 E2271.07791
G0 F9000 X116.839 Y125.89
G1 F1500 X132.288 Y141.339 E2271.80458
G0 F9000 X131.723 Y141.339
G1 F1500 X116.48 Y126.096 E2272.52157
G0 F9000 X116.121 Y126.303
G1 F1500 X131.157 Y141.339 E2273.22881
G0 F9000 X130.591 Y141.339
G1 F1500 X115.763 Y126.511 E2273.92628
G0 F9000 X115.403 Y126.717
G1 F1500 X130.026 Y141.339 E2274.61407
G0 F9000 X129.46 Y141.339
G1 F1500 X115.045 Y126.924 E2275.29211
G0 F9000 X114.686 Y127.131
G1 F1500 X128.894 Y141.339 E2275.96041
G0 F9000 X128.329 Y141.339
G1 F1500 X114.328 Y127.339 E2276.61895
G0 F9000 X113.969 Y127.545
G1 F1500 X127.763 Y141.339 E2277.26778
G0 F9000 X127.197 Y141.339
G1 F1500 X113.61 Y127.752 E2277.90687
G0 F9000 X113.252 Y127.959
G1 F1500 X126.632 Y141.339 E2278.53623
G0 F9000 X126.066 Y141.339
G1 F1500 X112.893 Y128.167 E2279.15582
G0 F9000 X112.534 Y128.373
G1 F1500 X125.5 Y141.339 E2279.7657
G0 F9000 X124.934 Y141.339
G1 F1500 X112.135 Y128.54 E2280.36773
G0 F9000 X111.562 Y128.532
G1 F1500 X124.369 Y141.339 E2280.97013
G0 F9000 X123.803 Y141.339
G1 F1500 X93.661 Y111.197 E2282.38792
G0 F9000 X93.661 Y111.762
G1 F1500 X123.237 Y141.339 E2283.7791
G0 F9000 X122.672 Y141.339
G1 F1500 X93.661 Y112.328 E2285.14369
G0 F9000 X93.661 Y112.894
G1 F1500 X122.106 Y141.339 E2286.48166
G0 F9000 X121.54 Y141.339
G1 F1500 X93.661 Y113.46 E2287.793
G0 F9000 X93.661 Y114.025
G1 F1500 X120.975 Y141.339 E2289.07777
G0 F9000 X120.409 Y141.339
G1 F1500 X93.661 Y114.591 E2290.33591
G0 F9000 X93.661 Y115.157
G1 F1500 X119.843 Y141.339 E2291.56743
G0 F9000 X119.278 Y141.339
G1 F1500 X93.661 Y115.722 E2292.77238
G0 F9000 X93.661 Y116.288
G1 F1500 X118.712 Y141.339 E2293.9507
G0 F9000 X118.146 Y141.339
G1 F1500 X93.661 Y116.854 E2295.1024
G0 F9000 X93.661 Y117.419
G1 F1500 X117.581 Y141.339 E2296.22752
G0 F9000 X117.015 Y141.339
G1 F1500 X93.661 Y117.985 E2297.32602
G0 F9000 X93.661 Y118.551
G1 F1500 X116.449 Y141.339 E2298.3979
G0 F9000 X115.883 Y141.339
G1 F1500 X93.661 Y119.116 E2299.44318
G0 F9000 X93.661 Y119.682
G1 F1500 X115.318 Y141.339 E2300.46186
G0 F9000 X114.752 Y141.339
G1 F1500 X93.661 Y120.248 E2301.45391
G0 F9000 X93.661 Y120.813
G1 F1500 X114.186 Y141.339 E2302.41937
G0 F9000 X113.621 Y141.339
G1 F1500 X93.661 Y121.379 E2303.35823
G0 F9000 X93.661 Y121.945
G1 F1500 X113.055 Y141.339 E2304.27046
G0 F9000 X112.489 Y141.339
G1 F1500 X93.661 Y122.51 E2305.1561
G0 F9000 X93.661 Y123.076
G1 F1500 X111.924 Y141.339 E2306.01513
G0 F9000 X111.358 Y141.339
G1 F1500 X93.661 Y123.642 E2306.84754
G0 F9000 X93.661 Y124.208
G1 F1500 X110.792 Y141.339 E2307.65333
G0 F9000 X110.227 Y141.339
G1 F1500 X93.661 Y124.773 E2308.43255
G0 F9000 X93.661 Y125.339
G1 F1500 X109.661 Y141.339 E2309.18514
G0 F9000 X109.095 Y141.339
G1 F1500 X93.661 Y125.905 E2309.91111
G0 F9000 X93.661 Y126.47
G1 F1500 X108.53 Y141.339 E2310.6105
G0 F9000 X107.964 Y141.339
G1 F1500 X93.661 Y127.036 E2311.28327
G0 F9000 X93.661 Y127.602
G1 F1500 X107.398 Y141.339 E2311.92942
G0 F9000 X106.833 Y141.339
G1 F1500 X93.661 Y128.167 E2312.54899
G0 F9000 X93.661 Y128.733
G1 F1500 X106.267 Y141.339 E2313.14193
G0 F9000 X105.701 Y141.339
G1 F1500 X93.661 Y129.299 E2313.70826
G0 F9000 X93.661 Y129.864
G1 F1500 X105.135 Y141.339 E2314.24798
G0 F9000 X104.57 Y141.339
G1 F1500 X93.661 Y130.43 E2314.76111
G0 F9000 X93.661 Y130.996
G1 F1500 X104.004 Y141.339 E2315.24761
G0 F9000 X103.438 Y141.339
G1 F1500 X93.661 Y131.561 E2315.70752
G0 F9000 X93.661 Y132.127
G1 F1500 X102.873 Y141.339 E2316.14082
G0 F9000 X102.307 Y141.339
G1 F1500 X93.661 Y132.693 E2316.5475
G0 F9000 X93.661 Y133.259
G1 F1500 X101.741 Y141.339 E2316.92756
G0 F9000 X101.176 Y141.339
G1 F1500 X93.661 Y133.824 E2317.28104
G0 F9000 X93.661 Y134.39
G1 F1500 X100.61 Y141.339 E2317.6079
G0 F9000 X100.044 Y141.339
G1 F1500 X93.661 Y134.956 E2317.90814
G0 F9000 X93.661 Y135.521
G1 F1500 X99.479 Y141.339 E2318.1818
G0 F9000 X98.913 Y141.339
G1 F1500 X93.661 Y136.087 E2318.42884
G0 F9000 X93.661 Y136.653
G1 F1500 X98.347 Y141.339 E2318.64925
G0 F9000 X97.782 Y141.339
G1 F1500 X93.661 Y137.218 E2318.84309
G0 F9000 X93.661 Y137.784
G1 F1500 X97.216 Y141.339 E2319.01031
G0 F9000 X96.65 Y141.339
G1 F1500 X93.661 Y138.35 E2319.1509
G0 F9000 X93.734 Y138.989
G1 F1500 X96.005 Y141.259 E2319.2577
G0 F9000 X95.158 Y140.979
G1 F1500 X94.015 Y139.835 E2319.31149
G1 F2700 E2314.31149
G0 F9000 X93.59 Y140.01
G0 X94.215 Y140.781
G0 X94.934 Y141.293
G0 X111.181 Y127.91
G0 X110.592 Y127.563
G1 F2700 E2319.31149
G1 F1500 X93.661 Y110.631 E2320.10789
G0 F9000 X93.661 Y110.065
G1 F1500 X110.557 Y126.962 E2320.90265
G0 F9000 X110.557 Y126.396
G1 F1500 X93.661 Y109.5 E2321.69739
G0 F9000 X93.661 Y108.934
G1 F1500 X110.557 Y125.83 E2322.49212
G0 F9000 X110.557 Y125.265
G1 F1500 X93.661 Y108.368 E2323.28688
G0 F9000 X93.661 Y107.803
G1 F1500 X110.557 Y124.699 E2324.08162
G0 F9000 X110.557 Y124.133
G1 F1500 X93.661 Y107.237 E2324.87635
G0 F9000 X93.661 Y106.671
G1 F1500 X110.557 Y123.568 E2325.67111
G0 F9000 X110.557 Y123.002
G1 F1500 X93.661 Y106.106 E2326.46585
G0 F9000 X93.661 Y105.54
G1 F1500 X110.557 Y122.436 E2327.26059
G0 F9000 X110.557 Y121.871
G1 F1500 X93.661 Y104.974 E2328.05535
G0 F9000 X93.661 Y104.409
G1 F1500 X110.557 Y121.305 E2328.85008
G0 F9000 X110.557 Y120.739
G1 F1500 X93.661 Y103.843 E2329.64482
G0 F9000 X93.661 Y103.277
G1 F1500 X110.557 Y120.174 E2330.43958
G0 F9000 X110.557 Y119.608
G1 F1500 X93.661 Y102.712 E2331.23431
G0 F9000 X93.661 Y102.146
G1 F1500 X110.557 Y119.042 E2332.02905
G0 F9000 X110.557 Y118.476
G1 F1500 X93.661 Y101.58 E2332.82379
G0 F9000 X93.661 Y101.014
G1 F1500 X110.557 Y117.911 E2333.61855
G0 F9000 X110.557 Y117.345
G1 F1500 X93.661 Y100.449 E2334.41328
G0 F9000 X93.661 Y99.883
G1 F1500 X110.557 Y116.779 E2335.20802
G0 F9000 X110.557 Y116.214
G1 F1500 X93.661 Y99.317 E2336.00278
G0 F9000 X93.661 Y98.752
G1 F1500 X110.557 Y115.648 E2336.79751
G0 F9000 X110.557 Y115.082
G1 F1500 X93.661 Y98.186 E2337.59225
G0 F9000 X93.661 Y97.62
G1 F1500 X110.557 Y114.517 E2338.38701
G0 F9000 X110.557 Y113.951
G1 F1500 X93.661 Y97.055 E2339.18174
G0 F9000 X93.672 Y96.5
G1 F1500 X110.557 Y113.385 E2339.97596
G0 F9000 X110.557 Y112.82
G1 F1500 X93.735 Y95.998 E2340.76722
G0 F9000 X93.851 Y95.549
G1 F1500 X110.557 Y112.254 E2341.55299
G0 F9000 X110.557 Y111.688
G1 F1500 X94.018 Y95.15 E2342.33091
G0 F9000 X94.252 Y94.818
G1 F1500 X110.557 Y111.123 E2343.09785
G0 F9000 X110.557 Y110.557
G1 F1500 X94.498 Y94.498 E2343.85322
G0 F9000 X94.818 Y94.252
G1 F1500 X110.557 Y109.991 E2344.59353
G0 F9000 X110.557 Y109.425
G1 F1500 X95.15 Y94.018 E2345.31823
G0 F9000 X95.549 Y93.851
G1 F1500 X110.557 Y108.86 E2346.02418
G0 F9000 X110.557 Y108.294
G1 F1500 X95.998 Y93.735 E2346.70899
G0 F9000 X96.5 Y93.672
G1 F1500 X110.557 Y107.728 E2347.37017
G0 F9000 X110.637 Y107.243
G1 F1500 X97.055 Y93.661 E2348.00902
G0 F9000 X97.62 Y93.661
G1 F1500 X110.867 Y106.907 E2348.6321
G0 F9000 X111.173 Y106.647
G1 F1500 X98.186 Y93.661 E2349.24294
G0 F9000 X98.752 Y93.661
G1 F1500 X111.564 Y106.473 E2349.84558
G0 F9000 X112.092 Y106.435
G1 F1500 X99.317 Y93.661 E2350.44646
G0 F9000 X99.883 Y93.661
G1 F1500 X113.259 Y107.037 E2351.07562
G0 F9000 X113.028 Y107.434
G0 X114.368 Y108.208
G0 X114.599 Y107.81
G1 F1500 X100.449 Y93.661 E2351.74117
G0 F9000 X101.014 Y93.661
G1 F1500 X115.938 Y108.584 E2352.44313
G0 F9000 X115.707 Y108.981
G0 X117.046 Y109.754
G0 X117.276 Y109.357
G1 F1500 X101.58 Y93.661 E2353.18142
G0 F9000 X102.146 Y93.661
G1 F1500 X118.616 Y110.13 E2353.95609
G0 F9000 X118.385 Y110.528
G0 X119.723 Y111.3
G0 X119.954 Y110.903
G1 F1500 X102.712 Y93.661 E2354.7671
G0 F9000 X103.277 Y93.661
G1 F1500 X121.294 Y111.677 E2355.61454
G0 F9000 X121.064 Y112.074
G0 X122.402 Y112.847
G0 X122.632 Y112.45
G1 F1500 X103.843 Y93.661 E2356.49832
G0 F9000 X104.409 Y93.661
G1 F1500 X123.971 Y113.223 E2357.41846
G0 F9000 X123.741 Y113.62
G0 X125.08 Y114.393
G0 X125.31 Y113.996
G1 F1500 X104.974 Y93.661 E2358.37498
G0 F9000 X105.54 Y93.661
G1 F1500 X126.649 Y114.77 E2359.36788
G0 F9000 X126.419 Y115.166
G0 X127.758 Y115.94
G0 X127.988 Y115.543
G1 F1500 X106.106 Y93.661 E2360.39714
G0 F9000 X106.671 Y93.661
G1 F1500 X129.327 Y116.316 E2361.46279
G1 F2700 E2356.46279
;MESH:NONMESH
G0 F300 X129.327 Y116.316 Z5.6
G0 F9000 X129.097 Y116.713
G0 X111.717 Y107.001
G0 X95.665 Y93.416
G0 X94.1 Y94.1
;TIME_ELAPSED:2933.525542
;LAYER:27
;TYPE:WALL-INNER
;MESH:triangolo_spesso.stl
G1 F2700 E2361.46279
G1 F1500 X93.556 Y94.804 E2361.49238
G1 X93.221 Y95.613 E2361.5215
G1 X93.1 Y96.543 E2361.55269
G1 X93.1 Y138.457 E2362.94676
G1 X93.221 Y139.383 E2362.97782
G1 X93.556 Y140.192 E2363.00694
G1 X94.1 Y140.896 E2363.03653
G1 X94.804 Y141.44 E2363.06613
G1 X95.614 Y141.775 E2363.09528
G1 X96.544 Y141.9 E2363.12649
G1 X138.456 Y141.9 E2364.52049
G1 X139.383 Y141.775 E2364.5516
G1 X140.188 Y141.443 E2364.58056
G1 X140.896 Y140.896 E2364.61032
G1 X141.443 Y140.188 E2364.64008
G1 X141.775 Y139.383 E2364.66904
G1 X141.9 Y138.456 E2364.70015
G1 X141.9 Y96.544 E2366.09415
G1 X141.775 Y95.613 E2366.12539
G1 X141.443 Y94.808 E2366.15435
G1 X140.896 Y94.101 E2366.18409
G1 X140.188 Y93.556 E2366.2138
G1 X139.383 Y93.221 E2366.2428
G1 X138.457 Y93.1 E2366.27386
G1 X96.543 Y93.1 E2367.66793
G1 X95.613 Y93.221 E2367.69912
G1 X94.804 Y93.556 E2367.72824
G1 X94.1 Y94.1 E2367.75784
G1 F2700 E2362.75784
G0 F9000 X94.157 Y94.191
G0 X94.885 Y93.697
G0 X95.7 Y93.398
G0 X111.239 Y107.044
G0 X111.363 Y107.186
G1 F2700 E2367.75784
G1 F1500 X111.689 Y107.007 E2367.77021
G1 X112.054 Y106.986 E2367.78237
G1 X129.412 Y117.01 E2368.44905
G1 X129.613 Y117.255 E2368.45959
G1 X129.656 Y117.396 E2368.46449
G1 X129.613 Y117.745 E2368.47619
G1 X129.412 Y117.99 E2368.48673
G1 X112.126 Y127.968 E2369.15057
G1 X111.813 Y128.017 E2369.16111
G1 X111.63 Y127.966 E2369.16743
G1 X111.306 Y127.777 E2369.1799
G1 X111.168 Y127.57 E2369.18818
G1 X111.118 Y127.376 E2369.19484
G1 X111.116 Y107.594 E2369.85279
G1 X111.168 Y107.426 E2369.85864
G1 X111.363 Y107.186 E2369.86893
G0 F9000 X111.583 Y107.521
;TYPE:WALL-OUTER
G1 F1500 X111.836 Y107.38 E2369.87856
G1 X111.943 Y107.38 E2369.88212
G1 X129.165 Y117.326 E2370.54358
G1 X129.262 Y117.465 E2370.54922
G1 X129.255 Y117.56 E2370.55239
G1 X129.18 Y117.664 E2370.55666
G1 X111.943 Y127.611 E2371.21857
G1 X111.836 Y127.616 E2371.22213
G1 X111.583 Y127.475 E2371.23177
G1 X111.516 Y127.342 E2371.23672
G1 X111.518 Y107.637 E2371.89211
G1 X111.583 Y107.521 E2371.89653
G1 F2700 E2366.89653
G0 F9000 X111.217 Y107.521
G0 X111.119 Y107.169
G0 X95.665 Y93.416
G0 X93.815 Y93.815
G1 F2700 E2371.89653
G1 F1500 X93.207 Y94.602 E2371.92961
G1 X92.831 Y95.509 E2371.96227
G1 X92.7 Y96.517 E2371.99608
G1 X92.7 Y138.483 E2373.39187
G1 X92.831 Y139.487 E2373.42555
G1 X93.207 Y140.394 E2373.4582
G1 X93.815 Y141.181 E2373.49128
G1 X94.602 Y141.789 E2373.52436
G1 X95.509 Y142.165 E2373.55701
G1 X96.518 Y142.3 E2373.59087
G1 X138.482 Y142.3 E2374.9866
G1 X139.487 Y142.165 E2375.02033
G1 X140.39 Y141.793 E2375.05281
G1 X141.181 Y141.181 E2375.08607
G1 X141.793 Y140.39 E2375.11934
G1 X142.165 Y139.487 E2375.15182
G1 X142.3 Y138.482 E2375.18555
G1 X142.3 Y96.518 E2376.58128
G1 X142.165 Y95.509 E2376.61513
G1 X141.793 Y94.606 E2376.64762
G1 X141.181 Y93.815 E2376.68088
G1 X140.39 Y93.207 E2376.71406
G1 X139.487 Y92.831 E2376.7466
G1 X138.483 Y92.7 E2376.78027
G1 X96.517 Y92.7 E2378.17607
G1 X95.509 Y92.831 E2378.20988
G1 X94.602 Y93.207 E2378.24253
G1 X93.815 Y93.815 E2378.27561
G1 F2700 E2373.27561
G0 F9000 X94.157 Y94.191
G0 X94.885 Y93.697
G0 X95.7 Y93.398
G0 X111.239 Y107.044
G0 X111.12 Y106.904
;TYPE:SKIN
G1 F2700 E2378.27561
G1 F1500 X110.837 Y107.277 E2378.29118
G1 X110.756 Y107.591 E2378.30197
G1 X110.758 Y127.418 E2378.96142
G1 X110.837 Y127.719 E2378.97177
G1 X111.052 Y128.036 E2378.98451
G1 X111.514 Y128.318 E2379.00251
G1 X111.776 Y128.376 E2379.01143
G1 X112.102 Y128.351 E2379.02231
G1 X112.288 Y128.286 E2379.02886
G1 X129.625 Y118.28 E2379.69464
G1 X129.825 Y118.086 E2379.70391
G1 X130.01 Y117.671 E2379.71902
G1 X130.007 Y117.315 E2379.73086
G1 X129.893 Y117.017 E2379.74147
G1 X129.637 Y116.73 E2379.75426
G1 X112.289 Y106.706 E2380.42066
G1 X112.077 Y106.635 E2380.42809
G1 X111.763 Y106.622 E2380.43855
G1 X111.487 Y106.699 E2380.44808
G1 X111.12 Y106.904 E2380.46206
G1 F2700 E2375.46206
G0 F9000 X111.291 Y107.104
G0 X95.665 Y93.416
G0 X94.355 Y94.355
G1 F2700 E2380.46206
G1 F1500 X94.99 Y93.867 E2380.48869
G1 X95.701 Y93.571 E2380.51431
G1 X96.569 Y93.46 E2380.54342
G1 X138.427 Y93.46 E2381.93562
G1 X139.291 Y93.571 E2381.96459
G1 X140.002 Y93.867 E2381.99021
G1 X140.633 Y94.351 E2382.01666
G1 X141.125 Y94.989 E2382.04345
G1 X141.421 Y95.705 E2382.06922
G1 X141.54 Y96.574 E2382.09839
G1 X141.539 Y138.418 E2383.49013
G1 X141.421 Y139.287 E2383.5193
G1 X141.125 Y140.006 E2383.54516
G1 X140.637 Y140.637 E2383.57169
G1 X140.006 Y141.125 E2383.59822
G1 X139.287 Y141.421 E2383.62409
G1 X138.422 Y141.539 E2383.65312
G1 X96.574 Y141.54 E2385.04499
G1 X95.705 Y141.421 E2385.07416
G1 X94.986 Y141.125 E2385.10003
G1 X94.355 Y140.637 E2385.12656
G1 X93.867 Y140.002 E2385.15319
G1 X93.571 Y139.291 E2385.17881
G1 X93.461 Y138.427 E2385.20778
G1 X93.46 Y96.569 E2386.59998
G1 X93.571 Y95.701 E2386.62909
G1 X93.867 Y94.99 E2386.6547
G1 X94.355 Y94.355 E2386.68134
G0 F9000 X94.199 Y94.151
G0 X93.914 Y94.567
G0 X93.315 Y95.668
G0 X93.777 Y95.728
G1 F1500 X95.728 Y93.777 E2386.77311
G0 F9000 X96.384 Y93.686
G1 F1500 X93.686 Y96.384 E2386.90001
G0 F9000 X93.661 Y96.975
G1 F1500 X96.976 Y93.66 E2387.05594
G0 F9000 X97.542 Y93.66
G1 F1500 X93.661 Y97.541 E2387.23849
G0 F9000 X93.661 Y98.107
G1 F1500 X98.108 Y93.66 E2387.44766
G0 F9000 X98.673 Y93.66
G1 F1500 X93.661 Y98.673 E2387.68344
G0 F9000 X93.661 Y99.238
G1 F1500 X99.239 Y93.66 E2387.94581
G0 F9000 X99.805 Y93.66
G1 F1500 X93.661 Y99.804 E2388.2348
G0 F9000 X93.661 Y100.37
G1 F1500 X100.37 Y93.66 E2388.5504
G0 F9000 X100.936 Y93.66
G1 F1500 X93.661 Y100.935 E2388.89259
G0 F9000 X93.661 Y101.501
G1 F1500 X101.502 Y93.66 E2389.26141
G0 F9000 X102.067 Y93.66
G1 F1500 X93.661 Y102.067 E2389.65682
G0 F9000 X93.661 Y102.632
G1 F1500 X102.633 Y93.66 E2390.07884
G0 F9000 X103.199 Y93.66
G1 F1500 X93.661 Y103.198 E2390.52748
G0 F9000 X93.661 Y103.764
G1 F1500 X103.764 Y93.66 E2391.00271
G0 F9000 X104.33 Y93.66
G1 F1500 X93.661 Y104.329 E2391.50455
G0 F9000 X93.661 Y104.895
G1 F1500 X104.896 Y93.66 E2392.03301
G0 F9000 X105.461 Y93.66
G1 F1500 X93.661 Y105.461 E2392.58807
G0 F9000 X93.661 Y106.026
G1 F1500 X106.027 Y93.66 E2393.16973
G0 F9000 X106.593 Y93.66
G1 F1500 X93.661 Y106.592 E2393.77801
G0 F9000 X93.661 Y107.158
G1 F1500 X107.158 Y93.66 E2394.41289
G0 F9000 X107.724 Y93.66
G1 F1500 X93.661 Y107.723 E2395.07437
G0 F9000 X93.661 Y108.289
G1 F1500 X108.29 Y93.66 E2395.76248
G0 F9000 X108.856 Y93.66
G1 F1500 X93.661 Y108.855 E2396.4772
G0 F9000 X93.661 Y109.421
G1 F1500 X109.421 Y93.66 E2397.21853
G0 F9000 X109.987 Y93.66
G1 F1500 X93.661 Y109.986 E2397.98645
G0 F9000 X93.661 Y110.552
G1 F1500 X110.553 Y93.66 E2398.781
G0 F9000 X111.118 Y93.66
G1 F1500 X93.661 Y111.118 E2399.60215
G0 F9000 X93.661 Y111.683
G1 F1500 X111.684 Y93.66 E2400.44989
G0 F9000 X112.25 Y93.66
G1 F1500 X93.661 Y112.249 E2401.32426
G0 F9000 X93.661 Y112.815
G1 F1500 X112.815 Y93.66 E2402.22523
G0 F9000 X113.381 Y93.66
G1 F1500 X93.661 Y113.38 E2403.1528
G0 F9000 X93.661 Y113.946
G1 F1500 X113.947 Y93.66 E2404.10699
G0 F9000 X114.512 Y93.66
G1 F1500 X93.661 Y114.512 E2405.08778
G0 F9000 X93.661 Y115.077
G1 F1500 X115.078 Y93.66 E2406.09517
G0 F9000 X115.644 Y93.66
G1 F1500 X93.661 Y115.643 E2407.12919
G0 F9000 X93.661 Y116.209
G1 F1500 X116.209 Y93.66 E2408.1898
G0 F9000 X116.775 Y93.66
G1 F1500 X93.661 Y116.774 E2409.27701
G0 F9000 X93.661 Y117.34
G1 F1500 X117.341 Y93.66 E2410.39084
G0 F9000 X117.907 Y93.66
G1 F1500 X93.661 Y117.905 E2411.53128
G0 F9000 X93.661 Y118.471
G1 F1500 X118.472 Y93.66 E2412.69831
G0 F9000 X119.038 Y93.66
G1 F1500 X93.661 Y119.036 E2413.89194
G0 F9000 X93.661 Y119.602
G1 F1500 X119.604 Y93.66 E2415.1122
G0 F9000 X120.169 Y93.66
G1 F1500 X93.661 Y120.168 E2416.35906
G0 F9000 X93.661 Y120.734
G1 F1500 X120.735 Y93.66 E2417.63253
G0 F9000 X121.301 Y93.66
G1 F1500 X93.661 Y121.299 E2418.93261
G0 F9000 X93.661 Y121.865
G1 F1500 X121.866 Y93.66 E2420.25929
G0 F9000 X122.432 Y93.66
G1 F1500 X93.661 Y122.431 E2421.61259
G0 F9000 X93.661 Y122.996
G1 F1500 X122.998 Y93.66 E2422.99249
G0 F9000 X123.563 Y93.66
G1 F1500 X93.661 Y123.562 E2424.39898
G0 F9000 X93.661 Y124.128
G1 F1500 X110.811 Y106.978 E2425.20567
G0 F9000 X111.101 Y106.688
G1 F1500 X124.129 Y93.66 E2425.81847
G0 F9000 X124.695 Y93.66
G1 F1500 X111.928 Y106.427 E2426.41899
G0 F9000 X112.388 Y106.533
G1 F1500 X125.26 Y93.66 E2427.02447
G0 F9000 X125.826 Y93.66
G1 F1500 X112.746 Y106.74 E2427.63971
G0 F9000 X113.105 Y106.947
G1 F1500 X126.392 Y93.66 E2428.26469
G0 F9000 X126.957 Y93.66
G1 F1500 X113.463 Y107.154 E2428.89941
G0 F9000 X113.822 Y107.361
G1 F1500 X127.523 Y93.66 E2429.54386
G0 F9000 X128.089 Y93.66
G1 F1500 X114.18 Y107.569 E2430.1981
G0 F9000 X114.539 Y107.776
G1 F1500 X128.655 Y93.66 E2430.86207
G0 F9000 X129.22 Y93.66
G1 F1500 X114.898 Y107.982 E2431.53573
G0 F9000 X115.256 Y108.189
G1 F1500 X129.786 Y93.66 E2432.21916
G0 F9000 X130.352 Y93.66
G1 F1500 X115.615 Y108.397 E2432.91234
G0 F9000 X115.973 Y108.604
G1 F1500 X130.917 Y93.66 E2433.61526
G0 F9000 X131.483 Y93.66
G1 F1500 X116.332 Y108.811 E2434.32792
G0 F9000 X116.69 Y109.018
G1 F1500 X132.049 Y93.66 E2435.05033
G0 F9000 X132.614 Y93.66
G1 F1500 X117.049 Y109.225 E2435.78246
G0 F9000 X117.407 Y109.433
G1 F1500 X133.18 Y93.66 E2436.52438
G0 F9000 X133.746 Y93.66
G1 F1500 X117.767 Y109.639 E2437.27598
G0 F9000 X118.125 Y109.846
G1 F1500 X134.311 Y93.66 E2438.03732
G0 F9000 X134.877 Y93.66
G1 F1500 X118.484 Y110.053 E2438.8084
G0 F9000 X118.842 Y110.261
G1 F1500 X135.443 Y93.66 E2439.58926
G0 F9000 X136.008 Y93.66
G1 F1500 X119.201 Y110.468 E2440.37983
G0 F9000 X119.559 Y110.675
G1 F1500 X136.574 Y93.66 E2441.18016
G0 F9000 X137.14 Y93.66
G1 F1500 X119.918 Y110.882 E2441.99023
G0 F9000 X120.276 Y111.089
G1 F1500 X137.706 Y93.66 E2442.81006
G0 F9000 X138.271 Y93.66
G1 F1500 X120.635 Y111.296 E2443.63961
G0 F9000 X120.994 Y111.503
G1 F1500 X138.788 Y93.709 E2444.47658
G0 F9000 X139.28 Y93.783
G1 F1500 X121.352 Y111.71 E2445.31984
G0 F9000 X121.711 Y111.917
G1 F1500 X139.679 Y93.949 E2446.165
G0 F9000 X140.043 Y94.151
G1 F1500 X122.069 Y112.125 E2447.01044
G0 F9000 X122.428 Y112.332
G1 F1500 X140.364 Y94.396 E2447.85409
G0 F9000 X140.639 Y94.687
G1 F1500 X122.786 Y112.539 E2448.69382
G0 F9000 X123.145 Y112.746
G1 F1500 X140.885 Y95.006 E2449.52826
G0 F9000 X141.071 Y95.385
G1 F1500 X123.504 Y112.953 E2450.35458
G0 F9000 X123.862 Y113.16
G1 F1500 X141.23 Y95.792 E2451.17151
G0 F9000 X141.298 Y96.29
G1 F1500 X124.221 Y113.367 E2451.97476
G0 F9000 X124.579 Y113.574
G1 F1500 X141.339 Y96.814 E2452.7631
G0 F9000 X141.339 Y97.38
G1 F1500 X124.938 Y113.781 E2453.53456
G0 F9000 X125.296 Y113.988
G1 F1500 X141.339 Y97.946 E2454.28915
G0 F9000 X141.339 Y98.511
G1 F1500 X125.655 Y114.196 E2455.0269
G0 F9000 X126.013 Y114.403
G1 F1500 X141.339 Y99.077 E2455.74778
G0 F9000 X141.339 Y99.643
G1 F1500 X126.373 Y114.609 E2456.45174
G0 F9000 X126.731 Y114.816
G1 F1500 X141.339 Y100.208 E2457.13885
G0 F9000 X141.339 Y100.774
G1 F1500 X127.09 Y115.024 E2457.80911
G0 F9000 X127.448 Y115.231
G1 F1500 X141.339 Y101.34 E2458.4625
G0 F9000 X141.339 Y101.905
G1 F1500 X127.807 Y115.438 E2459.09902
G0 F9000 X128.165 Y115.645
G1 F1500 X141.339 Y102.471 E2459.71869
G0 F9000 X141.339 Y103.037
G1 F1500 X128.524 Y115.852 E2460.32147
G0 F9000 X128.883 Y116.059
G1 F1500 X141.339 Y103.602 E2460.90738
G0 F9000 X141.339 Y104.168
G1 F1500 X129.241 Y116.266 E2461.47644
G0 F9000 X129.6 Y116.473
G1 F1500 X141.339 Y104.734 E2462.0286
G0 F9000 X141.339 Y105.3
G1 F1500 X129.909 Y116.73 E2462.56623
G0 F9000 X130.128 Y117.076
G1 F1500 X141.339 Y105.865 E2463.09357
G0 F9000 X141.339 Y106.431
G1 F1500 X130.209 Y117.561 E2463.61709
G0 F9000 X129.779 Y117.608
G0 X128.536 Y118.611
G0 X128.763 Y119.007
G1 F1500 X106.43 Y141.34 E2464.66756
G0 F9000 X106.996 Y141.34
G1 F1500 X141.339 Y106.997 E2466.28295
G0 F9000 X141.339 Y107.562
G1 F1500 X107.562 Y141.34 E2467.87174
G0 F9000 X108.127 Y141.34
G1 F1500 X141.339 Y108.128 E2469.43393
G0 F9000 X141.339 Y108.694
G1 F1500 X108.693 Y141.34 E2470.9695
G0 F9000 X109.259 Y141.34
G1 F1500 X141.339 Y109.259 E2472.47847
G0 F9000 X141.339 Y109.825
G1 F1500 X109.824 Y141.34 E2473.96084
G0 F9000 X110.39 Y141.34
G1 F1500 X141.339 Y110.391 E2475.41658
G0 F9000 X141.339 Y110.956
G1 F1500 X110.956 Y141.34 E2476.84573
G0 F9000 X111.521 Y141.34
G1 F1500 X141.339 Y111.522 E2478.24828
G0 F9000 X141.339 Y112.088
G1 F1500 X112.087 Y141.34 E2479.6242
G0 F9000 X112.653 Y141.34
G1 F1500 X141.339 Y112.653 E2480.97353
G0 F9000 X141.339 Y113.219
G1 F1500 X113.218 Y141.34 E2482.29625
G0 F9000 X113.784 Y141.34
G1 F1500 X141.339 Y113.785 E2483.59236
G0 F9000 X141.339 Y114.35
G1 F1500 X114.35 Y141.34 E2484.86186
G0 F9000 X114.915 Y141.34
G1 F1500 X141.339 Y114.916 E2486.10476
G0 F9000 X141.339 Y115.482
G1 F1500 X115.481 Y141.34 E2487.32104
G0 F9000 X116.047 Y141.34
G1 F1500 X141.339 Y116.048 E2488.5107
G0 F9000 X141.339 Y116.613
G1 F1500 X116.613 Y141.34 E2489.67376
G0 F9000 X117.178 Y141.34
G1 F1500 X141.339 Y117.179 E2490.81022
G0 F9000 X141.339 Y117.745
G1 F1500 X117.744 Y141.34 E2491.92006
G0 F9000 X118.31 Y141.34
G1 F1500 X141.339 Y118.311 E2493.00327
G0 F9000 X141.339 Y118.877
G1 F1500 X118.875 Y141.34 E2494.05988
G0 F9000 X119.441 Y141.34
G1 F1500 X141.339 Y119.442 E2495.0899
G0 F9000 X141.339 Y120.008
G1 F1500 X120.007 Y141.34 E2496.09329
G0 F9000 X120.572 Y141.34
G1 F1500 X141.339 Y120.574 E2497.07008
G0 F9000 X141.339 Y121.139
G1 F1500 X121.138 Y141.34 E2498.02028
G0 F9000 X121.704 Y141.34
G1 F1500 X141.339 Y121.705 E2498.94385
G0 F9000 X141.339 Y122.271
G1 F1500 X122.269 Y141.34 E2499.84082
G0 F9000 X122.835 Y141.34
G1 F1500 X141.339 Y122.836 E2500.71119
G0 F9000 X141.339 Y123.402
G1 F1500 X123.401 Y141.34 E2501.55494
G0 F9000 X123.966 Y141.34
G1 F1500 X141.339 Y123.968 E2502.37209
G0 F9000 X141.339 Y124.534
G1 F1500 X124.532 Y141.34 E2503.16261
G0 F9000 X125.098 Y141.34
G1 F1500 X141.339 Y125.099 E2503.92654
G0 F9000 X141.339 Y125.665
G1 F1500 X125.663 Y141.34 E2504.66387
G0 F9000 X126.229 Y141.34
G1 F1500 X141.339 Y126.231 E2505.37457
G0 F9000 X141.339 Y126.796
G1 F1500 X126.795 Y141.34 E2506.05868
G0 F9000 X127.361 Y141.34
G1 F1500 X141.339 Y127.362 E2506.71616
G0 F9000 X141.339 Y127.928
G1 F1500 X127.926 Y141.34 E2507.34704
G0 F9000 X128.492 Y141.34
G1 F1500 X141.339 Y128.493 E2507.95133
G0 F9000 X141.339 Y129.059
G1 F1500 X129.058 Y141.34 E2508.52899
G0 F9000 X129.623 Y141.34
G1 F1500 X141.339 Y129.625 E2509.08005
G0 F9000 X141.339 Y130.19
G1 F1500 X130.189 Y141.34 E2509.60451
G0 F9000 X130.755 Y141.34
G1 F1500 X141.339 Y130.756 E2510.10235
G0 F9000 X141.339 Y131.322
G1 F1500 X131.32 Y141.34 E2510.57359
G0 F9000 X131.886 Y141.34
G1 F1500 X141.339 Y131.887 E2511.01823
G0 F9000 X141.339 Y132.453
G1 F1500 X132.452 Y141.34 E2511.43625
G0 F9000 X133.017 Y141.34
G1 F1500 X141.339 Y133.019 E2511.82766
G0 F9000 X141.339 Y133.584
G1 F1500 X133.583 Y141.34 E2512.19248
G0 F9000 X134.149 Y141.34
G1 F1500 X141.339 Y134.15 E2512.53068
G0 F9000 X141.339 Y134.716
G1 F1500 X134.714 Y141.34 E2512.84227
G0 F9000 X135.28 Y141.34
G1 F1500 X141.339 Y135.282 E2513.12725
G0 F9000 X141.339 Y135.847
G1 F1500 X135.846 Y141.34 E2513.38562
G0 F9000 X136.412 Y141.34
G1 F1500 X141.339 Y136.413 E2513.61737
G0 F9000 X141.339 Y136.979
G1 F1500 X136.977 Y141.34 E2513.82252
G0 F9000 X137.543 Y141.34
G1 F1500 X141.339 Y137.544 E2514.00108
G0 F9000 X141.339 Y138.11
G1 F1500 X138.109 Y141.34 E2514.153
G0 F9000 X138.717 Y141.297
G1 F1500 X141.296 Y138.718 E2514.27431
G0 F9000 X141.141 Y139.439
G1 F1500 X139.439 Y141.141 E2514.35437
G1 F2700 E2509.35437
G0 F9000 X139.615 Y141.571
G0 X138.442 Y141.7
G0 X126.011 Y120.16
G0 X127.425 Y119.78
G1 F2700 E2514.35437
G1 F1500 X105.864 Y141.34 E2515.36851
G0 F9000 X105.299 Y141.34
G1 F1500 X126.087 Y120.552 E2516.34631
G0 F9000 X125.86 Y120.156
G0 X124.523 Y120.927
G0 X124.75 Y121.323
G1 F1500 X104.733 Y141.34 E2517.28785
G0 F9000 X104.167 Y141.34
G1 F1500 X123.412 Y122.095 E2518.19308
G0 F9000 X123.185 Y121.7
G0 X121.847 Y122.472
G0 X122.074 Y122.868
G1 F1500 X103.602 Y141.34 E2519.06194
G0 F9000 X103.036 Y141.34
G1 F1500 X120.737 Y123.639 E2519.89454
G0 F9000 X120.51 Y123.244
G0 X119.172 Y124.016
G0 X119.399 Y124.411
G1 F1500 X102.47 Y141.34 E2520.69083
G0 F9000 X101.905 Y141.34
G1 F1500 X118.061 Y125.183 E2521.45078
G0 F9000 X117.834 Y124.788
G0 X116.497 Y125.56
G0 X116.724 Y125.955
G1 F1500 X101.339 Y141.34 E2522.17445
G0 F9000 X100.773 Y141.34
G1 F1500 X115.386 Y126.727 E2522.8618
G0 F9000 X115.159 Y126.332
G0 X113.822 Y127.104
G0 X114.049 Y127.499
G1 F1500 X100.208 Y141.34 E2523.51284
G0 F9000 X99.642 Y141.34
G1 F1500 X112.711 Y128.271 E2524.12756
G0 F9000 X111.846 Y128.57
G1 F1500 X99.076 Y141.34 E2524.72822
G0 F9000 X98.511 Y141.34
G1 F1500 X111.382 Y128.469 E2525.33364
G0 F9000 X111.027 Y128.258
G1 F1500 X97.945 Y141.34 E2525.94897
G0 F9000 X97.379 Y141.34
G1 F1500 X110.756 Y127.963 E2526.57819
G0 F9000 X110.592 Y127.562
G1 F1500 X96.814 Y141.34 E2527.22626
G0 F9000 X96.29 Y141.298
G1 F1500 X110.557 Y127.031 E2527.89734
G0 F9000 X110.557 Y126.465
G1 F1500 X95.792 Y141.23 E2528.59184
G0 F9000 X95.384 Y141.072
G1 F1500 X110.557 Y125.9 E2529.30551
G0 F9000 X110.557 Y125.334
G1 F1500 X95.005 Y140.885 E2530.037
G0 F9000 X94.686 Y140.639
G1 F1500 X110.557 Y124.768 E2530.78352
G0 F9000 X110.557 Y124.203
G1 F1500 X94.397 Y140.363 E2531.54364
G0 F9000 X94.151 Y140.042
G1 F1500 X110.557 Y123.637 E2532.31531
G0 F9000 X110.557 Y123.071
G1 F1500 X93.95 Y139.678 E2533.09645
G0 F9000 X93.784 Y139.279
G1 F1500 X110.557 Y122.506 E2533.8854
G0 F9000 X110.557 Y121.94
G1 F1500 X93.709 Y138.787 E2534.67785
G0 F9000 X93.661 Y138.27
G1 F1500 X110.557 Y121.374 E2535.47259
G0 F9000 X110.557 Y120.808
G1 F1500 X93.661 Y137.704 E2536.26732
G0 F9000 X93.661 Y137.138
G1 F1500 X110.557 Y120.243 E2537.06204
G0 F9000 X110.557 Y119.677
G1 F1500 X93.661 Y136.573 E2537.85677
G0 F9000 X93.661 Y136.007
G1 F1500 X110.557 Y119.111 E2538.65151
G0 F9000 X110.557 Y118.546
G1 F1500 X93.661 Y135.441 E2539.44622
G0 F9000 X93.661 Y134.876
G1 F1500 X110.557 Y117.98 E2540.24096
G0 F9000 X110.557 Y117.414
G1 F1500 X93.661 Y134.31 E2541.03569
G0 F9000 X93.661 Y133.744
G1 F1500 X110.557 Y116.849 E2541.83041
G0 F9000 X110.557 Y116.283
G1 F1500 X93.661 Y133.179 E2542.62514
G0 F9000 X93.661 Y132.613
G1 F1500 X110.557 Y115.717 E2543.41988
G0 F9000 X110.557 Y115.152
G1 F1500 X93.661 Y132.047 E2544.21459
G0 F9000 X93.661 Y131.482
G1 F1500 X110.557 Y114.586 E2545.00933
G0 F9000 X110.557 Y114.02
G1 F1500 X93.661 Y130.916 E2545.80406
G0 F9000 X93.661 Y130.35
G1 F1500 X110.557 Y113.455 E2546.59878
G0 F9000 X110.557 Y112.889
G1 F1500 X93.661 Y129.784 E2547.39349
G0 F9000 X93.661 Y129.219
G1 F1500 X110.557 Y112.323 E2548.18822
G0 F9000 X110.557 Y111.758
G1 F1500 X93.661 Y128.653 E2548.98294
G0 F9000 X93.661 Y128.087
G1 F1500 X110.557 Y111.192 E2549.77765
G0 F9000 X110.557 Y110.626
G1 F1500 X93.661 Y127.522 E2550.57239
G0 F9000 X93.661 Y126.956
G1 F1500 X110.557 Y110.06 E2551.36712
G0 F9000 X110.557 Y109.495
G1 F1500 X93.661 Y126.39 E2552.16183
G0 F9000 X93.661 Y125.825
G1 F1500 X110.557 Y108.929 E2552.95657
G0 F9000 X110.557 Y108.363
G1 F1500 X93.661 Y125.259 E2553.75131
G0 F9000 X93.661 Y124.693
G1 F1500 X110.557 Y107.798 E2554.54602
G1 F2700 E2549.54602
;MESH:NONMESH
G0 F300 X110.557 Y107.798 Z5.8
G0 F9000 X111.018 Y107.798
G0 X111.119 Y107.169
G0 X95.665 Y93.416
G0 X94.1 Y94.1
;TIME_ELAPSED:3189.334774
;LAYER:28
;TYPE:WALL-INNER
;MESH:triangolo_spesso.stl
G1 F2700 E2554.54602
G1 F1500 X93.556 Y94.804 E2554.57561
G1 X93.221 Y95.613 E2554.60473
G1 X93.1 Y96.543 E2554.63593
G1 X93.1 Y138.457 E2556.02999
G1 X93.221 Y139.383 E2556.06105
G1 X93.556 Y140.192 E2556.09017
G1 X94.1 Y140.896 E2556.11977
G1 X94.804 Y141.44 E2556.14936
G1 X95.614 Y141.775 E2556.17851
G1 X96.544 Y141.9 E2556.20972
G1 X138.456 Y141.9 E2557.60372
G1 X139.383 Y141.775 E2557.63483
G1 X140.188 Y141.443 E2557.66379
G1 X140.896 Y140.896 E2557.69355
G1 X141.443 Y140.188 E2557.72331
G1 X141.775 Y139.383 E2557.75227
G1 X141.9 Y138.456 E2557.78338
G1 X141.9 Y96.544 E2559.17738
G1 X141.775 Y95.613 E2559.20862
G1 X141.443 Y94.808 E2559.23759
G1 X140.896 Y94.101 E2559.26732
G1 X140.188 Y93.556 E2559.29703
G1 X139.383 Y93.221 E2559.32603
G1 X138.457 Y93.1 E2559.35709
G1 X96.543 Y93.1 E2560.75116
G1 X95.613 Y93.221 E2560.78235
G1 X94.804 Y93.556 E2560.81148
G1 X94.1 Y94.1 E2560.84107
G1 F2700 E2555.84107
G0 F9000 X94.157 Y94.191
G0 X94.885 Y93.697
G0 X95.7 Y93.398
G0 X111.239 Y107.044
G0 X111.363 Y107.186
G1 F2700 E2560.84107
G1 F1500 X111.689 Y107.007 E2560.85344
G1 X112.054 Y106.986 E2560.8656
G1 X129.412 Y117.01 E2561.53228
G1 X129.613 Y117.255 E2561.54282
G1 X129.656 Y117.396 E2561.54772
G1 X129.613 Y117.745 E2561.55942
G1 X129.412 Y117.99 E2561.56996
G1 X112.126 Y127.968 E2562.2338
G1 X111.813 Y128.017 E2562.24434
G1 X111.63 Y127.966 E2562.25066
G1 X111.306 Y127.777 E2562.26313
G1 X111.168 Y127.57 E2562.27141
G1 X111.118 Y127.376 E2562.27807
G1 X111.116 Y107.594 E2562.93602
G1 X111.168 Y107.426 E2562.94187
G1 X111.363 Y107.186 E2562.95216
G0 F9000 X111.583 Y107.521
;TYPE:WALL-OUTER
G1 F1500 X111.836 Y107.38 E2562.96179
G1 X111.943 Y107.38 E2562.96535
G1 X129.165 Y117.326 E2563.62682
G1 X129.262 Y117.465 E2563.63245
G1 X129.255 Y117.56 E2563.63562
G1 X129.18 Y117.664 E2563.63989
G1 X111.943 Y127.611 E2564.3018
G1 X111.836 Y127.616 E2564.30536
G1 X111.583 Y127.475 E2564.315
G1 X111.516 Y127.342 E2564.31995
G1 X111.518 Y107.637 E2564.97534
G1 X111.583 Y107.521 E2564.97976
G1 F2700 E2559.97976
G0 F9000 X111.217 Y107.521
G0 X111.119 Y107.169
G0 X95.665 Y93.416
G0 X93.815 Y93.815
G1 F2700 E2564.97976
G1 F1500 X93.207 Y94.602 E2565.01284
G1 X92.831 Y95.509 E2565.0455
G1 X92.7 Y96.517 E2565.07931
G1 X92.7 Y138.483 E2566.4751
G1 X92.831 Y139.487 E2566.50878
G1 X93.207 Y140.394 E2566.54143
G1 X93.815 Y141.181 E2566.57451
G1 X94.602 Y141.789 E2566.60759
G1 X95.509 Y142.165 E2566.64025
G1 X96.518 Y142.3 E2566.6741
G1 X138.482 Y142.3 E2568.06983
G1 X139.487 Y142.165 E2568.10356
G1 X140.39 Y141.793 E2568.13604
G1 X141.181 Y141.181 E2568.16931
G1 X141.793 Y140.39 E2568.20257
G1 X142.165 Y139.487 E2568.23505
G1 X142.3 Y138.482 E2568.26878
G1 X142.3 Y96.518 E2569.66451
G1 X142.165 Y95.509 E2569.69837
G1 X141.793 Y94.606 E2569.73085
G1 X141.181 Y93.815 E2569.76411
G1 X140.39 Y93.207 E2569.79729
G1 X139.487 Y92.831 E2569.82983
G1 X138.483 Y92.7 E2569.8635
G1 X96.517 Y92.7 E2571.2593
G1 X95.509 Y92.831 E2571.29311
G1 X94.602 Y93.207 E2571.32576
G1 X93.815 Y93.815 E2571.35884
G1 F2700 E2566.35884
G0 F9000 X94.157 Y94.191
G0 X94.885 Y93.697
G0 X95.7 Y93.398
G0 X111.239 Y107.044
G0 X111.12 Y106.904
;TYPE:SKIN
G1 F2700 E2571.35884
G1 F1500 X110.837 Y107.277 E2571.37441
G1 X110.756 Y107.591 E2571.3852
G1 X110.758 Y127.418 E2572.04465
G1 X110.837 Y127.719 E2572.055
G1 X111.052 Y128.036 E2572.06774
G1 X111.514 Y128.318 E2572.08574
G1 X111.776 Y128.376 E2572.09467
G1 X112.102 Y128.351 E2572.10554
G1 X112.288 Y128.286 E2572.11209
G1 X129.625 Y118.28 E2572.77787
G1 X129.825 Y118.086 E2572.78714
G1 X130.01 Y117.671 E2572.80225
G1 X130.007 Y117.315 E2572.81409
G1 X129.893 Y117.017 E2572.8247
G1 X129.637 Y116.73 E2572.83749
G1 X112.289 Y106.706 E2573.50389
G1 X112.077 Y106.635 E2573.51132
G1 X111.763 Y106.622 E2573.52178
G1 X111.487 Y106.699 E2573.53131
G1 X111.12 Y106.904 E2573.54529
G1 F2700 E2568.54529
G0 F9000 X111.291 Y107.104
G0 X95.665 Y93.416
G0 X94.355 Y94.355
G1 F2700 E2573.54529
G1 F1500 X94.99 Y93.867 E2573.57193
G1 X95.701 Y93.571 E2573.59754
G1 X96.569 Y93.46 E2573.62665
G1 X138.427 Y93.46 E2575.01885
G1 X139.291 Y93.571 E2575.04782
G1 X140.002 Y93.867 E2575.07344
G1 X140.633 Y94.351 E2575.09989
G1 X141.125 Y94.989 E2575.12668
G1 X141.421 Y95.705 E2575.15245
G1 X141.54 Y96.574 E2575.18163
G1 X141.539 Y138.418 E2576.57336
G1 X141.421 Y139.287 E2576.60253
G1 X141.125 Y140.006 E2576.62839
G1 X140.637 Y140.637 E2576.65492
G1 X140.006 Y141.125 E2576.68145
G1 X139.287 Y141.421 E2576.70732
G1 X138.422 Y141.539 E2576.73635
G1 X96.574 Y141.54 E2578.12822
G1 X95.705 Y141.421 E2578.1574
G1 X94.986 Y141.125 E2578.18326
G1 X94.355 Y140.637 E2578.20979
G1 X93.867 Y140.002 E2578.23642
G1 X93.571 Y139.291 E2578.26204
G1 X93.461 Y138.427 E2578.29101
G1 X93.46 Y96.569 E2579.68321
G1 X93.571 Y95.701 E2579.71232
G1 X93.867 Y94.99 E2579.73793
G1 X94.355 Y94.355 E2579.76457
G1 F2700 E2574.76457
G0 F9000 X94.199 Y94.151
G0 X94.885 Y93.697
G0 X95.655 Y93.378
G0 X96.554 Y93.261
G0 X138.446 Y93.261
G0 X139.341 Y93.378
G0 X140.107 Y93.697
G0 X140.654 Y94.116
G0 X141.285 Y94.766
G0 X140.977 Y95.157
G1 F2700 E2579.76457
G1 F1500 X139.836 Y94.016 E2579.81824
G0 F9000 X138.989 Y93.734
G1 F1500 X141.259 Y96.005 E2579.92503
G0 F9000 X141.339 Y96.65
G1 F1500 X138.35 Y93.661 E2580.06563
G0 F9000 X137.784 Y93.661
G1 F1500 X141.339 Y97.216 E2580.23284
G0 F9000 X141.339 Y97.782
G1 F1500 X137.218 Y93.661 E2580.42668
G0 F9000 X136.653 Y93.661
G1 F1500 X141.339 Y98.347 E2580.6471
G0 F9000 X141.339 Y98.913
G1 F1500 X136.087 Y93.661 E2580.89414
G0 F9000 X135.521 Y93.661
G1 F1500 X141.339 Y99.479 E2581.1678
G0 F9000 X141.339 Y100.044
G1 F1500 X134.956 Y93.661 E2581.46803
G0 F9000 X134.39 Y93.661
G1 F1500 X141.339 Y100.61 E2581.79489
G0 F9000 X141.339 Y101.176
G1 F1500 X133.824 Y93.661 E2582.14838
G0 F9000 X133.259 Y93.661
G1 F1500 X141.339 Y101.741 E2582.52843
G0 F9000 X141.339 Y102.307
G1 F1500 X132.693 Y93.661 E2582.93512
G0 F9000 X132.127 Y93.661
G1 F1500 X141.339 Y102.873 E2583.36842
G0 F9000 X141.339 Y103.438
G1 F1500 X131.561 Y93.661 E2583.82832
G0 F9000 X130.996 Y93.661
G1 F1500 X141.339 Y104.004 E2584.31483
G0 F9000 X141.339 Y104.57
G1 F1500 X130.43 Y93.661 E2584.82795
G0 F9000 X129.864 Y93.661
G1 F1500 X141.339 Y105.135 E2585.36768
G0 F9000 X141.339 Y105.701
G1 F1500 X129.299 Y93.661 E2585.934
G0 F9000 X128.733 Y93.661
G1 F1500 X141.339 Y106.267 E2586.52695
G0 F9000 X141.339 Y106.833
G1 F1500 X128.167 Y93.661 E2587.14652
G0 F9000 X127.602 Y93.661
G1 F1500 X141.339 Y107.398 E2587.79267
G0 F9000 X141.339 Y107.964
G1 F1500 X127.036 Y93.661 E2588.46544
G0 F9000 X126.47 Y93.661
G1 F1500 X141.339 Y108.53 E2589.16483
G0 F9000 X141.339 Y109.095
G1 F1500 X125.905 Y93.661 E2589.8908
G0 F9000 X125.339 Y93.661
G1 F1500 X141.339 Y109.661 E2590.64339
G0 F9000 X141.339 Y110.227
G1 F1500 X124.773 Y93.661 E2591.4226
G0 F9000 X124.208 Y93.661
G1 F1500 X141.339 Y110.792 E2592.22839
G0 F9000 X141.339 Y111.358
G1 F1500 X123.642 Y93.661 E2593.0608
G0 F9000 X123.076 Y93.661
G1 F1500 X141.339 Y111.924 E2593.91984
G0 F9000 X141.339 Y112.489
G1 F1500 X122.51 Y93.661 E2594.80547
G0 F9000 X121.945 Y93.661
G1 F1500 X141.339 Y113.055 E2595.71771
G0 F9000 X141.339 Y113.621
G1 F1500 X121.379 Y93.661 E2596.65657
G0 F9000 X120.813 Y93.661
G1 F1500 X141.339 Y114.186 E2597.62202
G0 F9000 X141.339 Y114.752
G1 F1500 X120.248 Y93.661 E2598.61408
G0 F9000 X119.682 Y93.661
G1 F1500 X141.339 Y115.318 E2599.63276
G0 F9000 X141.339 Y115.883
G1 F1500 X119.116 Y93.661 E2600.67804
G0 F9000 X118.551 Y93.661
G1 F1500 X141.339 Y116.449 E2601.74991
G0 F9000 X141.339 Y117.015
G1 F1500 X117.985 Y93.661 E2602.84841
G0 F9000 X117.419 Y93.661
G1 F1500 X141.339 Y117.58 E2603.97351
G0 F9000 X141.339 Y118.146
G1 F1500 X116.854 Y93.661 E2605.12521
G0 F9000 X116.288 Y93.661
G1 F1500 X141.339 Y118.711 E2606.30351
G0 F9000 X141.339 Y119.277
G1 F1500 X115.722 Y93.661 E2607.50843
G0 F9000 X115.157 Y93.661
G1 F1500 X141.339 Y119.843 E2608.73995
G0 F9000 X141.339 Y120.408
G1 F1500 X114.591 Y93.661 E2609.99808
G0 F9000 X114.025 Y93.661
G1 F1500 X141.339 Y120.974 E2611.28282
G0 F9000 X141.339 Y121.54
G1 F1500 X113.46 Y93.661 E2612.59416
G0 F9000 X112.894 Y93.661
G1 F1500 X141.339 Y122.105 E2613.9321
G0 F9000 X141.339 Y122.671
G1 F1500 X112.328 Y93.661 E2615.29667
G0 F9000 X111.762 Y93.661
G1 F1500 X141.339 Y123.237 E2616.68786
G0 F9000 X141.339 Y123.802
G1 F1500 X111.197 Y93.661 E2618.10562
G0 F9000 X110.631 Y93.661
G1 F1500 X141.339 Y124.368 E2619.55001
G0 F9000 X141.339 Y124.934
G1 F1500 X110.065 Y93.661 E2621.02102
G0 F9000 X109.5 Y93.661
G1 F1500 X141.339 Y125.499 E2622.5186
G0 F9000 X141.339 Y126.065
G1 F1500 X108.934 Y93.661 E2624.04281
G0 F9000 X108.368 Y93.661
G1 F1500 X141.339 Y126.631 E2625.59364
G0 F9000 X141.339 Y127.196
G1 F1500 X107.803 Y93.661 E2627.17105
G0 F9000 X107.237 Y93.661
G1 F1500 X141.339 Y127.762 E2628.77508
G0 F9000 X141.339 Y128.328
G1 F1500 X130.153 Y117.142 E2629.30123
G0 F9000 X130.198 Y117.753
G1 F1500 X141.339 Y128.894 E2629.82527
G0 F9000 X141.339 Y129.459
G1 F1500 X130.022 Y118.143 E2630.35757
G0 F9000 X129.75 Y118.436
G1 F1500 X141.339 Y130.025 E2630.90268
G0 F9000 X141.339 Y130.591
G1 F1500 X129.393 Y118.645 E2631.46458
G0 F9000 X129.034 Y118.851
G1 F1500 X141.339 Y131.156 E2632.04337
G0 F9000 X141.339 Y131.722
G1 F1500 X128.675 Y119.058 E2632.63904
G0 F9000 X128.317 Y119.266
G1 F1500 X141.339 Y132.288 E2633.25156
G0 F9000 X141.339 Y132.853
G1 F1500 X127.958 Y119.473 E2633.88094
G0 F9000 X127.599 Y119.679
G1 F1500 X141.339 Y133.419 E2634.52722
G0 F9000 X141.339 Y133.985
G1 F1500 X127.24 Y119.886 E2635.1904
G0 F9000 X126.882 Y120.094
G1 F1500 X141.339 Y134.55 E2635.87039
G0 F9000 X141.339 Y135.116
G1 F1500 X126.523 Y120.301 E2636.56726
G0 F9000 X126.164 Y120.507
G1 F1500 X141.339 Y135.682 E2637.28105
G0 F9000 X141.339 Y136.247
G1 F1500 X125.806 Y120.714 E2638.01167
G0 F9000 X125.447 Y120.922
G1 F1500 X141.339 Y136.813 E2638.75916
G0 F9000 X141.339 Y137.379
G1 F1500 X125.089 Y121.129 E2639.52351
G0 F9000 X124.729 Y121.335
G1 F1500 X141.339 Y137.945 E2640.30479
G0 F9000 X141.326 Y138.497
G1 F1500 X124.371 Y121.542 E2641.10231
G0 F9000 X124.012 Y121.75
G1 F1500 X141.258 Y138.995 E2641.91348
G0 F9000 X141.139 Y139.442
G1 F1500 X123.653 Y121.956 E2642.73597
G0 F9000 X123.295 Y122.163
G1 F1500 X140.974 Y139.843 E2643.56756
G0 F9000 X140.74 Y140.175
G1 F1500 X122.936 Y122.37 E2644.40503
G0 F9000 X122.578 Y122.578
G1 F1500 X140.494 Y140.494 E2645.24774
G0 F9000 X140.175 Y140.74
G1 F1500 X122.218 Y122.784 E2646.09236
G0 F9000 X121.86 Y122.991
G1 F1500 X139.843 Y140.974 E2646.93823
G0 F9000 X139.442 Y141.139
G1 F1500 X121.501 Y123.199 E2647.78209
G0 F9000 X121.143 Y123.406
G1 F1500 X138.996 Y141.259 E2648.62184
G0 F9000 X138.498 Y141.327
G1 F1500 X120.784 Y123.612 E2649.45508
G0 F9000 X120.425 Y123.819
G1 F1500 X137.945 Y141.339 E2650.27916
G0 F9000 X137.38 Y141.339
G1 F1500 X120.067 Y124.027 E2651.09349
G0 F9000 X119.708 Y124.234
G1 F1500 X136.814 Y141.339 E2651.89808
G0 F9000 X136.248 Y141.339
G1 F1500 X119.349 Y124.44 E2652.69296
G0 F9000 X118.991 Y124.647
G1 F1500 X135.682 Y141.339 E2653.47808
G0 F9000 X135.117 Y141.339
G1 F1500 X118.632 Y124.855 E2654.25346
G0 F9000 X118.274 Y125.062
G1 F1500 X134.551 Y141.339 E2655.01908
G0 F9000 X133.985 Y141.339
G1 F1500 X117.914 Y125.268 E2655.77501
G0 F9000 X117.556 Y125.475
G1 F1500 X133.42 Y141.339 E2656.5212
G0 F9000 X132.854 Y141.339
G1 F1500 X117.197 Y125.683 E2657.25763
G0 F9000 X116.839 Y125.89
G1 F1500 X132.288 Y141.339 E2657.98431
G0 F9000 X131.723 Y141.339
G1 F1500 X116.48 Y126.096 E2658.70129
G0 F9000 X116.121 Y126.303
G1 F1500 X131.157 Y141.339 E2659.40854
G0 F9000 X130.591 Y141.339
G1 F1500 X115.763 Y126.511 E2660.106
G0 F9000 X115.403 Y126.717
G1 F1500 X130.026 Y141.339 E2660.7938
G0 F9000 X129.46 Y141.339
G1 F1500 X115.045 Y126.924 E2661.47184
G0 F9000 X114.686 Y127.131
G1 F1500 X128.894 Y141.339 E2662.14014
G0 F9000 X128.329 Y141.339
G1 F1500 X114.328 Y127.339 E2662.79868
G0 F9000 X113.969 Y127.545
G1 F1500 X127.763 Y141.339 E2663.44751
G0 F9000 X127.197 Y141.339
G1 F1500 X113.61 Y127.752 E2664.0866
G0 F9000 X113.252 Y127.959
G1 F1500 X126.632 Y141.339 E2664.71595
G0 F9000 X126.066 Y141.339
G1 F1500 X112.893 Y128.167 E2665.33555
G0 F9000 X112.534 Y128.373
G1 F1500 X125.5 Y141.339 E2665.94543
G0 F9000 X124.934 Y141.339
G1 F1500 X112.135 Y128.54 E2666.54745
G0 F9000 X111.562 Y128.532
G1 F1500 X124.369 Y141.339 E2667.14985
G0 F9000 X123.803 Y141.339
G1 F1500 X93.661 Y111.197 E2668.56764
G0 F9000 X93.661 Y111.762
G1 F1500 X123.237 Y141.339 E2669.95883
G0 F9000 X122.672 Y141.339
G1 F1500 X93.661 Y112.328 E2671.32342
G0 F9000 X93.661 Y112.894
G1 F1500 X122.106 Y141.339 E2672.66138
G0 F9000 X121.54 Y141.339
G1 F1500 X93.661 Y113.46 E2673.97273
G0 F9000 X93.661 Y114.025
G1 F1500 X120.975 Y141.339 E2675.25749
G0 F9000 X120.409 Y141.339
G1 F1500 X93.661 Y114.591 E2676.51564
G0 F9000 X93.661 Y115.157
G1 F1500 X119.843 Y141.339 E2677.74716
G0 F9000 X119.278 Y141.339
G1 F1500 X93.661 Y115.722 E2678.9521
G0 F9000 X93.661 Y116.288
G1 F1500 X118.712 Y141.339 E2680.13043
G0 F9000 X118.146 Y141.339
G1 F1500 X93.661 Y116.854 E2681.28213
G0 F9000 X93.661 Y117.419
G1 F1500 X117.581 Y141.339 E2682.40725
G0 F9000 X117.015 Y141.339
G1 F1500 X93.661 Y117.985 E2683.50575
G0 F9000 X93.661 Y118.551
G1 F1500 X116.449 Y141.339 E2684.57763
G0 F9000 X115.883 Y141.339
G1 F1500 X93.661 Y119.116 E2685.62291
G0 F9000 X93.661 Y119.682
G1 F1500 X115.318 Y141.339 E2686.64158
G0 F9000 X114.752 Y141.339
G1 F1500 X93.661 Y120.248 E2687.63364
G0 F9000 X93.661 Y120.813
G1 F1500 X114.186 Y141.339 E2688.5991
G0 F9000 X113.621 Y141.339
G1 F1500 X93.661 Y121.379 E2689.53795
G0 F9000 X93.661 Y121.945
G1 F1500 X113.055 Y141.339 E2690.45019
G0 F9000 X112.489 Y141.339
G1 F1500 X93.661 Y122.51 E2691.33582
G0 F9000 X93.661 Y123.076
G1 F1500 X111.924 Y141.339 E2692.19486
G0 F9000 X111.358 Y141.339
G1 F1500 X93.661 Y123.642 E2693.02727
G0 F9000 X93.661 Y124.208
G1 F1500 X110.792 Y141.339 E2693.83306
G0 F9000 X110.227 Y141.339
G1 F1500 X93.661 Y124.773 E2694.61227
G0 F9000 X93.661 Y125.339
G1 F1500 X109.661 Y141.339 E2695.36487
G0 F9000 X109.095 Y141.339
G1 F1500 X93.661 Y125.905 E2696.09083
G0 F9000 X93.661 Y126.47
G1 F1500 X108.53 Y141.339 E2696.79023
G0 F9000 X107.964 Y141.339
G1 F1500 X93.661 Y127.036 E2697.463
G0 F9000 X93.661 Y127.602
G1 F1500 X107.398 Y141.339 E2698.10914
G0 F9000 X106.833 Y141.339
G1 F1500 X93.661 Y128.167 E2698.72871
G0 F9000 X93.661 Y128.733
G1 F1500 X106.267 Y141.339 E2699.32166
G0 F9000 X105.701 Y141.339
G1 F1500 X93.661 Y129.299 E2699.88798
G0 F9000 X93.661 Y129.864
G1 F1500 X105.135 Y141.339 E2700.42771
G0 F9000 X104.57 Y141.339
G1 F1500 X93.661 Y130.43 E2700.94084
G0 F9000 X93.661 Y130.996
G1 F1500 X104.004 Y141.339 E2701.42734
G0 F9000 X103.438 Y141.339
G1 F1500 X93.661 Y131.561 E2701.88724
G0 F9000 X93.661 Y132.127
G1 F1500 X102.873 Y141.339 E2702.32055
G0 F9000 X102.307 Y141.339
G1 F1500 X93.661 Y132.693 E2702.72723
G0 F9000 X93.661 Y133.259
G1 F1500 X101.741 Y141.339 E2703.10729
G0 F9000 X101.176 Y141.339
G1 F1500 X93.661 Y133.824 E2703.46077
G0 F9000 X93.661 Y134.39
G1 F1500 X100.61 Y141.339 E2703.78763
G0 F9000 X100.044 Y141.339
G1 F1500 X93.661 Y134.956 E2704.08787
G0 F9000 X93.661 Y135.521
G1 F1500 X99.479 Y141.339 E2704.36153
G0 F9000 X98.913 Y141.339
G1 F1500 X93.661 Y136.087 E2704.60856
G0 F9000 X93.661 Y136.653
G1 F1500 X98.347 Y141.339 E2704.82898
G0 F9000 X97.782 Y141.339
G1 F1500 X93.661 Y137.218 E2705.02282
G0 F9000 X93.661 Y137.784
G1 F1500 X97.216 Y141.339 E2705.19003
G0 F9000 X96.65 Y141.339
G1 F1500 X93.661 Y138.35 E2705.33063
G0 F9000 X93.734 Y138.989
G1 F1500 X96.005 Y141.259 E2705.43743
G0 F9000 X95.158 Y140.979
G1 F1500 X94.015 Y139.835 E2705.49121
G1 F2700 E2700.49121
G0 F9000 X93.59 Y140.01
G0 X94.215 Y140.781
G0 X94.934 Y141.293
G0 X111.181 Y127.91
G0 X110.592 Y127.563
G1 F2700 E2705.49121
G1 F1500 X93.661 Y110.631 E2706.28762
G0 F9000 X93.661 Y110.065
G1 F1500 X110.557 Y126.962 E2707.08238
G0 F9000 X110.557 Y126.396
G1 F1500 X93.661 Y109.5 E2707.87711
G0 F9000 X93.661 Y108.934
G1 F1500 X110.557 Y125.83 E2708.67185
G0 F9000 X110.557 Y125.265
G1 F1500 X93.661 Y108.368 E2709.46661
G0 F9000 X93.661 Y107.803
G1 F1500 X110.557 Y124.699 E2710.26135
G0 F9000 X110.557 Y124.133
G1 F1500 X93.661 Y107.237 E2711.05608
G0 F9000 X93.661 Y106.671
G1 F1500 X110.557 Y123.568 E2711.85084
G0 F9000 X110.557 Y123.002
G1 F1500 X93.661 Y106.106 E2712.64558
G0 F9000 X93.661 Y105.54
G1 F1500 X110.557 Y122.436 E2713.44031
G0 F9000 X110.557 Y121.871
G1 F1500 X93.661 Y104.974 E2714.23507
G0 F9000 X93.661 Y104.409
G1 F1500 X110.557 Y121.305 E2715.02981
G0 F9000 X110.557 Y120.739
G1 F1500 X93.661 Y103.843 E2715.82454
G0 F9000 X93.661 Y103.277
G1 F1500 X110.557 Y120.174 E2716.6193
G0 F9000 X110.557 Y119.608
G1 F1500 X93.661 Y102.712 E2717.41404
G0 F9000 X93.661 Y102.146
G1 F1500 X110.557 Y119.042 E2718.20878
G0 F9000 X110.557 Y118.476
G1 F1500 X93.661 Y101.58 E2719.00351
G0 F9000 X93.661 Y101.014
G1 F1500 X110.557 Y117.911 E2719.79827
G0 F9000 X110.557 Y117.345
G1 F1500 X93.661 Y100.449 E2720.59301
G0 F9000 X93.661 Y99.883
G1 F1500 X110.557 Y116.779 E2721.38774
G0 F9000 X110.557 Y116.214
G1 F1500 X93.661 Y99.317 E2722.1825
G0 F9000 X93.661 Y98.752
G1 F1500 X110.557 Y115.648 E2722.97724
G0 F9000 X110.557 Y115.082
G1 F1500 X93.661 Y98.186 E2723.77198
G0 F9000 X93.661 Y97.62
G1 F1500 X110.557 Y114.517 E2724.56673
G0 F9000 X110.557 Y113.951
G1 F1500 X93.661 Y97.055 E2725.36147
G0 F9000 X93.672 Y96.5
G1 F1500 X110.557 Y113.385 E2726.15569
G0 F9000 X110.557 Y112.82
G1 F1500 X93.735 Y95.998 E2726.94694
G0 F9000 X93.851 Y95.549
G1 F1500 X110.557 Y112.254 E2727.73272
G0 F9000 X110.557 Y111.688
G1 F1500 X94.018 Y95.15 E2728.51064
G0 F9000 X94.252 Y94.818
G1 F1500 X110.557 Y111.123 E2729.27758
G0 F9000 X110.557 Y110.557
G1 F1500 X94.498 Y94.498 E2730.03294
G0 F9000 X94.818 Y94.252
G1 F1500 X110.557 Y109.991 E2730.77326
G0 F9000 X110.557 Y109.425
G1 F1500 X95.15 Y94.018 E2731.49796
G0 F9000 X95.549 Y93.851
G1 F1500 X110.557 Y108.86 E2732.20391
G0 F9000 X110.557 Y108.294
G1 F1500 X95.998 Y93.735 E2732.88872
G0 F9000 X96.5 Y93.672
G1 F1500 X110.557 Y107.728 E2733.5499
G0 F9000 X110.637 Y107.243
G1 F1500 X97.055 Y93.661 E2734.18875
G0 F9000 X97.62 Y93.661
G1 F1500 X110.867 Y106.907 E2734.81183
G0 F9000 X111.173 Y106.647
G1 F1500 X98.186 Y93.661 E2735.42267
G0 F9000 X98.752 Y93.661
G1 F1500 X111.564 Y106.473 E2736.02531
G0 F9000 X112.092 Y106.435
G1 F1500 X99.317 Y93.661 E2736.62618
G0 F9000 X99.883 Y93.661
G1 F1500 X113.259 Y107.037 E2737.25535
G0 F9000 X113.028 Y107.434
G0 X114.368 Y108.208
G0 X114.599 Y107.81
G1 F1500 X100.449 Y93.661 E2737.9209
G0 F9000 X101.014 Y93.661
G1 F1500 X115.938 Y108.584 E2738.62285
G0 F9000 X115.707 Y108.981
G0 X117.046 Y109.754
G0 X117.276 Y109.357
G1 F1500 X101.58 Y93.661 E2739.36114
G0 F9000 X102.146 Y93.661
G1 F1500 X118.616 Y110.13 E2740.13582
G0 F9000 X118.385 Y110.528
G0 X119.723 Y111.3
G0 X119.954 Y110.903
G1 F1500 X102.712 Y93.661 E2740.94683
G0 F9000 X103.277 Y93.661
G1 F1500 X121.294 Y111.677 E2741.79427
G0 F9000 X121.064 Y112.074
G0 X122.402 Y112.847
G0 X122.632 Y112.45
G1 F1500 X103.843 Y93.661 E2742.67805
G0 F9000 X104.409 Y93.661
G1 F1500 X123.971 Y113.223 E2743.59818
G0 F9000 X123.741 Y113.62
G0 X125.08 Y114.393
G0 X125.31 Y113.996
G1 F1500 X104.974 Y93.661 E2744.5547
G0 F9000 X105.54 Y93.661
G1 F1500 X126.649 Y114.77 E2745.54761
G0 F9000 X126.419 Y115.166
G0 X127.758 Y115.94
G0 X127.988 Y115.543
G1 F1500 X106.106 Y93.661 E2746.57687
G0 F9000 X106.671 Y93.661
G1 F1500 X129.327 Y116.316 E2747.64251
G1 F2700 E2742.64251
;MESH:NONMESH
G0 F300 X129.327 Y116.316 Z6
G0 F9000 X129.097 Y116.713
G0 X111.717 Y107.001
G0 X95.665 Y93.416
G0 X94.1 Y94.1
;TIME_ELAPSED:3446.348928
;LAYER:29
;TYPE:WALL-INNER
;MESH:triangolo_spesso.stl
G1 F2700 E2747.64251
G1 F1500 X93.556 Y94.804 E2747.67211
G1 X93.221 Y95.613 E2747.70123
G1 X93.1 Y96.543 E2747.73242
G1 X93.1 Y138.457 E2749.12649
G1 X93.221 Y139.383 E2749.15755
G1 X93.556 Y140.192 E2749.18667
G1 X94.1 Y140.896 E2749.21626
G1 X94.804 Y141.44 E2749.24585
G1 X95.614 Y141.775 E2749.27501
G1 X96.544 Y141.9 E2749.30622
G1 X138.456 Y141.9 E2750.70022
G1 X139.383 Y141.775 E2750.73133
G1 X140.188 Y141.443 E2750.76029
G1 X140.896 Y140.896 E2750.79005
G1 X141.443 Y140.188 E2750.8198
G1 X141.775 Y139.383 E2750.84877
G1 X141.9 Y138.456 E2750.87988
G1 X141.9 Y96.544 E2752.27388
G1 X141.775 Y95.613 E2752.30512
G1 X141.443 Y94.808 E2752.33408
G1 X140.896 Y94.101 E2752.36381
G1 X140.188 Y93.556 E2752.39353
G1 X139.383 Y93.221 E2752.42253
G1 X138.457 Y93.1 E2752.45359
G1 X96.543 Y93.1 E2753.84766
G1 X95.613 Y93.221 E2753.87885
G1 X94.804 Y93.556 E2753.90797
G1 X94.1 Y94.1 E2753.93756
G1 F2700 E2748.93756
G0 F9000 X94.157 Y94.191
G0 X94.885 Y93.697
G0 X95.7 Y93.398
G0 X111.239 Y107.044
G0 X111.363 Y107.186
G1 F2700 E2753.93756
G1 F1500 X111.689 Y107.007 E2753.94993
G1 X112.054 Y106.986 E2753.96209
G1 X129.412 Y117.01 E2754.62877
G1 X129.613 Y117.255 E2754.63931
G1 X129.656 Y117.396 E2754.64422
G1 X129.613 Y117.745 E2754.65591
G1 X129.412 Y117.99 E2754.66645
G1 X112.126 Y127.968 E2755.3303
G1 X111.813 Y128.017 E2755.34083
G1 X111.63 Y127.966 E2755.34715
G1 X111.306 Y127.777 E2755.35963
G1 X111.168 Y127.57 E2755.3679
G1 X111.118 Y127.376 E2755.37457
G1 X111.116 Y107.594 E2756.03252
G1 X111.168 Y107.426 E2756.03837
G1 X111.363 Y107.186 E2756.04865
G0 F9000 X111.583 Y107.521
;TYPE:WALL-OUTER
G1 F1500 X111.836 Y107.38 E2756.05828
G1 X111.943 Y107.38 E2756.06184
G1 X129.165 Y117.326 E2756.72331
G1 X129.262 Y117.465 E2756.72895
G1 X129.255 Y117.56 E2756.73212
G1 X129.18 Y117.664 E2756.73638
G1 X111.943 Y127.611 E2757.3983
G1 X111.836 Y127.616 E2757.40186
G1 X111.583 Y127.475 E2757.41149
G1 X111.516 Y127.342 E2757.41645
G1 X111.518 Y107.637 E2758.07184
G1 X111.583 Y107.521 E2758.07626
G1 F2700 E2753.07626
G0 F9000 X111.217 Y107.521
G0 X111.119 Y107.169
G0 X95.665 Y93.416
G0 X93.815 Y93.815
G1 F2700 E2758.07626
G1 F1500 X93.207 Y94.602 E2758.10934
G1 X92.831 Y95.509 E2758.14199
G1 X92.7 Y96.517 E2758.1758
G1 X92.7 Y138.483 E2759.5716
G1 X92.831 Y139.487 E2759.60527
G1 X93.207 Y140.394 E2759.63793
G1 X93.815 Y141.181 E2759.67101
G1 X94.602 Y141.789 E2759.70408
G1 X95.509 Y142.165 E2759.73674
G1 X96.518 Y142.3 E2759.7706
G1 X138.482 Y142.3 E2761.16633
G1 X139.487 Y142.165 E2761.20005
G1 X140.39 Y141.793 E2761.23254
G1 X141.181 Y141.181 E2761.2658
G1 X141.793 Y140.39 E2761.29906
G1 X142.165 Y139.487 E2761.33155
G1 X142.3 Y138.482 E2761.36527
G1 X142.3 Y96.518 E2762.761
G1 X142.165 Y95.509 E2762.79486
G1 X141.793 Y94.606 E2762.82734
G1 X141.181 Y93.815 E2762.86061
G1 X140.39 Y93.207 E2762.89379
G1 X139.487 Y92.831 E2762.92632
G1 X138.483 Y92.7 E2762.96
G1 X96.517 Y92.7 E2764.35579
G1 X95.509 Y92.831 E2764.3896
G1 X94.602 Y93.207 E2764.42226
G1 X93.815 Y93.815 E2764.45534
G1 F2700 E2759.45534
G0 F9000 X94.157 Y94.191
G0 X94.885 Y93.697
G0 X95.7 Y93.398
G0 X111.239 Y107.044
G0 X111.12 Y106.904
;TYPE:SKIN
G1 F2700 E2764.45534
G1 F1500 X110.837 Y107.277 E2764.47091
G1 X110.756 Y107.591 E2764.48169
G1 X110.758 Y127.418 E2765.14114
G1 X110.837 Y127.719 E2765.15149
G1 X111.052 Y128.036 E2765.16423
G1 X111.514 Y128.318 E2765.18224
G1 X111.776 Y128.376 E2765.19116
G1 X112.102 Y128.351 E2765.20204
G1 X112.288 Y128.286 E2765.20859
G1 X129.625 Y118.28 E2765.87437
G1 X129.825 Y118.086 E2765.88363
G1 X130.01 Y117.671 E2765.89875
G1 X130.007 Y117.315 E2765.91059
G1 X129.893 Y117.017 E2765.9212
G1 X129.637 Y116.73 E2765.93399
G1 X112.289 Y106.706 E2766.60038
G1 X112.077 Y106.635 E2766.60782
G1 X111.763 Y106.622 E2766.61827
G1 X111.487 Y106.699 E2766.6278
G1 X111.12 Y106.904 E2766.64178
G1 F2700 E2761.64178
G0 F9000 X111.291 Y107.104
G0 X95.665 Y93.416
G0 X94.355 Y94.355
G1 F2700 E2766.64178
G1 F1500 X94.99 Y93.867 E2766.66842
G1 X95.701 Y93.571 E2766.69404
G1 X96.569 Y93.46 E2766.72314
G1 X138.427 Y93.46 E2768.11534
G1 X139.291 Y93.571 E2768.14432
G1 X140.002 Y93.867 E2768.16993
G1 X140.633 Y94.351 E2768.19638
G1 X141.125 Y94.989 E2768.22318
G1 X141.421 Y95.705 E2768.24895
G1 X141.54 Y96.574 E2768.27812
G1 X141.539 Y138.418 E2769.66986
G1 X141.421 Y139.287 E2769.69903
G1 X141.125 Y140.006 E2769.72489
G1 X140.637 Y140.637 E2769.75142
G1 X140.006 Y141.125 E2769.77795
G1 X139.287 Y141.421 E2769.80381
G1 X138.422 Y141.539 E2769.83285
G1 X96.574 Y141.54 E2771.22472
G1 X95.705 Y141.421 E2771.25389
G1 X94.986 Y141.125 E2771.27975
G1 X94.355 Y140.637 E2771.30628
G1 X93.867 Y140.002 E2771.33292
G1 X93.571 Y139.291 E2771.35854
G1 X93.461 Y138.427 E2771.3875
G1 X93.46 Y96.569 E2772.77971
G1 X93.571 Y95.701 E2772.80881
G1 X93.867 Y94.99 E2772.83443
G1 X94.355 Y94.355 E2772.86106
G0 F9000 X94.199 Y94.151
G0 X93.914 Y94.567
G0 X93.315 Y95.668
G0 X93.777 Y95.728
G1 F1500 X95.729 Y93.776 E2772.95288
G0 F9000 X96.386 Y93.685
G1 F1500 X93.685 Y96.385 E2773.0799
G0 F9000 X93.661 Y96.975
G1 F1500 X96.976 Y93.66 E2773.23583
G0 F9000 X97.542 Y93.66
G1 F1500 X93.661 Y97.541 E2773.41838
G0 F9000 X93.661 Y98.107
G1 F1500 X98.108 Y93.66 E2773.62755
G0 F9000 X98.673 Y93.66
G1 F1500 X93.661 Y98.673 E2773.86333
G0 F9000 X93.661 Y99.238
G1 F1500 X99.239 Y93.66 E2774.1257
G0 F9000 X99.805 Y93.66
G1 F1500 X93.661 Y99.804 E2774.41469
G0 F9000 X93.661 Y100.37
G1 F1500 X100.37 Y93.66 E2774.73029
G0 F9000 X100.936 Y93.66
G1 F1500 X93.661 Y100.935 E2775.07248
G0 F9000 X93.661 Y101.501
G1 F1500 X101.502 Y93.66 E2775.4413
G0 F9000 X102.067 Y93.66
G1 F1500 X93.661 Y102.067 E2775.83671
G0 F9000 X93.661 Y102.632
G1 F1500 X102.633 Y93.66 E2776.25873
G0 F9000 X103.199 Y93.66
G1 F1500 X93.661 Y103.198 E2776.70737
G0 F9000 X93.661 Y103.764
G1 F1500 X103.764 Y93.66 E2777.18261
G0 F9000 X104.33 Y93.66
G1 F1500 X93.661 Y104.329 E2777.68444
G0 F9000 X93.661 Y104.895
G1 F1500 X104.896 Y93.66 E2778.2129
G0 F9000 X105.461 Y93.66
G1 F1500 X93.661 Y105.461 E2778.76796
G0 F9000 X93.661 Y106.026
G1 F1500 X106.027 Y93.66 E2779.34962
G0 F9000 X106.593 Y93.66
G1 F1500 X93.661 Y106.592 E2779.9579
G0 F9000 X93.661 Y107.158
G1 F1500 X107.158 Y93.66 E2780.59278
G0 F9000 X107.724 Y93.66
G1 F1500 X93.661 Y107.723 E2781.25426
G0 F9000 X93.661 Y108.289
G1 F1500 X108.29 Y93.66 E2781.94237
G0 F9000 X108.856 Y93.66
G1 F1500 X93.661 Y108.855 E2782.65709
G0 F9000 X93.661 Y109.421
G1 F1500 X109.421 Y93.66 E2783.39842
G0 F9000 X109.987 Y93.66
G1 F1500 X93.661 Y109.986 E2784.16634
G0 F9000 X93.661 Y110.552
G1 F1500 X110.553 Y93.66 E2784.96089
G0 F9000 X111.118 Y93.66
G1 F1500 X93.661 Y111.118 E2785.78204
G0 F9000 X93.661 Y111.683
G1 F1500 X111.684 Y93.66 E2786.62979
G0 F9000 X112.25 Y93.66
G1 F1500 X93.661 Y112.249 E2787.50416
G0 F9000 X93.661 Y112.815
G1 F1500 X112.815 Y93.66 E2788.40512
G0 F9000 X113.381 Y93.66
G1 F1500 X93.661 Y113.38 E2789.33269
G0 F9000 X93.661 Y113.946
G1 F1500 X113.947 Y93.66 E2790.28688
G0 F9000 X114.512 Y93.66
G1 F1500 X93.661 Y114.512 E2791.26767
G0 F9000 X93.661 Y115.077
G1 F1500 X115.078 Y93.66 E2792.27506
G0 F9000 X115.644 Y93.66
G1 F1500 X93.661 Y115.643 E2793.30908
G0 F9000 X93.661 Y116.209
G1 F1500 X116.209 Y93.66 E2794.36969
G0 F9000 X116.775 Y93.66
G1 F1500 X93.661 Y116.774 E2795.4569
G0 F9000 X93.661 Y117.34
G1 F1500 X117.341 Y93.66 E2796.57074
G0 F9000 X117.907 Y93.66
G1 F1500 X93.661 Y117.905 E2797.71117
G0 F9000 X93.661 Y118.471
G1 F1500 X118.472 Y93.66 E2798.8782
G0 F9000 X119.038 Y93.66
G1 F1500 X93.661 Y119.036 E2800.07184
G0 F9000 X93.661 Y119.602
G1 F1500 X119.604 Y93.66 E2801.29209
G0 F9000 X120.169 Y93.66
G1 F1500 X93.661 Y120.168 E2802.53895
G0 F9000 X93.661 Y120.734
G1 F1500 X120.735 Y93.66 E2803.81242
G0 F9000 X121.301 Y93.66
G1 F1500 X93.661 Y121.299 E2805.1125
G0 F9000 X93.661 Y121.865
G1 F1500 X121.866 Y93.66 E2806.43918
G0 F9000 X122.432 Y93.66
G1 F1500 X93.661 Y122.431 E2807.79248
G0 F9000 X93.661 Y122.996
G1 F1500 X122.998 Y93.66 E2809.17238
G0 F9000 X123.563 Y93.66
G1 F1500 X93.661 Y123.562 E2810.57888
G0 F9000 X93.661 Y124.128
G1 F1500 X110.811 Y106.978 E2811.38556
G0 F9000 X111.099 Y106.69
G1 F1500 X124.129 Y93.66 E2811.99845
G0 F9000 X124.695 Y93.66
G1 F1500 X111.926 Y106.429 E2812.59907
G0 F9000 X112.386 Y106.534
G1 F1500 X125.26 Y93.66 E2813.20462
G0 F9000 X125.826 Y93.66
G1 F1500 X112.745 Y106.741 E2813.81991
G0 F9000 X113.103 Y106.948
G1 F1500 X126.392 Y93.66 E2814.44496
G0 F9000 X126.957 Y93.66
G1 F1500 X113.462 Y107.156 E2815.07975
G0 F9000 X113.82 Y107.363
G1 F1500 X127.523 Y93.66 E2815.72429
G0 F9000 X128.089 Y93.66
G1 F1500 X114.179 Y107.57 E2816.37858
G0 F9000 X114.538 Y107.777
G1 F1500 X128.655 Y93.66 E2817.0426
G0 F9000 X129.22 Y93.66
G1 F1500 X114.896 Y107.984 E2817.71635
G0 F9000 X115.255 Y108.191
G1 F1500 X129.786 Y93.66 E2818.39985
G0 F9000 X130.352 Y93.66
G1 F1500 X115.613 Y108.398 E2819.0931
G0 F9000 X115.972 Y108.605
G1 F1500 X130.917 Y93.66 E2819.79607
G0 F9000 X131.483 Y93.66
G1 F1500 X116.33 Y108.812 E2820.5088
G0 F9000 X116.689 Y109.02
G1 F1500 X132.049 Y93.66 E2821.23128
G0 F9000 X132.614 Y93.66
G1 F1500 X117.048 Y109.226 E2821.96346
G0 F9000 X117.407 Y109.433
G1 F1500 X133.18 Y93.66 E2822.70537
G0 F9000 X133.746 Y93.66
G1 F1500 X117.765 Y109.64 E2823.45705
G0 F9000 X118.124 Y109.848
G1 F1500 X134.311 Y93.66 E2824.21846
G0 F9000 X134.877 Y93.66
G1 F1500 X118.482 Y110.055 E2824.98963
G0 F9000 X118.841 Y110.262
G1 F1500 X135.443 Y93.66 E2825.77054
G0 F9000 X136.008 Y93.66
G1 F1500 X119.199 Y110.469 E2826.56118
G0 F9000 X119.558 Y110.676
G1 F1500 X136.574 Y93.66 E2827.36156
G0 F9000 X137.14 Y93.66
G1 F1500 X119.917 Y110.883 E2828.17168
G0 F9000 X120.275 Y111.09
G1 F1500 X137.706 Y93.66 E2828.99155
G0 F9000 X138.271 Y93.66
G1 F1500 X120.634 Y111.297 E2829.82114
G0 F9000 X120.992 Y111.504
G1 F1500 X138.789 Y93.708 E2830.65824
G0 F9000 X139.28 Y93.783
G1 F1500 X121.351 Y111.712 E2831.50156
G0 F9000 X121.709 Y111.919
G1 F1500 X139.679 Y93.949 E2832.34682
G0 F9000 X140.043 Y94.151
G1 F1500 X122.069 Y112.125 E2833.19226
G0 F9000 X122.427 Y112.332
G1 F1500 X140.364 Y94.396 E2834.03594
G0 F9000 X140.639 Y94.687
G1 F1500 X122.786 Y112.54 E2834.87569
G0 F9000 X123.144 Y112.747
G1 F1500 X140.885 Y95.006 E2835.71017
G0 F9000 X141.071 Y95.385
G1 F1500 X123.503 Y112.954 E2836.53654
G0 F9000 X123.861 Y113.161
G1 F1500 X141.23 Y95.792 E2837.35352
G0 F9000 X141.298 Y96.29
G1 F1500 X124.22 Y113.368 E2838.15682
G0 F9000 X124.578 Y113.575
G1 F1500 X141.339 Y96.814 E2838.9452
G0 F9000 X141.339 Y97.38
G1 F1500 X124.937 Y113.782 E2839.7167
G0 F9000 X125.296 Y113.989
G1 F1500 X141.339 Y97.946 E2840.47132
G0 F9000 X141.339 Y98.511
G1 F1500 X125.654 Y114.196 E2841.20909
G0 F9000 X126.013 Y114.404
G1 F1500 X141.339 Y99.077 E2841.93
G0 F9000 X141.339 Y99.643
G1 F1500 X126.371 Y114.611 E2842.63405
G0 F9000 X126.73 Y114.818
G1 F1500 X141.339 Y100.208 E2843.32124
G0 F9000 X141.339 Y100.774
G1 F1500 X127.088 Y115.025 E2843.99156
G0 F9000 X127.448 Y115.232
G1 F1500 X141.339 Y101.34 E2844.64498
G0 F9000 X141.339 Y101.905
G1 F1500 X127.806 Y115.439 E2845.28155
G0 F9000 X128.165 Y115.646
G1 F1500 X141.339 Y102.471 E2845.90124
G0 F9000 X141.339 Y103.037
G1 F1500 X128.523 Y115.853 E2846.50406
G0 F9000 X128.882 Y116.06
G1 F1500 X141.339 Y103.602 E2847.09003
G0 F9000 X141.339 Y104.168
G1 F1500 X129.24 Y116.267 E2847.65913
G0 F9000 X129.599 Y116.475
G1 F1500 X141.339 Y104.734 E2848.21136
G0 F9000 X141.339 Y105.3
G1 F1500 X129.909 Y116.73 E2848.74899
G0 F9000 X130.128 Y117.076
G1 F1500 X141.339 Y105.865 E2849.27633
G0 F9000 X141.339 Y106.431
G1 F1500 X130.209 Y117.561 E2849.79985
G0 F9000 X129.779 Y117.608
G0 X128.539 Y118.609
G0 X128.766 Y119.005
G1 F1500 X106.43 Y141.34 E2850.85044
G0 F9000 X106.996 Y141.34
G1 F1500 X141.339 Y106.997 E2852.46583
G0 F9000 X141.339 Y107.562
G1 F1500 X107.562 Y141.34 E2854.05462
G0 F9000 X108.127 Y141.34
G1 F1500 X141.339 Y108.128 E2855.61681
G0 F9000 X141.339 Y108.694
G1 F1500 X108.693 Y141.34 E2857.15238
G0 F9000 X109.259 Y141.34
G1 F1500 X141.339 Y109.259 E2858.66135
G0 F9000 X141.339 Y109.825
G1 F1500 X109.824 Y141.34 E2860.14372
G0 F9000 X110.39 Y141.34
G1 F1500 X141.339 Y110.391 E2861.59946
G0 F9000 X141.339 Y110.956
G1 F1500 X110.956 Y141.34 E2863.02861
G0 F9000 X111.521 Y141.34
G1 F1500 X141.339 Y111.522 E2864.43116
G0 F9000 X141.339 Y112.088
G1 F1500 X112.087 Y141.34 E2865.80708
G0 F9000 X112.653 Y141.34
G1 F1500 X141.339 Y112.653 E2867.15641
G0 F9000 X141.339 Y113.219
G1 F1500 X113.218 Y141.34 E2868.47913
G0 F9000 X113.784 Y141.34
G1 F1500 X141.339 Y113.785 E2869.77523
G0 F9000 X141.339 Y114.35
G1 F1500 X114.35 Y141.34 E2871.04474
G0 F9000 X114.915 Y141.34
G1 F1500 X141.339 Y114.916 E2872.28764
G0 F9000 X141.339 Y115.482
G1 F1500 X115.481 Y141.34 E2873.50392
G0 F9000 X116.047 Y141.34
G1 F1500 X141.339 Y116.048 E2874.69358
G0 F9000 X141.339 Y116.613
G1 F1500 X116.613 Y141.34 E2875.85664
G0 F9000 X117.178 Y141.34
G1 F1500 X141.339 Y117.179 E2876.9931
G0 F9000 X141.339 Y117.745
G1 F1500 X117.744 Y141.34 E2878.10293
G0 F9000 X118.31 Y141.34
G1 F1500 X141.339 Y118.31 E2879.18617
G0 F9000 X141.339 Y118.876
G1 F1500 X118.875 Y141.34 E2880.24281
G0 F9000 X119.441 Y141.34
G1 F1500 X141.339 Y119.442 E2881.27282
G0 F9000 X141.339 Y120.007
G1 F1500 X120.007 Y141.34 E2882.27624
G0 F9000 X120.572 Y141.34
G1 F1500 X141.339 Y120.573 E2883.25306
G0 F9000 X141.339 Y121.139
G1 F1500 X121.138 Y141.34 E2884.20325
G0 F9000 X121.704 Y141.34
G1 F1500 X141.339 Y121.704 E2885.12684
G0 F9000 X141.339 Y122.27
G1 F1500 X122.269 Y141.34 E2886.02384
G0 F9000 X122.835 Y141.34
G1 F1500 X141.339 Y122.836 E2886.89421
G0 F9000 X141.339 Y123.401
G1 F1500 X123.401 Y141.34 E2887.73798
G0 F9000 X123.966 Y141.34
G1 F1500 X141.339 Y123.967 E2888.55515
G0 F9000 X141.339 Y124.533
G1 F1500 X124.532 Y141.34 E2889.3457
G0 F9000 X125.098 Y141.34
G1 F1500 X141.339 Y125.099 E2890.10963
G0 F9000 X141.339 Y125.664
G1 F1500 X125.663 Y141.34 E2890.84698
G0 F9000 X126.229 Y141.34
G1 F1500 X141.339 Y126.23 E2891.55771
G0 F9000 X141.339 Y126.796
G1 F1500 X126.795 Y141.34 E2892.24181
G0 F9000 X127.361 Y141.34
G1 F1500 X141.339 Y127.361 E2892.89932
G0 F9000 X141.339 Y127.927
G1 F1500 X127.926 Y141.34 E2893.53023
G0 F9000 X128.492 Y141.34
G1 F1500 X141.339 Y128.493 E2894.13451
G0 F9000 X141.339 Y129.058
G1 F1500 X129.058 Y141.34 E2894.71219
G0 F9000 X129.623 Y141.34
G1 F1500 X141.339 Y129.624 E2895.26328
G0 F9000 X141.339 Y130.19
G1 F1500 X130.189 Y141.34 E2895.78774
G0 F9000 X130.755 Y141.34
G1 F1500 X141.339 Y130.755 E2896.2856
G0 F9000 X141.339 Y131.321
G1 F1500 X131.32 Y141.34 E2896.75687
G0 F9000 X131.886 Y141.34
G1 F1500 X141.339 Y131.887 E2897.20151
G0 F9000 X141.339 Y132.452
G1 F1500 X132.452 Y141.34 E2897.61955
G0 F9000 X133.017 Y141.34
G1 F1500 X141.339 Y133.018 E2898.01099
G0 F9000 X141.339 Y133.584
G1 F1500 X133.583 Y141.34 E2898.37581
G0 F9000 X134.149 Y141.34
G1 F1500 X141.339 Y134.149 E2898.71403
G0 F9000 X141.339 Y134.715
G1 F1500 X134.714 Y141.34 E2899.02564
G0 F9000 X135.28 Y141.34
G1 F1500 X141.339 Y135.281 E2899.31064
G0 F9000 X141.339 Y135.847
G1 F1500 X135.846 Y141.34 E2899.56902
G0 F9000 X136.412 Y141.34
G1 F1500 X141.339 Y136.412 E2899.80079
G0 F9000 X141.339 Y136.978
G1 F1500 X136.977 Y141.34 E2900.00597
G0 F9000 X137.543 Y141.34
G1 F1500 X141.339 Y137.544 E2900.18452
G0 F9000 X141.339 Y138.109
G1 F1500 X138.109 Y141.34 E2900.33647
G0 F9000 X138.717 Y141.298
G1 F1500 X141.296 Y138.718 E2900.4578
G0 F9000 X141.142 Y139.438
G1 F1500 X139.437 Y141.143 E2900.538
G1 F2700 E2895.538
G0 F9000 X139.613 Y141.572
G0 X138.442 Y141.7
G0 X126.011 Y120.16
G0 X127.428 Y119.777
G1 F2700 E2900.538
G1 F1500 X105.864 Y141.34 E2901.55228
G0 F9000 X105.299 Y141.34
G1 F1500 X126.09 Y120.549 E2902.53023
G0 F9000 X125.863 Y120.154
G0 X124.525 Y120.926
G0 X124.752 Y121.321
G1 F1500 X104.733 Y141.34 E2903.47186
G0 F9000 X104.167 Y141.34
G1 F1500 X123.414 Y122.093 E2904.37718
G0 F9000 X123.188 Y121.698
G0 X121.85 Y122.47
G0 X122.076 Y122.865
G1 F1500 X103.602 Y141.34 E2905.24616
G0 F9000 X103.036 Y141.34
G1 F1500 X120.739 Y123.637 E2906.07886
G0 F9000 X120.513 Y123.242
G0 X119.175 Y124.014
G0 X119.401 Y124.409
G1 F1500 X102.47 Y141.34 E2906.87524
G0 F9000 X101.905 Y141.34
G1 F1500 X118.063 Y125.181 E2907.63529
G0 F9000 X117.837 Y124.787
G0 X116.5 Y125.558
G0 X116.726 Y125.953
G1 F1500 X101.339 Y141.34 E2908.35904
G0 F9000 X100.773 Y141.34
G1 F1500 X115.388 Y126.726 E2909.04646
G0 F9000 X115.161 Y126.331
G0 X113.823 Y127.103
G0 X114.05 Y127.498
G1 F1500 X100.208 Y141.34 E2909.69755
G0 F9000 X99.642 Y141.34
G1 F1500 X112.712 Y128.27 E2910.31232
G0 F9000 X111.846 Y128.57
G1 F1500 X99.076 Y141.34 E2910.91298
G0 F9000 X98.511 Y141.34
G1 F1500 X111.383 Y128.468 E2911.51844
G0 F9000 X111.028 Y128.257
G1 F1500 X97.945 Y141.34 E2912.13383
G0 F9000 X97.379 Y141.34
G1 F1500 X110.756 Y127.963 E2912.76304
G0 F9000 X110.592 Y127.562
G1 F1500 X96.814 Y141.34 E2913.41112
G0 F9000 X96.289 Y141.299
G1 F1500 X110.557 Y127.031 E2914.08224
G0 F9000 X110.557 Y126.465
G1 F1500 X95.792 Y141.23 E2914.77674
G0 F9000 X95.384 Y141.073
G1 F1500 X110.557 Y125.9 E2915.49043
G0 F9000 X110.557 Y125.334
G1 F1500 X95.004 Y140.887 E2916.222
G0 F9000 X94.685 Y140.64
G1 F1500 X110.557 Y124.768 E2916.96857
G0 F9000 X110.557 Y124.203
G1 F1500 X94.397 Y140.363 E2917.72868
G0 F9000 X94.151 Y140.042
G1 F1500 X110.557 Y123.637 E2918.50035
G0 F9000 X110.557 Y123.071
G1 F1500 X93.95 Y139.678 E2919.28149
G0 F9000 X93.784 Y139.279
G1 F1500 X110.557 Y122.506 E2920.07044
G0 F9000 X110.557 Y121.94
G1 F1500 X93.709 Y138.787 E2920.86289
G0 F9000 X93.661 Y138.27
G1 F1500 X110.557 Y121.374 E2921.65763
G0 F9000 X110.557 Y120.808
G1 F1500 X93.661 Y137.704 E2922.45237
G0 F9000 X93.661 Y137.138
G1 F1500 X110.557 Y120.243 E2923.24708
G0 F9000 X110.557 Y119.677
G1 F1500 X93.661 Y136.573 E2924.04181
G0 F9000 X93.661 Y136.007
G1 F1500 X110.557 Y119.111 E2924.83655
G0 F9000 X110.557 Y118.546
G1 F1500 X93.661 Y135.441 E2925.63126
G0 F9000 X93.661 Y134.876
G1 F1500 X110.557 Y117.98 E2926.426
G0 F9000 X110.557 Y117.414
G1 F1500 X93.661 Y134.31 E2927.22074
G0 F9000 X93.661 Y133.744
G1 F1500 X110.557 Y116.849 E2928.01545
G0 F9000 X110.557 Y116.283
G1 F1500 X93.661 Y133.179 E2928.81018
G0 F9000 X93.661 Y132.613
G1 F1500 X110.557 Y115.717 E2929.60492
G0 F9000 X110.557 Y115.152
G1 F1500 X93.661 Y132.047 E2930.39963
G0 F9000 X93.661 Y131.482
G1 F1500 X110.557 Y114.586 E2931.19437
G0 F9000 X110.557 Y114.02
G1 F1500 X93.661 Y130.916 E2931.9891
G0 F9000 X93.661 Y130.35
G1 F1500 X110.557 Y113.455 E2932.78382
G0 F9000 X110.557 Y112.889
G1 F1500 X93.661 Y129.784 E2933.57853
G0 F9000 X93.661 Y129.219
G1 F1500 X110.557 Y112.323 E2934.37327
G0 F9000 X110.557 Y111.758
G1 F1500 X93.661 Y128.653 E2935.16798
G0 F9000 X93.661 Y128.087
G1 F1500 X110.557 Y111.192 E2935.96269
G0 F9000 X110.557 Y110.626
G1 F1500 X93.661 Y127.522 E2936.75743
G0 F9000 X93.661 Y126.956
G1 F1500 X110.557 Y110.06 E2937.55216
G0 F9000 X110.557 Y109.495
G1 F1500 X93.661 Y126.39 E2938.34688
G0 F9000 X93.661 Y125.825
G1 F1500 X110.557 Y108.929 E2939.14161
G0 F9000 X110.557 Y108.363
G1 F1500 X93.661 Y125.259 E2939.93635
G0 F9000 X93.661 Y124.693
G1 F1500 X110.557 Y107.798 E2940.73106
;TIME_ELAPSED:3701.365693
G1 F2700 E2935.73106
M140 S0
M107
G91 ;Relative positioning
G1 E-2 F2700 ;Retract a bit
G1 E-2 Z0.2 F2400 ;Retract and raise Z
G1 X5 Y5 F3000 ;Wipe out
G1 Z10 ;Raise Z more
G90 ;Absolute positioning

G1 X0 Y235.0 ;Present print
M106 S0 ;Turn-off fan
M104 S0 ;Turn-off hotend
M140 S0 ;Turn-off bed

M84 X Y E ;Disable all steppers but Z

M82 ;absolute extrusion mode
M104 S0
;End of Gcode
;SETTING_3 {"global_quality": "[general]\\nversion = 4\\nname = Standard Quality
;SETTING_3  #2\\ndefinition = creality_ender3\\n\\n[metadata]\\ntype = quality_c
;SETTING_3 hanges\\nquality_type = standard\\nsetting_version = 23\\n\\n[values]
;SETTING_3 \\nadhesion_type = brim\\n\\n", "extruder_quality": ["[general]\\nver
;SETTING_3 sion = 4\\nname = Standard Quality #2\\ndefinition = creality_ender3\
;SETTING_3 \n\\n[metadata]\\ntype = quality_changes\\nquality_type = standard\\n
;SETTING_3 setting_version = 23\\nposition = 0\\n\\n[values]\\ninfill_sparse_den
;SETTING_3 sity = 20\\nmaterial_print_temperature = 215.0\\nwall_thickness = 0.8
;SETTING_3 \\nz_seam_position = frontleft\\n\\n"]}
