;FLAVOR:Marlin
;TIME:3550
;Filament used: 2.75693m
;Layer height: 0.2
;MINX:84.7
;MINY:84.7
;MINZ:0.2
;MAXX:150.3
;MAXY:150.297
;MAXZ:6
;TARGET_MACHINE.NAME:Creality Ender-3
;Generated with Cura_SteamEngine 5.7.2
M140 S50
M105
M190 S50
M104 S220
M105
M109 S220
M82 ;absolute extrusion mode
; Ender 3 Custom Start G-code
G92 E0 ; Reset Extruder
G28 ; Home all axes
G1 Z2.0 F3000 ; Move Z Axis up little to prevent scratching of Heat Bed
G1 X0.1 Y20 Z0.3 F5000.0 ; Move to start position
G1 X0.1 Y200.0 Z0.3 F1500.0 E15 ; Draw the first line
G1 X0.4 Y200.0 Z0.3 F5000.0 ; Move to side a little
G1 X0.4 Y20 Z0.3 F1500.0 E30 ; Draw the second line
G92 E0 ; Reset Extruder
G1 Z2.0 F3000 ; Move Z Axis up little to prevent scratching of Heat Bed
G1 X5 Y20 Z0.3 F5000.0 ; Move over to prevent blob squish
G92 E0
G92 E0
G1 F2700 E-5
;LAYER_COUNT:30
;LAYER:0
M107
G0 F6000 X88.116 Y88.112 Z0.2
;TYPE:SKIRT
G1 F2700 E0
G1 F1200 X90.569 Y86.232 E0.10279
G1 X93.483 Y85.022 E0.20774
G1 X95.522 Y84.757 E0.27612
G1 X138.497 Y84.7 E1.70548
G1 X141.49 Y85.004 E1.80554
G1 X144.408 Y86.217 E1.91064
G1 X146.896 Y88.124 E2.01491
G1 X148.779 Y90.581 E2.11787
G1 X149.976 Y93.461 E2.2216
G1 X150.3 Y96.505 E2.32341
G1 X150.222 Y139.551 E3.75513
G1 X149.939 Y141.615 E3.82442
G1 X148.77 Y144.429 E3.92577
G1 X146.89 Y146.882 E4.02857
G1 X144.416 Y148.779 E4.13226
G1 X141.494 Y149.993 E4.2375
G1 X138.545 Y150.297 E4.3361
G1 X95.431 Y150.222 E5.77008
G1 X93.382 Y149.939 E5.83888
G1 X90.578 Y148.776 E5.93984
G1 X88.124 Y146.896 E6.04266
G1 X86.218 Y144.41 E6.14685
G1 X85.024 Y141.539 E6.25027
G1 X84.7 Y138.495 E6.35209
G1 X84.778 Y95.449 E7.7838
G1 X85.061 Y93.385 E7.8531
G1 X86.229 Y90.574 E7.95434
G1 X88.116 Y88.112 E8.05751
G0 F6000 X88.403 Y88.395
G1 F1200 X90.77 Y86.581 E8.1567
G1 X93.584 Y85.412 E8.25805
G1 X95.573 Y85.154 E8.32476
G1 X138.498 Y85.1 E9.75245
G1 X141.392 Y85.396 E9.8492
G1 X144.208 Y86.567 E9.95064
G1 X146.611 Y88.409 E10.05134
G1 X148.429 Y90.781 E10.15074
G1 X149.584 Y93.559 E10.25081
G1 X149.9 Y96.504 E10.34932
G1 X149.826 Y139.497 E11.77928
G1 X149.55 Y141.51 E11.84686
G1 X148.422 Y144.225 E11.94464
G1 X146.603 Y146.599 E12.04411
G1 X144.215 Y148.43 E12.1442
G1 X141.397 Y149.601 E12.2457
G1 X138.546 Y149.897 E12.34103
G1 X95.486 Y149.826 E13.77321
G1 X93.49 Y149.55 E13.84023
G1 X90.776 Y148.425 E13.93795
G1 X88.409 Y146.611 E14.03714
G1 X86.568 Y144.21 E14.13777
G1 X85.416 Y141.441 E14.23752
G1 X85.1 Y138.496 E14.33603
G1 X85.174 Y95.503 E15.76599
G1 X85.45 Y93.49 E15.83356
G1 X86.577 Y90.778 E15.93124
G1 X88.403 Y88.395 E16.0311
G0 F6000 X88.688 Y88.68
G1 F1200 X90.971 Y86.93 E16.12677
G1 X93.685 Y85.803 E16.22451
G1 X95.625 Y85.551 E16.28958
G1 X138.498 Y85.5 E17.71554
G1 X141.294 Y85.788 E17.80903
G1 X144.008 Y86.917 E17.9068
G1 X146.326 Y88.694 E18.00394
G1 X148.079 Y90.981 E18.09978
G1 X149.192 Y93.658 E18.19621
G1 X149.5 Y96.503 E18.29139
G1 X149.43 Y139.443 E19.71958
G1 X149.161 Y141.405 E19.78545
G1 X148.073 Y144.024 E19.87977
G1 X146.318 Y146.314 E19.97573
G1 X144.015 Y148.08 E20.07226
G1 X141.299 Y149.209 E20.17009
G1 X138.547 Y149.497 E20.26212
G1 X95.541 Y149.43 E21.69251
G1 X93.594 Y149.161 E21.75788
G1 X90.98 Y148.077 E21.852
G1 X88.692 Y146.324 E21.94787
G1 X86.918 Y144.01 E22.04485
G1 X85.808 Y141.342 E22.14096
G1 X85.5 Y138.497 E22.23614
G1 X85.57 Y95.557 E23.66433
G1 X85.839 Y93.595 E23.73019
G1 X86.926 Y90.979 E23.82442
G1 X88.688 Y88.68 E23.92076
G0 F6000 X88.973 Y88.965
G1 F1200 X91.172 Y87.279 E24.01292
G1 X93.786 Y86.194 E24.10705
G1 X95.677 Y85.948 E24.17048
G1 X138.498 Y85.9 E25.59471
G1 X141.195 Y86.18 E25.68489
G1 X143.808 Y87.267 E25.77902
G1 X146.041 Y88.979 E25.87261
G1 X147.729 Y91.181 E25.96489
G1 X148.8 Y93.757 E26.05768
G1 X149.1 Y96.502 E26.14952
G1 X149.034 Y139.389 E27.57595
G1 X148.772 Y141.3 E27.64011
G1 X147.725 Y143.82 E27.73087
G1 X146.031 Y146.031 E27.82351
G1 X143.815 Y147.73 E27.91638
G1 X141.201 Y148.817 E28.01054
G1 X138.548 Y149.097 E28.09927
G1 X95.596 Y149.034 E29.52786
G1 X93.698 Y148.772 E29.59159
G1 X91.181 Y147.728 E29.68222
G1 X88.977 Y146.039 E29.77458
G1 X87.268 Y143.81 E29.86799
G1 X86.2 Y141.243 E29.96047
G1 X85.9 Y138.498 E30.05231
G1 X85.966 Y95.611 E31.47874
G1 X86.228 Y93.7 E31.54289
G1 X87.275 Y91.18 E31.63366
G1 X88.973 Y88.965 E31.72648
G0 F6000 X89.258 Y89.25
G1 F1200 X91.376 Y87.627 E31.81523
G1 X93.887 Y86.584 E31.90567
G1 X95.728 Y86.345 E31.96741
G1 X138.498 Y86.3 E33.38995
G1 X141.097 Y86.572 E33.47687
G1 X143.608 Y87.617 E33.56733
G1 X145.754 Y89.262 E33.65726
G1 X147.38 Y91.384 E33.74617
G1 X148.408 Y93.856 E33.83522
G1 X148.7 Y96.501 E33.92373
G1 X148.638 Y139.335 E35.34839
G1 X148.383 Y141.195 E35.41084
G1 X147.376 Y143.619 E35.49814
G1 X145.746 Y145.746 E35.58727
G1 X143.615 Y147.38 E35.67658
G1 X141.102 Y148.425 E35.7671
G1 X138.549 Y148.697 E35.8525
G1 X95.651 Y148.638 E37.27929
G1 X93.806 Y148.383 E37.34124
G1 X91.382 Y147.378 E37.42852
G1 X89.26 Y145.752 E37.51743
G1 X87.618 Y143.61 E37.6072
G1 X86.592 Y141.144 E37.69604
G1 X86.3 Y138.499 E37.78454
G1 X86.362 Y95.665 E39.20921
G1 X86.617 Y93.805 E39.27165
G1 X87.623 Y91.384 E39.35885
G1 X89.258 Y89.25 E39.44827
G0 F6000 X89.543 Y89.535
G1 F1200 X91.577 Y87.976 E39.5335
G1 X93.988 Y86.975 E39.62033
G1 X95.78 Y86.742 E39.68043
G1 X138.498 Y86.7 E41.10124
G1 X140.998 Y86.964 E41.18485
G1 X143.408 Y87.967 E41.27167
G1 X145.469 Y89.547 E41.35805
G1 X147.03 Y91.584 E41.44341
G1 X148.016 Y93.955 E41.52881
G1 X148.3 Y96.5 E41.61399
G1 X148.242 Y139.281 E43.03689
G1 X147.994 Y141.09 E43.09762
G1 X147.028 Y143.415 E43.18136
G1 X145.459 Y145.463 E43.26717
G1 X143.415 Y147.03 E43.35283
G1 X141.004 Y148.033 E43.43968
G1 X138.55 Y148.297 E43.52177
G1 X95.706 Y148.242 E44.94677
G1 X93.91 Y147.994 E45.00707
G1 X91.586 Y147.03 E45.09076
G1 X89.543 Y145.465 E45.17635
G1 X87.968 Y143.41 E45.26247
G1 X86.984 Y141.045 E45.34766
G1 X86.7 Y138.5 E45.43284
G1 X86.758 Y95.719 E46.85574
G1 X87.006 Y93.91 E46.91647
G1 X87.972 Y91.585 E47.00021
G1 X89.543 Y89.535 E47.08611
G0 F6000 X89.826 Y89.822
G1 F1200 X91.781 Y88.324 E47.16803
G1 X94.089 Y87.365 E47.25116
G1 X95.831 Y87.139 E47.30958
G1 X138.498 Y87.1 E48.72869
G1 X140.899 Y87.356 E48.809
G1 X143.208 Y88.317 E48.89219
G1 X145.184 Y89.832 E48.975
G1 X146.68 Y91.784 E49.0568
G1 X147.625 Y94.057 E49.13867
G1 X147.9 Y96.499 E49.22041
G1 X147.846 Y139.227 E50.64155
G1 X147.605 Y140.985 E50.70057
G1 X146.679 Y143.214 E50.78085
G1 X145.174 Y145.178 E50.86314
G1 X143.215 Y146.68 E50.94525
G1 X140.905 Y147.641 E51.02846
G1 X138.55 Y147.897 E51.10725
G1 X95.761 Y147.846 E52.53042
G1 X94.018 Y147.605 E52.58894
G1 X91.784 Y146.679 E52.66938
G1 X89.828 Y145.18 E52.75134
G1 X88.318 Y143.21 E52.8339
G1 X87.375 Y140.943 E52.91556
G1 X87.1 Y138.501 E52.99729
G1 X87.154 Y95.773 E54.41844
G1 X87.395 Y94.015 E54.47745
G1 X88.321 Y91.786 E54.55773
G1 X89.826 Y89.822 E54.64003
G0 F6000 X90.111 Y90.107
G1 F1200 X91.982 Y88.673 E54.71843
G1 X94.19 Y87.756 E54.79795
G1 X95.883 Y87.536 E54.85474
G1 X138.498 Y87.5 E56.27212
G1 X140.8 Y87.748 E56.34913
G1 X143.008 Y88.667 E56.42867
G1 X144.899 Y90.117 E56.50793
G1 X146.33 Y91.984 E56.58617
G1 X147.234 Y94.159 E56.66451
G1 X147.5 Y96.499 E56.74284
G1 X147.45 Y139.173 E58.16218
G1 X147.216 Y140.88 E58.21949
G1 X146.33 Y143.013 E58.29631
G1 X144.889 Y144.893 E58.37509
G1 X143.015 Y146.33 E58.45364
G1 X140.806 Y147.249 E58.53321
G1 X138.55 Y147.497 E58.6087
G1 X95.816 Y147.45 E60.03004
G1 X94.122 Y147.216 E60.08692
G1 X91.988 Y146.331 E60.16376
G1 X90.111 Y144.893 E60.2424
G1 X88.668 Y143.01 E60.3213
G1 X87.766 Y140.841 E60.39944
G1 X87.5 Y138.501 E60.47777
G1 X87.55 Y95.827 E61.89711
G1 X87.784 Y94.12 E61.95442
G1 X88.67 Y91.987 E62.03124
G1 X90.111 Y90.107 E62.11002
G0 F6000 X90.398 Y90.39
G1 F1200 X92.183 Y89.022 E62.18482
G1 X94.291 Y88.146 E62.26075
G1 X95.934 Y87.933 E62.31585
G1 X138.498 Y87.9 E63.73153
G1 X140.701 Y88.14 E63.80524
G1 X142.808 Y89.017 E63.88115
G1 X144.612 Y90.4 E63.95675
G1 X145.981 Y92.187 E64.03162
G1 X146.843 Y94.261 E64.10633
G1 X147.1 Y96.499 E64.18125
G1 X147.054 Y139.119 E65.5988
G1 X146.827 Y140.775 E65.65439
G1 X145.982 Y142.809 E65.72765
G1 X144.602 Y144.61 E65.80311
G1 X142.815 Y145.98 E65.87801
G1 X140.707 Y146.857 E65.95395
G1 X138.55 Y147.097 E66.02613
G1 X95.871 Y147.054 E67.44564
G1 X94.226 Y146.827 E67.50087
G1 X92.189 Y145.982 E67.57422
G1 X90.396 Y144.608 E67.64935
G1 X89.018 Y142.81 E67.7247
G1 X88.157 Y140.739 E67.79929
G1 X87.9 Y138.501 E67.87422
G1 X87.946 Y95.881 E69.29177
G1 X88.173 Y94.225 E69.34736
G1 X89.018 Y92.191 E69.42062
G1 X90.398 Y90.39 E69.49608
G0 F6000 X90.683 Y90.675
G1 F1200 X92.384 Y89.371 E69.56737
G1 X94.392 Y88.537 E69.63969
G1 X95.986 Y88.33 E69.69315
G1 X138.498 Y88.3 E71.1071
G1 X140.602 Y88.532 E71.17751
G1 X142.608 Y89.367 E71.24978
G1 X144.327 Y90.685 E71.32182
G1 X145.632 Y92.388 E71.39318
G1 X146.452 Y94.362 E71.46428
G1 X146.7 Y96.499 E71.53583
G1 X146.658 Y139.065 E72.95158
G1 X146.438 Y140.67 E73.00547
G1 X145.633 Y142.608 E73.07526
G1 X144.317 Y144.325 E73.14722
G1 X142.615 Y145.63 E73.21855
G1 X140.605 Y146.466 E73.29095
G1 X138.55 Y146.697 E73.35973
G1 X95.926 Y146.658 E74.77741
G1 X94.334 Y146.438 E74.83087
G1 X92.39 Y145.632 E74.90086
G1 X90.679 Y144.321 E74.97256
G1 X89.367 Y142.609 E75.04429
G1 X88.548 Y140.638 E75.11528
G1 X88.3 Y138.501 E75.18684
G1 X88.342 Y95.935 E76.60259
G1 X88.562 Y94.33 E76.65647
G1 X89.367 Y92.392 E76.72627
G1 X90.683 Y90.675 E76.79822
G0 F6000 X90.968 Y90.96
G1 F1200 X92.585 Y89.72 E76.866
G1 X94.493 Y88.928 E76.93471
G1 X96.038 Y88.727 E76.98653
G1 X138.498 Y88.7 E78.39875
G1 X140.503 Y88.924 E78.46585
G1 X142.408 Y89.717 E78.53448
G1 X144.042 Y90.97 E78.60297
G1 X145.283 Y92.589 E78.67082
G1 X146.061 Y94.463 E78.73831
G1 X146.3 Y96.499 E78.80649
G1 X146.262 Y139.011 E80.22044
G1 X146.049 Y140.565 E80.27261
G1 X145.285 Y142.404 E80.33885
G1 X144.03 Y144.042 E80.40748
G1 X142.415 Y145.28 E80.47516
G1 X140.503 Y146.075 E80.54403
G1 X138.55 Y146.297 E80.60941
G1 X95.981 Y146.262 E82.02526
G1 X94.438 Y146.049 E82.07707
G1 X92.591 Y145.283 E82.14357
G1 X90.964 Y144.036 E82.21175
G1 X89.716 Y142.408 E82.27998
G1 X88.939 Y140.537 E82.34736
G1 X88.7 Y138.501 E82.41554
G1 X88.738 Y95.989 E83.8295
G1 X88.951 Y94.435 E83.88167
G1 X89.716 Y92.593 E83.94801
G1 X90.968 Y90.96 E84.01645
G0 F6000 X91.253 Y91.245
G1 F1200 X92.789 Y90.068 E84.08081
G1 X94.594 Y89.318 E84.14582
G1 X96.089 Y89.124 E84.19596
G1 X138.498 Y89.1 E85.60649
G1 X140.401 Y89.315 E85.67019
G1 X142.208 Y90.067 E85.73528
G1 X143.755 Y91.253 E85.80012
G1 X144.935 Y92.793 E85.86465
G1 X145.67 Y94.564 E85.92842
G1 X145.9 Y96.499 E85.99323
G1 X145.866 Y138.957 E87.40539
G1 X145.66 Y140.46 E87.45585
G1 X144.936 Y142.203 E87.51863
G1 X143.745 Y143.757 E87.58375
G1 X142.215 Y144.93 E87.64787
G1 X140.401 Y145.684 E87.71321
G1 X138.55 Y145.897 E87.77518
G1 X96.036 Y145.866 E89.1892
G1 X94.542 Y145.66 E89.23936
G1 X92.792 Y144.934 E89.30237
G1 X91.249 Y143.751 E89.36704
G1 X90.065 Y142.207 E89.43176
G1 X89.33 Y140.436 E89.49553
G1 X89.1 Y138.501 E89.56034
G1 X89.134 Y96.043 E90.9725
G1 X89.34 Y94.54 E91.02296
G1 X90.064 Y92.797 E91.08574
G1 X91.253 Y91.245 E91.15076
G0 F6000 X91.538 Y91.53
G1 F1200 X92.989 Y90.418 E91.21156
G1 X94.697 Y89.708 E91.27309
G1 X96.14 Y89.521 E91.32148
G1 X138.498 Y89.5 E92.73031
G1 X140.299 Y89.706 E92.79061
G1 X142.008 Y90.417 E92.85217
G1 X143.47 Y91.538 E92.91345
G1 X144.586 Y92.994 E92.97446
G1 X145.279 Y94.665 E93.03463
G1 X145.5 Y96.499 E93.09607
G1 X145.47 Y138.903 E94.50643
G1 X145.271 Y140.355 E94.55518
G1 X144.587 Y142.002 E94.61449
G1 X143.462 Y143.47 E94.67601
G1 X142.012 Y144.581 E94.73676
G1 X140.299 Y145.293 E94.79847
G1 X138.55 Y145.497 E94.85703
G1 X96.091 Y145.47 E96.26922
G1 X94.65 Y145.271 E96.31761
G1 X92.993 Y144.584 E96.37727
G1 X91.534 Y143.466 E96.4384
G1 X90.413 Y142.003 E96.4997
G1 X89.721 Y140.335 E96.55977
G1 X89.5 Y138.501 E96.62121
G1 X89.53 Y96.097 E98.03157
G1 X89.729 Y94.645 E98.08032
G1 X90.413 Y92.998 E98.13963
G1 X91.538 Y91.53 E98.20115
G0 F6000 X91.823 Y91.815
G1 F1200 X93.19 Y90.767 E98.25844
G1 X94.798 Y90.099 E98.31635
G1 X96.192 Y89.918 E98.3631
G1 X138.498 Y89.9 E99.77021
G1 X140.197 Y90.097 E99.8271
G1 X141.808 Y90.767 E99.88513
G1 X143.183 Y91.821 E99.94275
G1 X144.238 Y93.198 E100.00045
G1 X144.888 Y94.765 E100.05687
G1 X145.1 Y96.499 E100.11497
G1 X145.074 Y138.849 E101.52354
G1 X144.882 Y140.25 E101.57057
G1 X144.238 Y141.801 E101.62643
G1 X143.177 Y143.185 E101.68443
G1 X141.811 Y144.232 E101.74168
G1 X140.198 Y144.902 E101.79977
G1 X138.55 Y145.097 E101.85496
G1 X96.146 Y145.074 E103.26533
G1 X94.754 Y144.882 E103.31206
G1 X93.194 Y144.235 E103.36823
G1 X91.819 Y143.181 E103.42586
G1 X90.762 Y141.802 E103.48365
G1 X90.112 Y140.235 E103.54007
G1 X89.9 Y138.501 E103.59817
G1 X89.926 Y96.151 E105.00674
G1 X90.118 Y94.75 E105.05377
G1 X90.762 Y93.199 E105.10963
G1 X91.823 Y91.815 E105.16763
G0 F6000 X92.106 Y92.102
G1 F1200 X93.393 Y91.116 E105.22156
G1 X94.901 Y90.489 E105.27588
G1 X96.243 Y90.315 E105.32088
G1 X138.498 Y90.3 E106.72629
G1 X140.095 Y90.488 E106.77977
G1 X141.608 Y91.117 E106.83427
G1 X142.896 Y92.104 E106.88824
G1 X143.89 Y93.402 E106.94262
G1 X144.497 Y94.866 E106.99533
G1 X144.7 Y96.499 E107.05006
G1 X144.678 Y138.795 E108.45683
G1 X144.493 Y140.145 E108.50216
G1 X143.889 Y141.6 E108.55455
G1 X142.892 Y142.9 E108.60904
G1 X141.61 Y143.883 E108.66277
G1 X140.097 Y144.511 E108.71726
G1 X138.55 Y144.697 E108.76908
G1 X96.201 Y144.678 E110.17762
G1 X94.858 Y144.493 E110.22271
G1 X93.398 Y143.887 E110.27528
G1 X92.104 Y142.896 E110.32949
G1 X91.11 Y141.598 E110.38387
G1 X90.503 Y140.134 E110.43658
G1 X90.3 Y138.501 E110.49131
G1 X90.322 Y96.205 E111.89809
G1 X90.507 Y94.855 E111.94341
G1 X91.111 Y93.4 E111.9958
G1 X92.106 Y92.102 E112.0502
G0 F6000 X92.391 Y92.387
G1 F1200 X93.594 Y91.465 E112.10061
G1 X95.002 Y90.88 E112.15132
G1 X96.295 Y90.712 E112.19469
G1 X138.498 Y90.7 E113.59837
G1 X139.994 Y90.879 E113.64848
G1 X141.407 Y91.466 E113.69937
G1 X142.611 Y92.389 E113.74983
G1 X143.539 Y93.6 E113.80057
G1 X144.107 Y94.97 E113.8499
G1 X144.3 Y96.499 E113.90116
G1 X144.282 Y138.741 E115.30613
G1 X144.104 Y140.04 E115.34974
G1 X143.54 Y141.399 E115.39868
G1 X142.609 Y142.613 E115.44957
G1 X141.407 Y143.534 E115.49993
G1 X139.995 Y144.121 E115.55079
G1 X138.55 Y144.297 E115.59921
G1 X96.256 Y144.282 E117.00591
G1 X94.966 Y144.104 E117.04922
G1 X93.596 Y143.536 E117.09855
G1 X92.389 Y142.611 E117.14913
G1 X91.461 Y141.4 E117.19987
G1 X90.893 Y140.03 E117.2492
G1 X90.7 Y138.501 E117.30046
G1 X90.718 Y96.259 E118.70543
G1 X90.896 Y94.96 E118.74904
G1 X91.46 Y93.601 E118.79798
G1 X92.391 Y92.387 E118.84886
G0 F6000 X92.676 Y92.672
G1 F1200 X93.794 Y91.815 E118.89572
G1 X95.105 Y91.27 E118.94294
G1 X96.346 Y91.109 E118.98456
G1 X138.498 Y91.1 E120.38654
G1 X139.893 Y91.27 E120.43328
G1 X141.206 Y91.815 E120.48057
G1 X142.326 Y92.674 E120.52751
G1 X143.188 Y93.798 E120.57463
G1 X143.717 Y95.074 E120.62057
G1 X143.9 Y96.499 E120.66835
G1 X143.886 Y138.687 E122.07153
G1 X143.715 Y139.935 E122.11343
G1 X143.191 Y141.198 E122.15891
G1 X142.324 Y142.328 E122.20628
G1 X141.206 Y143.185 E122.25313
G1 X139.894 Y143.73 E122.30038
G1 X138.55 Y143.897 E122.34543
G1 X96.311 Y143.886 E123.7503
G1 X95.07 Y143.715 E123.79197
G1 X93.797 Y143.187 E123.83781
G1 X92.674 Y142.326 E123.88487
G1 X91.812 Y141.202 E123.93199
G1 X91.283 Y139.926 E123.97793
G1 X91.1 Y138.501 E124.02571
G1 X91.114 Y96.313 E125.42889
G1 X91.285 Y95.065 E125.47079
G1 X91.809 Y93.802 E125.51627
G1 X92.676 Y92.672 E125.56364
G0 F6000 X92.959 Y92.959
G1 F1200 X93.998 Y92.163 E125.60717
G1 X95.206 Y91.661 E125.65068
G1 X96.398 Y91.506 E125.69066
G1 X138.498 Y91.5 E127.09091
G1 X139.792 Y91.661 E127.13428
G1 X141.002 Y92.163 E127.17786
G1 X142.041 Y92.959 E127.22139
G1 X142.84 Y94.002 E127.26509
G1 X143.326 Y95.174 E127.30729
G1 X143.5 Y96.499 E127.35174
G1 X143.49 Y138.633 E128.75312
G1 X143.326 Y139.83 E128.7933
G1 X142.842 Y140.997 E128.83532
G1 X142.041 Y142.041 E128.87909
G1 X141.002 Y142.837 E128.92262
G1 X139.793 Y143.339 E128.96616
G1 X138.55 Y143.497 E129.00784
G1 X96.366 Y143.49 E130.41088
G1 X95.174 Y143.326 E130.4509
G1 X94.001 Y142.839 E130.49315
G1 X92.959 Y142.041 E130.5368
G1 X92.16 Y140.998 E130.5805
G1 X91.674 Y139.826 E130.6227
G1 X91.5 Y138.501 E130.66715
G1 X91.51 Y96.367 E132.06853
G1 X91.674 Y95.17 E132.10871
G1 X92.158 Y94.003 E132.15073
G1 X92.959 Y92.959 E132.1945
G0 F6000 X93.529 Y93.529
G1 F1200 X94.4 Y92.861 E132.23101
G1 X95.408 Y92.443 E132.2673
G1 X96.502 Y92.3 E132.304
G1 X138.498 Y92.3 E133.70079
G1 X139.592 Y92.443 E133.73749
G1 X140.6 Y92.861 E133.77378
G1 X141.471 Y93.529 E133.81029
G1 X142.14 Y94.401 E133.84684
G1 X142.548 Y95.386 E133.88231
G1 X142.7 Y96.499 E133.91967
G1 X142.698 Y138.524 E135.31742
G1 X142.548 Y139.614 E135.35402
G1 X142.14 Y140.599 E135.38948
G1 X141.471 Y141.471 E135.42604
G1 X140.6 Y142.139 E135.46254
G1 X139.592 Y142.557 E135.49884
G1 X138.498 Y142.7 E135.53553
G1 X96.476 Y142.698 E136.93319
G1 X95.386 Y142.548 E136.96979
G1 X94.4 Y142.139 E137.00529
G1 X93.529 Y141.471 E137.0418
G1 X92.86 Y140.599 E137.07835
G1 X92.452 Y139.614 E137.11382
G1 X92.3 Y138.501 E137.15118
G1 X92.302 Y96.476 E138.54893
G1 X92.452 Y95.386 E138.58553
G1 X92.86 Y94.401 E138.62099
G1 X93.529 Y93.529 E138.65755
G0 F6000 X93.244 Y93.244
G1 F1200 X94.199 Y92.512 E138.69757
G1 X95.307 Y92.052 E138.73747
G1 X96.45 Y91.903 E138.77581
G1 X138.498 Y91.9 E140.17433
G1 X139.692 Y92.052 E140.21436
G1 X140.801 Y92.512 E140.25429
G1 X141.756 Y93.244 E140.29431
G1 X142.491 Y94.203 E140.3345
G1 X142.937 Y95.278 E140.37321
G1 X143.1 Y96.499 E140.41418
G1 X143.094 Y138.579 E141.81377
G1 X142.937 Y139.722 E141.85214
G1 X142.491 Y140.798 E141.89088
G1 X141.756 Y141.756 E141.93104
G1 X140.801 Y142.488 E141.97106
G1 X139.693 Y142.948 E142.01097
G1 X138.55 Y143.097 E142.0493
G1 X96.421 Y143.094 E143.45052
G1 X95.282 Y142.937 E143.48876
G1 X94.199 Y142.488 E143.52776
G1 X93.244 Y141.756 E143.56778
G1 X92.509 Y140.797 E143.60796
G1 X92.063 Y139.722 E143.64667
G1 X91.9 Y138.501 E143.68764
G1 X91.906 Y96.421 E145.08723
G1 X92.063 Y95.278 E145.1256
G1 X92.509 Y94.202 E145.16434
G1 X93.244 Y93.244 E145.2045
;MESH:singola_fenditura.stl
G0 F6000 X93.971 Y93.971
G0 X94.1 Y94.1
;TYPE:WALL-INNER
G1 F1200 X93.556 Y94.808 E145.2342
G1 X93.221 Y95.613 E145.2632
G1 X93.1 Y96.543 E145.29439
G1 X93.1 Y138.457 E146.68846
G1 X93.221 Y139.383 E146.71952
G1 X93.556 Y140.188 E146.74852
G1 X94.101 Y140.896 E146.77824
G1 X94.808 Y141.443 E146.80797
G1 X95.613 Y141.775 E146.83693
G1 X96.544 Y141.9 E146.86817
G1 X138.456 Y141.9 E148.26217
G1 X139.383 Y141.775 E148.29328
G1 X140.188 Y141.443 E148.32225
G1 X140.896 Y140.896 E148.352
G1 X141.443 Y140.188 E148.38176
G1 X141.775 Y139.383 E148.41072
G1 X141.9 Y138.456 E148.44183
G1 X141.9 Y96.544 E149.83583
G1 X141.775 Y95.613 E149.86708
G1 X141.443 Y94.808 E149.89604
G1 X140.896 Y94.101 E149.92577
G1 X140.188 Y93.556 E149.95549
G1 X139.383 Y93.221 E149.98449
G1 X138.457 Y93.1 E150.01555
G1 X96.543 Y93.1 E151.40961
G1 X95.613 Y93.221 E151.44081
G1 X94.808 Y93.556 E151.46981
G1 X94.1 Y94.1 E151.4995
G1 F2700 E146.4995
G0 F6000 X94.157 Y94.192
G0 X93.697 Y94.889
G0 X93.398 Y95.701
G0 X91.964 Y95.475
G0 X91.86 Y96.271
G0 X91.835 Y116.519
G0 X97.02 Y116.94
G1 F2700 E151.4995
G1 F1200 X97.14 Y116.82 E151.50515
G1 X97.421 Y116.7 E151.51531
G1 X137.579 Y116.7 E152.85097
G1 X137.86 Y116.82 E152.86113
G1 X137.981 Y116.939 E152.86678
G1 X138.1 Y117.166 E152.8753
G1 X138.1 Y117.774 E152.89552
G1 X137.981 Y118.06 E152.90583
G1 X137.86 Y118.18 E152.9115
G1 X137.579 Y118.3 E152.92166
G1 X97.421 Y118.3 E154.25732
G1 X97.14 Y118.18 E154.26748
G1 X97.019 Y118.06 E154.27315
G1 X96.9 Y117.834 E154.28164
G1 X96.9 Y117.165 E154.3039
G1 X97.02 Y116.94 E154.31238
G0 F6000 X97.3 Y117.249
;TYPE:WALL-OUTER
G1 F1200 X97.38 Y117.14 E154.31687
G1 X97.463 Y117.103 E154.3199
G1 X137.537 Y117.103 E155.65276
G1 X137.661 Y117.179 E155.6576
G1 X137.7 Y117.255 E155.66044
G1 X137.698 Y117.735 E155.67641
G1 X137.661 Y117.82 E155.67949
G1 X137.537 Y117.897 E155.68434
G1 X97.463 Y117.897 E157.01721
G1 X97.38 Y117.86 E157.02023
G1 X97.3 Y117.746 E157.02487
G1 X97.3 Y117.249 E157.0414
G1 F2700 E152.0414
G0 F6000 X97 Y117.249
G0 X97.402 Y116.519
G0 X91.835 Y116.519
G0 X91.836 Y96.457
G0 X91.964 Y95.475
G0 X93.815 Y93.815
G1 F2700 E157.0414
G1 F1200 X93.207 Y94.606 E157.07458
G1 X92.831 Y95.509 E157.10711
G1 X92.7 Y96.517 E157.14092
G1 X92.7 Y138.483 E158.53671
G1 X92.831 Y139.487 E158.57039
G1 X93.207 Y140.39 E158.60292
G1 X93.815 Y141.181 E158.63611
G1 X94.606 Y141.793 E158.66937
G1 X95.509 Y142.165 E158.70185
G1 X96.518 Y142.3 E158.73571
G1 X138.482 Y142.3 E160.13144
G1 X139.487 Y142.165 E160.16517
G1 X140.39 Y141.793 E160.19765
G1 X141.181 Y141.181 E160.23091
G1 X141.793 Y140.39 E160.26418
G1 X142.165 Y139.487 E160.29666
G1 X142.3 Y138.482 E160.33039
G1 X142.3 Y96.518 E161.72612
G1 X142.165 Y95.509 E161.75997
G1 X141.793 Y94.606 E161.79246
G1 X141.181 Y93.815 E161.82572
G1 X140.39 Y93.207 E161.8589
G1 X139.487 Y92.831 E161.89144
G1 X138.483 Y92.7 E161.92511
G1 X96.517 Y92.7 E163.32091
G1 X95.509 Y92.831 E163.35472
G1 X94.606 Y93.207 E163.38725
G1 X93.815 Y93.815 E163.42043
G1 F2700 E158.42043
G0 F6000 X94.157 Y94.192
G0 X93.697 Y94.889
G0 X93.398 Y95.701
G0 X91.964 Y95.475
G0 X91.86 Y96.271
G0 X91.835 Y116.519
G0 X96.75 Y116.698
;TYPE:SKIN
G1 F2700 E163.42043
G1 F1200 X96.587 Y116.986 E163.43144
G1 X96.54 Y117.296 E163.44187
G1 X96.542 Y117.819 E163.45926
G1 X96.722 Y118.273 E163.47551
G1 X96.961 Y118.489 E163.48622
G1 X97.371 Y118.657 E163.50096
G1 X137.629 Y118.657 E164.83994
G1 X138.075 Y118.471 E164.85602
G1 X138.289 Y118.235 E164.86661
G1 X138.458 Y117.823 E164.88142
G1 X138.458 Y117.268 E164.89988
G1 X138.418 Y117.02 E164.90824
G1 X138.28 Y116.743 E164.91853
G1 X138.072 Y116.522 E164.92862
G1 X137.629 Y116.343 E164.94452
G1 X97.371 Y116.343 E166.2835
G1 X96.958 Y116.511 E166.29833
G1 X96.75 Y116.698 E166.30764
G1 F2700 E161.30764
G0 F6000 X96.936 Y116.884
G0 X97.402 Y116.519
G0 X91.835 Y116.519
G0 X91.836 Y96.457
G0 X91.964 Y95.475
G0 X94.355 Y94.355
G1 F2700 E166.30764
G1 F1200 X94.99 Y93.867 E166.33427
G1 X95.701 Y93.571 E166.35989
G1 X96.569 Y93.46 E166.38899
G1 X138.427 Y93.46 E167.78119
G1 X139.291 Y93.571 E167.81017
G1 X140.002 Y93.867 E167.83578
G1 X140.633 Y94.351 E167.86223
G1 X141.125 Y94.989 E167.88903
G1 X141.421 Y95.705 E167.9148
G1 X141.54 Y96.574 E167.94397
G1 X141.539 Y138.418 E169.33571
G1 X141.421 Y139.287 E169.36488
G1 X141.125 Y140.006 E169.39074
G1 X140.637 Y140.637 E169.41727
G1 X140.006 Y141.125 E169.4438
G1 X139.287 Y141.421 E169.46966
G1 X138.422 Y141.539 E169.4987
G1 X96.574 Y141.54 E170.89057
G1 X95.705 Y141.421 E170.91974
G1 X94.985 Y141.125 E170.94563
G1 X94.359 Y140.641 E170.97195
G1 X93.867 Y139.998 E170.99888
G1 X93.571 Y139.291 E171.02437
G1 X93.461 Y138.427 E171.05334
G1 X93.46 Y96.569 E172.44554
G1 X93.571 Y95.701 E172.47465
G1 X93.867 Y94.99 E172.50026
G1 X94.355 Y94.355 E172.5269
G1 F2700 E167.5269
G0 F6000 X94.152 Y94.199
G0 X93.697 Y94.889
G0 X93.378 Y95.655
G0 X93.261 Y96.554
G0 X93.261 Y138.446
G0 X93.378 Y139.34
G0 X93.697 Y140.107
G0 X94.117 Y140.654
G0 X94.984 Y141.407
G0 X95.16 Y140.981
G1 F2700 E172.5269
G1 F1200 X94.016 Y139.836 E172.58074
G0 F6000 X93.734 Y138.989
G1 F1200 X96.005 Y141.259 E172.68753
G0 F6000 X96.65 Y141.339
G1 F1200 X93.661 Y138.35 E172.82813
G0 F6000 X93.661 Y137.784
G1 F1200 X97.216 Y141.339 E172.99534
G0 F6000 X97.782 Y141.339
G1 F1200 X93.661 Y137.218 E173.18918
G0 F6000 X93.661 Y136.653
G1 F1200 X98.347 Y141.339 E173.4096
G0 F6000 X98.913 Y141.339
G1 F1200 X93.661 Y136.087 E173.65663
G0 F6000 X93.661 Y135.521
G1 F1200 X99.479 Y141.339 E173.9303
G0 F6000 X100.044 Y141.339
G1 F1200 X93.661 Y134.956 E174.23053
G0 F6000 X93.661 Y134.39
G1 F1200 X100.61 Y141.339 E174.55739
G0 F6000 X101.176 Y141.339
G1 F1200 X93.661 Y133.824 E174.91087
G0 F6000 X93.661 Y133.259
G1 F1200 X101.741 Y141.339 E175.29093
G0 F6000 X102.307 Y141.339
G1 F1200 X93.661 Y132.693 E175.69761
G0 F6000 X93.661 Y132.127
G1 F1200 X102.873 Y141.339 E176.13092
G0 F6000 X103.438 Y141.339
G1 F1200 X93.661 Y131.561 E176.59082
G0 F6000 X93.661 Y130.996
G1 F1200 X104.004 Y141.339 E177.07733
G0 F6000 X104.57 Y141.339
G1 F1200 X93.661 Y130.43 E177.59045
G0 F6000 X93.661 Y129.864
G1 F1200 X105.135 Y141.339 E178.13018
G0 F6000 X105.701 Y141.339
G1 F1200 X93.661 Y129.299 E178.6965
G0 F6000 X93.661 Y128.733
G1 F1200 X106.267 Y141.339 E179.28945
G0 F6000 X106.833 Y141.339
G1 F1200 X93.661 Y128.167 E179.90902
G0 F6000 X93.661 Y127.602
G1 F1200 X107.398 Y141.339 E180.55517
G0 F6000 X107.964 Y141.339
G1 F1200 X93.661 Y127.036 E181.22793
G0 F6000 X93.661 Y126.47
G1 F1200 X108.53 Y141.339 E181.92733
G0 F6000 X109.095 Y141.339
G1 F1200 X93.661 Y125.905 E182.65329
G0 F6000 X93.661 Y125.339
G1 F1200 X109.661 Y141.339 E183.40589
G0 F6000 X110.227 Y141.339
G1 F1200 X93.661 Y124.773 E184.1851
G0 F6000 X93.661 Y124.208
G1 F1200 X110.792 Y141.339 E184.99089
G0 F6000 X111.358 Y141.339
G1 F1200 X93.661 Y123.642 E185.8233
G0 F6000 X93.661 Y123.076
G1 F1200 X111.924 Y141.339 E186.68234
G0 F6000 X112.489 Y141.339
G1 F1200 X93.661 Y122.51 E187.56797
G0 F6000 X93.661 Y121.945
G1 F1200 X113.055 Y141.339 E188.48021
G0 F6000 X113.621 Y141.339
G1 F1200 X93.661 Y121.379 E189.41906
G0 F6000 X93.661 Y120.813
G1 F1200 X114.186 Y141.339 E190.38452
G0 F6000 X114.752 Y141.339
G1 F1200 X93.661 Y120.248 E191.37658
G0 F6000 X93.661 Y119.682
G1 F1200 X115.318 Y141.339 E192.39526
G0 F6000 X115.883 Y141.339
G1 F1200 X93.661 Y119.116 E193.44053
G0 F6000 X93.661 Y118.551
G1 F1200 X116.449 Y141.339 E194.51241
G0 F6000 X117.015 Y141.339
G1 F1200 X93.661 Y117.985 E195.61091
G0 F6000 X93.66 Y117.419
G1 F1200 X117.581 Y141.339 E196.73606
G0 F6000 X118.146 Y141.339
G1 F1200 X93.66 Y116.853 E197.88781
G0 F6000 X93.66 Y116.287
G1 F1200 X118.712 Y141.339 E199.06617
G0 F6000 X119.278 Y141.339
G1 F1200 X93.66 Y115.722 E200.27114
G0 F6000 X93.66 Y115.156
G1 F1200 X96.345 Y117.841 E200.39744
G0 F6000 X96.343 Y117.274
G1 F1200 X93.66 Y114.59 E200.52366
G0 F6000 X93.66 Y114.025
G1 F1200 X96.46 Y116.825 E200.65536
G0 F6000 X96.688 Y116.487
G1 F1200 X93.66 Y113.459 E200.79779
G0 F6000 X93.66 Y112.893
G1 F1200 X97.031 Y116.264 E200.95635
G0 F6000 X97.477 Y116.145
G1 F1200 X93.66 Y112.327 E201.13592
G0 F6000 X93.66 Y111.762
G1 F1200 X98.043 Y116.145 E201.34208
G0 F6000 X98.609 Y116.145
G1 F1200 X93.66 Y111.196 E201.57487
G0 F6000 X93.66 Y110.63
G1 F1200 X99.175 Y116.145 E201.83427
G0 F6000 X99.74 Y116.145
G1 F1200 X93.66 Y110.065 E202.12026
G0 F6000 X93.66 Y109.499
G1 F1200 X100.306 Y116.145 E202.43287
G0 F6000 X100.872 Y116.145
G1 F1200 X93.66 Y108.933 E202.7721
G0 F6000 X93.66 Y108.368
G1 F1200 X101.437 Y116.145 E203.1379
G0 F6000 X102.002 Y116.144
G1 F1200 X93.66 Y107.802 E203.53029
G0 F6000 X93.66 Y107.236
G1 F1200 X102.568 Y116.144 E203.94929
G0 F6000 X103.134 Y116.144
G1 F1200 X93.66 Y106.671 E204.39489
G0 F6000 X93.66 Y106.105
G1 F1200 X103.699 Y116.144 E204.8671
G0 F6000 X104.265 Y116.144
G1 F1200 X93.66 Y105.539 E205.36593
G0 F6000 X93.66 Y104.974
G1 F1200 X104.831 Y116.144 E205.89135
G0 F6000 X105.396 Y116.144
G1 F1200 X93.66 Y104.408 E206.44338
G0 F6000 X93.66 Y103.842
G1 F1200 X105.962 Y116.144 E207.02203
G0 F6000 X106.527 Y116.144
G1 F1200 X93.66 Y103.276 E207.62727
G0 F6000 X93.66 Y102.711
G1 F1200 X107.093 Y116.144 E208.25912
G0 F6000 X107.658 Y116.144
G1 F1200 X93.66 Y102.145 E208.91757
G0 F6000 X93.66 Y101.579
G1 F1200 X108.224 Y116.144 E209.60264
G0 F6000 X108.79 Y116.144
G1 F1200 X93.66 Y101.014 E210.3143
G0 F6000 X93.66 Y100.448
G1 F1200 X109.355 Y116.144 E211.05257
G0 F6000 X109.921 Y116.144
G1 F1200 X93.66 Y99.882 E211.81746
G0 F6000 X93.66 Y99.317
G1 F1200 X110.487 Y116.144 E212.60895
G0 F6000 X111.052 Y116.143
G1 F1200 X93.66 Y98.751 E213.42702
G0 F6000 X93.66 Y98.185
G1 F1200 X111.618 Y116.143 E214.27171
G0 F6000 X112.183 Y116.143
G1 F1200 X93.66 Y97.62 E215.14298
G0 F6000 X93.66 Y97.054
G1 F1200 X112.749 Y116.143 E216.04086
G0 F6000 X113.315 Y116.143
G1 F1200 X93.67 Y96.498 E216.9649
G0 F6000 X93.734 Y95.997
G1 F1200 X113.88 Y116.143 E217.91251
G0 F6000 X114.446 Y116.143
G1 F1200 X93.851 Y95.548 E218.88124
G0 F6000 X94.017 Y95.148
G1 F1200 X115.012 Y116.143 E219.86878
G0 F6000 X115.577 Y116.142
G1 F1200 X94.252 Y94.817 E220.87184
G0 F6000 X94.498 Y94.498
G1 F1200 X116.142 Y116.142 E221.88991
G0 F6000 X116.708 Y116.142
G1 F1200 X94.818 Y94.252 E222.91954
G0 F6000 X95.149 Y94.018
G1 F1200 X117.274 Y116.142 E223.96021
G0 F6000 X117.839 Y116.142
G1 F1200 X95.549 Y93.851 E225.00869
G0 F6000 X95.998 Y93.735
G1 F1200 X118.405 Y116.142 E226.06265
G0 F6000 X118.971 Y116.142
G1 F1200 X96.499 Y93.67 E227.11966
G0 F6000 X97.054 Y93.66
G1 F1200 X119.536 Y116.142 E228.17714
G0 F6000 X120.101 Y116.142
G1 F1200 X97.62 Y93.66 E229.23461
G0 F6000 X98.185 Y93.66
G1 F1200 X120.667 Y116.142 E230.29209
G0 F6000 X121.233 Y116.142
G1 F1200 X98.751 Y93.66 E231.34957
G0 F6000 X99.317 Y93.66
G1 F1200 X121.798 Y116.142 E232.40704
G0 F6000 X122.364 Y116.142
G1 F1200 X99.882 Y93.66 E233.46452
G0 F6000 X100.448 Y93.66
G1 F1200 X122.93 Y116.142 E234.522
G0 F6000 X123.495 Y116.142
G1 F1200 X101.014 Y93.66 E235.57946
G0 F6000 X101.579 Y93.66
G1 F1200 X124.061 Y116.142 E236.63695
G0 F6000 X124.626 Y116.141
G1 F1200 X102.145 Y93.66 E237.69439
G0 F6000 X102.711 Y93.66
G1 F1200 X125.192 Y116.141 E238.75182
G0 F6000 X125.758 Y116.141
G1 F1200 X103.276 Y93.66 E239.80928
G0 F6000 X103.842 Y93.66
G1 F1200 X126.323 Y116.141 E240.86672
G0 F6000 X126.889 Y116.141
G1 F1200 X104.408 Y93.66 E241.92416
G0 F6000 X104.974 Y93.66
G1 F1200 X127.455 Y116.141 E242.9816
G0 F6000 X128.02 Y116.141
G1 F1200 X105.539 Y93.66 E244.03903
G0 F6000 X106.105 Y93.66
G1 F1200 X128.586 Y116.141 E245.09647
G0 F6000 X129.151 Y116.14
G1 F1200 X106.671 Y93.66 E246.15386
G0 F6000 X107.236 Y93.66
G1 F1200 X129.717 Y116.14 E247.21128
G0 F6000 X130.282 Y116.14
G1 F1200 X107.802 Y93.66 E248.26867
G0 F6000 X108.368 Y93.66
G1 F1200 X130.848 Y116.14 E249.32606
G0 F6000 X131.414 Y116.14
G1 F1200 X108.933 Y93.66 E250.38347
G0 F6000 X109.499 Y93.66
G1 F1200 X131.979 Y116.14 E251.44086
G0 F6000 X132.545 Y116.14
G1 F1200 X110.065 Y93.66 E252.49825
G0 F6000 X110.63 Y93.66
G1 F1200 X133.111 Y116.14 E253.55566
G0 F6000 X133.676 Y116.139
G1 F1200 X111.196 Y93.66 E254.61303
G0 F6000 X111.762 Y93.66
G1 F1200 X134.241 Y116.139 E255.67037
G0 F6000 X134.807 Y116.139
G1 F1200 X112.327 Y93.66 E256.72774
G0 F6000 X112.893 Y93.66
G1 F1200 X135.373 Y116.139 E257.78511
G0 F6000 X135.938 Y116.139
G1 F1200 X113.459 Y93.66 E258.84245
G0 F6000 X114.025 Y93.66
G1 F1200 X136.504 Y116.139 E259.89979
G0 F6000 X137.07 Y116.139
G1 F1200 X114.59 Y93.66 E260.95716
G0 F6000 X115.156 Y93.66
G1 F1200 X137.636 Y116.139 E262.01453
G0 F6000 X137.582 Y116.598
G0 X138.185 Y117.213
G0 X138.637 Y117.141
G1 F1200 X141.34 Y119.844 E262.14167
G0 F6000 X141.34 Y120.41
G1 F1200 X138.656 Y117.726 E262.26792
G0 F6000 X138.534 Y118.169
G1 F1200 X141.34 Y120.975 E262.3999
G0 F6000 X141.34 Y121.541
G1 F1200 X138.307 Y118.508 E262.54256
G0 F6000 X137.969 Y118.735
G1 F1200 X141.34 Y122.107 E262.70115
G0 F6000 X141.34 Y122.672
G1 F1200 X137.522 Y118.855 E262.88071
G0 F6000 X136.957 Y118.855
G1 F1200 X141.34 Y123.238 E263.08688
G0 F6000 X141.34 Y123.804
G1 F1200 X136.391 Y118.855 E263.31966
G0 F6000 X135.825 Y118.855
G1 F1200 X141.34 Y124.369 E263.57905
G0 F6000 X141.34 Y124.935
G1 F1200 X135.26 Y118.855 E263.86503
G0 F6000 X134.694 Y118.855
G1 F1200 X141.34 Y125.501 E264.17764
G0 F6000 X141.34 Y126.067
G1 F1200 X134.128 Y118.855 E264.51687
G0 F6000 X133.563 Y118.855
G1 F1200 X141.34 Y126.632 E264.88268
G0 F6000 X141.34 Y127.198
G1 F1200 X132.997 Y118.855 E265.2751
G0 F6000 X132.432 Y118.855
G1 F1200 X141.34 Y127.764 E265.69413
G0 F6000 X141.34 Y128.329
G1 F1200 X131.866 Y118.855 E266.13976
G0 F6000 X131.301 Y118.855
G1 F1200 X141.34 Y128.895 E266.61199
G0 F6000 X141.34 Y129.461
G1 F1200 X130.735 Y118.855 E267.11084
G0 F6000 X130.169 Y118.855
G1 F1200 X141.34 Y130.026 E267.63629
G0 F6000 X141.34 Y130.592
G1 F1200 X129.603 Y118.855 E268.18836
G0 F6000 X129.038 Y118.855
G1 F1200 X141.34 Y131.158 E268.76703
G0 F6000 X141.34 Y131.723
G1 F1200 X128.472 Y118.855 E269.3723
G0 F6000 X127.906 Y118.855
G1 F1200 X141.34 Y132.289 E270.0042
G0 F6000 X141.34 Y132.855
G1 F1200 X127.341 Y118.856 E270.66267
G0 F6000 X126.776 Y118.856
G1 F1200 X141.34 Y133.42 E271.34771
G0 F6000 X141.34 Y133.986
G1 F1200 X126.21 Y118.856 E272.05938
G0 F6000 X125.644 Y118.856
G1 F1200 X141.34 Y134.552 E272.79767
G0 F6000 X141.34 Y135.117
G1 F1200 X125.079 Y118.856 E273.56254
G0 F6000 X124.513 Y118.856
G1 F1200 X141.34 Y135.683 E274.35403
G0 F6000 X141.34 Y136.249
G1 F1200 X123.947 Y118.856 E275.17215
G0 F6000 X123.382 Y118.856
G1 F1200 X141.34 Y136.815 E276.01686
G0 F6000 X141.34 Y137.38
G1 F1200 X122.816 Y118.856 E276.88817
G0 F6000 X122.251 Y118.857
G1 F1200 X141.34 Y137.946 E277.78606
G0 F6000 X141.327 Y138.499
G1 F1200 X121.685 Y118.857 E278.70996
G0 F6000 X121.12 Y118.857
G1 F1200 X141.259 Y138.997 E279.65726
G0 F6000 X141.141 Y139.444
G1 F1200 X120.554 Y118.857 E280.62561
G0 F6000 X119.988 Y118.857
G1 F1200 X140.975 Y139.844 E281.61277
G0 F6000 X140.741 Y140.175
G1 F1200 X119.423 Y118.857 E282.61551
G0 F6000 X118.857 Y118.857
G1 F1200 X140.494 Y140.494 E283.63324
G0 F6000 X140.175 Y140.74
G1 F1200 X118.291 Y118.857 E284.66258
G0 F6000 X117.726 Y118.857
G1 F1200 X139.843 Y140.974 E285.70289
G0 F6000 X139.443 Y141.14
G1 F1200 X117.161 Y118.858 E286.75097
G0 F6000 X116.595 Y118.858
G1 F1200 X138.996 Y141.259 E287.80464
G0 F6000 X138.498 Y141.327
G1 F1200 X116.029 Y118.858 E288.86152
G0 F6000 X115.463 Y118.858
G1 F1200 X137.945 Y141.339 E289.91898
G0 F6000 X137.38 Y141.339
G1 F1200 X114.898 Y118.858 E290.97644
G0 F6000 X114.332 Y118.858
G1 F1200 X136.814 Y141.339 E292.0339
G0 F6000 X136.248 Y141.339
G1 F1200 X113.766 Y118.858 E293.09136
G0 F6000 X113.201 Y118.858
G1 F1200 X135.682 Y141.339 E294.1488
G0 F6000 X135.117 Y141.339
G1 F1200 X112.635 Y118.858 E295.20626
G0 F6000 X112.07 Y118.858
G1 F1200 X134.551 Y141.339 E296.26369
G0 F6000 X133.985 Y141.339
G1 F1200 X111.504 Y118.858 E297.32113
G0 F6000 X110.939 Y118.858
G1 F1200 X133.42 Y141.339 E298.37857
G0 F6000 X132.854 Y141.339
G1 F1200 X110.373 Y118.858 E299.43601
G0 F6000 X109.807 Y118.858
G1 F1200 X132.288 Y141.339 E300.49344
G0 F6000 X131.723 Y141.339
G1 F1200 X109.242 Y118.858 E301.55088
G0 F6000 X108.676 Y118.858
G1 F1200 X131.157 Y141.339 E302.60832
G0 F6000 X130.591 Y141.339
G1 F1200 X108.11 Y118.858 E303.66576
G0 F6000 X107.545 Y118.858
G1 F1200 X130.026 Y141.339 E304.72319
G0 F6000 X129.46 Y141.339
G1 F1200 X106.98 Y118.859 E305.78058
G0 F6000 X106.414 Y118.859
G1 F1200 X128.894 Y141.339 E306.83797
G0 F6000 X128.329 Y141.339
G1 F1200 X105.848 Y118.859 E307.89539
G0 F6000 X105.283 Y118.859
G1 F1200 X127.763 Y141.339 E308.95278
G0 F6000 X127.197 Y141.339
G1 F1200 X104.717 Y118.859 E310.01017
G0 F6000 X104.151 Y118.859
G1 F1200 X126.632 Y141.339 E311.06758
G0 F6000 X126.066 Y141.339
G1 F1200 X103.585 Y118.859 E312.125
G0 F6000 X103.02 Y118.859
G1 F1200 X125.5 Y141.339 E313.18239
G0 F6000 X124.934 Y141.339
G1 F1200 X102.454 Y118.859 E314.23978
G0 F6000 X101.889 Y118.86
G1 F1200 X124.369 Y141.339 E315.29714
G0 F6000 X123.803 Y141.339
G1 F1200 X101.323 Y118.86 E316.35451
G0 F6000 X100.758 Y118.86
G1 F1200 X123.237 Y141.339 E317.41185
G0 F6000 X122.672 Y141.339
G1 F1200 X100.192 Y118.86 E318.46922
G0 F6000 X99.626 Y118.86
G1 F1200 X122.106 Y141.339 E319.52659
G0 F6000 X121.54 Y141.339
G1 F1200 X99.061 Y118.86 E320.58393
G0 F6000 X98.495 Y118.86
G1 F1200 X120.975 Y141.339 E321.6413
G0 F6000 X120.409 Y141.339
G1 F1200 X97.929 Y118.86 E322.69866
G0 F6000 X97.364 Y118.86
G1 F1200 X119.843 Y141.339 E323.75601
G1 F2700 E318.75601
G0 F6000 X119.843 Y141.8
G0 X138.444 Y141.739
G0 X139.341 Y141.618
G0 X140.107 Y141.303
G0 X140.781 Y140.781
G0 X141.303 Y140.107
G0 X141.618 Y139.341
G0 X141.716 Y138.615
G0 X141.8 Y119.278
G0 X141.34 Y119.278
G1 F2700 E323.75601
G1 F1200 X115.722 Y93.66 E324.961
G0 F6000 X116.287 Y93.66
G1 F1200 X141.34 Y118.713 E326.13942
G0 F6000 X141.34 Y118.147
G1 F1200 X116.853 Y93.66 E327.29121
G0 F6000 X117.419 Y93.66
G1 F1200 X141.34 Y117.581 E328.41638
G0 F6000 X141.34 Y117.016
G1 F1200 X117.984 Y93.66 E329.51497
G0 F6000 X118.55 Y93.66
G1 F1200 X141.34 Y116.45 E330.58695
G0 F6000 X141.34 Y115.884
G1 F1200 X119.116 Y93.66 E331.63229
G0 F6000 X119.681 Y93.66
G1 F1200 X141.34 Y115.319 E332.65107
G0 F6000 X141.34 Y114.753
G1 F1200 X120.247 Y93.66 E333.64322
G0 F6000 X120.813 Y93.66
G1 F1200 X141.34 Y114.187 E334.60874
G0 F6000 X141.34 Y113.621
G1 F1200 X121.378 Y93.66 E335.54767
G0 F6000 X121.944 Y93.66
G1 F1200 X141.34 Y113.056 E336.46
G0 F6000 X141.34 Y112.49
G1 F1200 X122.51 Y93.66 E337.34571
G0 F6000 X123.075 Y93.66
G1 F1200 X141.34 Y111.924 E338.20481
G0 F6000 X141.34 Y111.359
G1 F1200 X123.641 Y93.66 E339.03732
G0 F6000 X124.207 Y93.66
G1 F1200 X141.34 Y110.793 E339.8432
G0 F6000 X141.34 Y110.227
G1 F1200 X124.773 Y93.66 E340.62246
G0 F6000 X125.338 Y93.66
G1 F1200 X141.34 Y109.662 E341.37515
G0 F6000 X141.34 Y109.096
G1 F1200 X125.904 Y93.66 E342.10121
G0 F6000 X126.47 Y93.66
G1 F1200 X141.34 Y108.53 E342.80065
G0 F6000 X141.34 Y107.965
G1 F1200 X127.035 Y93.66 E343.47351
G0 F6000 X127.601 Y93.66
G1 F1200 X141.34 Y107.399 E344.11975
G0 F6000 X141.34 Y106.833
G1 F1200 X128.167 Y93.66 E344.73937
G0 F6000 X128.732 Y93.66
G1 F1200 X141.34 Y106.268 E345.33241
G0 F6000 X141.34 Y105.702
G1 F1200 X129.298 Y93.66 E345.89883
G0 F6000 X129.864 Y93.66
G1 F1200 X141.34 Y105.136 E346.43863
G0 F6000 X141.34 Y104.57
G1 F1200 X130.429 Y93.66 E346.95182
G0 F6000 X130.995 Y93.66
G1 F1200 X141.34 Y104.005 E347.43842
G0 F6000 X141.34 Y103.439
G1 F1200 X131.561 Y93.66 E347.8984
G0 F6000 X132.126 Y93.66
G1 F1200 X141.34 Y102.873 E348.33177
G0 F6000 X141.34 Y102.308
G1 F1200 X132.692 Y93.66 E348.73855
G0 F6000 X133.258 Y93.66
G1 F1200 X141.34 Y101.742 E349.1187
G0 F6000 X141.34 Y101.176
G1 F1200 X133.823 Y93.66 E349.47225
G0 F6000 X134.389 Y93.66
G1 F1200 X141.34 Y100.611 E349.7992
G0 F6000 X141.34 Y100.045
G1 F1200 X134.955 Y93.66 E350.09954
G0 F6000 X135.521 Y93.66
G1 F1200 X141.34 Y99.479 E350.37324
G0 F6000 X141.34 Y98.914
G1 F1200 X136.086 Y93.66 E350.62038
G0 F6000 X136.652 Y93.66
G1 F1200 X141.34 Y98.348 E350.84088
G0 F6000 X141.34 Y97.782
G1 F1200 X137.218 Y93.66 E351.03477
G0 F6000 X137.783 Y93.66
G1 F1200 X141.34 Y97.217 E351.20208
G0 F6000 X141.34 Y96.651
G1 F1200 X138.349 Y93.66 E351.34277
G0 F6000 X138.989 Y93.734
G1 F1200 X141.26 Y96.005 E351.44959
G0 F6000 X140.978 Y95.157
G1 F1200 X139.836 Y94.016 E351.50328
G1 F2700 E346.50328
;MESH:NONMESH
G0 F300 X139.836 Y94.016 Z0.4
G0 F6000 X140.014 Y93.593
G0 X139.341 Y93.378
G0 X138.446 Y93.261
G0 X96.554 Y93.261
G0 X95.655 Y93.378
G0 X95.035 Y93.636
G0 X94.157 Y94.192
G0 X94.1 Y94.1
;TIME_ELAPSED:558.680295
;LAYER:1
M106 S85
;TYPE:WALL-INNER
;MESH:singola_fenditura.stl
G1 F2700 E351.50328
G1 F1350 X93.556 Y94.808 E351.53298
G1 X93.221 Y95.613 E351.56198
G1 X93.1 Y96.543 E351.59317
G1 X93.1 Y138.457 E352.98724
G1 X93.221 Y139.383 E353.0183
G1 X93.556 Y140.188 E353.0473
G1 X94.101 Y140.896 E353.07702
G1 X94.808 Y141.443 E353.10675
G1 X95.613 Y141.775 E353.13571
G1 X96.544 Y141.9 E353.16695
G1 X138.456 Y141.9 E354.56095
G1 X139.383 Y141.775 E354.59206
G1 X140.188 Y141.443 E354.62102
G1 X140.896 Y140.896 E354.65078
G1 X141.443 Y140.188 E354.68054
G1 X141.775 Y139.383 E354.7095
G1 X141.9 Y138.456 E354.74061
G1 X141.9 Y96.544 E356.13461
G1 X141.775 Y95.613 E356.16585
G1 X141.443 Y94.808 E356.19482
G1 X140.896 Y94.101 E356.22455
G1 X140.188 Y93.556 E356.25426
G1 X139.383 Y93.221 E356.28326
G1 X138.457 Y93.1 E356.31433
G1 X96.543 Y93.1 E357.70839
G1 X95.613 Y93.221 E357.73958
G1 X94.808 Y93.556 E357.76858
G1 X94.1 Y94.1 E357.79828
G1 F2700 E352.79828
G0 F7500 X94.157 Y94.192
G0 X93.697 Y94.889
G0 X93.398 Y95.701
G0 X91.964 Y95.475
G0 X91.86 Y96.271
G0 X91.835 Y116.519
G0 X97.02 Y116.94
G1 F2700 E357.79828
G1 F1350 X97.14 Y116.82 E357.80392
G1 X97.421 Y116.7 E357.81409
G1 X137.579 Y116.7 E359.14975
G1 X137.86 Y116.82 E359.15991
G1 X137.981 Y116.939 E359.16555
G1 X138.1 Y117.166 E359.17408
G1 X138.1 Y117.774 E359.1943
G1 X137.981 Y118.06 E359.2046
G1 X137.86 Y118.18 E359.21027
G1 X137.579 Y118.3 E359.22044
G1 X97.421 Y118.3 E360.5561
G1 X97.14 Y118.18 E360.56626
G1 X97.019 Y118.06 E360.57193
G1 X96.9 Y117.834 E360.58042
G1 X96.9 Y117.165 E360.60267
G1 X97.02 Y116.94 E360.61115
G0 F7500 X97.3 Y117.249
;TYPE:WALL-OUTER
G1 F1350 X97.38 Y117.14 E360.61565
G1 X97.463 Y117.103 E360.61867
G1 X137.537 Y117.103 E361.95154
G1 X137.661 Y117.179 E361.95638
G1 X137.7 Y117.255 E361.95922
G1 X137.698 Y117.735 E361.97518
G1 X137.661 Y117.82 E361.97827
G1 X137.537 Y117.897 E361.98312
G1 X97.463 Y117.897 E363.31599
G1 X97.38 Y117.86 E363.31901
G1 X97.3 Y117.746 E363.32364
G1 X97.3 Y117.249 E363.34017
G1 F2700 E358.34017
G0 F7500 X97 Y117.249
G0 X97.402 Y116.519
G0 X91.835 Y116.519
G0 X91.836 Y96.457
G0 X91.964 Y95.475
G0 X93.815 Y93.815
G1 F2700 E363.34017
G1 F1350 X93.207 Y94.606 E363.37336
G1 X92.831 Y95.509 E363.40589
G1 X92.7 Y96.517 E363.4397
G1 X92.7 Y138.483 E364.83549
G1 X92.831 Y139.487 E364.86917
G1 X93.207 Y140.39 E364.9017
G1 X93.815 Y141.181 E364.93488
G1 X94.606 Y141.793 E364.96815
G1 X95.509 Y142.165 E365.00063
G1 X96.518 Y142.3 E365.03449
G1 X138.482 Y142.3 E366.43022
G1 X139.487 Y142.165 E366.46394
G1 X140.39 Y141.793 E366.49643
G1 X141.181 Y141.181 E366.52969
G1 X141.793 Y140.39 E366.56295
G1 X142.165 Y139.487 E366.59544
G1 X142.3 Y138.482 E366.62916
G1 X142.3 Y96.518 E368.02489
G1 X142.165 Y95.509 E368.05875
G1 X141.793 Y94.606 E368.09123
G1 X141.181 Y93.815 E368.1245
G1 X140.39 Y93.207 E368.15768
G1 X139.487 Y92.831 E368.19021
G1 X138.483 Y92.7 E368.22389
G1 X96.517 Y92.7 E369.61968
G1 X95.509 Y92.831 E369.65349
G1 X94.606 Y93.207 E369.68603
G1 X93.815 Y93.815 E369.71921
G1 F2700 E364.71921
G0 F7500 X94.157 Y94.192
G0 X93.697 Y94.889
G0 X93.398 Y95.701
G0 X91.964 Y95.475
G0 X91.86 Y96.271
G0 X91.835 Y116.519
G0 X96.75 Y116.698
;TYPE:SKIN
G1 F2700 E369.71921
G1 F1350 X96.587 Y116.986 E369.73022
G1 X96.54 Y117.296 E369.74064
G1 X96.542 Y117.819 E369.75804
G1 X96.722 Y118.273 E369.77428
G1 X96.961 Y118.489 E369.785
G1 X97.371 Y118.657 E369.79973
G1 X137.629 Y118.657 E371.13872
G1 X138.075 Y118.471 E371.15479
G1 X138.289 Y118.235 E371.16539
G1 X138.458 Y117.823 E371.1802
G1 X138.458 Y117.268 E371.19866
G1 X138.418 Y117.02 E371.20702
G1 X138.28 Y116.743 E371.21731
G1 X138.072 Y116.522 E371.2274
G1 X137.629 Y116.343 E371.24329
G1 X97.371 Y116.343 E372.58228
G1 X96.958 Y116.511 E372.59711
G1 X96.75 Y116.698 E372.60641
G1 F2700 E367.60641
G0 F7500 X96.936 Y116.884
G0 X97.402 Y116.519
G0 X91.835 Y116.519
G0 X91.836 Y96.457
G0 X91.964 Y95.475
G0 X94.355 Y94.355
G1 F2700 E372.60641
G1 F1350 X94.99 Y93.867 E372.63305
G1 X95.701 Y93.571 E372.65866
G1 X96.569 Y93.46 E372.68777
G1 X138.427 Y93.46 E374.07997
G1 X139.291 Y93.571 E374.10895
G1 X140.002 Y93.867 E374.13456
G1 X140.633 Y94.351 E374.16101
G1 X141.125 Y94.989 E374.18781
G1 X141.421 Y95.705 E374.21358
G1 X141.54 Y96.574 E374.24275
G1 X141.539 Y138.418 E375.63449
G1 X141.421 Y139.287 E375.66365
G1 X141.125 Y140.006 E375.68952
G1 X140.637 Y140.637 E375.71605
G1 X140.006 Y141.125 E375.74258
G1 X139.287 Y141.421 E375.76844
G1 X138.422 Y141.539 E375.79748
G1 X96.574 Y141.54 E377.18935
G1 X95.705 Y141.421 E377.21852
G1 X94.985 Y141.125 E377.24441
G1 X94.359 Y140.641 E377.27073
G1 X93.867 Y139.998 E377.29766
G1 X93.571 Y139.291 E377.32315
G1 X93.461 Y138.427 E377.35212
G1 X93.46 Y96.569 E378.74432
G1 X93.571 Y95.701 E378.77343
G1 X93.867 Y94.99 E378.79904
G1 X94.355 Y94.355 E378.82568
G0 F7500 X94.152 Y94.199
G0 X93.894 Y94.59
G0 X93.315 Y95.668
G0 X93.777 Y95.728
G1 F1350 X95.728 Y93.777 E378.91745
G0 F7500 X96.384 Y93.686
G1 F1350 X93.685 Y96.385 E379.0444
G0 F7500 X93.661 Y96.975
G1 F1350 X96.976 Y93.66 E379.20033
G0 F7500 X97.542 Y93.66
G1 F1350 X93.661 Y97.541 E379.38288
G0 F7500 X93.661 Y98.107
G1 F1350 X98.108 Y93.66 E379.59205
G0 F7500 X98.673 Y93.66
G1 F1350 X93.661 Y98.673 E379.82782
G0 F7500 X93.661 Y99.238
G1 F1350 X99.239 Y93.66 E380.0902
G0 F7500 X99.805 Y93.66
G1 F1350 X93.661 Y99.804 E380.37919
G0 F7500 X93.661 Y100.37
G1 F1350 X100.37 Y93.66 E380.69479
G0 F7500 X100.936 Y93.66
G1 F1350 X93.661 Y100.935 E381.03698
G0 F7500 X93.661 Y101.501
G1 F1350 X101.502 Y93.66 E381.4058
G0 F7500 X102.067 Y93.66
G1 F1350 X93.661 Y102.067 E381.80121
G0 F7500 X93.661 Y102.632
G1 F1350 X102.633 Y93.66 E382.22323
G0 F7500 X103.199 Y93.66
G1 F1350 X93.661 Y103.198 E382.67187
G0 F7500 X93.661 Y103.764
G1 F1350 X103.764 Y93.66 E383.1471
G0 F7500 X104.33 Y93.66
G1 F1350 X93.661 Y104.329 E383.64894
G0 F7500 X93.661 Y104.895
G1 F1350 X104.896 Y93.66 E384.1774
G0 F7500 X105.461 Y93.66
G1 F1350 X93.661 Y105.461 E384.73246
G0 F7500 X93.661 Y106.026
G1 F1350 X106.027 Y93.66 E385.31412
G0 F7500 X106.593 Y93.66
G1 F1350 X93.661 Y106.592 E385.9224
G0 F7500 X93.661 Y107.158
G1 F1350 X107.158 Y93.66 E386.55728
G0 F7500 X107.724 Y93.66
G1 F1350 X93.661 Y107.723 E387.21876
G0 F7500 X93.661 Y108.289
G1 F1350 X108.29 Y93.66 E387.90686
G0 F7500 X108.856 Y93.66
G1 F1350 X93.661 Y108.855 E388.62159
G0 F7500 X93.661 Y109.421
G1 F1350 X109.421 Y93.66 E389.36292
G0 F7500 X109.987 Y93.66
G1 F1350 X93.661 Y109.986 E390.13084
G0 F7500 X93.661 Y110.552
G1 F1350 X110.553 Y93.66 E390.92539
G0 F7500 X111.118 Y93.66
G1 F1350 X93.661 Y111.118 E391.74654
G0 F7500 X93.661 Y111.683
G1 F1350 X111.684 Y93.66 E392.59428
G0 F7500 X112.25 Y93.66
G1 F1350 X93.661 Y112.249 E393.46865
G0 F7500 X93.661 Y112.815
G1 F1350 X112.815 Y93.66 E394.36962
G0 F7500 X113.381 Y93.66
G1 F1350 X93.661 Y113.38 E395.29719
G0 F7500 X93.661 Y113.946
G1 F1350 X113.947 Y93.66 E396.25138
G0 F7500 X114.512 Y93.66
G1 F1350 X93.661 Y114.512 E397.23217
G0 F7500 X93.661 Y115.077
G1 F1350 X115.078 Y93.66 E398.23956
G0 F7500 X115.644 Y93.66
G1 F1350 X93.661 Y115.643 E399.27357
G0 F7500 X93.661 Y116.209
G1 F1350 X116.209 Y93.66 E400.33419
G0 F7500 X116.775 Y93.66
G1 F1350 X93.661 Y116.774 E401.4214
G0 F7500 X93.661 Y117.34
G1 F1350 X117.341 Y93.66 E402.53523
G0 F7500 X117.907 Y93.66
G1 F1350 X93.661 Y117.905 E403.67567
G0 F7500 X93.661 Y118.471
G1 F1350 X118.472 Y93.66 E404.8427
G0 F7500 X119.038 Y93.66
G1 F1350 X93.661 Y119.036 E406.03633
G0 F7500 X93.661 Y119.602
G1 F1350 X96.476 Y116.788 E406.16872
G0 F7500 X96.977 Y116.287
G1 F1350 X119.604 Y93.66 E407.23302
G0 F7500 X120.169 Y93.66
G1 F1350 X97.683 Y116.146 E408.2907
G0 F7500 X98.249 Y116.146
G1 F1350 X120.735 Y93.66 E409.34837
G0 F7500 X121.301 Y93.66
G1 F1350 X98.815 Y116.146 E410.40604
G0 F7500 X99.38 Y116.146
G1 F1350 X121.866 Y93.66 E411.46371
G0 F7500 X122.432 Y93.66
G1 F1350 X99.946 Y116.146 E412.52139
G0 F7500 X100.512 Y116.146
G1 F1350 X122.998 Y93.66 E413.57906
G0 F7500 X123.563 Y93.66
G1 F1350 X101.077 Y116.146 E414.63673
G0 F7500 X101.643 Y116.146
G1 F1350 X124.129 Y93.66 E415.6944
G0 F7500 X124.695 Y93.66
G1 F1350 X102.209 Y116.145 E416.75205
G0 F7500 X102.775 Y116.145
G1 F1350 X125.26 Y93.66 E417.80968
G0 F7500 X125.826 Y93.66
G1 F1350 X103.341 Y116.145 E418.8673
G0 F7500 X103.907 Y116.145
G1 F1350 X126.392 Y93.66 E419.92493
G0 F7500 X126.957 Y93.66
G1 F1350 X104.472 Y116.145 E420.98255
G0 F7500 X105.038 Y116.145
G1 F1350 X127.523 Y93.66 E422.04018
G0 F7500 X128.089 Y93.66
G1 F1350 X105.604 Y116.145 E423.09781
G0 F7500 X106.169 Y116.145
G1 F1350 X128.655 Y93.66 E424.15545
G0 F7500 X129.22 Y93.66
G1 F1350 X106.736 Y116.144 E425.21303
G0 F7500 X107.301 Y116.144
G1 F1350 X129.786 Y93.66 E426.27063
G0 F7500 X130.352 Y93.66
G1 F1350 X107.867 Y116.144 E427.32824
G0 F7500 X108.433 Y116.144
G1 F1350 X130.917 Y93.66 E428.38582
G0 F7500 X131.483 Y93.66
G1 F1350 X108.998 Y116.144 E429.44342
G0 F7500 X109.564 Y116.144
G1 F1350 X132.049 Y93.66 E430.50102
G0 F7500 X132.614 Y93.66
G1 F1350 X110.13 Y116.144 E431.5586
G0 F7500 X110.695 Y116.144
G1 F1350 X133.18 Y93.66 E432.6162
G0 F7500 X133.746 Y93.66
G1 F1350 X111.262 Y116.144 E433.67378
G0 F7500 X111.828 Y116.144
G1 F1350 X134.311 Y93.66 E434.73133
G0 F7500 X134.877 Y93.66
G1 F1350 X112.393 Y116.144 E435.78891
G0 F7500 X112.959 Y116.144
G1 F1350 X135.443 Y93.66 E436.84649
G0 F7500 X136.008 Y93.66
G1 F1350 X113.525 Y116.144 E437.90404
G0 F7500 X114.09 Y116.144
G1 F1350 X136.574 Y93.66 E438.96162
G0 F7500 X137.14 Y93.66
G1 F1350 X114.656 Y116.144 E440.0192
G0 F7500 X115.222 Y116.144
G1 F1350 X137.706 Y93.66 E441.07678
G0 F7500 X138.271 Y93.66
G1 F1350 X115.788 Y116.143 E442.13431
G0 F7500 X116.354 Y116.143
G1 F1350 X138.788 Y93.709 E443.18954
G0 F7500 X139.28 Y93.783
G1 F1350 X116.919 Y116.143 E444.24131
G0 F7500 X117.485 Y116.143
G1 F1350 X139.679 Y93.949 E445.28524
G0 F7500 X140.043 Y94.151
G1 F1350 X118.051 Y116.143 E446.31968
G0 F7500 X118.616 Y116.143
G1 F1350 X140.364 Y94.396 E447.34262
G0 F7500 X140.639 Y94.687
G1 F1350 X119.182 Y116.143 E448.35186
G0 F7500 X119.749 Y116.142
G1 F1350 X140.885 Y95.006 E449.34604
G0 F7500 X141.071 Y95.385
G1 F1350 X120.314 Y116.142 E450.32238
G0 F7500 X120.88 Y116.142
G1 F1350 X141.23 Y95.792 E451.27958
G0 F7500 X141.298 Y96.29
G1 F1350 X121.446 Y116.142 E452.21336
G0 F7500 X122.011 Y116.142
G1 F1350 X141.339 Y96.814 E453.12249
G0 F7500 X141.339 Y97.38
G1 F1350 X122.577 Y116.142 E454.005
G0 F7500 X123.143 Y116.142
G1 F1350 X141.339 Y97.946 E454.86088
G0 F7500 X141.339 Y98.511
G1 F1350 X123.708 Y116.142 E455.69019
G0 F7500 X124.275 Y116.142
G1 F1350 X141.339 Y99.077 E456.49285
G0 F7500 X141.339 Y99.643
G1 F1350 X124.84 Y116.142 E457.26892
G0 F7500 X125.406 Y116.142
G1 F1350 X141.339 Y100.208 E458.01838
G0 F7500 X141.339 Y100.774
G1 F1350 X125.972 Y116.142 E458.74122
G0 F7500 X126.537 Y116.142
G1 F1350 X141.339 Y101.34 E459.43746
G0 F7500 X141.339 Y101.905
G1 F1350 X127.103 Y116.142 E460.1071
G0 F7500 X127.669 Y116.142
G1 F1350 X141.339 Y102.471 E460.75012
G0 F7500 X141.339 Y103.037
G1 F1350 X128.235 Y116.142 E461.36651
G0 F7500 X128.801 Y116.141
G1 F1350 X141.339 Y103.602 E461.95629
G0 F7500 X141.339 Y104.168
G1 F1350 X129.367 Y116.141 E462.51944
G0 F7500 X129.932 Y116.141
G1 F1350 X141.339 Y104.734 E463.05599
G0 F7500 X141.339 Y105.3
G1 F1350 X130.498 Y116.141 E463.56591
G0 F7500 X131.064 Y116.141
G1 F1350 X141.339 Y105.865 E464.04924
G0 F7500 X141.339 Y106.431
G1 F1350 X131.629 Y116.141 E464.50597
G0 F7500 X132.195 Y116.141
G1 F1350 X141.339 Y106.997 E464.93608
G0 F7500 X141.339 Y107.562
G1 F1350 X132.761 Y116.141 E465.33958
G0 F7500 X133.327 Y116.14
G1 F1350 X141.339 Y108.128 E465.71644
G0 F7500 X141.339 Y108.694
G1 F1350 X133.893 Y116.14 E466.06668
G0 F7500 X134.458 Y116.14
G1 F1350 X141.339 Y109.259 E466.39034
G0 F7500 X141.339 Y109.825
G1 F1350 X135.024 Y116.14 E466.68738
G0 F7500 X135.59 Y116.14
G1 F1350 X141.339 Y110.391 E466.95779
G0 F7500 X141.339 Y110.956
G1 F1350 X136.156 Y116.14 E467.20161
G0 F7500 X136.721 Y116.14
G1 F1350 X141.339 Y111.522 E467.41883
G0 F7500 X141.339 Y112.088
G1 F1350 X137.287 Y116.14 E467.60942
G0 F7500 X137.8 Y116.192
G1 F1350 X141.339 Y112.653 E467.77588
G0 F7500 X141.339 Y113.219
G1 F1350 X138.197 Y116.361 E467.92367
G0 F7500 X138.463 Y116.661
G1 F1350 X141.339 Y113.785 E468.05895
G0 F7500 X141.339 Y114.35
G1 F1350 X138.628 Y117.062 E468.18649
G0 F7500 X138.657 Y117.598
G1 F1350 X141.339 Y114.916 E468.31265
G0 F7500 X141.339 Y115.482
G1 F1350 X138.27 Y118.551 E468.457
G1 X138.175 Y118.646
G1 X115.481 Y141.34 E469.52446
G0 F7500 X116.047 Y141.34
G1 F1350 X141.339 Y116.048 E470.71412
G0 F7500 X141.339 Y116.613
G1 F1350 X116.613 Y141.34 E471.87718
G0 F7500 X117.178 Y141.34
G1 F1350 X141.339 Y117.179 E473.01364
G0 F7500 X141.339 Y117.745
G1 F1350 X117.744 Y141.34 E474.12347
G0 F7500 X118.31 Y141.34
G1 F1350 X141.339 Y118.311 E475.20669
G0 F7500 X141.339 Y118.877
G1 F1350 X118.875 Y141.34 E476.2633
G0 F7500 X119.441 Y141.34
G1 F1350 X141.339 Y119.442 E477.29331
G0 F7500 X141.339 Y120.008
G1 F1350 X120.007 Y141.34 E478.29671
G0 F7500 X120.572 Y141.34
G1 F1350 X141.339 Y120.574 E479.2735
G0 F7500 X141.339 Y121.139
G1 F1350 X121.138 Y141.34 E480.22369
G0 F7500 X121.704 Y141.34
G1 F1350 X141.339 Y121.705 E481.14726
G0 F7500 X141.339 Y122.271
G1 F1350 X122.269 Y141.34 E482.04423
G0 F7500 X122.835 Y141.34
G1 F1350 X141.339 Y122.836 E482.9146
G0 F7500 X141.339 Y123.402
G1 F1350 X123.401 Y141.34 E483.75835
G0 F7500 X123.966 Y141.34
G1 F1350 X141.339 Y123.968 E484.5755
G0 F7500 X141.339 Y124.534
G1 F1350 X124.532 Y141.34 E485.36603
G0 F7500 X125.098 Y141.34
G1 F1350 X141.339 Y125.099 E486.12995
G0 F7500 X141.339 Y125.665
G1 F1350 X125.663 Y141.34 E486.86728
G0 F7500 X126.229 Y141.34
G1 F1350 X141.339 Y126.231 E487.57799
G0 F7500 X141.339 Y126.796
G1 F1350 X126.795 Y141.34 E488.26209
G0 F7500 X127.361 Y141.34
G1 F1350 X141.339 Y127.362 E488.91957
G0 F7500 X141.339 Y127.928
G1 F1350 X127.926 Y141.34 E489.55046
G0 F7500 X128.492 Y141.34
G1 F1350 X141.339 Y128.493 E490.15474
G0 F7500 X141.339 Y129.059
G1 F1350 X129.058 Y141.34 E490.7324
G0 F7500 X129.623 Y141.34
G1 F1350 X141.339 Y129.625 E491.28346
G0 F7500 X141.339 Y130.19
G1 F1350 X130.189 Y141.34 E491.80792
G0 F7500 X130.755 Y141.34
G1 F1350 X141.339 Y130.756 E492.30576
G0 F7500 X141.339 Y131.322
G1 F1350 X131.32 Y141.34 E492.777
G0 F7500 X131.886 Y141.34
G1 F1350 X141.339 Y131.887 E493.22164
G0 F7500 X141.339 Y132.453
G1 F1350 X132.452 Y141.34 E493.63966
G0 F7500 X133.017 Y141.34
G1 F1350 X141.339 Y133.019 E494.03108
G0 F7500 X141.339 Y133.584
G1 F1350 X133.583 Y141.34 E494.3959
G0 F7500 X134.149 Y141.34
G1 F1350 X141.339 Y134.15 E494.73409
G0 F7500 X141.339 Y134.716
G1 F1350 X134.714 Y141.34 E495.04569
G0 F7500 X135.28 Y141.34
G1 F1350 X141.339 Y135.282 E495.33066
G0 F7500 X141.339 Y135.847
G1 F1350 X135.846 Y141.34 E495.58904
G0 F7500 X136.412 Y141.34
G1 F1350 X141.339 Y136.413 E495.82079
G0 F7500 X141.339 Y136.979
G1 F1350 X136.977 Y141.34 E496.02594
G0 F7500 X137.543 Y141.34
G1 F1350 X141.339 Y137.544 E496.20449
G0 F7500 X141.339 Y138.11
G1 F1350 X138.109 Y141.34 E496.35642
G0 F7500 X138.717 Y141.297
G1 F1350 X141.296 Y138.718 E496.47773
G0 F7500 X141.141 Y139.439
G1 F1350 X139.439 Y141.141 E496.55778
G1 F2700 E491.55778
G0 F7500 X139.615 Y141.571
G0 X140.087 Y141.269
G0 X140.981 Y142.432
G0 X141.802 Y141.802
G0 X142.544 Y140.835
G0 X143.011 Y139.708
G0 X143.135 Y138.765
G0 X143.165 Y118.481
G0 X137.401 Y118.854
G1 F2700 E496.55778
G1 F1350 X114.915 Y141.34 E497.61546
G0 F7500 X114.35 Y141.34
G1 F1350 X136.836 Y118.854 E498.67313
G0 F7500 X136.27 Y118.854
G1 F1350 X113.784 Y141.34 E499.7308
G0 F7500 X113.218 Y141.34
G1 F1350 X135.704 Y118.854 E500.78847
G0 F7500 X135.139 Y118.854
G1 F1350 X112.653 Y141.34 E501.84615
G0 F7500 X112.087 Y141.34
G1 F1350 X134.573 Y118.854 E502.90382
G0 F7500 X134.007 Y118.854
G1 F1350 X111.521 Y141.34 E503.96149
G0 F7500 X110.956 Y141.34
G1 F1350 X133.442 Y118.854 E505.01916
G0 F7500 X132.876 Y118.854
G1 F1350 X110.39 Y141.34 E506.07684
G0 F7500 X109.824 Y141.34
G1 F1350 X132.31 Y118.855 E507.13449
G0 F7500 X131.744 Y118.855
G1 F1350 X109.259 Y141.34 E508.19211
G0 F7500 X108.693 Y141.34
G1 F1350 X131.178 Y118.855 E509.24974
G0 F7500 X130.613 Y118.855
G1 F1350 X108.127 Y141.34 E510.30739
G0 F7500 X107.562 Y141.34
G1 F1350 X130.047 Y118.855 E511.36501
G0 F7500 X129.481 Y118.855
G1 F1350 X106.996 Y141.34 E512.42264
G0 F7500 X106.43 Y141.34
G1 F1350 X128.915 Y118.855 E513.48026
G0 F7500 X128.35 Y118.855
G1 F1350 X105.864 Y141.34 E514.53791
G0 F7500 X105.299 Y141.34
G1 F1350 X127.784 Y118.855 E515.59554
G0 F7500 X127.218 Y118.855
G1 F1350 X104.733 Y141.34 E516.65316
G0 F7500 X104.167 Y141.34
G1 F1350 X126.652 Y118.855 E517.71079
G0 F7500 X126.086 Y118.855
G1 F1350 X103.602 Y141.34 E518.76839
G0 F7500 X103.036 Y141.34
G1 F1350 X125.521 Y118.855 E519.82601
G0 F7500 X124.955 Y118.855
G1 F1350 X102.47 Y141.34 E520.88364
G0 F7500 X101.905 Y141.34
G1 F1350 X124.389 Y118.855 E521.94124
G0 F7500 X123.824 Y118.855
G1 F1350 X101.339 Y141.34 E522.99887
G0 F7500 X100.773 Y141.34
G1 F1350 X123.258 Y118.855 E524.05649
G0 F7500 X122.692 Y118.855
G1 F1350 X100.208 Y141.34 E525.1141
G0 F7500 X99.642 Y141.34
G1 F1350 X122.126 Y118.856 E526.17167
G0 F7500 X121.56 Y118.856
G1 F1350 X99.076 Y141.34 E527.22925
G0 F7500 X98.511 Y141.34
G1 F1350 X120.994 Y118.856 E528.28681
G0 F7500 X120.429 Y118.856
G1 F1350 X97.945 Y141.34 E529.34439
G0 F7500 X97.379 Y141.34
G1 F1350 X119.863 Y118.856 E530.40196
G0 F7500 X119.297 Y118.856
G1 F1350 X96.814 Y141.34 E531.45952
G0 F7500 X96.29 Y141.298
G1 F1350 X118.732 Y118.856 E532.51512
G0 F7500 X118.166 Y118.856
G1 F1350 X95.792 Y141.23 E533.56753
G0 F7500 X95.384 Y141.072
G1 F1350 X117.6 Y118.856 E534.6125
G0 F7500 X117.034 Y118.857
G1 F1350 X95.003 Y140.887 E535.64875
G0 F7500 X94.684 Y140.641
G1 F1350 X116.468 Y118.857 E536.6734
G0 F7500 X115.903 Y118.857
G1 F1350 X94.397 Y140.362 E537.68495
G0 F7500 X94.152 Y140.042
G1 F1350 X115.337 Y118.857 E538.68143
G0 F7500 X114.771 Y118.857
G1 F1350 X93.95 Y139.678 E539.66078
G0 F7500 X93.784 Y139.279
G1 F1350 X114.206 Y118.857 E540.62137
G0 F7500 X113.64 Y118.857
G1 F1350 X93.709 Y138.787 E541.55884
G0 F7500 X93.661 Y138.27
G1 F1350 X113.074 Y118.857 E542.47197
G0 F7500 X112.508 Y118.857
G1 F1350 X93.661 Y137.704 E543.35848
G0 F7500 X93.661 Y137.138
G1 F1350 X111.942 Y118.858 E544.21833
G0 F7500 X111.376 Y118.858
G1 F1350 X93.661 Y136.573 E545.05159
G0 F7500 X93.661 Y136.007
G1 F1350 X110.811 Y118.858 E545.85825
G0 F7500 X110.245 Y118.858
G1 F1350 X93.661 Y135.441 E546.63829
G0 F7500 X93.661 Y134.876
G1 F1350 X109.679 Y118.858 E547.39173
G0 F7500 X109.114 Y118.858
G1 F1350 X93.661 Y134.31 E548.11857
G0 F7500 X93.661 Y133.744
G1 F1350 X108.548 Y118.858 E548.81878
G0 F7500 X107.982 Y118.858
G1 F1350 X93.661 Y133.179 E549.4924
G0 F7500 X93.661 Y132.613
G1 F1350 X107.417 Y118.858 E550.13941
G0 F7500 X106.85 Y118.858
G1 F1350 X93.661 Y132.047 E550.75978
G0 F7500 X93.661 Y131.482
G1 F1350 X106.285 Y118.858 E551.35358
G0 F7500 X105.719 Y118.858
G1 F1350 X93.661 Y130.916 E551.92075
G0 F7500 X93.661 Y130.35
G1 F1350 X105.153 Y118.858 E552.4613
G0 F7500 X104.587 Y118.858
G1 F1350 X93.661 Y129.784 E552.97522
G0 F7500 X93.661 Y129.219
G1 F1350 X104.022 Y118.858 E553.46257
G0 F7500 X103.456 Y118.858
G1 F1350 X93.661 Y128.653 E553.9233
G0 F7500 X93.661 Y128.087
G1 F1350 X102.89 Y118.858 E554.3574
G0 F7500 X102.324 Y118.859
G1 F1350 X93.661 Y127.522 E554.76488
G0 F7500 X93.661 Y126.956
G1 F1350 X101.758 Y118.859 E555.14574
G0 F7500 X101.193 Y118.859
G1 F1350 X93.661 Y126.39 E555.5
G0 F7500 X93.661 Y125.825
G1 F1350 X100.627 Y118.859 E555.82766
G0 F7500 X100.061 Y118.859
G1 F1350 X93.661 Y125.259 E556.1287
G0 F7500 X93.661 Y124.693
G1 F1350 X99.496 Y118.859 E556.40313
G0 F7500 X98.93 Y118.859
G1 F1350 X93.661 Y124.128 E556.65097
G0 F7500 X93.661 Y123.562
G1 F1350 X98.364 Y118.859 E556.87219
G0 F7500 X97.799 Y118.859
G1 F1350 X93.661 Y122.996 E557.0668
G0 F7500 X93.661 Y122.431
G1 F1350 X97.259 Y118.833 E557.23604
G0 F7500 X96.867 Y118.659
G1 F1350 X93.661 Y121.865 E557.38684
G0 F7500 X93.661 Y121.299
G1 F1350 X96.562 Y118.399 E557.52327
G0 F7500 X96.394 Y118.001
G1 F1350 X93.661 Y120.734 E557.65182
G0 F7500 X93.661 Y120.168
G1 F1350 X96.341 Y117.488 E557.77788
G1 F2700 E552.77788
;MESH:NONMESH
G0 F300 X96.341 Y117.488 Z0.6
G0 F7500 X96.8 Y117.488
G0 X97.031 Y116.676
G0 X91.835 Y116.676
G0 X91.836 Y96.457
G0 X91.964 Y95.475
G0 X94.1 Y94.1
;TIME_ELAPSED:859.583598
;LAYER:2
M106 S170
;TYPE:WALL-INNER
;MESH:singola_fenditura.stl
G1 F2700 E557.77788
G1 F1500 X93.556 Y94.808 E557.80758
G1 X93.221 Y95.613 E557.83658
G1 X93.1 Y96.543 E557.86777
G1 X93.1 Y138.457 E559.26184
G1 X93.221 Y139.383 E559.2929
G1 X93.556 Y140.188 E559.3219
G1 X94.101 Y140.896 E559.35162
G1 X94.808 Y141.443 E559.38135
G1 X95.613 Y141.775 E559.41031
G1 X96.544 Y141.9 E559.44155
G1 X138.456 Y141.9 E560.83555
G1 X139.383 Y141.775 E560.86666
G1 X140.188 Y141.443 E560.89562
G1 X140.896 Y140.896 E560.92538
G1 X141.443 Y140.188 E560.95514
G1 X141.775 Y139.383 E560.9841
G1 X141.9 Y138.456 E561.01521
G1 X141.9 Y96.544 E562.40921
G1 X141.775 Y95.613 E562.44045
G1 X141.443 Y94.808 E562.46942
G1 X140.896 Y94.101 E562.49915
G1 X140.188 Y93.556 E562.52886
G1 X139.383 Y93.221 E562.55786
G1 X138.457 Y93.1 E562.58893
G1 X96.543 Y93.1 E563.98299
G1 X95.613 Y93.221 E564.01418
G1 X94.808 Y93.556 E564.04318
G1 X94.1 Y94.1 E564.07288
G1 F2700 E559.07288
G0 F9000 X94.157 Y94.192
G0 X93.697 Y94.889
G0 X93.398 Y95.701
G0 X91.964 Y95.475
G0 X91.86 Y96.271
G0 X91.835 Y116.519
G0 X97.02 Y116.94
G1 F2700 E564.07288
G1 F1500 X97.14 Y116.82 E564.07852
G1 X97.421 Y116.7 E564.08869
G1 X137.579 Y116.7 E565.42435
G1 X137.86 Y116.82 E565.43451
G1 X137.981 Y116.939 E565.44016
G1 X138.1 Y117.166 E565.44868
G1 X138.1 Y117.774 E565.4689
G1 X137.981 Y118.06 E565.4792
G1 X137.86 Y118.18 E565.48487
G1 X137.579 Y118.3 E565.49504
G1 X97.421 Y118.3 E566.8307
G1 X97.14 Y118.18 E566.84086
G1 X97.019 Y118.06 E566.84653
G1 X96.9 Y117.834 E566.85502
G1 X96.9 Y117.165 E566.87727
G1 X97.02 Y116.94 E566.88575
G0 F9000 X97.3 Y117.249
;TYPE:WALL-OUTER
G1 F1500 X97.38 Y117.14 E566.89025
G1 X97.463 Y117.103 E566.89327
G1 X137.537 Y117.103 E568.22614
G1 X137.661 Y117.179 E568.23098
G1 X137.7 Y117.255 E568.23382
G1 X137.698 Y117.735 E568.24978
G1 X137.661 Y117.82 E568.25287
G1 X137.537 Y117.897 E568.25772
G1 X97.463 Y117.897 E569.59059
G1 X97.38 Y117.86 E569.59361
G1 X97.3 Y117.746 E569.59824
G1 X97.3 Y117.249 E569.61477
G1 F2700 E564.61477
G0 F9000 X97 Y117.249
G0 X97.402 Y116.519
G0 X91.835 Y116.519
G0 X91.836 Y96.457
G0 X91.964 Y95.475
G0 X93.815 Y93.815
G1 F2700 E569.61477
G1 F1500 X93.207 Y94.606 E569.64796
G1 X92.831 Y95.509 E569.68049
G1 X92.7 Y96.517 E569.7143
G1 X92.7 Y138.483 E571.11009
G1 X92.831 Y139.487 E571.14377
G1 X93.207 Y140.39 E571.1763
G1 X93.815 Y141.181 E571.20948
G1 X94.606 Y141.793 E571.24275
G1 X95.509 Y142.165 E571.27523
G1 X96.518 Y142.3 E571.30909
G1 X138.482 Y142.3 E572.70482
G1 X139.487 Y142.165 E572.73854
G1 X140.39 Y141.793 E572.77103
G1 X141.181 Y141.181 E572.80429
G1 X141.793 Y140.39 E572.83756
G1 X142.165 Y139.487 E572.87004
G1 X142.3 Y138.482 E572.90376
G1 X142.3 Y96.518 E574.29949
G1 X142.165 Y95.509 E574.33335
G1 X141.793 Y94.606 E574.36583
G1 X141.181 Y93.815 E574.3991
G1 X140.39 Y93.207 E574.43228
G1 X139.487 Y92.831 E574.46481
G1 X138.483 Y92.7 E574.49849
G1 X96.517 Y92.7 E575.89429
G1 X95.509 Y92.831 E575.92809
G1 X94.606 Y93.207 E575.96063
G1 X93.815 Y93.815 E575.99381
G1 F2700 E570.99381
G0 F9000 X94.157 Y94.192
G0 X93.697 Y94.889
G0 X93.398 Y95.701
G0 X91.964 Y95.475
G0 X91.86 Y96.271
G0 X91.835 Y116.519
G0 X96.75 Y116.698
;TYPE:SKIN
G1 F2700 E575.99381
G1 F1500 X96.603 Y116.958 E576.00374
G1 X96.542 Y117.263 E576.01409
G1 X96.542 Y117.819 E576.03258
G1 X96.722 Y118.273 E576.04883
G1 X96.961 Y118.489 E576.05954
G1 X97.371 Y118.657 E576.07428
G1 X137.629 Y118.657 E577.41326
G1 X138.075 Y118.471 E577.42934
G1 X138.289 Y118.235 E577.43993
G1 X138.458 Y117.823 E577.45474
G1 X138.458 Y117.268 E577.4732
G1 X138.418 Y117.02 E577.48156
G1 X138.28 Y116.743 E577.49185
G1 X138.072 Y116.522 E577.50194
G1 X137.629 Y116.343 E577.51784
G1 X97.371 Y116.343 E578.85682
G1 X96.958 Y116.511 E578.87165
G1 X96.75 Y116.698 E578.88095
G1 F2700 E573.88095
G0 F9000 X96.936 Y116.884
G0 X97.402 Y116.519
G0 X91.835 Y116.519
G0 X91.836 Y96.457
G0 X91.964 Y95.475
G0 X94.355 Y94.355
G1 F2700 E578.88095
G1 F1500 X94.99 Y93.867 E578.90759
G1 X95.701 Y93.571 E578.93321
G1 X96.569 Y93.46 E578.96231
G1 X138.427 Y93.46 E580.35451
G1 X139.291 Y93.571 E580.38349
G1 X140.002 Y93.867 E580.4091
G1 X140.633 Y94.351 E580.43555
G1 X141.125 Y94.989 E580.46235
G1 X141.421 Y95.705 E580.48812
G1 X141.54 Y96.574 E580.51729
G1 X141.539 Y138.418 E581.90903
G1 X141.421 Y139.287 E581.9382
G1 X141.125 Y140.006 E581.96406
G1 X140.637 Y140.637 E581.99059
G1 X140.006 Y141.125 E582.01712
G1 X139.287 Y141.421 E582.04298
G1 X138.422 Y141.539 E582.07202
G1 X96.574 Y141.54 E583.46389
G1 X95.705 Y141.421 E583.49306
G1 X94.985 Y141.125 E583.51895
G1 X94.359 Y140.641 E583.54527
G1 X93.867 Y139.998 E583.5722
G1 X93.571 Y139.291 E583.59769
G1 X93.461 Y138.427 E583.62666
G1 X93.46 Y96.569 E585.01886
G1 X93.571 Y95.701 E585.04797
G1 X93.867 Y94.99 E585.07358
G1 X94.355 Y94.355 E585.10022
G1 F2700 E580.10022
G0 F9000 X94.152 Y94.199
G0 X93.697 Y94.889
G0 X93.378 Y95.655
G0 X93.261 Y96.554
G0 X93.261 Y138.446
G0 X93.378 Y139.34
G0 X93.697 Y140.107
G0 X94.117 Y140.654
G0 X94.984 Y141.407
G0 X95.16 Y140.981
G1 F2700 E585.10022
G1 F1500 X94.016 Y139.836 E585.15405
G0 F9000 X93.734 Y138.989
G1 F1500 X96.005 Y141.259 E585.26085
G0 F9000 X96.65 Y141.339
G1 F1500 X93.661 Y138.35 E585.40145
G0 F9000 X93.661 Y137.784
G1 F1500 X97.216 Y141.339 E585.56866
G0 F9000 X97.782 Y141.339
G1 F1500 X93.661 Y137.218 E585.7625
G0 F9000 X93.661 Y136.653
G1 F1500 X98.347 Y141.339 E585.98292
G0 F9000 X98.913 Y141.339
G1 F1500 X93.661 Y136.087 E586.22995
G0 F9000 X93.661 Y135.521
G1 F1500 X99.479 Y141.339 E586.50361
G0 F9000 X100.044 Y141.339
G1 F1500 X93.661 Y134.956 E586.80385
G0 F9000 X93.661 Y134.39
G1 F1500 X100.61 Y141.339 E587.13071
G0 F9000 X101.176 Y141.339
G1 F1500 X93.661 Y133.824 E587.48419
G0 F9000 X93.661 Y133.259
G1 F1500 X101.741 Y141.339 E587.86425
G0 F9000 X102.307 Y141.339
G1 F1500 X93.661 Y132.693 E588.27093
G0 F9000 X93.661 Y132.127
G1 F1500 X102.873 Y141.339 E588.70424
G0 F9000 X103.438 Y141.339
G1 F1500 X93.661 Y131.561 E589.16414
G0 F9000 X93.661 Y130.996
G1 F1500 X104.004 Y141.339 E589.65064
G0 F9000 X104.57 Y141.339
G1 F1500 X93.661 Y130.43 E590.16377
G0 F9000 X93.661 Y129.864
G1 F1500 X105.135 Y141.339 E590.7035
G0 F9000 X105.701 Y141.339
G1 F1500 X93.661 Y129.299 E591.26982
G0 F9000 X93.661 Y128.733
G1 F1500 X106.267 Y141.339 E591.86277
G0 F9000 X106.833 Y141.339
G1 F1500 X93.661 Y128.167 E592.48234
G0 F9000 X93.661 Y127.602
G1 F1500 X107.398 Y141.339 E593.12848
G0 F9000 X107.964 Y141.339
G1 F1500 X93.661 Y127.036 E593.80125
G0 F9000 X93.661 Y126.47
G1 F1500 X108.53 Y141.339 E594.50065
G0 F9000 X109.095 Y141.339
G1 F1500 X93.661 Y125.905 E595.22661
G0 F9000 X93.661 Y125.339
G1 F1500 X109.661 Y141.339 E595.97921
G0 F9000 X110.227 Y141.339
G1 F1500 X93.661 Y124.773 E596.75842
G0 F9000 X93.661 Y124.208
G1 F1500 X110.792 Y141.339 E597.56421
G0 F9000 X111.358 Y141.339
G1 F1500 X93.661 Y123.642 E598.39662
G0 F9000 X93.661 Y123.076
G1 F1500 X111.924 Y141.339 E599.25566
G0 F9000 X112.489 Y141.339
G1 F1500 X93.661 Y122.51 E600.14129
G0 F9000 X93.661 Y121.945
G1 F1500 X113.055 Y141.339 E601.05353
G0 F9000 X113.621 Y141.339
G1 F1500 X93.661 Y121.379 E601.99238
G0 F9000 X93.661 Y120.813
G1 F1500 X114.186 Y141.339 E602.95784
G0 F9000 X114.752 Y141.339
G1 F1500 X93.661 Y120.248 E603.9499
G0 F9000 X93.661 Y119.682
G1 F1500 X115.318 Y141.339 E604.96857
G0 F9000 X115.883 Y141.339
G1 F1500 X93.661 Y119.116 E606.01385
G0 F9000 X93.661 Y118.551
G1 F1500 X116.449 Y141.339 E607.08573
G0 F9000 X117.015 Y141.339
G1 F1500 X93.661 Y117.985 E608.18423
G0 F9000 X93.66 Y117.419
G1 F1500 X117.581 Y141.339 E609.30938
G0 F9000 X118.146 Y141.339
G1 F1500 X93.66 Y116.853 E610.46112
G0 F9000 X93.66 Y116.287
G1 F1500 X118.712 Y141.339 E611.63949
G0 F9000 X119.278 Y141.339
G1 F1500 X93.66 Y115.722 E612.84446
G0 F9000 X93.66 Y115.156
G1 F1500 X96.345 Y117.841 E612.97076
G0 F9000 X96.345 Y117.276
G1 F1500 X93.66 Y114.59 E613.09707
G0 F9000 X93.66 Y114.025
G1 F1500 X96.452 Y116.817 E613.2284
G0 F9000 X96.688 Y116.487
G1 F1500 X93.66 Y113.459 E613.37083
G0 F9000 X93.66 Y112.893
G1 F1500 X97.031 Y116.264 E613.52939
G0 F9000 X97.477 Y116.145
G1 F1500 X93.66 Y112.327 E613.70895
G0 F9000 X93.66 Y111.762
G1 F1500 X98.043 Y116.145 E613.91512
G0 F9000 X98.609 Y116.145
G1 F1500 X93.66 Y111.196 E614.1479
G0 F9000 X93.66 Y110.63
G1 F1500 X99.175 Y116.145 E614.40731
G0 F9000 X99.74 Y116.145
G1 F1500 X93.66 Y110.065 E614.6933
G0 F9000 X93.66 Y109.499
G1 F1500 X100.306 Y116.145 E615.0059
G0 F9000 X100.872 Y116.145
G1 F1500 X93.66 Y108.933 E615.34513
G0 F9000 X93.66 Y108.368
G1 F1500 X101.437 Y116.145 E615.71094
G0 F9000 X102.002 Y116.144
G1 F1500 X93.66 Y107.802 E616.10332
G0 F9000 X93.66 Y107.236
G1 F1500 X102.568 Y116.144 E616.52233
G0 F9000 X103.134 Y116.144
G1 F1500 X93.66 Y106.671 E616.96793
G0 F9000 X93.66 Y106.105
G1 F1500 X103.699 Y116.144 E617.44014
G0 F9000 X104.265 Y116.144
G1 F1500 X93.66 Y105.539 E617.93896
G0 F9000 X93.66 Y104.974
G1 F1500 X104.831 Y116.144 E618.46439
G0 F9000 X105.396 Y116.144
G1 F1500 X93.66 Y104.408 E619.01641
G0 F9000 X93.66 Y103.842
G1 F1500 X105.962 Y116.144 E619.59506
G0 F9000 X106.527 Y116.144
G1 F1500 X93.66 Y103.276 E620.20031
G0 F9000 X93.66 Y102.711
G1 F1500 X107.093 Y116.144 E620.83216
G0 F9000 X107.658 Y116.144
G1 F1500 X93.66 Y102.145 E621.4906
G0 F9000 X93.66 Y101.579
G1 F1500 X108.224 Y116.144 E622.17567
G0 F9000 X108.79 Y116.144
G1 F1500 X93.66 Y101.014 E622.88734
G0 F9000 X93.66 Y100.448
G1 F1500 X109.355 Y116.144 E623.62561
G0 F9000 X109.921 Y116.144
G1 F1500 X93.66 Y99.882 E624.3905
G0 F9000 X93.66 Y99.317
G1 F1500 X110.487 Y116.144 E625.18199
G0 F9000 X111.052 Y116.143
G1 F1500 X93.66 Y98.751 E626.00006
G0 F9000 X93.66 Y98.185
G1 F1500 X111.618 Y116.143 E626.84475
G0 F9000 X112.183 Y116.143
G1 F1500 X93.66 Y97.62 E627.71601
G0 F9000 X93.66 Y97.054
G1 F1500 X112.749 Y116.143 E628.6139
G0 F9000 X113.315 Y116.143
G1 F1500 X93.67 Y96.498 E629.53794
G0 F9000 X93.734 Y95.997
G1 F1500 X113.88 Y116.143 E630.48555
G0 F9000 X114.446 Y116.143
G1 F1500 X93.851 Y95.549 E631.45425
G0 F9000 X94.018 Y95.15
G1 F1500 X115.012 Y116.143 E632.44172
G0 F9000 X115.577 Y116.142
G1 F1500 X94.252 Y94.818 E633.44476
G0 F9000 X94.498 Y94.498
G1 F1500 X116.142 Y116.142 E634.46283
G0 F9000 X116.708 Y116.142
G1 F1500 X94.818 Y94.252 E635.49246
G0 F9000 X95.15 Y94.018
G1 F1500 X117.274 Y116.142 E636.53311
G0 F9000 X117.839 Y116.142
G1 F1500 X95.549 Y93.851 E637.58159
G0 F9000 X95.998 Y93.735
G1 F1500 X118.405 Y116.142 E638.63554
G0 F9000 X118.971 Y116.142
G1 F1500 X96.5 Y93.672 E639.69249
G0 F9000 X97.055 Y93.661
G1 F1500 X119.536 Y116.142 E640.74992
G0 F9000 X120.101 Y116.142
G1 F1500 X97.62 Y93.661 E641.80736
G0 F9000 X98.186 Y93.661
G1 F1500 X120.667 Y116.142 E642.8648
G0 F9000 X121.233 Y116.142
G1 F1500 X98.752 Y93.661 E643.92224
G0 F9000 X99.317 Y93.661
G1 F1500 X121.798 Y116.142 E644.97967
G0 F9000 X122.364 Y116.142
G1 F1500 X99.883 Y93.661 E646.03711
G0 F9000 X100.449 Y93.661
G1 F1500 X122.93 Y116.142 E647.09455
G0 F9000 X123.495 Y116.142
G1 F1500 X101.014 Y93.661 E648.15198
G0 F9000 X101.58 Y93.661
G1 F1500 X124.061 Y116.142 E649.20942
G0 F9000 X124.626 Y116.141
G1 F1500 X102.146 Y93.661 E650.26681
G0 F9000 X102.712 Y93.661
G1 F1500 X125.192 Y116.141 E651.3242
G0 F9000 X125.758 Y116.141
G1 F1500 X103.277 Y93.661 E652.38162
G0 F9000 X103.843 Y93.661
G1 F1500 X126.323 Y116.141 E653.43901
G0 F9000 X126.889 Y116.141
G1 F1500 X104.409 Y93.661 E654.4964
G0 F9000 X104.974 Y93.661
G1 F1500 X127.455 Y116.141 E655.55381
G0 F9000 X128.02 Y116.141
G1 F1500 X105.54 Y93.661 E656.6112
G0 F9000 X106.106 Y93.661
G1 F1500 X128.586 Y116.141 E657.66859
G0 F9000 X129.151 Y116.14
G1 F1500 X106.671 Y93.661 E658.72596
G0 F9000 X107.237 Y93.661
G1 F1500 X129.717 Y116.14 E659.78332
G0 F9000 X130.282 Y116.14
G1 F1500 X107.803 Y93.661 E660.84067
G0 F9000 X108.368 Y93.661
G1 F1500 X130.848 Y116.14 E661.89803
G0 F9000 X131.414 Y116.14
G1 F1500 X108.934 Y93.661 E662.9554
G0 F9000 X109.5 Y93.661
G1 F1500 X131.979 Y116.14 E664.01274
G0 F9000 X132.545 Y116.14
G1 F1500 X110.065 Y93.661 E665.07011
G0 F9000 X110.631 Y93.661
G1 F1500 X133.111 Y116.14 E666.12748
G0 F9000 X133.676 Y116.139
G1 F1500 X111.197 Y93.661 E667.1848
G0 F9000 X111.762 Y93.661
G1 F1500 X134.241 Y116.139 E668.24212
G0 F9000 X134.807 Y116.139
G1 F1500 X112.328 Y93.661 E669.29944
G0 F9000 X112.894 Y93.661
G1 F1500 X135.373 Y116.139 E670.35676
G0 F9000 X135.938 Y116.139
G1 F1500 X113.46 Y93.661 E671.41405
G0 F9000 X114.025 Y93.661
G1 F1500 X136.504 Y116.139 E672.47137
G0 F9000 X137.07 Y116.139
G1 F1500 X114.591 Y93.661 E673.52869
G0 F9000 X115.157 Y93.661
G1 F1500 X137.636 Y116.139 E674.58601
G0 F9000 X137.582 Y116.598
G0 X138.185 Y117.215
G0 X138.639 Y117.143
G1 F1500 X141.339 Y119.843 E674.71301
G0 F9000 X141.339 Y120.408
G1 F1500 X138.657 Y117.726 E674.83917
G0 F9000 X138.534 Y118.169
G1 F1500 X141.339 Y120.974 E674.9711
G0 F9000 X141.339 Y121.54
G1 F1500 X138.307 Y118.508 E675.11372
G0 F9000 X137.969 Y118.735
G1 F1500 X141.339 Y122.105 E675.27223
G0 F9000 X141.339 Y122.671
G1 F1500 X137.522 Y118.855 E675.45175
G0 F9000 X136.957 Y118.855
G1 F1500 X141.339 Y123.237 E675.65787
G0 F9000 X141.339 Y123.802
G1 F1500 X136.391 Y118.855 E675.89058
G0 F9000 X135.825 Y118.855
G1 F1500 X141.339 Y124.368 E676.14992
G0 F9000 X141.339 Y124.934
G1 F1500 X135.26 Y118.855 E676.43586
G0 F9000 X134.694 Y118.855
G1 F1500 X141.339 Y125.499 E676.74839
G0 F9000 X141.339 Y126.065
G1 F1500 X134.128 Y118.855 E677.08755
G0 F9000 X133.563 Y118.855
G1 F1500 X141.339 Y126.631 E677.45331
G0 F9000 X141.339 Y127.196
G1 F1500 X132.997 Y118.855 E677.84567
G0 F9000 X132.432 Y118.855
G1 F1500 X141.339 Y127.762 E678.26463
G0 F9000 X141.339 Y128.328
G1 F1500 X131.866 Y118.855 E678.71021
G0 F9000 X131.301 Y118.855
G1 F1500 X141.339 Y128.894 E679.18239
G0 F9000 X141.339 Y129.459
G1 F1500 X130.735 Y118.855 E679.68117
G0 F9000 X130.169 Y118.855
G1 F1500 X141.339 Y130.025 E680.20657
G0 F9000 X141.339 Y130.591
G1 F1500 X129.603 Y118.855 E680.7586
G0 F9000 X129.038 Y118.855
G1 F1500 X141.339 Y131.156 E681.3372
G0 F9000 X141.339 Y131.722
G1 F1500 X128.472 Y118.855 E681.94242
G0 F9000 X127.906 Y118.855
G1 F1500 X141.339 Y132.288 E682.57427
G0 F9000 X141.339 Y132.853
G1 F1500 X127.341 Y118.856 E683.23267
G0 F9000 X126.776 Y118.856
G1 F1500 X141.339 Y133.419 E683.91767
G0 F9000 X141.339 Y133.985
G1 F1500 X126.21 Y118.856 E684.62929
G0 F9000 X125.644 Y118.856
G1 F1500 X141.339 Y134.55 E685.36751
G0 F9000 X141.339 Y135.116
G1 F1500 X125.079 Y118.856 E686.13233
G0 F9000 X124.513 Y118.856
G1 F1500 X141.339 Y135.682 E686.92378
G0 F9000 X141.339 Y136.247
G1 F1500 X123.947 Y118.856 E687.74182
G0 F9000 X123.382 Y118.856
G1 F1500 X141.339 Y136.813 E688.58646
G0 F9000 X141.339 Y137.379
G1 F1500 X122.816 Y118.856 E689.45773
G0 F9000 X122.251 Y118.857
G1 F1500 X141.339 Y137.945 E690.35557
G0 F9000 X141.326 Y138.497
G1 F1500 X121.685 Y118.857 E691.2794
G0 F9000 X121.12 Y118.857
G1 F1500 X141.258 Y138.995 E692.22663
G0 F9000 X141.139 Y139.442
G1 F1500 X120.554 Y118.857 E693.19488
G0 F9000 X119.988 Y118.857
G1 F1500 X140.974 Y139.843 E694.182
G0 F9000 X140.74 Y140.175
G1 F1500 X119.423 Y118.857 E695.18471
G0 F9000 X118.857 Y118.857
G1 F1500 X140.494 Y140.494 E696.20245
G0 F9000 X140.175 Y140.74
G1 F1500 X118.291 Y118.857 E697.23178
G0 F9000 X117.726 Y118.857
G1 F1500 X139.843 Y140.974 E698.2721
G0 F9000 X139.442 Y141.139
G1 F1500 X117.161 Y118.858 E699.32013
G0 F9000 X116.595 Y118.858
G1 F1500 X138.996 Y141.259 E700.3738
G0 F9000 X138.498 Y141.327
G1 F1500 X116.029 Y118.858 E701.43067
G0 F9000 X115.463 Y118.858
G1 F1500 X137.945 Y141.339 E702.48813
G0 F9000 X137.38 Y141.339
G1 F1500 X114.898 Y118.858 E703.54559
G0 F9000 X114.332 Y118.858
G1 F1500 X136.814 Y141.339 E704.60306
G0 F9000 X136.248 Y141.339
G1 F1500 X113.766 Y118.858 E705.66052
G0 F9000 X113.201 Y118.858
G1 F1500 X135.682 Y141.339 E706.71795
G0 F9000 X135.117 Y141.339
G1 F1500 X112.635 Y118.858 E707.77541
G0 F9000 X112.07 Y118.858
G1 F1500 X134.551 Y141.339 E708.83285
G0 F9000 X133.985 Y141.339
G1 F1500 X111.504 Y118.858 E709.89029
G0 F9000 X110.939 Y118.858
G1 F1500 X133.42 Y141.339 E710.94773
G0 F9000 X132.854 Y141.339
G1 F1500 X110.373 Y118.858 E712.00516
G0 F9000 X109.807 Y118.858
G1 F1500 X132.288 Y141.339 E713.0626
G0 F9000 X131.723 Y141.339
G1 F1500 X109.242 Y118.858 E714.12004
G0 F9000 X108.676 Y118.858
G1 F1500 X131.157 Y141.339 E715.17748
G0 F9000 X130.591 Y141.339
G1 F1500 X108.11 Y118.858 E716.23491
G0 F9000 X107.545 Y118.858
G1 F1500 X130.026 Y141.339 E717.29235
G0 F9000 X129.46 Y141.339
G1 F1500 X106.98 Y118.859 E718.34974
G0 F9000 X106.414 Y118.859
G1 F1500 X128.894 Y141.339 E719.40713
G0 F9000 X128.329 Y141.339
G1 F1500 X105.848 Y118.859 E720.46454
G0 F9000 X105.283 Y118.859
G1 F1500 X127.763 Y141.339 E721.52193
G0 F9000 X127.197 Y141.339
G1 F1500 X104.717 Y118.859 E722.57933
G0 F9000 X104.151 Y118.859
G1 F1500 X126.632 Y141.339 E723.63674
G0 F9000 X126.066 Y141.339
G1 F1500 X103.585 Y118.859 E724.69415
G0 F9000 X103.02 Y118.859
G1 F1500 X125.5 Y141.339 E725.75154
G0 F9000 X124.934 Y141.339
G1 F1500 X102.454 Y118.859 E726.80893
G0 F9000 X101.889 Y118.86
G1 F1500 X124.369 Y141.339 E727.8663
G0 F9000 X123.803 Y141.339
G1 F1500 X101.323 Y118.86 E728.92367
G0 F9000 X100.758 Y118.86
G1 F1500 X123.237 Y141.339 E729.98101
G0 F9000 X122.672 Y141.339
G1 F1500 X100.192 Y118.86 E731.03838
G0 F9000 X99.626 Y118.86
G1 F1500 X122.106 Y141.339 E732.09574
G0 F9000 X121.54 Y141.339
G1 F1500 X99.061 Y118.86 E733.15309
G0 F9000 X98.495 Y118.86
G1 F1500 X120.975 Y141.339 E734.21045
G0 F9000 X120.409 Y141.339
G1 F1500 X97.929 Y118.86 E735.26782
G0 F9000 X97.364 Y118.86
G1 F1500 X119.843 Y141.339 E736.32516
G1 F2700 E731.32516
G0 F9000 X119.843 Y141.8
G0 X138.444 Y141.739
G0 X139.341 Y141.618
G0 X140.107 Y141.303
G0 X140.781 Y140.781
G0 X141.303 Y140.107
G0 X141.618 Y139.341
G0 X141.716 Y138.615
G0 X141.8 Y119.277
G0 X141.339 Y119.277
G1 F2700 E736.32516
G1 F1500 X115.722 Y93.661 E737.53009
G0 F9000 X116.288 Y93.661
G1 F1500 X141.339 Y118.711 E738.70838
G0 F9000 X141.339 Y118.146
G1 F1500 X116.854 Y93.661 E739.86008
G0 F9000 X117.419 Y93.661
G1 F1500 X141.339 Y117.58 E740.98518
G0 F9000 X141.339 Y117.015
G1 F1500 X117.985 Y93.661 E742.08368
G0 F9000 X118.551 Y93.661
G1 F1500 X141.339 Y116.449 E743.15556
G0 F9000 X141.339 Y115.883
G1 F1500 X119.116 Y93.661 E744.20084
G0 F9000 X119.682 Y93.661
G1 F1500 X141.339 Y115.318 E745.21952
G0 F9000 X141.339 Y114.752
G1 F1500 X120.248 Y93.661 E746.21157
G0 F9000 X120.813 Y93.661
G1 F1500 X141.339 Y114.186 E747.17703
G0 F9000 X141.339 Y113.621
G1 F1500 X121.379 Y93.661 E748.11589
G0 F9000 X121.945 Y93.661
G1 F1500 X141.339 Y113.055 E749.02812
G0 F9000 X141.339 Y112.489
G1 F1500 X122.51 Y93.661 E749.91376
G0 F9000 X123.076 Y93.661
G1 F1500 X141.339 Y111.924 E750.77279
G0 F9000 X141.339 Y111.358
G1 F1500 X123.642 Y93.661 E751.60521
G0 F9000 X124.208 Y93.661
G1 F1500 X141.339 Y110.792 E752.411
G0 F9000 X141.339 Y110.227
G1 F1500 X124.773 Y93.661 E753.19021
G0 F9000 X125.339 Y93.661
G1 F1500 X141.339 Y109.661 E753.9428
G0 F9000 X141.339 Y109.095
G1 F1500 X125.905 Y93.661 E754.66877
G0 F9000 X126.47 Y93.661
G1 F1500 X141.339 Y108.53 E755.36816
G0 F9000 X141.339 Y107.964
G1 F1500 X127.036 Y93.661 E756.04093
G0 F9000 X127.602 Y93.661
G1 F1500 X141.339 Y107.398 E756.68708
G0 F9000 X141.339 Y106.833
G1 F1500 X128.167 Y93.661 E757.30665
G0 F9000 X128.733 Y93.661
G1 F1500 X141.339 Y106.267 E757.89959
G0 F9000 X141.339 Y105.701
G1 F1500 X129.299 Y93.661 E758.46592
G0 F9000 X129.864 Y93.661
G1 F1500 X141.339 Y105.135 E759.00564
G0 F9000 X141.339 Y104.57
G1 F1500 X130.43 Y93.661 E759.51877
G0 F9000 X130.996 Y93.661
G1 F1500 X141.339 Y104.004 E760.00527
G0 F9000 X141.339 Y103.438
G1 F1500 X131.561 Y93.661 E760.46518
G0 F9000 X132.127 Y93.661
G1 F1500 X141.339 Y102.873 E760.89848
G0 F9000 X141.339 Y102.307
G1 F1500 X132.693 Y93.661 E761.30516
G0 F9000 X133.259 Y93.661
G1 F1500 X141.339 Y101.741 E761.68522
G0 F9000 X141.339 Y101.176
G1 F1500 X133.824 Y93.661 E762.0387
G0 F9000 X134.39 Y93.661
G1 F1500 X141.339 Y100.61 E762.36556
G0 F9000 X141.339 Y100.044
G1 F1500 X134.956 Y93.661 E762.6658
G0 F9000 X135.521 Y93.661
G1 F1500 X141.339 Y99.479 E762.93946
G0 F9000 X141.339 Y98.913
G1 F1500 X136.087 Y93.661 E763.1865
G0 F9000 X136.653 Y93.661
G1 F1500 X141.339 Y98.347 E763.40691
G0 F9000 X141.339 Y97.782
G1 F1500 X137.218 Y93.661 E763.60075
G0 F9000 X137.784 Y93.661
G1 F1500 X141.339 Y97.216 E763.76797
G0 F9000 X141.339 Y96.65
G1 F1500 X138.35 Y93.661 E763.90856
G0 F9000 X138.989 Y93.734
G1 F1500 X141.259 Y96.005 E764.01536
G0 F9000 X140.977 Y95.157
G1 F1500 X139.836 Y94.016 E764.06903
G1 F2700 E759.06903
;MESH:NONMESH
G0 F300 X139.836 Y94.016 Z0.8
G0 F9000 X140.014 Y93.593
G0 X139.341 Y93.378
G0 X138.446 Y93.261
G0 X96.554 Y93.261
G0 X95.655 Y93.378
G0 X95.035 Y93.636
G0 X94.157 Y94.192
G0 X94.1 Y94.1
;TIME_ELAPSED:1134.876660
;LAYER:3
M106 S255
;TYPE:WALL-INNER
;MESH:singola_fenditura.stl
G1 F2700 E764.06903
G1 F1500 X93.556 Y94.808 E764.09873
G1 X93.221 Y95.613 E764.12773
G1 X93.1 Y96.543 E764.15892
G1 X93.1 Y138.457 E765.55298
G1 X93.221 Y139.383 E765.58404
G1 X93.556 Y140.188 E765.61304
G1 X94.101 Y140.896 E765.64276
G1 X94.808 Y141.443 E765.67249
G1 X95.613 Y141.775 E765.70146
G1 X96.544 Y141.9 E765.7327
G1 X138.456 Y141.9 E767.1267
G1 X139.383 Y141.775 E767.15781
G1 X140.188 Y141.443 E767.18677
G1 X140.896 Y140.896 E767.21653
G1 X141.443 Y140.188 E767.24629
G1 X141.775 Y139.383 E767.27525
G1 X141.9 Y138.456 E767.30636
G1 X141.9 Y96.544 E768.70036
G1 X141.775 Y95.613 E768.7316
G1 X141.443 Y94.808 E768.76056
G1 X140.896 Y94.101 E768.79029
G1 X140.188 Y93.556 E768.82001
G1 X139.383 Y93.221 E768.84901
G1 X138.457 Y93.1 E768.88007
G1 X96.543 Y93.1 E770.27414
G1 X95.613 Y93.221 E770.30533
G1 X94.808 Y93.556 E770.33433
G1 X94.1 Y94.1 E770.36403
G1 F2700 E765.36403
G0 F9000 X94.157 Y94.192
G0 X93.697 Y94.889
G0 X93.398 Y95.701
G0 X97.402 Y111.719
G0 X97.14 Y112.02
G1 F2700 E770.36403
G1 F1500 X97.421 Y111.9 E770.37419
G1 X137.579 Y111.9 E771.70985
G1 X137.86 Y112.02 E771.72001
G1 X137.981 Y112.139 E771.72566
G1 X138.068 Y112.305 E771.73189
G1 X138.1 Y112.5 E771.73846
G1 X138.1 Y122.574 E772.07353
G1 X137.981 Y122.86 E772.08383
G1 X137.86 Y122.98 E772.0895
G1 X137.579 Y123.1 E772.09966
G1 X97.421 Y123.1 E773.43532
G1 X97.14 Y122.98 E773.44548
G1 X97.019 Y122.86 E773.45115
G1 X96.932 Y122.695 E773.45735
G1 X96.9 Y122.5 E773.46393
G1 X96.9 Y112.5 E773.79653
G1 X96.932 Y112.305 E773.8031
G1 X97.02 Y112.14 E773.80932
G1 X97.14 Y112.02 E773.81496
G0 F9000 X97.38 Y112.34
;TYPE:WALL-OUTER
G1 F1500 X97.463 Y112.303 E773.81799
G1 X137.537 Y112.303 E775.15085
G1 X137.62 Y112.34 E775.15388
G1 X137.7 Y112.449 E775.15837
G1 X137.698 Y122.535 E775.49384
G1 X137.661 Y122.62 E775.49692
G1 X137.537 Y122.697 E775.50177
G1 X97.463 Y122.697 E776.83464
G1 X97.38 Y122.66 E776.83766
G1 X97.3 Y122.551 E776.84216
G1 X97.3 Y112.449 E777.17815
G1 X97.38 Y112.34 E777.18265
G1 F2700 E772.18265
G0 F9000 X97.38 Y112
G0 X97.402 Y111.719
G0 X93.416 Y95.665
G0 X93.815 Y93.815
G1 F2700 E777.18265
G1 F1500 X93.207 Y94.606 E777.21583
G1 X92.831 Y95.509 E777.24837
G1 X92.7 Y96.517 E777.28217
G1 X92.7 Y138.483 E778.67797
G1 X92.831 Y139.487 E778.71165
G1 X93.207 Y140.39 E778.74418
G1 X93.815 Y141.181 E778.77736
G1 X94.606 Y141.793 E778.81063
G1 X95.509 Y142.165 E778.84311
G1 X96.518 Y142.3 E778.87697
G1 X138.482 Y142.3 E780.27269
G1 X139.487 Y142.165 E780.30642
G1 X140.39 Y141.793 E780.3389
G1 X141.181 Y141.181 E780.37217
G1 X141.793 Y140.39 E780.40543
G1 X142.165 Y139.487 E780.43791
G1 X142.3 Y138.482 E780.47164
G1 X142.3 Y96.518 E781.86737
G1 X142.165 Y95.509 E781.90123
G1 X141.793 Y94.606 E781.93371
G1 X141.181 Y93.815 E781.96697
G1 X140.39 Y93.207 E782.00016
G1 X139.487 Y92.831 E782.03269
G1 X138.483 Y92.7 E782.06637
G1 X96.517 Y92.7 E783.46216
G1 X95.509 Y92.831 E783.49597
G1 X94.606 Y93.207 E783.5285
G1 X93.815 Y93.815 E783.56169
G1 F2700 E778.56169
G0 F9000 X94.157 Y94.192
G0 X93.697 Y94.889
G0 X93.398 Y95.701
G0 X97.402 Y111.719
G0 X96.75 Y111.898
;TYPE:SKIN
G1 F2700 E783.56169
G1 F1500 X96.603 Y112.158 E783.57162
G1 X96.542 Y112.463 E783.58197
G1 X96.54 Y122.5 E783.9158
G1 X96.587 Y122.81 E783.92623
G1 X96.75 Y123.098 E783.93723
G1 X96.961 Y123.289 E783.9467
G1 X97.371 Y123.457 E783.96144
G1 X137.629 Y123.457 E785.30042
G1 X138.075 Y123.271 E785.31649
G1 X138.289 Y123.035 E785.32709
G1 X138.458 Y122.623 E785.3419
G1 X138.458 Y112.468 E785.67966
G1 X138.418 Y112.22 E785.68801
G1 X138.28 Y111.943 E785.69831
G1 X138.072 Y111.722 E785.7084
G1 X137.629 Y111.543 E785.72429
G1 X97.371 Y111.543 E787.06328
G1 X96.958 Y111.711 E787.07811
G1 X96.75 Y111.898 E787.08741
G1 F2700 E782.08741
G0 F9000 X96.936 Y112.084
G0 X97.402 Y111.719
G0 X93.416 Y95.665
G0 X94.355 Y94.355
G1 F2700 E787.08741
G1 F1500 X94.99 Y93.867 E787.11405
G1 X95.701 Y93.571 E787.13966
G1 X96.569 Y93.46 E787.16877
G1 X138.427 Y93.46 E788.56097
G1 X139.291 Y93.571 E788.58994
G1 X140.002 Y93.867 E788.61556
G1 X140.633 Y94.351 E788.64201
G1 X141.125 Y94.989 E788.66881
G1 X141.421 Y95.705 E788.69457
G1 X141.54 Y96.574 E788.72375
G1 X141.539 Y138.418 E790.11548
G1 X141.421 Y139.287 E790.14465
G1 X141.125 Y140.006 E790.17051
G1 X140.637 Y140.637 E790.19705
G1 X140.006 Y141.125 E790.22358
G1 X139.287 Y141.421 E790.24944
G1 X138.422 Y141.539 E790.27847
G1 X96.574 Y141.54 E791.67034
G1 X95.705 Y141.421 E791.69952
G1 X94.985 Y141.125 E791.72541
G1 X94.359 Y140.641 E791.75173
G1 X93.867 Y139.998 E791.77866
G1 X93.571 Y139.291 E791.80415
G1 X93.461 Y138.427 E791.83312
G1 X93.46 Y96.569 E793.22532
G1 X93.571 Y95.701 E793.25443
G1 X93.867 Y94.99 E793.28004
G1 X94.355 Y94.355 E793.30668
G0 F9000 X94.152 Y94.199
G0 X93.894 Y94.59
G0 X93.315 Y95.668
G0 X93.777 Y95.728
G1 F1500 X95.728 Y93.777 E793.39845
G0 F9000 X96.384 Y93.686
G1 F1500 X93.685 Y96.385 E793.5254
G0 F9000 X93.661 Y96.975
G1 F1500 X96.976 Y93.66 E793.68133
G0 F9000 X97.542 Y93.66
G1 F1500 X93.661 Y97.541 E793.86388
G0 F9000 X93.661 Y98.107
G1 F1500 X98.108 Y93.66 E794.07305
G0 F9000 X98.673 Y93.66
G1 F1500 X93.661 Y98.673 E794.30882
G0 F9000 X93.661 Y99.238
G1 F1500 X99.239 Y93.66 E794.57119
G0 F9000 X99.805 Y93.66
G1 F1500 X93.661 Y99.804 E794.86019
G0 F9000 X93.661 Y100.37
G1 F1500 X100.37 Y93.66 E795.17578
G0 F9000 X100.936 Y93.66
G1 F1500 X93.661 Y100.935 E795.51798
G0 F9000 X93.661 Y101.501
G1 F1500 X101.502 Y93.66 E795.88679
G0 F9000 X102.067 Y93.66
G1 F1500 X93.661 Y102.067 E796.28221
G0 F9000 X93.661 Y102.632
G1 F1500 X102.633 Y93.66 E796.70423
G0 F9000 X103.199 Y93.66
G1 F1500 X93.661 Y103.198 E797.15286
G0 F9000 X93.661 Y103.764
G1 F1500 X103.764 Y93.66 E797.6281
G0 F9000 X104.33 Y93.66
G1 F1500 X93.661 Y104.329 E798.12994
G0 F9000 X93.661 Y104.895
G1 F1500 X104.896 Y93.66 E798.6584
G0 F9000 X105.461 Y93.66
G1 F1500 X93.661 Y105.461 E799.21346
G0 F9000 X93.661 Y106.026
G1 F1500 X106.027 Y93.66 E799.79512
G0 F9000 X106.593 Y93.66
G1 F1500 X93.661 Y106.592 E800.4034
G0 F9000 X93.661 Y107.158
G1 F1500 X107.158 Y93.66 E801.03828
G0 F9000 X107.724 Y93.66
G1 F1500 X93.661 Y107.723 E801.69976
G0 F9000 X93.661 Y108.289
G1 F1500 X108.29 Y93.66 E802.38786
G0 F9000 X108.856 Y93.66
G1 F1500 X93.661 Y108.855 E803.10259
G0 F9000 X93.661 Y109.421
G1 F1500 X109.421 Y93.66 E803.84391
G0 F9000 X109.987 Y93.66
G1 F1500 X93.661 Y109.986 E804.61184
G0 F9000 X93.661 Y110.552
G1 F1500 X110.553 Y93.66 E805.40639
G0 F9000 X111.118 Y93.66
G1 F1500 X93.661 Y111.118 E806.22754
G0 F9000 X93.661 Y111.683
G1 F1500 X111.684 Y93.66 E807.07528
G0 F9000 X112.25 Y93.66
G1 F1500 X93.661 Y112.249 E807.94965
G0 F9000 X93.661 Y112.815
G1 F1500 X112.815 Y93.66 E808.85062
G0 F9000 X113.381 Y93.66
G1 F1500 X93.661 Y113.38 E809.77819
G0 F9000 X93.661 Y113.946
G1 F1500 X113.947 Y93.66 E810.73238
G0 F9000 X114.512 Y93.66
G1 F1500 X93.661 Y114.512 E811.71317
G0 F9000 X93.661 Y115.077
G1 F1500 X96.356 Y112.382 E811.83993
G0 F9000 X96.345 Y112.959
G1 F1500 X93.661 Y115.643 E811.96618
G0 F9000 X93.661 Y116.209
G1 F1500 X96.345 Y113.525 E812.09243
G0 F9000 X96.344 Y114.091
G1 F1500 X93.661 Y116.774 E812.21863
G0 F9000 X93.661 Y117.34
G1 F1500 X96.344 Y114.657 E812.34483
G0 F9000 X96.343 Y115.223
G1 F1500 X93.661 Y117.905 E812.47098
G0 F9000 X93.661 Y118.471
G1 F1500 X96.343 Y115.789 E812.59714
G0 F9000 X96.343 Y116.355
G1 F1500 X93.661 Y119.036 E812.72327
G0 F9000 X93.661 Y119.602
G1 F1500 X96.343 Y116.921 E812.84939
G0 F9000 X96.342 Y117.487
G1 F1500 X93.661 Y120.168 E812.9755
G0 F9000 X93.661 Y120.734
G1 F1500 X96.342 Y118.053 E813.10161
G0 F9000 X96.342 Y118.619
G1 F1500 X93.661 Y121.299 E813.22769
G0 F9000 X93.661 Y121.865
G1 F1500 X96.341 Y119.185 E813.35375
G0 F9000 X96.341 Y119.751
G1 F1500 X93.661 Y122.431 E813.47981
G0 F9000 X93.661 Y122.996
G1 F1500 X96.34 Y120.317 E813.60582
G0 F9000 X96.34 Y120.883
G1 F1500 X93.661 Y123.562 E813.73183
G0 F9000 X93.661 Y124.128
G1 F1500 X96.34 Y121.449 E813.85784
G0 F9000 X96.34 Y122.015
G1 F1500 X93.661 Y124.693 E813.98383
G0 F9000 X93.661 Y125.259
G1 F1500 X96.35 Y122.571 E814.11029
G0 F9000 X96.476 Y123.01
G1 F1500 X93.661 Y125.825 E814.2427
G0 F9000 X93.661 Y126.39
G1 F1500 X96.713 Y123.339 E814.38623
G0 F9000 X97.066 Y123.551
G1 F1500 X93.661 Y126.956 E814.54639
G0 F9000 X93.661 Y127.522
G1 F1500 X97.524 Y123.659 E814.7281
G0 F9000 X98.09 Y123.659
G1 F1500 X93.661 Y128.087 E814.9364
G0 F9000 X93.661 Y128.653
G1 F1500 X98.656 Y123.659 E815.17133
G0 F9000 X99.221 Y123.659
G1 F1500 X93.661 Y129.219 E815.43285
G0 F9000 X93.661 Y129.784
G1 F1500 X99.787 Y123.659 E815.72098
G0 F9000 X100.353 Y123.659
G1 F1500 X93.661 Y130.35 E816.03572
G0 F9000 X93.661 Y130.916
G1 F1500 X100.918 Y123.659 E816.37707
G0 F9000 X101.484 Y123.659
G1 F1500 X93.661 Y131.482 E816.74504
G0 F9000 X93.661 Y132.047
G1 F1500 X102.05 Y123.659 E817.13961
G0 F9000 X102.616 Y123.658
G1 F1500 X93.661 Y132.613 E817.56083
G0 F9000 X93.661 Y133.179
G1 F1500 X103.182 Y123.658 E818.00866
G0 F9000 X103.747 Y123.658
G1 F1500 X93.661 Y133.744 E818.48308
G0 F9000 X93.661 Y134.31
G1 F1500 X104.313 Y123.658 E818.98412
G0 F9000 X104.879 Y123.658
G1 F1500 X93.661 Y134.876 E819.51178
G0 F9000 X93.661 Y135.441
G1 F1500 X105.444 Y123.658 E820.06601
G0 F9000 X106.01 Y123.658
G1 F1500 X93.661 Y136.007 E820.64687
G0 F9000 X93.661 Y136.573
G1 F1500 X106.576 Y123.658 E821.25435
G0 F9000 X107.142 Y123.658
G1 F1500 X93.661 Y137.138 E821.88844
G0 F9000 X93.661 Y137.704
G1 F1500 X107.708 Y123.657 E822.54916
G0 F9000 X108.274 Y123.657
G1 F1500 X93.661 Y138.27 E823.23651
G0 F9000 X93.709 Y138.787
G1 F1500 X108.839 Y123.657 E823.94818
G0 F9000 X109.405 Y123.657
G1 F1500 X93.784 Y139.279 E824.68297
G0 F9000 X93.95 Y139.678
G1 F1500 X109.971 Y123.657 E825.43655
G0 F9000 X110.536 Y123.657
G1 F1500 X94.152 Y140.042 E826.20723
G0 F9000 X94.397 Y140.362
G1 F1500 X111.102 Y123.657 E826.99298
G0 F9000 X111.668 Y123.657
G1 F1500 X94.684 Y140.641 E827.79185
G0 F9000 X95.003 Y140.887
G1 F1500 X112.233 Y123.657 E828.6023
G0 F9000 X112.8 Y123.657
G1 F1500 X95.384 Y141.072 E829.42147
G0 F9000 X95.792 Y141.23
G1 F1500 X113.365 Y123.657 E830.24805
G0 F9000 X113.931 Y123.657
G1 F1500 X96.29 Y141.298 E831.07783
G0 F9000 X96.814 Y141.34
G1 F1500 X114.497 Y123.657 E831.90958
G0 F9000 X115.063 Y123.657
G1 F1500 X97.379 Y141.34 E832.74136
G0 F9000 X97.945 Y141.34
G1 F1500 X115.628 Y123.657 E833.57312
G0 F9000 X116.194 Y123.657
G1 F1500 X98.511 Y141.34 E834.40487
G0 F9000 X99.076 Y141.34
G1 F1500 X116.76 Y123.657 E835.23665
G0 F9000 X117.325 Y123.657
G1 F1500 X99.642 Y141.34 E836.0684
G0 F9000 X100.208 Y141.34
G1 F1500 X117.892 Y123.656 E836.9002
G0 F9000 X118.457 Y123.656
G1 F1500 X100.773 Y141.34 E837.732
G0 F9000 X101.339 Y141.34
G1 F1500 X119.023 Y123.656 E838.5638
G0 F9000 X119.589 Y123.656
G1 F1500 X101.905 Y141.34 E839.39561
G0 F9000 X102.47 Y141.34
G1 F1500 X120.154 Y123.656 E840.22741
G0 F9000 X120.72 Y123.656
G1 F1500 X103.036 Y141.34 E841.05921
G0 F9000 X103.602 Y141.34
G1 F1500 X121.286 Y123.656 E841.89101
G0 F9000 X121.851 Y123.656
G1 F1500 X104.167 Y141.34 E842.72281
G0 F9000 X104.733 Y141.34
G1 F1500 X122.417 Y123.656 E843.55461
G0 F9000 X122.984 Y123.655
G1 F1500 X105.299 Y141.34 E844.38646
G0 F9000 X105.864 Y141.34
G1 F1500 X123.549 Y123.655 E845.21831
G0 F9000 X124.115 Y123.655
G1 F1500 X106.43 Y141.34 E846.05016
G0 F9000 X106.996 Y141.34
G1 F1500 X124.681 Y123.655 E846.882
G0 F9000 X125.246 Y123.655
G1 F1500 X107.562 Y141.34 E847.71383
G0 F9000 X108.127 Y141.34
G1 F1500 X125.812 Y123.655 E848.54568
G0 F9000 X126.378 Y123.655
G1 F1500 X108.693 Y141.34 E849.37753
G0 F9000 X109.259 Y141.34
G1 F1500 X126.943 Y123.655 E850.20935
G0 F9000 X127.509 Y123.655
G1 F1500 X109.824 Y141.34 E851.0412
G0 F9000 X110.39 Y141.34
G1 F1500 X128.075 Y123.655 E851.87305
G0 F9000 X128.641 Y123.655
G1 F1500 X110.956 Y141.34 E852.70489
G0 F9000 X111.521 Y141.34
G1 F1500 X129.207 Y123.655 E853.53677
G0 F9000 X129.772 Y123.655
G1 F1500 X112.087 Y141.34 E854.36861
G0 F9000 X112.653 Y141.34
G1 F1500 X130.338 Y123.655 E855.20046
G0 F9000 X130.904 Y123.655
G1 F1500 X113.218 Y141.34 E856.03233
G0 F9000 X113.784 Y141.34
G1 F1500 X131.47 Y123.655 E856.86421
G0 F9000 X132.035 Y123.655
G1 F1500 X114.35 Y141.34 E857.69605
G0 F9000 X114.915 Y141.34
G1 F1500 X132.601 Y123.655 E858.52793
G0 F9000 X133.167 Y123.654
G1 F1500 X115.481 Y141.34 E859.35982
G0 F9000 X116.047 Y141.34
G1 F1500 X133.733 Y123.654 E860.19172
G0 F9000 X134.299 Y123.654
G1 F1500 X116.613 Y141.34 E861.02361
G0 F9000 X117.178 Y141.34
G1 F1500 X134.864 Y123.654 E861.85551
G0 F9000 X135.43 Y123.654
G1 F1500 X117.744 Y141.34 E862.6874
G0 F9000 X118.31 Y141.34
G1 F1500 X135.996 Y123.654 E863.5193
G0 F9000 X136.561 Y123.654
G1 F1500 X118.875 Y141.34 E864.35119
G0 F9000 X119.441 Y141.34
G1 F1500 X137.127 Y123.654 E865.18309
G0 F9000 X137.696 Y123.65
G1 F1500 X120.007 Y141.34 E866.01515
G0 F9000 X120.572 Y141.34
G1 F1500 X141.339 Y120.574 E866.99194
G0 F9000 X141.339 Y121.139
G1 F1500 X121.138 Y141.34 E867.94213
G0 F9000 X121.704 Y141.34
G1 F1500 X141.339 Y121.705 E868.8657
G0 F9000 X141.339 Y122.271
G1 F1500 X122.269 Y141.34 E869.76267
G0 F9000 X122.835 Y141.34
G1 F1500 X141.339 Y122.836 E870.63305
G0 F9000 X141.339 Y123.402
G1 F1500 X123.401 Y141.34 E871.47679
G0 F9000 X123.966 Y141.34
G1 F1500 X141.339 Y123.968 E872.29394
G0 F9000 X141.339 Y124.534
G1 F1500 X124.532 Y141.34 E873.08447
G0 F9000 X125.098 Y141.34
G1 F1500 X141.339 Y125.099 E873.8484
G0 F9000 X141.339 Y125.665
G1 F1500 X125.663 Y141.34 E874.58572
G0 F9000 X126.229 Y141.34
G1 F1500 X141.339 Y126.231 E875.29643
G0 F9000 X141.339 Y126.796
G1 F1500 X126.795 Y141.34 E875.98053
G0 F9000 X127.361 Y141.34
G1 F1500 X141.339 Y127.362 E876.63802
G0 F9000 X141.339 Y127.928
G1 F1500 X127.926 Y141.34 E877.2689
G0 F9000 X128.492 Y141.34
G1 F1500 X141.339 Y128.493 E877.87318
G0 F9000 X141.339 Y129.059
G1 F1500 X129.058 Y141.34 E878.45084
G0 F9000 X129.623 Y141.34
G1 F1500 X141.339 Y129.625 E879.0019
G0 F9000 X141.339 Y130.19
G1 F1500 X130.189 Y141.34 E879.52637
G0 F9000 X130.755 Y141.34
G1 F1500 X141.339 Y130.756 E880.0242
G0 F9000 X141.339 Y131.322
G1 F1500 X131.32 Y141.34 E880.49544
G0 F9000 X131.886 Y141.34
G1 F1500 X141.339 Y131.887 E880.94008
G0 F9000 X141.339 Y132.453
G1 F1500 X132.452 Y141.34 E881.3581
G0 F9000 X133.017 Y141.34
G1 F1500 X141.339 Y133.019 E881.74952
G0 F9000 X141.339 Y133.584
G1 F1500 X133.583 Y141.34 E882.11434
G0 F9000 X134.149 Y141.34
G1 F1500 X141.339 Y134.15 E882.45253
G0 F9000 X141.339 Y134.716
G1 F1500 X134.714 Y141.34 E882.76413
G0 F9000 X135.28 Y141.34
G1 F1500 X141.339 Y135.282 E883.0491
G0 F9000 X141.339 Y135.847
G1 F1500 X135.846 Y141.34 E883.30748
G0 F9000 X136.412 Y141.34
G1 F1500 X141.339 Y136.413 E883.53923
G0 F9000 X141.339 Y136.979
G1 F1500 X136.977 Y141.34 E883.74438
G0 F9000 X137.543 Y141.34
G1 F1500 X141.339 Y137.544 E883.92293
G0 F9000 X141.339 Y138.11
G1 F1500 X138.109 Y141.34 E884.07486
G0 F9000 X138.717 Y141.297
G1 F1500 X141.296 Y138.718 E884.19617
G0 F9000 X141.141 Y139.439
G1 F1500 X139.439 Y141.141 E884.27623
G1 F2700 E879.27623
G0 F9000 X139.615 Y141.571
G0 X140.087 Y141.269
G0 X137.598 Y123.281
G0 X138.65 Y122.696
G1 F2700 E884.27623
G1 F1500 X141.339 Y120.008 E884.40268
G0 F9000 X141.339 Y119.442
G1 F1500 X138.656 Y122.125 E884.52888
G0 F9000 X138.656 Y121.559
G1 F1500 X141.339 Y118.877 E884.65506
G0 F9000 X141.339 Y118.311
G1 F1500 X138.657 Y120.993 E884.78121
G0 F9000 X138.657 Y120.427
G1 F1500 X141.339 Y117.745 E884.90737
G0 F9000 X141.339 Y117.179
G1 F1500 X138.657 Y119.862 E885.03354
G0 F9000 X138.657 Y119.295
G1 F1500 X141.339 Y116.613 E885.1597
G0 F9000 X141.339 Y116.048
G1 F1500 X138.657 Y118.73 E885.28585
G0 F9000 X138.658 Y118.163
G1 F1500 X141.339 Y115.482 E885.41196
G0 F9000 X141.339 Y114.916
G1 F1500 X138.658 Y117.598 E885.53809
G0 F9000 X138.658 Y117.032
G1 F1500 X141.339 Y114.35 E885.66421
G0 F9000 X141.339 Y113.785
G1 F1500 X138.659 Y116.465 E885.79027
G0 F9000 X138.659 Y115.9
G1 F1500 X141.339 Y113.219 E885.91636
G0 F9000 X141.339 Y112.653
G1 F1500 X138.659 Y115.333 E886.04242
G0 F9000 X138.659 Y114.768
G1 F1500 X141.339 Y112.088 E886.16847
G0 F9000 X141.339 Y111.522
G1 F1500 X138.659 Y114.202 E886.29453
G0 F9000 X138.66 Y113.636
G1 F1500 X141.339 Y110.956 E886.42057
G0 F9000 X141.339 Y110.391
G1 F1500 X138.66 Y113.07 E886.54658
G0 F9000 X138.66 Y112.504
G1 F1500 X141.339 Y109.825 E886.67259
G0 F9000 X141.339 Y109.259
G1 F1500 X138.551 Y112.048 E886.80376
G0 F9000 X138.328 Y111.705
G1 F1500 X141.339 Y108.694 E886.94538
G0 F9000 X141.339 Y108.128
G1 F1500 X137.994 Y111.473 E887.10272
G0 F9000 X137.561 Y111.34
G1 F1500 X141.339 Y107.562 E887.28043
G0 F9000 X141.339 Y106.997
G1 F1500 X136.996 Y111.34 E887.48471
G0 F9000 X136.43 Y111.34
G1 F1500 X141.339 Y106.431 E887.71561
G0 F9000 X141.339 Y105.865
G1 F1500 X135.864 Y111.34 E887.97314
G0 F9000 X135.299 Y111.34
G1 F1500 X141.339 Y105.3 E888.25724
G0 F9000 X141.339 Y104.734
G1 F1500 X134.733 Y111.34 E888.56797
G0 F9000 X134.167 Y111.34
G1 F1500 X141.339 Y104.168 E888.90532
G0 F9000 X141.339 Y103.602
G1 F1500 X133.601 Y111.34 E889.26929
G0 F9000 X133.035 Y111.341
G1 F1500 X141.339 Y103.037 E889.65988
G0 F9000 X141.339 Y102.471
G1 F1500 X132.469 Y111.341 E890.0771
G0 F9000 X131.904 Y111.341
G1 F1500 X141.339 Y101.905 E890.52092
G0 F9000 X141.339 Y101.34
G1 F1500 X131.338 Y111.341 E890.99134
G0 F9000 X130.772 Y111.341
G1 F1500 X141.339 Y100.774 E891.48838
G0 F9000 X141.339 Y100.208
G1 F1500 X130.207 Y111.341 E892.01201
G0 F9000 X129.641 Y111.341
G1 F1500 X141.339 Y99.643 E892.56225
G0 F9000 X141.339 Y99.077
G1 F1500 X129.075 Y111.341 E893.13911
G0 F9000 X128.509 Y111.342
G1 F1500 X141.339 Y98.511 E893.74262
G0 F9000 X141.339 Y97.946
G1 F1500 X127.943 Y111.342 E894.37273
G0 F9000 X127.378 Y111.342
G1 F1500 X141.339 Y97.38 E895.02943
G0 F9000 X141.339 Y96.814
G1 F1500 X126.812 Y111.342 E895.71276
G0 F9000 X126.246 Y111.342
G1 F1500 X141.298 Y96.29 E896.42076
G0 F9000 X141.23 Y95.792
G1 F1500 X125.68 Y111.342 E897.15219
G0 F9000 X125.115 Y111.342
G1 F1500 X141.071 Y95.385 E897.90273
G0 F9000 X140.885 Y95.006
G1 F1500 X124.549 Y111.342 E898.67113
G0 F9000 X123.983 Y111.342
G1 F1500 X140.639 Y94.687 E899.45455
G0 F9000 X140.364 Y94.396
G1 F1500 X123.417 Y111.342 E900.25166
G0 F9000 X122.851 Y111.342
G1 F1500 X140.043 Y94.151 E901.0603
G0 F9000 X139.679 Y93.949
G1 F1500 X122.286 Y111.342 E901.87841
G0 F9000 X121.72 Y111.342
G1 F1500 X139.28 Y93.783 E902.70436
G0 F9000 X138.788 Y93.709
G1 F1500 X121.154 Y111.342 E903.53378
G0 F9000 X120.589 Y111.342
G1 F1500 X138.271 Y93.66 E904.36549
G0 F9000 X137.706 Y93.66
G1 F1500 X120.023 Y111.342 E905.19722
G0 F9000 X119.456 Y111.343
G1 F1500 X137.14 Y93.66 E906.029
G0 F9000 X136.574 Y93.66
G1 F1500 X118.891 Y111.343 E906.86075
G0 F9000 X118.325 Y111.343
G1 F1500 X136.008 Y93.66 E907.6925
G0 F9000 X135.443 Y93.66
G1 F1500 X117.759 Y111.343 E908.52428
G0 F9000 X117.194 Y111.343
G1 F1500 X134.877 Y93.66 E909.35604
G0 F9000 X134.311 Y93.66
G1 F1500 X116.628 Y111.343 E910.18779
G0 F9000 X116.062 Y111.343
G1 F1500 X133.746 Y93.66 E911.01957
G0 F9000 X133.18 Y93.66
G1 F1500 X115.497 Y111.343 E911.85132
G0 F9000 X114.93 Y111.344
G1 F1500 X132.614 Y93.66 E912.68312
G0 F9000 X132.049 Y93.66
G1 F1500 X114.365 Y111.344 E913.51492
G0 F9000 X113.799 Y111.344
G1 F1500 X131.483 Y93.66 E914.34673
G0 F9000 X130.917 Y93.66
G1 F1500 X113.233 Y111.344 E915.17853
G0 F9000 X112.668 Y111.344
G1 F1500 X130.352 Y93.66 E916.01033
G0 F9000 X129.786 Y93.66
G1 F1500 X112.102 Y111.344 E916.84213
G0 F9000 X111.536 Y111.344
G1 F1500 X129.22 Y93.66 E917.67393
G0 F9000 X128.655 Y93.66
G1 F1500 X110.971 Y111.344 E918.50573
G0 F9000 X110.404 Y111.345
G1 F1500 X128.089 Y93.66 E919.33758
G0 F9000 X127.523 Y93.66
G1 F1500 X109.838 Y111.345 E920.16943
G0 F9000 X109.273 Y111.345
G1 F1500 X126.957 Y93.66 E921.00125
G0 F9000 X126.392 Y93.66
G1 F1500 X108.707 Y111.345 E921.8331
G0 F9000 X108.141 Y111.345
G1 F1500 X125.826 Y93.66 E922.66495
G0 F9000 X125.26 Y93.66
G1 F1500 X107.576 Y111.345 E923.49677
G0 F9000 X107.01 Y111.345
G1 F1500 X124.695 Y93.66 E924.32862
G0 F9000 X124.129 Y93.66
G1 F1500 X106.444 Y111.345 E925.16047
G0 F9000 X105.878 Y111.345
G1 F1500 X123.563 Y93.66 E925.99232
G0 F9000 X122.998 Y93.66
G1 F1500 X105.312 Y111.345 E926.82419
G0 F9000 X104.747 Y111.345
G1 F1500 X122.432 Y93.66 E927.65604
G0 F9000 X121.866 Y93.66
G1 F1500 X104.181 Y111.345 E928.48789
G0 F9000 X103.615 Y111.345
G1 F1500 X121.301 Y93.66 E929.31976
G0 F9000 X120.735 Y93.66
G1 F1500 X103.049 Y111.345 E930.15163
G0 F9000 X102.484 Y111.345
G1 F1500 X120.169 Y93.66 E930.98348
G0 F9000 X119.604 Y93.66
G1 F1500 X101.918 Y111.345 E931.81535
G0 F9000 X101.352 Y111.346
G1 F1500 X119.038 Y93.66 E932.64724
G0 F9000 X118.472 Y93.66
G1 F1500 X100.786 Y111.346 E933.47914
G0 F9000 X100.22 Y111.346
G1 F1500 X117.907 Y93.66 E934.31106
G0 F9000 X117.341 Y93.66
G1 F1500 X99.655 Y111.346 E935.14295
G0 F9000 X99.089 Y111.346
G1 F1500 X116.775 Y93.66 E935.97485
G0 F9000 X116.209 Y93.66
G1 F1500 X98.523 Y111.346 E936.80674
G0 F9000 X97.958 Y111.346
G1 F1500 X115.644 Y93.66 E937.63864
G0 F9000 X115.078 Y93.66
G1 F1500 X97.392 Y111.346 E938.47053
G1 F2700 E933.47053
;MESH:NONMESH
G0 F300 X97.392 Y111.346 Z1
G0 F9000 X97.418 Y111.798
G0 X93.416 Y95.665
G0 X94.1 Y94.1
;TIME_ELAPSED:1370.434145
;LAYER:4
;TYPE:WALL-INNER
;MESH:singola_fenditura.stl
G1 F2700 E938.47053
G1 F1500 X93.556 Y94.808 E938.50023
G1 X93.221 Y95.613 E938.52923
G1 X93.1 Y96.543 E938.56042
G1 X93.1 Y138.457 E939.95449
G1 X93.221 Y139.383 E939.98555
G1 X93.556 Y140.188 E940.01455
G1 X94.101 Y140.896 E940.04427
G1 X94.808 Y141.443 E940.074
G1 X95.613 Y141.775 E940.10296
G1 X96.544 Y141.9 E940.1342
G1 X138.456 Y141.9 E941.5282
G1 X139.383 Y141.775 E941.55931
G1 X140.188 Y141.443 E941.58828
G1 X140.896 Y140.896 E941.61803
G1 X141.443 Y140.188 E941.64779
G1 X141.775 Y139.383 E941.67675
G1 X141.9 Y138.456 E941.70786
G1 X141.9 Y96.544 E943.10186
G1 X141.775 Y95.613 E943.13311
G1 X141.443 Y94.808 E943.16207
G1 X140.896 Y94.101 E943.1918
G1 X140.188 Y93.556 E943.22152
G1 X139.383 Y93.221 E943.25052
G1 X138.457 Y93.1 E943.28158
G1 X96.543 Y93.1 E944.67564
G1 X95.613 Y93.221 E944.70684
G1 X94.808 Y93.556 E944.73584
G1 X94.1 Y94.1 E944.76553
G0 F9000 X94.312 Y94.312
G0 X97.14 Y111.6
G0 X97.14 Y112.02
G1 F1500 X97.421 Y111.9 E944.77569
G1 X137.579 Y111.9 E946.11136
G1 X137.86 Y112.02 E946.12152
G1 X137.981 Y112.139 E946.12716
G1 X138.068 Y112.305 E946.1334
G1 X138.1 Y112.5 E946.13997
G1 X138.1 Y122.574 E946.47503
G1 X137.981 Y122.86 E946.48533
G1 X137.86 Y122.98 E946.491
G1 X137.579 Y123.1 E946.50116
G1 X97.421 Y123.1 E947.83683
G1 X97.14 Y122.98 E947.84699
G1 X97.019 Y122.86 E947.85266
G1 X96.932 Y122.695 E947.85886
G1 X96.9 Y122.5 E947.86543
G1 X96.9 Y112.5 E948.19803
G1 X96.932 Y112.305 E948.20461
G1 X97.02 Y112.14 E948.21083
G1 X97.14 Y112.02 E948.21647
G0 F9000 X97.38 Y112.34
;TYPE:WALL-OUTER
G1 F1500 X97.463 Y112.303 E948.21949
G1 X137.537 Y112.303 E949.55236
G1 X137.62 Y112.34 E949.55538
G1 X137.7 Y112.449 E949.55988
G1 X137.698 Y122.535 E949.89534
G1 X137.661 Y122.62 E949.89842
G1 X137.537 Y122.697 E949.90328
G1 X97.463 Y122.697 E951.23615
G1 X97.38 Y122.66 E951.23917
G1 X97.3 Y122.551 E951.24367
G1 X97.3 Y112.449 E951.57966
G1 X97.38 Y112.34 E951.58416
G1 F2700 E946.58416
G0 F9000 X97.38 Y111.6
G0 X94.312 Y94.312
G0 X93.815 Y93.815
G1 F2700 E951.58416
G1 F1500 X93.207 Y94.606 E951.61734
G1 X92.831 Y95.509 E951.64987
G1 X92.7 Y96.517 E951.68368
G1 X92.7 Y138.483 E953.07948
G1 X92.831 Y139.487 E953.11315
G1 X93.207 Y140.39 E953.14568
G1 X93.815 Y141.181 E953.17887
G1 X94.606 Y141.793 E953.21213
G1 X95.509 Y142.165 E953.24461
G1 X96.518 Y142.3 E953.27847
G1 X138.482 Y142.3 E954.6742
G1 X139.487 Y142.165 E954.70793
G1 X140.39 Y141.793 E954.74041
G1 X141.181 Y141.181 E954.77367
G1 X141.793 Y140.39 E954.80694
G1 X142.165 Y139.487 E954.83942
G1 X142.3 Y138.482 E954.87315
G1 X142.3 Y96.518 E956.26888
G1 X142.165 Y95.509 E956.30273
G1 X141.793 Y94.606 E956.33522
G1 X141.181 Y93.815 E956.36848
G1 X140.39 Y93.207 E956.40166
G1 X139.487 Y92.831 E956.4342
G1 X138.483 Y92.7 E956.46787
G1 X96.517 Y92.7 E957.86367
G1 X95.509 Y92.831 E957.89748
G1 X94.606 Y93.207 E957.93001
G1 X93.815 Y93.815 E957.96319
G0 F9000 X94.723 Y93.723
;TYPE:FILL
G1 F3000 X112.82 Y111.82 E958.81442
G0 F9000 X112.078 Y111.821
G1 F3000 X117.072 Y93.18 E959.45629
G0 F9000 X117.072 Y93.4
G0 X118.265 Y93.4
G0 X118.265 Y93.18
G1 F3000 X93.18 Y99.901 E960.32004
G0 F9000 X93.18 Y100.665
G1 F3000 X104.334 Y111.82 E960.84472
G0 F9000 X104.334 Y111.6
G0 X105.866 Y111.6
G0 X105.866 Y111.821
G1 F3000 X110.861 Y93.18 E961.48659
G0 F9000 X111.15 Y93.18
G1 F3000 X129.79 Y111.82 E962.36336
G0 F9000 X130.712 Y111.821
G1 F3000 X135.707 Y93.18 E963.00524
G0 F9000 X136.606 Y93.18
G1 F3000 X141.82 Y98.394 E963.25049
G0 F9000 X141.82 Y99.292
G1 F3000 X93.181 Y112.324 E964.92529
G0 F9000 X93.18 Y112.801
G1 F3000 X98.438 Y93.18 E965.60091
G0 F9000 X98.438 Y93.4
G0 X102.665 Y93.4
G0 X102.665 Y93.18
G1 F3000 X121.305 Y111.82 E966.47768
G0 F9000 X121.305 Y111.6
G0 X118.289 Y111.6
G0 X118.289 Y111.821
G1 F3000 X123.284 Y93.179 E967.11959
G0 F9000 X123.284 Y93.4
G0 X119.635 Y93.4
G0 X119.635 Y93.18
G1 F3000 X141.82 Y115.364 E968.16308
G0 F9000 X141.6 Y115.364
G0 X141.6 Y116.732
G0 X141.82 Y116.732
G1 F3000 X135.098 Y141.82 E969.02694
G0 F9000 X134.335 Y141.82
G1 F3000 X115.695 Y123.18 E969.90371
G0 F9000 X115.246 Y123.18
G1 F3000 X110.251 Y141.82 E970.54555
G0 F9000 X110.251 Y141.6
G0 X108.879 Y141.6
G0 X108.879 Y141.82
G1 F3000 X93.18 Y126.121 E971.28398
G0 F9000 X93.4 Y126.121
G0 X93.4 Y124.748
G0 X93.181 Y124.748
G1 F3000 X99.033 Y123.18 E971.48549
G0 F9000 X98.724 Y123.18
G1 F3000 X117.364 Y141.82 E972.36226
G0 F9000 X116.463 Y141.82
G1 F3000 X121.457 Y123.18 E973.00409
G0 F9000 X122.214 Y123.18
G1 F3000 X93.181 Y130.959 E974.00379
G0 F9000 X93.4 Y130.959
G0 X93.4 Y134.606
G0 X93.18 Y134.606
G1 F3000 X100.394 Y141.82 E974.34312
G0 F9000 X100.394 Y141.6
G0 X99.012 Y141.6
G0 X99.012 Y141.82
G1 F3000 X141.819 Y130.35 E975.81711
G0 F9000 X141.6 Y130.35
G0 X141.6 Y132.335
G0 X141.82 Y132.335
G1 F3000 X132.665 Y123.18 E976.24773
G0 F9000 X132.665 Y123.4
G0 X133.881 Y123.4
G0 X133.881 Y123.18
G1 F3000 X128.886 Y141.821 E976.88961
G0 F9000 X128.886 Y141.6
G0 X125.849 Y141.6
G0 X125.849 Y141.82
G1 F3000 X107.209 Y123.18 E977.76637
G0 F9000 X107.209 Y123.4
G0 X109.034 Y123.4
G0 X109.034 Y123.179
G1 F3000 X104.039 Y141.821 E978.40828
G0 F9000 X104.039 Y141.6
G0 X97.827 Y141.6
G0 X97.827 Y141.821
G1 F3000 X102.822 Y123.18 E979.05016
G0 F9000 X102.822 Y123.4
G0 X96.672 Y123.328
G0 X96.6 Y122.4
G0 X96.819 Y122.4
G1 F3000 X93.18 Y135.983 E979.51786
G0 F9000 X93.4 Y135.983
G0 X93.4 Y137.171
G0 X93.181 Y137.171
G1 F3000 X141.82 Y124.138 E981.19267
G0 F9000 X141.82 Y123.85
G1 F3000 X138.18 Y120.21 E981.36388
G0 F9000 X138.4 Y120.21
G0 X138.4 Y118.902
G0 X138.18 Y118.902
G1 F3000 X141.82 Y117.927 E981.48922
G0 F9000 X141.6 Y117.927
G0 X141.6 Y111.715
G0 X141.819 Y111.715
G1 F3000 X138.181 Y112.69 E981.61449
G0 F9000 X138.4 Y112.69
G0 X138.328 Y111.672
G0 X136.924 Y111.6
G0 X136.924 Y111.821
G1 F3000 X141.433 Y94.994 E982.1939
G0 F9000 X141.23 Y95.077
G0 X139.92 Y93.769
G0 X140.005 Y93.566
G1 F3000 X93.181 Y106.113 E983.80622
G0 F9000 X93.4 Y106.113
G0 X93.4 Y109.15
G0 X93.18 Y109.15
G1 F3000 X96.82 Y112.791 E983.97746
G0 F9000 X96.6 Y112.791
G0 X96.672 Y111.672
G0 X99.654 Y111.6
G0 X99.654 Y111.821
G1 F3000 X104.649 Y93.18 E984.61933
G0 F9000 X104.649 Y93.4
G0 X118.244 Y111.6
G0 X118.244 Y111.82
G1 F3000 X141.82 Y105.503 E985.43113
G0 F9000 X141.6 Y105.503
G0 X141.6 Y106.879
G0 X141.82 Y106.879
G1 F3000 X128.121 Y93.18 E986.07549
G0 F9000 X128.121 Y93.4
G0 X129.496 Y93.4
G0 X129.496 Y93.18
G1 F3000 X124.501 Y111.82 E986.71733
G1 F2700 E981.71733
G0 F9000 X124.501 Y111.6
G0 X138.328 Y111.672
G0 X138.328 Y123.328
G0 X124.18 Y123.4
G0 X124.18 Y123.18
G1 F2700 E986.71733
G1 F3000 X141.275 Y140.275 E987.52143
G0 F9000 X141.105 Y140.144
G0 X141.6 Y136.562
G0 X141.819 Y136.562
G1 F3000 X122.194 Y141.82 E988.19718
G0 F9000 X122.674 Y141.821
G1 F3000 X127.669 Y123.179 E988.83909
G1 F2700 E983.83909
G0 F9000 X127.669 Y123.4
G0 X96.672 Y123.328
G0 X96.6 Y121.276
G0 X96.82 Y121.276
G1 F2700 E988.83909
G1 F3000 X93.18 Y117.636 E989.0103
G0 F9000 X93.18 Y118.536
G1 F3000 X96.819 Y117.561 E989.13561
G0 F9000 X96.3 Y117.561
;MESH:NONMESH
G0 F300 X96.3 Y117.561 Z1.2
G0 F9000 X94.312 Y94.312
G0 X94.1 Y94.1
;TIME_ELAPSED:1426.120576
;LAYER:5
;TYPE:WALL-INNER
;MESH:singola_fenditura.stl
G1 F1500 X93.556 Y94.808 E989.1653
G1 X93.221 Y95.613 E989.1943
G1 X93.1 Y96.543 E989.2255
G1 X93.1 Y138.457 E990.61956
G1 X93.221 Y139.383 E990.65062
G1 X93.556 Y140.188 E990.67962
G1 X94.101 Y140.896 E990.70934
G1 X94.808 Y141.443 E990.73907
G1 X95.613 Y141.775 E990.76803
G1 X96.544 Y141.9 E990.79927
G1 X138.456 Y141.9 E992.19327
G1 X139.383 Y141.775 E992.22438
G1 X140.188 Y141.443 E992.25335
G1 X140.896 Y140.896 E992.2831
G1 X141.443 Y140.188 E992.31286
G1 X141.775 Y139.383 E992.34182
G1 X141.9 Y138.456 E992.37294
G1 X141.9 Y96.544 E993.76693
G1 X141.775 Y95.613 E993.79818
G1 X141.443 Y94.808 E993.82714
G1 X140.896 Y94.101 E993.85687
G1 X140.188 Y93.556 E993.88659
G1 X139.383 Y93.221 E993.91559
G1 X138.457 Y93.1 E993.94665
G1 X96.543 Y93.1 E995.34071
G1 X95.613 Y93.221 E995.37191
G1 X94.808 Y93.556 E995.40091
G1 X94.1 Y94.1 E995.4306
G0 F9000 X94.312 Y94.312
G0 X97.14 Y111.6
G0 X97.14 Y112.02
G1 F1500 X97.421 Y111.9 E995.44077
G1 X137.579 Y111.9 E996.77643
G1 X137.86 Y112.02 E996.78659
G1 X137.981 Y112.139 E996.79223
G1 X138.068 Y112.305 E996.79847
G1 X138.1 Y112.5 E996.80504
G1 X138.1 Y122.574 E997.1401
G1 X137.981 Y122.86 E997.15041
G1 X137.86 Y122.98 E997.15607
G1 X137.579 Y123.1 E997.16624
G1 X97.421 Y123.1 E998.5019
G1 X97.14 Y122.98 E998.51206
G1 X97.019 Y122.86 E998.51773
G1 X96.932 Y122.695 E998.52393
G1 X96.9 Y122.5 E998.5305
G1 X96.9 Y112.5 E998.8631
G1 X96.932 Y112.305 E998.86968
G1 X97.02 Y112.14 E998.8759
G1 X97.14 Y112.02 E998.88154
G0 F9000 X97.38 Y112.34
;TYPE:WALL-OUTER
G1 F1500 X97.463 Y112.303 E998.88456
G1 X137.537 Y112.303 E1000.21743
G1 X137.62 Y112.34 E1000.22045
G1 X137.7 Y112.449 E1000.22495
G1 X137.698 Y122.535 E1000.56041
G1 X137.661 Y122.62 E1000.56349
G1 X137.537 Y122.697 E1000.56835
G1 X97.463 Y122.697 E1001.90122
G1 X97.38 Y122.66 E1001.90424
G1 X97.3 Y122.551 E1001.90874
G1 X97.3 Y112.449 E1002.24473
G1 X97.38 Y112.34 E1002.24923
G1 F2700 E997.24923
G0 F9000 X97.38 Y111.6
G0 X94.312 Y94.312
G0 X93.815 Y93.815
G1 F2700 E1002.24923
G1 F1500 X93.207 Y94.606 E1002.28241
G1 X92.831 Y95.509 E1002.31494
G1 X92.7 Y96.517 E1002.34875
G1 X92.7 Y138.483 E1003.74455
G1 X92.831 Y139.487 E1003.77822
G1 X93.207 Y140.39 E1003.81076
G1 X93.815 Y141.181 E1003.84394
G1 X94.606 Y141.793 E1003.8772
G1 X95.509 Y142.165 E1003.90968
G1 X96.518 Y142.3 E1003.94354
G1 X138.482 Y142.3 E1005.33927
G1 X139.487 Y142.165 E1005.373
G1 X140.39 Y141.793 E1005.40548
G1 X141.181 Y141.181 E1005.43874
G1 X141.793 Y140.39 E1005.47201
G1 X142.165 Y139.487 E1005.50449
G1 X142.3 Y138.482 E1005.53822
G1 X142.3 Y96.518 E1006.93395
G1 X142.165 Y95.509 E1006.9678
G1 X141.793 Y94.606 E1007.00029
G1 X141.181 Y93.815 E1007.03355
G1 X140.39 Y93.207 E1007.06673
G1 X139.487 Y92.831 E1007.09927
G1 X138.483 Y92.7 E1007.13294
G1 X96.517 Y92.7 E1008.52874
G1 X95.509 Y92.831 E1008.56255
G1 X94.606 Y93.207 E1008.59508
G1 X93.815 Y93.815 E1008.62826
G0 F9000 X94.312 Y94.312
G0 X94.952 Y93.821
G0 X94.836 Y93.636
;TYPE:FILL
G1 F3000 X113.019 Y111.82 E1009.48356
G0 F9000 X113.019 Y111.6
G0 X111.932 Y111.6
G0 X111.932 Y111.821
G1 F3000 X116.926 Y93.18 E1010.12543
G0 F9000 X116.926 Y93.4
G0 X118.81 Y93.4
G0 X118.81 Y93.18
G1 F3000 X93.181 Y100.047 E1011.00792
G0 F9000 X93.18 Y100.466
G1 F3000 X104.534 Y111.82 E1011.54197
G0 F9000 X104.534 Y111.6
G0 X105.72 Y111.6
G0 X105.72 Y111.821
G1 F3000 X110.715 Y93.18 E1012.18385
G0 F9000 X111.35 Y93.18
G1 F3000 X129.99 Y111.82 E1013.06062
G0 F9000 X130.567 Y111.82
G1 F3000 X135.561 Y93.18 E1013.70245
G0 F9000 X135.561 Y93.4
G0 X136.805 Y93.4
G0 X136.805 Y93.18
G1 F3000 X141.82 Y98.195 E1013.93834
G0 F9000 X141.6 Y98.195
G0 X141.6 Y99.438
G0 X141.82 Y99.438
G1 F3000 X93.181 Y112.47 E1015.61314
G0 F9000 X93.18 Y112.257
G1 F3000 X98.292 Y93.18 E1016.27003
G0 F9000 X98.292 Y93.4
G0 X102.864 Y93.4
G0 X102.864 Y93.18
G1 F3000 X121.504 Y111.82 E1017.1468
G0 F9000 X121.504 Y111.6
G0 X118.789 Y111.6
G0 X118.789 Y111.82
G1 F3000 X141.819 Y105.649 E1017.9398
G0 F9000 X141.6 Y105.649
G0 X141.6 Y106.68
G0 X141.82 Y106.68
G1 F3000 X128.32 Y93.18 E1018.5748
G0 F9000 X128.32 Y93.4
G0 X129.35 Y93.4
G0 X129.35 Y93.18
G1 F3000 X124.355 Y111.821 E1019.21668
G0 F9000 X124.355 Y111.6
G0 X118.143 Y111.6
G0 X118.143 Y111.821
G1 F3000 X123.138 Y93.18 E1019.85855
G0 F9000 X123.138 Y93.4
G0 X119.835 Y93.4
G0 X119.835 Y93.18
G1 F3000 X141.82 Y115.165 E1020.89266
G0 F9000 X141.6 Y115.165
G0 X141.6 Y116.188
G0 X141.82 Y116.188
G1 F3000 X134.952 Y141.82 E1021.77526
G0 F9000 X134.534 Y141.82
G1 F3000 X115.894 Y123.18 E1022.65202
G0 F9000 X115.1 Y123.179
G1 F3000 X110.105 Y141.821 E1023.29393
G0 F9000 X110.105 Y141.6
G0 X109.078 Y141.6
G0 X109.078 Y141.82
G1 F3000 X93.18 Y125.922 E1024.04172
G0 F9000 X93.4 Y125.922
G0 X93.4 Y124.894
G0 X93.181 Y124.894
G1 F3000 X99.577 Y123.18 E1024.26196
G0 F9000 X98.924 Y123.18
G1 F3000 X117.564 Y141.82 E1025.13873
G0 F9000 X117.564 Y141.6
G0 X116.317 Y141.6
G0 X116.317 Y141.82
G1 F3000 X121.311 Y123.18 E1025.78056
G0 F9000 X121.311 Y123.4
G0 X122.759 Y123.4
G0 X122.759 Y123.18
G1 F3000 X93.181 Y131.105 E1026.79903
G0 F9000 X93.4 Y131.105
G0 X93.4 Y134.407
G0 X93.18 Y134.407
G1 F3000 X100.593 Y141.82 E1027.14772
G0 F9000 X100.593 Y141.6
G0 X99.556 Y141.6
G0 X99.556 Y141.82
G1 F3000 X141.819 Y130.496 E1028.60297
G0 F9000 X141.6 Y130.496
G0 X141.6 Y132.136
G0 X141.82 Y132.136
G1 F3000 X132.865 Y123.18 E1029.02421
G0 F9000 X133.734 Y123.18
G1 F3000 X128.74 Y141.821 E1029.66608
G0 F9000 X128.74 Y141.6
G0 X126.049 Y141.6
G0 X126.049 Y141.82
G1 F3000 X107.409 Y123.18 E1030.54285
G0 F9000 X107.409 Y123.4
G0 X108.888 Y123.4
G0 X108.888 Y123.18
G1 F3000 X103.893 Y141.821 E1031.18472
G0 F9000 X103.893 Y141.6
G0 X97.681 Y141.6
G0 X97.681 Y141.821
G1 F3000 X102.676 Y123.18 E1031.8266
G0 F9000 X102.676 Y123.4
G0 X96.672 Y123.328
G0 X96.6 Y121.855
G0 X96.82 Y121.855
G1 F3000 X93.18 Y135.439 E1032.29434
G0 F9000 X93.4 Y135.439
G0 X93.4 Y137.317
G0 X93.18 Y137.317
G1 F3000 X141.82 Y124.284 E1033.96919
G0 F9000 X141.82 Y123.65
G1 F3000 X138.18 Y120.01 E1034.1404
G0 F9000 X138.18 Y119.048
G1 F3000 X141.82 Y118.073 E1034.26573
G0 F9000 X141.6 Y118.073
G0 X141.6 Y111.861
G0 X141.82 Y111.861
G1 F3000 X138.181 Y112.836 E1034.39104
G0 F9000 X138.4 Y112.836
G0 X138.328 Y111.672
G0 X136.778 Y111.6
G0 X136.778 Y111.821
G1 F3000 X141.338 Y94.803 E1034.97703
G0 F9000 X141.165 Y94.935
G0 X140.062 Y93.832
G0 X140.194 Y93.661
G1 F3000 X93.181 Y106.259 E1036.59585
G0 F9000 X93.4 Y106.259
G0 X93.4 Y108.951
G0 X93.18 Y108.951
G1 F3000 X96.82 Y112.591 E1036.76707
G0 F9000 X96.6 Y112.591
G0 X96.672 Y111.672
G0 X99.508 Y111.6
G0 X99.508 Y111.821
G1 F3000 X104.503 Y93.179 E1037.40897
G0 F9000 X104.503 Y93.4
G0 X96.672 Y111.672
G0 X96.6 Y117.707
G0 X96.819 Y117.707
G1 F3000 X93.18 Y118.682 E1037.53428
G0 F9000 X93.4 Y118.682
G0 X93.4 Y117.436
G0 X93.18 Y117.436
G1 F3000 X96.82 Y121.076 E1037.70549
G1 F2700 E1032.70549
G0 F9000 X96.6 Y121.076
G0 X96.672 Y123.328
G0 X124.379 Y123.4
G0 X124.379 Y123.18
G1 F2700 E1037.70549
G1 F3000 X141.362 Y140.163 E1038.50432
G0 F9000 X141.179 Y140.048
G0 X141.6 Y136.708
G0 X141.82 Y136.708
G1 F3000 X122.739 Y141.82 E1039.16134
G0 F9000 X122.528 Y141.821
G1 F3000 X127.523 Y123.18 E1039.80321
G0 F9000 X127.523 Y123.7
G1 F2700 E1034.80321
;MESH:NONMESH
G0 F300 X127.523 Y123.7 Z1.4
G0 F9000 X138.328 Y123.328
G0 X138.328 Y111.672
G0 X94.312 Y94.312
G0 X94.1 Y94.1
;TIME_ELAPSED:1481.790027
;LAYER:6
;TYPE:WALL-INNER
;MESH:singola_fenditura.stl
G1 F2700 E1039.80321
G1 F1500 X93.556 Y94.808 E1039.83291
G1 X93.221 Y95.613 E1039.86191
G1 X93.1 Y96.543 E1039.8931
G1 X93.1 Y138.457 E1041.28717
G1 X93.221 Y139.383 E1041.31823
G1 X93.556 Y140.188 E1041.34723
G1 X94.101 Y140.896 E1041.37694
G1 X94.808 Y141.443 E1041.40668
G1 X95.613 Y141.775 E1041.43564
G1 X96.544 Y141.9 E1041.46688
G1 X138.456 Y141.9 E1042.86088
G1 X139.383 Y141.775 E1042.89199
G1 X140.188 Y141.443 E1042.92095
G1 X140.896 Y140.896 E1042.95071
G1 X141.443 Y140.188 E1042.98047
G1 X141.775 Y139.383 E1043.00943
G1 X141.9 Y138.456 E1043.04054
G1 X141.9 Y96.544 E1044.43454
G1 X141.775 Y95.613 E1044.46578
G1 X141.443 Y94.808 E1044.49474
G1 X140.896 Y94.101 E1044.52448
G1 X140.188 Y93.556 E1044.55419
G1 X139.383 Y93.221 E1044.58319
G1 X138.457 Y93.1 E1044.61425
G1 X96.543 Y93.1 E1046.00832
G1 X95.613 Y93.221 E1046.03951
G1 X94.808 Y93.556 E1046.06851
G1 X94.1 Y94.1 E1046.09821
G0 F9000 X94.312 Y94.312
G0 X97.14 Y111.6
G0 X97.14 Y112.02
G1 F1500 X97.421 Y111.9 E1046.10837
G1 X137.579 Y111.9 E1047.44403
G1 X137.86 Y112.02 E1047.45419
G1 X137.981 Y112.139 E1047.45984
G1 X138.068 Y112.305 E1047.46607
G1 X138.1 Y112.5 E1047.47265
G1 X138.1 Y122.574 E1047.80771
G1 X137.981 Y122.86 E1047.81801
G1 X137.86 Y122.98 E1047.82368
G1 X137.579 Y123.1 E1047.83384
G1 X97.421 Y123.1 E1049.1695
G1 X97.14 Y122.98 E1049.17966
G1 X97.019 Y122.86 E1049.18533
G1 X96.932 Y122.695 E1049.19154
G1 X96.9 Y122.5 E1049.19811
G1 X96.9 Y112.5 E1049.53071
G1 X96.932 Y112.305 E1049.53728
G1 X97.02 Y112.14 E1049.5435
G1 X97.14 Y112.02 E1049.54915
G0 F9000 X97.38 Y112.34
;TYPE:WALL-OUTER
G1 F1500 X97.463 Y112.303 E1049.55217
G1 X137.537 Y112.303 E1050.88504
G1 X137.62 Y112.34 E1050.88806
G1 X137.7 Y112.449 E1050.89256
G1 X137.698 Y122.535 E1051.22802
G1 X137.661 Y122.62 E1051.2311
G1 X137.537 Y122.697 E1051.23596
G1 X97.463 Y122.697 E1052.56882
G1 X97.38 Y122.66 E1052.57184
G1 X97.3 Y122.551 E1052.57634
G1 X97.3 Y112.449 E1052.91234
G1 X97.38 Y112.34 E1052.91683
G1 F2700 E1047.91683
G0 F9000 X97.38 Y111.6
G0 X94.312 Y94.312
G0 X93.815 Y93.815
G1 F2700 E1052.91683
G1 F1500 X93.207 Y94.606 E1052.95002
G1 X92.831 Y95.509 E1052.98255
G1 X92.7 Y96.517 E1053.01636
G1 X92.7 Y138.483 E1054.41215
G1 X92.831 Y139.487 E1054.44583
G1 X93.207 Y140.39 E1054.47836
G1 X93.815 Y141.181 E1054.51154
G1 X94.606 Y141.793 E1054.54481
G1 X95.509 Y142.165 E1054.57729
G1 X96.518 Y142.3 E1054.61115
G1 X138.482 Y142.3 E1056.00688
G1 X139.487 Y142.165 E1056.0406
G1 X140.39 Y141.793 E1056.07309
G1 X141.181 Y141.181 E1056.10635
G1 X141.793 Y140.39 E1056.13961
G1 X142.165 Y139.487 E1056.1721
G1 X142.3 Y138.482 E1056.20582
G1 X142.3 Y96.518 E1057.60155
G1 X142.165 Y95.509 E1057.63541
G1 X141.793 Y94.606 E1057.66789
G1 X141.181 Y93.815 E1057.70116
G1 X140.39 Y93.207 E1057.73434
G1 X139.487 Y92.831 E1057.76687
G1 X138.483 Y92.7 E1057.80055
G1 X96.517 Y92.7 E1059.19634
G1 X95.509 Y92.831 E1059.23015
G1 X94.606 Y93.207 E1059.26269
G1 X93.815 Y93.815 E1059.29587
G0 F9000 X94.312 Y94.312
G0 X95.057 Y93.779
G0 X94.973 Y93.574
;TYPE:FILL
G1 F3000 X113.218 Y111.82 E1060.15408
G0 F9000 X113.218 Y111.6
G0 X111.786 Y111.6
G0 X111.786 Y111.82
G1 F3000 X116.78 Y93.18 E1060.79592
G0 F9000 X116.78 Y93.4
G0 X119.355 Y93.4
G0 X119.355 Y93.18
G1 F3000 X93.181 Y100.193 E1061.69717
G1 X93.18 Y100.266
G1 X104.733 Y111.82 E1062.24061
G0 F9000 X105.574 Y111.821
G1 F3000 X110.569 Y93.179 E1062.88252
G0 F9000 X111.549 Y93.18
G1 F3000 X130.189 Y111.82 E1063.75929
G0 F9000 X130.421 Y111.821
G1 F3000 X135.415 Y93.18 E1064.40116
G0 F9000 X135.415 Y93.4
G0 X137.005 Y93.4
G0 X137.005 Y93.18
G1 F3000 X141.82 Y97.995 E1064.62764
G0 F9000 X141.6 Y97.995
G0 X141.6 Y99.584
G0 X141.82 Y99.584
G1 F3000 X93.18 Y112.616 E1066.30247
G0 F9000 X93.18 Y111.711
G1 F3000 X98.145 Y93.18 E1066.94055
G0 F9000 X98.145 Y93.4
G0 X95.846 Y93.493
G0 X95.819 Y93.274
G1 F3000 X95.459 Y93.371 E1066.95295
G0 F9000 X95.544 Y93.577
G0 X103.064 Y93.4
G0 X103.064 Y93.18
G1 F3000 X121.704 Y111.82 E1067.82972
G0 F9000 X121.704 Y111.6
G0 X119.334 Y111.6
G0 X119.334 Y111.82
G1 F3000 X141.82 Y105.795 E1068.60399
G0 F9000 X141.82 Y106.48
G1 F3000 X128.519 Y93.18 E1069.22961
G0 F9000 X129.204 Y93.179
G1 F3000 X124.209 Y111.821 E1069.87151
G0 F9000 X124.209 Y111.6
G0 X117.997 Y111.6
G0 X117.997 Y111.821
G1 F3000 X122.992 Y93.18 E1070.51339
G0 F9000 X122.992 Y93.4
G0 X120.034 Y93.4
G0 X120.034 Y93.18
G1 F3000 X141.82 Y114.966 E1071.53814
G0 F9000 X141.82 Y115.642
G1 F3000 X134.806 Y141.821 E1072.43956
G1 X134.734 Y141.82
G1 X116.093 Y123.18 E1073.31635
G0 F9000 X116.093 Y123.4
G0 X114.954 Y123.4
G0 X114.954 Y123.179
G1 F3000 X109.959 Y141.821 E1073.95826
G0 F9000 X109.278 Y141.82
G1 F3000 X93.18 Y125.722 E1074.71546
G0 F9000 X93.181 Y125.04
G1 F3000 X100.122 Y123.18 E1074.95447
G0 F9000 X99.123 Y123.18
G1 F3000 X117.763 Y141.82 E1075.83123
G0 F9000 X117.763 Y141.6
G0 X116.171 Y141.6
G0 X116.171 Y141.821
G1 F3000 X121.165 Y123.18 E1076.4731
G0 F9000 X121.165 Y123.4
G0 X123.304 Y123.4
G0 X123.304 Y123.18
G1 F3000 X93.18 Y131.251 E1077.51037
G0 F9000 X93.4 Y131.251
G0 X93.4 Y134.207
G0 X93.18 Y134.207
G1 F3000 X100.792 Y141.82 E1077.86844
G0 F9000 X100.101 Y141.82
G1 F3000 X141.82 Y130.642 E1079.30496
G0 F9000 X141.6 Y130.642
G0 X141.6 Y131.936
G0 X141.82 Y131.936
G1 F3000 X133.064 Y123.18 E1079.71681
G0 F9000 X133.589 Y123.18
G1 F3000 X128.594 Y141.821 E1080.35869
G0 F9000 X128.594 Y141.6
G0 X126.248 Y141.6
G0 X126.248 Y141.82
G1 F3000 X107.608 Y123.18 E1081.23546
G0 F9000 X107.608 Y123.4
G0 X108.742 Y123.4
G0 X108.742 Y123.18
G1 F3000 X103.747 Y141.821 E1081.87733
G0 F9000 X103.747 Y141.6
G0 X97.536 Y141.6
G0 X97.536 Y141.82
G1 F3000 X102.531 Y123.179 E1082.51921
G0 F9000 X102.531 Y123.4
G0 X96.672 Y123.328
G0 X96.6 Y121.31
G0 X96.82 Y121.31
G1 F3000 X93.18 Y134.894 E1082.98695
G0 F9000 X93.4 Y134.894
G0 X93.4 Y137.463
G0 X93.181 Y137.463
G1 F3000 X141.819 Y124.43 E1084.66173
G0 F9000 X141.82 Y123.451
G1 F3000 X138.18 Y119.811 E1084.83294
G0 F9000 X138.18 Y119.194
G1 F3000 X141.82 Y118.219 E1084.95828
G0 F9000 X141.6 Y118.219
G0 X141.6 Y112.007
G0 X141.82 Y112.007
G1 F3000 X138.18 Y112.982 E1085.08361
G0 F9000 X138.4 Y112.982
G0 X138.328 Y111.672
G0 X136.632 Y111.6
G0 X136.632 Y111.82
G1 F3000 X141.23 Y94.663 E1085.67439
G0 F9000 X141.057 Y94.794
G0 X140.203 Y93.941
G0 X140.335 Y93.77
G1 F3000 X93.181 Y106.405 E1087.29807
G0 F9000 X93.4 Y106.405
G0 X93.4 Y108.752
G0 X93.18 Y108.752
G1 F3000 X96.838 Y112.409 E1087.47011
G0 F9000 X96.6 Y112.409
G0 X96.672 Y111.672
G0 X99.362 Y111.6
G0 X99.362 Y111.821
G1 F3000 X104.357 Y93.18 E1088.11198
G0 F9000 X104.357 Y93.4
G0 X96.672 Y111.672
G0 X96.6 Y117.853
G0 X96.82 Y117.853
G1 F3000 X93.181 Y118.828 E1088.23728
G0 F9000 X93.4 Y118.828
G0 X93.4 Y117.237
G0 X93.18 Y117.237
G1 F3000 X96.82 Y120.877 E1088.4085
G1 F2700 E1083.4085
G0 F9000 X96.6 Y120.877
G0 X96.672 Y123.328
G0 X124.579 Y123.4
G0 X124.579 Y123.18
G1 F2700 E1088.4085
G1 F3000 X141.424 Y140.026 E1089.20086
G0 F9000 X141.636 Y139.512
G1 F3000 X141.72 Y139.199 E1089.21164
G0 F9000 X141.505 Y139.171
G0 X141.6 Y136.854
G0 X141.82 Y136.854
G1 F3000 X123.285 Y141.82 E1089.84986
G0 F9000 X122.382 Y141.82
G1 F3000 X127.377 Y123.18 E1090.4917
G0 F9000 X127.377 Y123.7
G1 F2700 E1085.4917
;MESH:NONMESH
G0 F300 X127.377 Y123.7 Z1.6
G0 F9000 X138.328 Y123.328
G0 X138.328 Y111.672
G0 X94.312 Y94.312
G0 X94.1 Y94.1
;TIME_ELAPSED:1537.602757
;LAYER:7
;TYPE:WALL-INNER
;MESH:singola_fenditura.stl
G1 F2700 E1090.4917
G1 F1500 X93.556 Y94.808 E1090.5214
G1 X93.221 Y95.613 E1090.5504
G1 X93.1 Y96.543 E1090.58159
G1 X93.1 Y138.457 E1091.97566
G1 X93.221 Y139.383 E1092.00672
G1 X93.556 Y140.188 E1092.03572
G1 X94.101 Y140.896 E1092.06543
G1 X94.808 Y141.443 E1092.09517
G1 X95.613 Y141.775 E1092.12413
G1 X96.544 Y141.9 E1092.15537
G1 X138.456 Y141.9 E1093.54937
G1 X139.383 Y141.775 E1093.58048
G1 X140.188 Y141.443 E1093.60944
G1 X140.896 Y140.896 E1093.6392
G1 X141.443 Y140.188 E1093.66896
G1 X141.775 Y139.383 E1093.69792
G1 X141.9 Y138.456 E1093.72903
G1 X141.9 Y96.544 E1095.12303
G1 X141.775 Y95.613 E1095.15427
G1 X141.443 Y94.808 E1095.18323
G1 X140.896 Y94.101 E1095.21297
G1 X140.188 Y93.556 E1095.24268
G1 X139.383 Y93.221 E1095.27168
G1 X138.457 Y93.1 E1095.30274
G1 X96.543 Y93.1 E1096.69681
G1 X95.613 Y93.221 E1096.728
G1 X94.808 Y93.556 E1096.757
G1 X94.1 Y94.1 E1096.7867
G0 F9000 X94.312 Y94.312
G0 X97.14 Y111.6
G0 X97.14 Y112.02
G1 F1500 X97.421 Y111.9 E1096.79686
G1 X137.579 Y111.9 E1098.13252
G1 X137.86 Y112.02 E1098.14268
G1 X137.981 Y112.139 E1098.14833
G1 X138.068 Y112.305 E1098.15456
G1 X138.1 Y112.5 E1098.16114
G1 X138.1 Y122.574 E1098.4962
G1 X137.981 Y122.86 E1098.5065
G1 X137.86 Y122.98 E1098.51217
G1 X137.579 Y123.1 E1098.52233
G1 X97.421 Y123.1 E1099.85799
G1 X97.14 Y122.98 E1099.86815
G1 X97.019 Y122.86 E1099.87382
G1 X96.932 Y122.695 E1099.88003
G1 X96.9 Y122.5 E1099.8866
G1 X96.9 Y112.5 E1100.2192
G1 X96.932 Y112.305 E1100.22577
G1 X97.02 Y112.14 E1100.23199
G1 X97.14 Y112.02 E1100.23764
G0 F9000 X97.38 Y112.34
;TYPE:WALL-OUTER
G1 F1500 X97.463 Y112.303 E1100.24066
G1 X137.537 Y112.303 E1101.57353
G1 X137.62 Y112.34 E1101.57655
G1 X137.7 Y112.449 E1101.58105
G1 X137.698 Y122.535 E1101.91651
G1 X137.661 Y122.62 E1101.91959
G1 X137.537 Y122.697 E1101.92445
G1 X97.463 Y122.697 E1103.25731
G1 X97.38 Y122.66 E1103.26033
G1 X97.3 Y122.551 E1103.26483
G1 X97.3 Y112.449 E1103.60083
G1 X97.38 Y112.34 E1103.60532
G1 F2700 E1098.60532
G0 F9000 X97.38 Y111.6
G0 X94.312 Y94.312
G0 X93.815 Y93.815
G1 F2700 E1103.60532
G1 F1500 X93.207 Y94.606 E1103.63851
G1 X92.831 Y95.509 E1103.67104
G1 X92.7 Y96.517 E1103.70485
G1 X92.7 Y138.483 E1105.10064
G1 X92.831 Y139.487 E1105.13432
G1 X93.207 Y140.39 E1105.16685
G1 X93.815 Y141.181 E1105.20003
G1 X94.606 Y141.793 E1105.2333
G1 X95.509 Y142.165 E1105.26578
G1 X96.518 Y142.3 E1105.29964
G1 X138.482 Y142.3 E1106.69537
G1 X139.487 Y142.165 E1106.72909
G1 X140.39 Y141.793 E1106.76158
G1 X141.181 Y141.181 E1106.79484
G1 X141.793 Y140.39 E1106.8281
G1 X142.165 Y139.487 E1106.86059
G1 X142.3 Y138.482 E1106.89431
G1 X142.3 Y96.518 E1108.29004
G1 X142.165 Y95.509 E1108.3239
G1 X141.793 Y94.606 E1108.35638
G1 X141.181 Y93.815 E1108.38965
G1 X140.39 Y93.207 E1108.42283
G1 X139.487 Y92.831 E1108.45536
G1 X138.483 Y92.7 E1108.48904
G1 X96.517 Y92.7 E1109.88483
G1 X95.509 Y92.831 E1109.91864
G1 X94.606 Y93.207 E1109.95118
G1 X93.815 Y93.815 E1109.98436
G0 F9000 X94.737 Y93.711
;TYPE:FILL
G1 F3000 X96.721 Y93.18 E1110.05267
G0 F9000 X96.721 Y93.4
G0 X97.998 Y93.4
G0 X97.998 Y93.18
G1 F3000 X93.18 Y111.163 E1110.67188
G0 F9000 X93.4 Y111.163
G0 X93.4 Y112.763
G0 X93.18 Y112.763
G1 F3000 X141.82 Y99.731 E1112.34671
G0 F9000 X141.6 Y99.731
G0 X141.6 Y97.794
G0 X141.82 Y97.794
G1 F3000 X137.206 Y93.18 E1112.56374
G0 F9000 X137.206 Y93.4
G0 X135.268 Y93.4
G0 X135.268 Y93.18
G1 F3000 X130.274 Y111.821 E1113.20561
G1 X130.39 Y111.82
G1 X111.75 Y93.18 E1114.08238
G0 F9000 X111.75 Y93.4
G0 X110.422 Y93.4
G0 X110.422 Y93.179
G1 F3000 X105.427 Y111.821 E1114.72428
G0 F9000 X104.934 Y111.82
G1 F3000 X93.18 Y100.066 E1115.27716
G0 F9000 X93.181 Y100.34
G1 F3000 X119.903 Y93.18 E1116.19728
G0 F9000 X120.235 Y93.18
G1 F3000 X141.82 Y114.765 E1117.21258
G0 F9000 X141.82 Y115.093
G1 F3000 X134.659 Y141.821 E1118.13291
G0 F9000 X134.934 Y141.82
G1 F3000 X116.294 Y123.18 E1119.00968
G0 F9000 X116.294 Y123.4
G0 X114.807 Y123.4
G0 X114.807 Y123.179
G1 F3000 X109.812 Y141.821 E1119.65158
G0 F9000 X109.479 Y141.82
G1 F3000 X93.18 Y125.521 E1120.41824
G0 F9000 X93.181 Y125.187
G1 F3000 X100.671 Y123.18 E1120.67614
G0 F9000 X100.671 Y123.4
G0 X99.324 Y123.4
G0 X99.324 Y123.18
G1 F3000 X117.964 Y141.82 E1121.55291
G0 F9000 X117.964 Y141.6
G0 X116.024 Y141.6
G0 X116.024 Y141.821
G1 F3000 X121.018 Y123.18 E1122.19478
G0 F9000 X121.018 Y123.4
G0 X123.852 Y123.4
G0 X123.852 Y123.18
G1 F3000 X93.18 Y131.398 E1123.25092
G0 F9000 X93.4 Y131.398
G0 X93.4 Y134.007
G0 X93.18 Y134.007
G1 F3000 X100.993 Y141.82 E1123.61842
G0 F9000 X100.649 Y141.82
G1 F3000 X141.819 Y130.789 E1125.03604
G0 F9000 X141.82 Y131.735
G1 F3000 X133.265 Y123.18 E1125.43844
G1 X133.442 Y123.179
G1 X128.447 Y141.821 E1126.08034
G0 F9000 X128.447 Y141.6
G0 X126.449 Y141.6
G0 X126.449 Y141.82
G1 F3000 X107.809 Y123.18 E1126.95711
G0 F9000 X108.595 Y123.18
G1 F3000 X103.6 Y141.821 E1127.59899
G0 F9000 X103.6 Y141.6
G0 X97.389 Y141.6
G0 X97.389 Y141.82
G1 F3000 X102.384 Y123.179 E1128.24086
G0 F9000 X102.384 Y123.4
G0 X96.672 Y123.328
G0 X96.6 Y120.762
G0 X96.82 Y120.762
G1 F3000 X93.18 Y134.345 E1128.70858
G0 F9000 X93.4 Y134.345
G0 X93.4 Y137.61
G0 X93.181 Y137.61
G1 F3000 X141.819 Y124.577 E1130.38335
G0 F9000 X141.6 Y124.577
G0 X141.6 Y123.25
G0 X141.82 Y123.25
G1 F3000 X138.18 Y119.61 E1130.55457
G0 F9000 X138.18 Y119.341
G1 F3000 X141.82 Y118.366 E1130.6799
G0 F9000 X141.6 Y118.366
G0 X141.6 Y112.154
G0 X141.82 Y112.154
G1 F3000 X138.18 Y113.129 E1130.80524
G0 F9000 X138.4 Y113.129
G0 X138.328 Y111.672
G0 X136.485 Y111.6
G0 X136.485 Y111.82
G1 F3000 X141.121 Y94.521 E1131.40091
G0 F9000 X140.477 Y93.879
G1 F3000 X93.181 Y106.552 E1133.02947
G0 F9000 X93.4 Y106.552
G0 X93.4 Y108.551
G0 X93.18 Y108.551
G1 F3000 X96.876 Y112.248 E1133.20334
G0 F9000 X96.6 Y112.248
G0 X96.672 Y111.672
G0 X99.215 Y111.6
G0 X99.215 Y111.821
G1 F3000 X104.21 Y93.18 E1133.84522
G0 F9000 X103.264 Y93.18
G1 F3000 X121.905 Y111.82 E1134.72201
G0 F9000 X121.905 Y111.6
G0 X119.883 Y111.6
G0 X119.883 Y111.82
G1 F3000 X141.819 Y105.942 E1135.47734
G0 F9000 X141.82 Y106.28
G1 F3000 X128.72 Y93.18 E1136.09353
G0 F9000 X129.057 Y93.179
G1 F3000 X124.062 Y111.821 E1136.73543
G0 F9000 X124.062 Y111.6
G0 X117.85 Y111.6
G0 X117.85 Y111.821
G1 F3000 X122.845 Y93.18 E1137.37731
G0 F9000 X122.845 Y93.4
G0 X116.633 Y93.4
G0 X116.633 Y93.18
G1 F3000 X111.639 Y111.82 E1138.01914
G0 F9000 X111.639 Y111.6
G0 X113.419 Y111.6
G0 X113.419 Y111.82
G1 F3000 X95.115 Y93.516 E1138.88011
G0 F9000 X95.199 Y93.72
G0 X93.4 Y117.036
G0 X93.18 Y117.036
G1 F3000 X96.82 Y120.676 E1139.05132
G0 F9000 X96.6 Y120.676
G0 X96.6 Y118
G0 X96.82 Y118
G1 F3000 X93.181 Y118.975 E1139.17662
G1 F2700 E1134.17662
G0 F9000 X93.4 Y118.975
G0 X96.672 Y123.328
G0 X124.78 Y123.4
G0 X124.78 Y123.18
G1 F2700 E1139.17662
G1 F3000 X141.483 Y139.883 E1139.96228
G0 F9000 X141.289 Y140.257
G1 F3000 X141.82 Y138.277 E1140.03046
G0 F9000 X141.6 Y138.277
G0 X141.6 Y137.001
G0 X141.82 Y137.001
G1 F3000 X123.833 Y141.82 E1140.64981
G0 F9000 X123.833 Y141.6
G0 X122.235 Y141.6
G0 X122.235 Y141.82
G1 F3000 X127.23 Y123.18 E1141.29166
G0 F9000 X127.23 Y123.7
G1 F2700 E1136.29166
;MESH:NONMESH
G0 F300 X127.23 Y123.7 Z1.8
G0 F9000 X138.328 Y123.328
G0 X138.328 Y111.672
G0 X94.312 Y94.312
G0 X94.1 Y94.1
;TIME_ELAPSED:1593.245700
;LAYER:8
;TYPE:WALL-INNER
;MESH:singola_fenditura.stl
G1 F2700 E1141.29166
G1 F1500 X93.556 Y94.808 E1141.32135
G1 X93.221 Y95.613 E1141.35035
G1 X93.1 Y96.543 E1141.38155
G1 X93.1 Y138.457 E1142.77561
G1 X93.221 Y139.383 E1142.80667
G1 X93.556 Y140.188 E1142.83567
G1 X94.101 Y140.896 E1142.86539
G1 X94.808 Y141.443 E1142.89512
G1 X95.613 Y141.775 E1142.92408
G1 X96.544 Y141.9 E1142.95533
G1 X138.456 Y141.9 E1144.34932
G1 X139.383 Y141.775 E1144.38044
G1 X140.188 Y141.443 E1144.4094
G1 X140.896 Y140.896 E1144.43915
G1 X141.443 Y140.188 E1144.46891
G1 X141.775 Y139.383 E1144.49787
G1 X141.9 Y138.456 E1144.52899
G1 X141.9 Y96.544 E1145.92298
G1 X141.775 Y95.613 E1145.95423
G1 X141.443 Y94.808 E1145.98319
G1 X140.896 Y94.101 E1146.01292
G1 X140.188 Y93.556 E1146.04264
G1 X139.383 Y93.221 E1146.07164
G1 X138.457 Y93.1 E1146.1027
G1 X96.543 Y93.1 E1147.49676
G1 X95.613 Y93.221 E1147.52796
G1 X94.808 Y93.556 E1147.55696
G1 X94.1 Y94.1 E1147.58665
G0 F9000 X94.312 Y94.312
G0 X97.14 Y111.6
G0 X97.14 Y112.02
G1 F1500 X97.421 Y111.9 E1147.59682
G1 X137.579 Y111.9 E1148.93248
G1 X137.86 Y112.02 E1148.94264
G1 X137.981 Y112.139 E1148.94828
G1 X138.068 Y112.305 E1148.95452
G1 X138.1 Y112.5 E1148.96109
G1 X138.1 Y122.574 E1149.29615
G1 X137.981 Y122.86 E1149.30646
G1 X137.86 Y122.98 E1149.31212
G1 X137.579 Y123.1 E1149.32229
G1 X97.421 Y123.1 E1150.65795
G1 X97.14 Y122.98 E1150.66811
G1 X97.019 Y122.86 E1150.67378
G1 X96.932 Y122.695 E1150.67998
G1 X96.9 Y122.5 E1150.68655
G1 X96.9 Y112.5 E1151.01916
G1 X96.932 Y112.305 E1151.02573
G1 X97.02 Y112.14 E1151.03195
G1 X97.14 Y112.02 E1151.03759
G0 F9000 X97.38 Y112.34
;TYPE:WALL-OUTER
G1 F1500 X97.463 Y112.303 E1151.04061
G1 X137.537 Y112.303 E1152.37348
G1 X137.62 Y112.34 E1152.3765
G1 X137.7 Y112.449 E1152.381
G1 X137.698 Y122.535 E1152.71646
G1 X137.661 Y122.62 E1152.71955
G1 X137.537 Y122.697 E1152.7244
G1 X97.463 Y122.697 E1154.05727
G1 X97.38 Y122.66 E1154.06029
G1 X97.3 Y122.551 E1154.06479
G1 X97.3 Y112.449 E1154.40078
G1 X97.38 Y112.34 E1154.40528
G1 F2700 E1149.40528
G0 F9000 X97.38 Y111.6
G0 X94.312 Y94.312
G0 X93.815 Y93.815
G1 F2700 E1154.40528
G1 F1500 X93.207 Y94.606 E1154.43846
G1 X92.831 Y95.509 E1154.47099
G1 X92.7 Y96.517 E1154.5048
G1 X92.7 Y138.483 E1155.9006
G1 X92.831 Y139.487 E1155.93427
G1 X93.207 Y140.39 E1155.96681
G1 X93.815 Y141.181 E1155.99999
G1 X94.606 Y141.793 E1156.03325
G1 X95.509 Y142.165 E1156.06574
G1 X96.518 Y142.3 E1156.09959
G1 X138.482 Y142.3 E1157.49532
G1 X139.487 Y142.165 E1157.52905
G1 X140.39 Y141.793 E1157.56153
G1 X141.181 Y141.181 E1157.5948
G1 X141.793 Y140.39 E1157.62806
G1 X142.165 Y139.487 E1157.66054
G1 X142.3 Y138.482 E1157.69427
G1 X142.3 Y96.518 E1159.09
G1 X142.165 Y95.509 E1159.12386
G1 X141.793 Y94.606 E1159.15634
G1 X141.181 Y93.815 E1159.1896
G1 X140.39 Y93.207 E1159.22278
G1 X139.487 Y92.831 E1159.25532
G1 X138.483 Y92.7 E1159.28899
G1 X96.517 Y92.7 E1160.68479
G1 X95.509 Y92.831 E1160.7186
G1 X94.606 Y93.207 E1160.75113
G1 X93.815 Y93.815 E1160.78431
G0 F9000 X94.445 Y93.935
;TYPE:FILL
G1 F3000 X97.266 Y93.18 E1160.88144
G0 F9000 X97.852 Y93.18
G1 F3000 X93.18 Y110.618 E1161.48189
G0 F9000 X93.4 Y110.618
G0 X93.4 Y108.351
G0 X93.18 Y108.351
G1 F3000 X96.945 Y112.117 E1161.65901
G0 F9000 X96.6 Y112.117
G0 X96.672 Y111.672
G0 X99.069 Y111.6
G0 X99.069 Y111.821
G1 F3000 X104.064 Y93.18 E1162.30088
G0 F9000 X103.464 Y93.18
G1 F3000 X122.104 Y111.82 E1163.17765
G0 F9000 X122.104 Y111.6
G0 X120.428 Y111.6
G0 X120.428 Y111.82
G1 F3000 X141.82 Y106.088 E1163.91425
G1 X141.82 Y106.08
G1 X128.92 Y93.18 E1164.52103
G1 X128.911 Y93.18
G1 X123.916 Y111.821 E1165.1629
G0 F9000 X123.916 Y111.6
G0 X130.128 Y111.6
G0 X130.128 Y111.821
G1 F3000 X135.123 Y93.179 E1165.80481
G0 F9000 X135.123 Y93.4
G0 X137.405 Y93.4
G0 X137.405 Y93.18
G1 F3000 X141.82 Y97.595 E1166.01248
G0 F9000 X141.6 Y97.595
G0 X141.6 Y99.877
G0 X141.819 Y99.877
G1 F3000 X93.181 Y112.909 E1167.68724
G0 F9000 X93.4 Y112.909
G0 X93.4 Y116.837
G0 X93.18 Y116.837
G1 F3000 X96.82 Y120.477 E1167.85846
G0 F9000 X96.82 Y120.217
G1 F3000 X93.18 Y133.801 E1168.3262
G1 X93.18 Y133.807
G1 X101.193 Y141.82 E1168.70311
G1 X101.194 Y141.82
G1 X141.82 Y130.935 E1170.102
G0 F9000 X141.82 Y131.536
G1 F3000 X133.464 Y123.18 E1170.49504
G1 X133.296 Y123.18
G1 X128.301 Y141.82 E1171.13688
G0 F9000 X128.301 Y141.6
G0 X126.648 Y141.6
G0 X126.648 Y141.82
G1 F3000 X108.008 Y123.18 E1172.01365
G0 F9000 X108.449 Y123.18
G1 F3000 X103.454 Y141.82 E1172.65549
G0 F9000 X103.454 Y141.6
G0 X97.243 Y141.6
G0 X97.243 Y141.821
G1 F3000 X102.238 Y123.179 E1173.2974
G0 F9000 X102.238 Y123.4
G0 X101.216 Y123.4
G0 X101.216 Y123.18
G1 F3000 X93.181 Y125.333 E1173.57407
G1 X93.18 Y125.322
G1 X109.678 Y141.82 E1174.35009
G1 X109.666 Y141.821
G1 X114.661 Y123.18 E1174.99196
G0 F9000 X114.661 Y123.4
G0 X116.494 Y123.4
G0 X116.494 Y123.18
G1 F3000 X135.134 Y141.82 E1175.86873
G0 F9000 X134.512 Y141.821
G1 F3000 X141.82 Y114.549 E1176.8078
G1 X141.82 Y114.565
G1 X120.434 Y93.18 E1177.81371
G1 X120.449 Y93.18
G1 X93.181 Y100.486 E1178.75264
G0 F9000 X93.18 Y99.866
G1 F3000 X105.133 Y111.82 E1179.31489
G1 X105.281 Y111.821
G1 X110.276 Y93.18 E1179.95677
G0 F9000 X110.276 Y93.4
G0 X111.949 Y93.4
G0 X111.949 Y93.18
G1 F3000 X130.589 Y111.82 E1180.83354
G0 F9000 X130.589 Y111.6
G0 X136.339 Y111.6
G0 X136.339 Y111.82
G1 F3000 X141.012 Y94.381 E1181.43402
G0 F9000 X140.618 Y93.987
G1 F3000 X93.18 Y106.698 E1183.06748
G0 F9000 X93.4 Y106.698
G0 X96.6 Y118.146
G0 X96.819 Y118.146
G1 F3000 X93.181 Y119.121 E1183.19275
G0 F9000 X93.4 Y119.121
G0 X96.672 Y123.328
G0 X99.523 Y123.4
G0 X99.523 Y123.18
G1 F3000 X118.163 Y141.82 E1184.06952
G0 F9000 X118.163 Y141.6
G0 X115.878 Y141.6
G0 X115.878 Y141.821
G1 F3000 X120.872 Y123.179 E1184.71141
G0 F9000 X120.872 Y123.4
G0 X124.397 Y123.4
G0 X124.397 Y123.18
G1 F3000 X93.18 Y131.544 E1185.78632
G0 F9000 X93.4 Y131.544
G0 X93.4 Y137.756
G0 X93.181 Y137.756
G1 F3000 X141.819 Y124.723 E1187.46109
G0 F9000 X141.6 Y124.723
G0 X141.6 Y123.051
G0 X141.82 Y123.051
G1 F3000 X138.18 Y119.411 E1187.63231
G1 X138.181 Y119.487
G1 X141.819 Y118.512 E1187.75758
G0 F9000 X141.6 Y118.512
G0 X141.6 Y112.3
G0 X141.82 Y112.3
G1 F3000 X138.18 Y113.275 E1187.88291
G0 F9000 X138.4 Y113.275
G0 X138.328 Y123.328
G0 X127.084 Y123.4
G0 X127.084 Y123.18
G1 F3000 X122.089 Y141.82 E1188.52476
G0 F9000 X122.089 Y141.6
G0 X124.378 Y141.6
G0 X124.378 Y141.82
G1 F3000 X141.82 Y137.147 E1189.12534
G0 F9000 X141.82 Y137.733
G1 F3000 X141.066 Y140.546 E1189.2222
G0 F9000 X141.541 Y139.742
G1 F3000 X124.979 Y123.18 E1190.00123
G1 F2700 E1185.00123
G0 F9000 X124.979 Y123.4
G0 X138.328 Y123.328
G0 X138.328 Y111.672
G0 X117.704 Y111.6
G0 X117.704 Y111.82
G1 F2700 E1190.00123
G1 F3000 X122.699 Y93.18 E1190.64307
G0 F9000 X122.699 Y93.4
G0 X116.487 Y93.4
G0 X116.487 Y93.18
G1 F3000 X111.493 Y111.821 E1191.28494
G0 F9000 X111.493 Y111.6
G0 X113.619 Y111.6
G0 X113.619 Y111.82
G1 F3000 X95.255 Y93.456 E1192.14872
G0 F9000 X95.453 Y93.939
;MESH:NONMESH
G0 F300 X95.453 Y93.939 Z2
G0 F9000 X94.312 Y94.312
G0 X94.1 Y94.1
;TIME_ELAPSED:1647.904258
;LAYER:9
;TYPE:WALL-INNER
;MESH:singola_fenditura.stl
G1 F1500 X93.556 Y94.808 E1192.17842
G1 X93.221 Y95.613 E1192.20742
G1 X93.1 Y96.543 E1192.23861
G1 X93.1 Y138.457 E1193.63268
G1 X93.221 Y139.383 E1193.66374
G1 X93.556 Y140.188 E1193.69274
G1 X94.101 Y140.896 E1193.72246
G1 X94.808 Y141.443 E1193.75219
G1 X95.613 Y141.775 E1193.78115
G1 X96.544 Y141.9 E1193.81239
G1 X138.456 Y141.9 E1195.20639
G1 X139.383 Y141.775 E1195.2375
G1 X140.188 Y141.443 E1195.26647
G1 X140.896 Y140.896 E1195.29622
G1 X141.443 Y140.188 E1195.32598
G1 X141.775 Y139.383 E1195.35494
G1 X141.9 Y138.456 E1195.38605
G1 X141.9 Y96.544 E1196.78005
G1 X141.775 Y95.613 E1196.8113
G1 X141.443 Y94.808 E1196.84026
G1 X140.896 Y94.101 E1196.86999
G1 X140.188 Y93.556 E1196.89971
G1 X139.383 Y93.221 E1196.92871
G1 X138.457 Y93.1 E1196.95977
G1 X96.543 Y93.1 E1198.35383
G1 X95.613 Y93.221 E1198.38503
G1 X94.808 Y93.556 E1198.41403
G1 X94.1 Y94.1 E1198.44372
G0 F9000 X94.312 Y94.312
G0 X97.14 Y111.6
G0 X97.14 Y112.02
G1 F1500 X97.421 Y111.9 E1198.45388
G1 X137.579 Y111.9 E1199.78955
G1 X137.86 Y112.02 E1199.79971
G1 X137.981 Y112.139 E1199.80535
G1 X138.068 Y112.305 E1199.81159
G1 X138.1 Y112.5 E1199.81816
G1 X138.1 Y122.574 E1200.15322
G1 X137.981 Y122.86 E1200.16352
G1 X137.86 Y122.98 E1200.16919
G1 X137.579 Y123.1 E1200.17935
G1 X97.421 Y123.1 E1201.51502
G1 X97.14 Y122.98 E1201.52518
G1 X97.019 Y122.86 E1201.53085
G1 X96.932 Y122.695 E1201.53705
G1 X96.9 Y122.5 E1201.54362
G1 X96.9 Y112.5 E1201.87622
G1 X96.932 Y112.305 E1201.8828
G1 X97.02 Y112.14 E1201.88902
G1 X97.14 Y112.02 E1201.89466
G0 F9000 X97.38 Y112.34
;TYPE:WALL-OUTER
G1 F1500 X97.463 Y112.303 E1201.89768
G1 X137.537 Y112.303 E1203.23055
G1 X137.62 Y112.34 E1203.23357
G1 X137.7 Y112.449 E1203.23807
G1 X137.698 Y122.535 E1203.57353
G1 X137.661 Y122.62 E1203.57661
G1 X137.537 Y122.697 E1203.58147
G1 X97.463 Y122.697 E1204.91434
G1 X97.38 Y122.66 E1204.91736
G1 X97.3 Y122.551 E1204.92185
G1 X97.3 Y112.449 E1205.25785
G1 X97.38 Y112.34 E1205.26235
G1 F2700 E1200.26235
G0 F9000 X97.38 Y111.6
G0 X94.312 Y94.312
G0 X93.815 Y93.815
G1 F2700 E1205.26235
G1 F1500 X93.207 Y94.606 E1205.29553
G1 X92.831 Y95.509 E1205.32806
G1 X92.7 Y96.517 E1205.36187
G1 X92.7 Y138.483 E1206.75766
G1 X92.831 Y139.487 E1206.79134
G1 X93.207 Y140.39 E1206.82387
G1 X93.815 Y141.181 E1206.85706
G1 X94.606 Y141.793 E1206.89032
G1 X95.509 Y142.165 E1206.9228
G1 X96.518 Y142.3 E1206.95666
G1 X138.482 Y142.3 E1208.35239
G1 X139.487 Y142.165 E1208.38612
G1 X140.39 Y141.793 E1208.4186
G1 X141.181 Y141.181 E1208.45186
G1 X141.793 Y140.39 E1208.48513
G1 X142.165 Y139.487 E1208.51761
G1 X142.3 Y138.482 E1208.55134
G1 X142.3 Y96.518 E1209.94707
G1 X142.165 Y95.509 E1209.98092
G1 X141.793 Y94.606 E1210.01341
G1 X141.181 Y93.815 E1210.04667
G1 X140.39 Y93.207 E1210.07985
G1 X139.487 Y92.831 E1210.11239
G1 X138.483 Y92.7 E1210.14606
G1 X96.517 Y92.7 E1211.54186
G1 X95.509 Y92.831 E1211.57567
G1 X94.606 Y93.207 E1211.6082
G1 X93.815 Y93.815 E1211.64138
G0 F9000 X94.155 Y94.16
;TYPE:FILL
G1 F3000 X97.815 Y93.18 E1211.7674
G1 X97.705 Y93.18
G1 X93.18 Y110.069 E1212.34894
G0 F9000 X93.4 Y110.069
G0 X93.4 Y108.151
G0 X93.18 Y108.151
G1 F3000 X97.04 Y112.011 E1212.53051
G1 X97.025 Y112.026
G1 X93.181 Y113.056 E1212.66287
G0 F9000 X93.4 Y113.056
G0 X93.4 Y116.636
G0 X93.18 Y116.636
G1 F3000 X96.82 Y120.276 E1212.83408
G0 F9000 X96.82 Y119.668
G1 F3000 X93.18 Y133.252 E1213.30183
G0 F9000 X93.18 Y133.606
G1 F3000 X101.393 Y141.82 E1213.68817
G0 F9000 X101.743 Y141.82
G1 F3000 X141.82 Y131.082 E1215.06815
G0 F9000 X141.82 Y131.335
G1 F3000 X133.665 Y123.18 E1215.45174
G0 F9000 X133.149 Y123.18
G1 F3000 X128.154 Y141.82 E1216.09358
G0 F9000 X128.154 Y141.6
G0 X126.849 Y141.6
G0 X126.849 Y141.82
G1 F3000 X108.209 Y123.18 E1216.97035
G1 X108.302 Y123.18
G1 X103.307 Y141.82 E1217.61219
G0 F9000 X103.307 Y141.6
G0 X97.096 Y141.6
G0 X97.096 Y141.821
G1 F3000 X102.091 Y123.179 E1218.2541
G0 F9000 X101.764 Y123.18
G1 F3000 X93.181 Y125.48 E1218.54964
G0 F9000 X93.18 Y125.121
G1 F3000 X109.879 Y141.82 E1219.33511
G0 F9000 X109.519 Y141.821
G1 F3000 X114.514 Y123.18 E1219.97699
G0 F9000 X114.514 Y123.4
G0 X116.695 Y123.4
G0 X116.695 Y123.18
G1 F3000 X135.335 Y141.82 E1220.85375
G0 F9000 X134.365 Y141.821
G1 F3000 X141.82 Y114 E1221.81173
G0 F9000 X141.82 Y114.365
G1 F3000 X120.635 Y93.18 E1222.80821
G0 F9000 X120.998 Y93.18
G1 F3000 X93.181 Y100.633 E1223.76604
G0 F9000 X93.18 Y99.665
G1 F3000 X105.334 Y111.82 E1224.33775
G0 F9000 X105.134 Y111.821
G1 F3000 X110.129 Y93.179 E1224.97965
G0 F9000 X110.129 Y93.4
G0 X112.15 Y93.4
G0 X112.15 Y93.18
G1 F3000 X130.79 Y111.82 E1225.85642
G0 F9000 X129.981 Y111.821
G1 F3000 X134.976 Y93.179 E1226.49833
G0 F9000 X134.976 Y93.4
G0 X137.606 Y93.4
G0 X137.606 Y93.18
G1 F3000 X141.82 Y97.394 E1226.69654
G0 F9000 X141.6 Y97.394
G0 X141.6 Y100.024
G0 X141.819 Y100.024
G1 F3000 X97.794 Y111.82 E1228.21247
G0 F9000 X97.794 Y111.6
G0 X98.922 Y111.6
G0 X98.922 Y111.821
G1 F3000 X103.917 Y93.18 E1228.85435
G0 F9000 X103.665 Y93.18
G1 F3000 X122.305 Y111.82 E1229.73111
G0 F9000 X122.305 Y111.6
G0 X120.976 Y111.6
G0 X120.976 Y111.82
G1 F3000 X141.82 Y106.235 E1230.44884
G0 F9000 X141.82 Y105.879
G1 F3000 X129.121 Y93.18 E1231.04617
G0 F9000 X128.764 Y93.18
G1 F3000 X123.769 Y111.821 E1231.68804
G0 F9000 X123.769 Y111.6
G0 X117.557 Y111.6
G0 X117.557 Y111.82
G1 F3000 X122.552 Y93.18 E1232.32988
G0 F9000 X122.552 Y93.4
G0 X116.34 Y93.4
G0 X116.34 Y93.18
G1 F3000 X111.346 Y111.821 E1232.97175
G0 F9000 X111.346 Y111.6
G0 X113.819 Y111.6
G0 X113.819 Y111.82
G1 F3000 X95.397 Y93.397 E1233.83829
G0 F9000 X95.481 Y93.603
G0 X93.4 Y106.845
G0 X93.181 Y106.845
G1 F3000 X140.76 Y94.096 E1235.4766
G0 F9000 X140.903 Y94.24
G1 F3000 X136.192 Y111.82 E1236.08194
G0 F9000 X136.192 Y111.6
G0 X138.328 Y111.672
G0 X138.4 Y113.422
G0 X138.18 Y113.422
G1 F3000 X141.82 Y112.447 E1236.20728
G0 F9000 X141.6 Y112.447
G0 X141.6 Y118.659
G0 X141.819 Y118.659
G1 F3000 X138.18 Y119.634 E1236.33258
G0 F9000 X138.18 Y119.21
G1 F3000 X141.82 Y122.85 E1236.50379
G0 F9000 X141.6 Y122.85
G0 X141.6 Y124.87
G0 X141.819 Y124.87
G1 F3000 X93.181 Y137.903 E1238.17857
G0 F9000 X93.4 Y137.903
G0 X93.4 Y131.691
G0 X93.18 Y131.691
G1 F3000 X124.946 Y123.18 E1239.27238
G0 F9000 X125.18 Y123.18
G1 F3000 X141.6 Y139.601 E1240.04475
G0 F9000 X141.398 Y139.517
G0 X140.688 Y140.688
G0 X140.841 Y140.837
G1 F3000 X141.82 Y137.184 E1240.17053
G1 X141.82 Y137.294
G1 X124.926 Y141.82 E1240.75225
G0 F9000 X124.926 Y141.6
G0 X121.942 Y141.6
G0 X121.942 Y141.82
G1 F3000 X126.937 Y123.18 E1241.39409
G0 F9000 X126.937 Y123.4
G0 X120.725 Y123.4
G0 X120.725 Y123.179
G1 F3000 X115.731 Y141.821 E1242.03599
G0 F9000 X115.731 Y141.6
G0 X118.364 Y141.6
G0 X118.364 Y141.82
G1 F3000 X99.724 Y123.18 E1242.91275
G0 F9000 X99.724 Y123.4
G0 X96.672 Y123.328
G0 X96.6 Y118.293
G0 X96.82 Y118.293
G1 F3000 X93.181 Y119.268 E1243.03806
G0 F9000 X93.7 Y119.268
;MESH:NONMESH
G0 F300 X93.7 Y119.268 Z2.2
G0 F9000 X94.312 Y94.312
G0 X94.1 Y94.1
;TIME_ELAPSED:1701.244491
;LAYER:10
;TYPE:WALL-INNER
;MESH:singola_fenditura.stl
G1 F1500 X93.556 Y94.808 E1243.06775
G1 X93.221 Y95.613 E1243.09675
G1 X93.1 Y96.543 E1243.12795
G1 X93.1 Y138.457 E1244.52201
G1 X93.221 Y139.383 E1244.55307
G1 X93.556 Y140.188 E1244.58207
G1 X94.101 Y140.896 E1244.61179
G1 X94.808 Y141.443 E1244.64152
G1 X95.613 Y141.775 E1244.67048
G1 X96.544 Y141.9 E1244.70173
G1 X138.456 Y141.9 E1246.09573
G1 X139.383 Y141.775 E1246.12684
G1 X140.188 Y141.443 E1246.1558
G1 X140.896 Y140.896 E1246.18556
G1 X141.443 Y140.188 E1246.21531
G1 X141.775 Y139.383 E1246.24428
G1 X141.9 Y138.456 E1246.27539
G1 X141.9 Y96.544 E1247.66939
G1 X141.775 Y95.613 E1247.70063
G1 X141.443 Y94.808 E1247.72959
G1 X140.896 Y94.101 E1247.75932
G1 X140.188 Y93.556 E1247.78904
G1 X139.383 Y93.221 E1247.81804
G1 X138.457 Y93.1 E1247.8491
G1 X96.543 Y93.1 E1249.24317
G1 X95.613 Y93.221 E1249.27436
G1 X94.808 Y93.556 E1249.30336
G1 X94.1 Y94.1 E1249.33306
G0 F9000 X94.312 Y94.312
G0 X97.14 Y111.6
G0 X97.14 Y112.02
G1 F1500 X97.421 Y111.9 E1249.34322
G1 X137.579 Y111.9 E1250.67888
G1 X137.86 Y112.02 E1250.68904
G1 X137.981 Y112.139 E1250.69469
G1 X138.068 Y112.305 E1250.70092
G1 X138.1 Y112.5 E1250.70749
G1 X138.1 Y122.574 E1251.04255
G1 X137.981 Y122.86 E1251.05286
G1 X137.86 Y122.98 E1251.05853
G1 X137.579 Y123.1 E1251.06869
G1 X97.421 Y123.1 E1252.40435
G1 X97.14 Y122.98 E1252.41451
G1 X97.019 Y122.86 E1252.42018
G1 X96.932 Y122.695 E1252.42638
G1 X96.9 Y122.5 E1252.43296
G1 X96.9 Y112.5 E1252.76556
G1 X96.932 Y112.305 E1252.77213
G1 X97.02 Y112.14 E1252.77835
G1 X97.14 Y112.02 E1252.78399
G0 F9000 X97.38 Y112.34
;TYPE:WALL-OUTER
G1 F1500 X97.463 Y112.303 E1252.78702
G1 X137.537 Y112.303 E1254.11988
G1 X137.62 Y112.34 E1254.1229
G1 X137.7 Y112.449 E1254.1274
G1 X137.698 Y122.535 E1254.46286
G1 X137.661 Y122.62 E1254.46595
G1 X137.537 Y122.697 E1254.4708
G1 X97.463 Y122.697 E1255.80367
G1 X97.38 Y122.66 E1255.80669
G1 X97.3 Y122.551 E1255.81119
G1 X97.3 Y112.449 E1256.14718
G1 X97.38 Y112.34 E1256.15168
G1 F2700 E1251.15168
G0 F9000 X97.38 Y111.6
G0 X94.312 Y94.312
G0 X93.815 Y93.815
G1 F2700 E1256.15168
G1 F1500 X93.207 Y94.606 E1256.18486
G1 X92.831 Y95.509 E1256.21739
G1 X92.7 Y96.517 E1256.2512
G1 X92.7 Y138.483 E1257.647
G1 X92.831 Y139.487 E1257.68067
G1 X93.207 Y140.39 E1257.71321
G1 X93.815 Y141.181 E1257.74639
G1 X94.606 Y141.793 E1257.77965
G1 X95.509 Y142.165 E1257.81214
G1 X96.518 Y142.3 E1257.846
G1 X138.482 Y142.3 E1259.24172
G1 X139.487 Y142.165 E1259.27545
G1 X140.39 Y141.793 E1259.30793
G1 X141.181 Y141.181 E1259.3412
G1 X141.793 Y140.39 E1259.37446
G1 X142.165 Y139.487 E1259.40694
G1 X142.3 Y138.482 E1259.44067
G1 X142.3 Y96.518 E1260.8364
G1 X142.165 Y95.509 E1260.87026
G1 X141.793 Y94.606 E1260.90274
G1 X141.181 Y93.815 E1260.936
G1 X140.39 Y93.207 E1260.96919
G1 X139.487 Y92.831 E1261.00172
G1 X138.483 Y92.7 E1261.0354
G1 X96.517 Y92.7 E1262.43119
G1 X95.509 Y92.831 E1262.465
G1 X94.606 Y93.207 E1262.49753
G1 X93.815 Y93.815 E1262.53071
G0 F9000 X94.014 Y94.344
;TYPE:FILL
G1 F3000 X98.359 Y93.18 E1262.68033
G0 F9000 X97.559 Y93.18
G1 F3000 X93.18 Y109.525 E1263.24313
G0 F9000 X93.4 Y109.525
G0 X93.4 Y107.951
G0 X93.18 Y107.951
G1 F3000 X97.159 Y111.931 E1263.43032
G0 F9000 X96.897 Y112.207
G1 F3000 X93.181 Y113.202 E1263.55827
G0 F9000 X93.4 Y113.202
G0 X93.4 Y116.436
G0 X93.18 Y116.436
G1 F3000 X96.82 Y120.077 E1263.7295
G0 F9000 X96.82 Y119.123
G1 F3000 X93.18 Y132.708 E1264.19728
G0 F9000 X93.18 Y133.407
G1 F3000 X101.593 Y141.82 E1264.593
G0 F9000 X102.288 Y141.82
G1 F3000 X141.82 Y131.228 E1265.95422
G1 X141.82 Y131.136
G1 X133.865 Y123.18 E1266.32842
G0 F9000 X133.003 Y123.18
G1 F3000 X128.008 Y141.82 E1266.97027
G0 F9000 X127.049 Y141.82
G1 F3000 X108.409 Y123.18 E1267.84703
G0 F9000 X108.156 Y123.179
G1 F3000 X103.161 Y141.821 E1268.48894
G0 F9000 X103.161 Y141.6
G0 X96.95 Y141.6
G0 X96.95 Y141.821
G1 F3000 X101.944 Y123.179 E1269.13084
G0 F9000 X102.309 Y123.18
G1 F3000 X93.18 Y125.626 E1269.44518
G0 F9000 X93.18 Y124.922
G1 F3000 X110.078 Y141.82 E1270.24001
G0 F9000 X109.373 Y141.82
G1 F3000 X114.368 Y123.18 E1270.88185
G0 F9000 X114.368 Y123.4
G0 X116.894 Y123.4
G0 X116.894 Y123.18
G1 F3000 X135.534 Y141.82 E1271.75862
G0 F9000 X135.534 Y141.6
G0 X134.22 Y141.6
G0 X134.22 Y141.82
G1 F3000 X141.82 Y113.456 E1272.73529
G0 F9000 X141.82 Y114.165
G1 F3000 X120.835 Y93.18 E1273.72236
G0 F9000 X121.542 Y93.18
G1 F3000 X93.181 Y100.779 E1274.69893
G0 F9000 X93.4 Y100.779
G0 X93.4 Y99.466
G0 X93.18 Y99.466
G1 F3000 X105.534 Y111.82 E1275.28002
G0 F9000 X104.988 Y111.821
G1 F3000 X109.983 Y93.18 E1275.92189
G0 F9000 X109.983 Y93.4
G0 X112.349 Y93.4
G0 X112.349 Y93.18
G1 F3000 X130.989 Y111.82 E1276.79866
G0 F9000 X130.989 Y111.6
G0 X129.835 Y111.6
G0 X129.835 Y111.821
G1 F3000 X134.83 Y93.179 E1277.44057
G0 F9000 X134.83 Y93.4
G0 X137.805 Y93.4
G0 X137.805 Y93.18
G1 F3000 X141.82 Y97.195 E1277.62942
G0 F9000 X141.6 Y97.195
G0 X141.6 Y100.169
G0 X141.82 Y100.169
G1 F3000 X98.339 Y111.82 E1279.12663
G0 F9000 X98.776 Y111.821
G1 F3000 X103.771 Y93.18 E1279.7685
G1 X103.864 Y93.18
G1 X122.504 Y111.82 E1280.64527
G0 F9000 X121.521 Y111.82
G1 F3000 X141.82 Y106.381 E1281.34423
G0 F9000 X141.82 Y105.68
G1 F3000 X129.32 Y93.18 E1281.93219
G0 F9000 X128.618 Y93.18
G1 F3000 X123.623 Y111.821 E1282.57407
G0 F9000 X123.623 Y111.6
G0 X117.411 Y111.6
G0 X117.411 Y111.821
G1 F3000 X122.406 Y93.18 E1283.21594
G0 F9000 X122.406 Y93.4
G0 X116.195 Y93.4
G0 X116.195 Y93.179
G1 F3000 X111.2 Y111.821 E1283.85785
G0 F9000 X111.2 Y111.6
G0 X114.019 Y111.6
G0 X114.019 Y111.82
G1 F3000 X95.538 Y93.339 E1284.72714
G0 F9000 X95.622 Y93.544
G0 X93.4 Y106.991
G0 X93.18 Y106.991
G1 F3000 X140.881 Y94.21 E1286.36965
G1 X140.789 Y94.119
G1 X136.046 Y111.821 E1286.97918
G0 F9000 X136.046 Y111.6
G0 X138.328 Y111.672
G0 X138.4 Y113.568
G0 X138.18 Y113.568
G1 F3000 X141.82 Y112.593 E1287.10452
G0 F9000 X141.6 Y112.593
G0 X141.6 Y118.805
G0 X141.819 Y118.805
G1 F3000 X138.181 Y119.78 E1287.22979
G0 F9000 X138.18 Y119.01
G1 F3000 X141.82 Y122.65 E1287.401
G0 F9000 X141.6 Y122.65
G0 X141.6 Y125.016
G0 X141.82 Y125.016
G1 F3000 X93.181 Y138.049 E1289.07581
G0 F9000 X93.4 Y138.049
G0 X93.4 Y131.837
G0 X93.181 Y131.837
G1 F3000 X125.49 Y123.18 E1290.18832
G1 X125.379 Y123.18
G1 X141.658 Y139.459 E1290.95404
G0 F9000 X141.457 Y139.375
G0 X140.527 Y140.81
G0 X140.656 Y140.98
G1 F3000 X141.82 Y136.638 E1291.10355
G0 F9000 X141.819 Y137.44
G1 F3000 X125.471 Y141.82 E1291.66646
G0 F9000 X125.471 Y141.6
G0 X121.796 Y141.6
G0 X121.796 Y141.821
G1 F3000 X126.791 Y123.18 E1292.30834
G0 F9000 X126.791 Y123.4
G0 X120.579 Y123.4
G0 X120.579 Y123.179
G1 F3000 X115.584 Y141.821 E1292.95025
G0 F9000 X115.584 Y141.6
G0 X118.563 Y141.6
G0 X118.563 Y141.82
G1 F3000 X99.923 Y123.18 E1293.82701
G0 F9000 X99.923 Y123.4
G0 X96.672 Y123.328
G0 X96.6 Y118.439
G0 X96.819 Y118.439
G1 F3000 X93.181 Y119.414 E1293.95228
G0 F9000 X93.7 Y119.414
;MESH:NONMESH
G0 F300 X93.7 Y119.414 Z2.4
G0 F9000 X94.312 Y94.312
G0 X94.1 Y94.1
;TIME_ELAPSED:1754.987458
;LAYER:11
;TYPE:WALL-INNER
;MESH:singola_fenditura.stl
G1 F1500 X93.556 Y94.808 E1293.98198
G1 X93.221 Y95.613 E1294.01098
G1 X93.1 Y96.543 E1294.04217
G1 X93.1 Y138.457 E1295.43624
G1 X93.221 Y139.383 E1295.4673
G1 X93.556 Y140.188 E1295.4963
G1 X94.101 Y140.896 E1295.52602
G1 X94.808 Y141.443 E1295.55575
G1 X95.613 Y141.775 E1295.58471
G1 X96.544 Y141.9 E1295.61595
G1 X138.456 Y141.9 E1297.00995
G1 X139.383 Y141.775 E1297.04106
G1 X140.188 Y141.443 E1297.07003
G1 X140.896 Y140.896 E1297.09978
G1 X141.443 Y140.188 E1297.12954
G1 X141.775 Y139.383 E1297.1585
G1 X141.9 Y138.456 E1297.18961
G1 X141.9 Y96.544 E1298.58361
G1 X141.775 Y95.613 E1298.61486
G1 X141.443 Y94.808 E1298.64382
G1 X140.896 Y94.101 E1298.67355
G1 X140.188 Y93.556 E1298.70327
G1 X139.383 Y93.221 E1298.73227
G1 X138.457 Y93.1 E1298.76333
G1 X96.543 Y93.1 E1300.15739
G1 X95.613 Y93.221 E1300.18859
G1 X94.808 Y93.556 E1300.21759
G1 X94.1 Y94.1 E1300.24728
G0 F9000 X94.312 Y94.312
G0 X97.14 Y111.6
G0 X97.14 Y112.02
G1 F1500 X97.421 Y111.9 E1300.25745
G1 X137.579 Y111.9 E1301.59311
G1 X137.86 Y112.02 E1301.60327
G1 X137.981 Y112.139 E1301.60891
G1 X138.068 Y112.305 E1301.61515
G1 X138.1 Y112.5 E1301.62172
G1 X138.1 Y122.574 E1301.95678
G1 X137.981 Y122.86 E1301.96708
G1 X137.86 Y122.98 E1301.97275
G1 X137.579 Y123.1 E1301.98292
G1 X97.421 Y123.1 E1303.31858
G1 X97.14 Y122.98 E1303.32874
G1 X97.019 Y122.86 E1303.33441
G1 X96.932 Y122.695 E1303.34061
G1 X96.9 Y122.5 E1303.34718
G1 X96.9 Y112.5 E1303.67978
G1 X96.932 Y112.305 E1303.68636
G1 X97.02 Y112.14 E1303.69258
G1 X97.14 Y112.02 E1303.69822
G0 F9000 X97.38 Y112.34
;TYPE:WALL-OUTER
G1 F1500 X97.463 Y112.303 E1303.70124
G1 X137.537 Y112.303 E1305.03411
G1 X137.62 Y112.34 E1305.03713
G1 X137.7 Y112.449 E1305.04163
G1 X137.698 Y122.535 E1305.37709
G1 X137.661 Y122.62 E1305.38017
G1 X137.537 Y122.697 E1305.38503
G1 X97.463 Y122.697 E1306.7179
G1 X97.38 Y122.66 E1306.72092
G1 X97.3 Y122.551 E1306.72542
G1 X97.3 Y112.449 E1307.06141
G1 X97.38 Y112.34 E1307.06591
G1 F2700 E1302.06591
G0 F9000 X97.38 Y111.6
G0 X94.312 Y94.312
G0 X93.815 Y93.815
G1 F2700 E1307.06591
G1 F1500 X93.207 Y94.606 E1307.09909
G1 X92.831 Y95.509 E1307.13162
G1 X92.7 Y96.517 E1307.16543
G1 X92.7 Y138.483 E1308.56123
G1 X92.831 Y139.487 E1308.5949
G1 X93.207 Y140.39 E1308.62743
G1 X93.815 Y141.181 E1308.66062
G1 X94.606 Y141.793 E1308.69388
G1 X95.509 Y142.165 E1308.72636
G1 X96.518 Y142.3 E1308.76022
G1 X138.482 Y142.3 E1310.15595
G1 X139.487 Y142.165 E1310.18968
G1 X140.39 Y141.793 E1310.22216
G1 X141.181 Y141.181 E1310.25542
G1 X141.793 Y140.39 E1310.28869
G1 X142.165 Y139.487 E1310.32117
G1 X142.3 Y138.482 E1310.3549
G1 X142.3 Y96.518 E1311.75063
G1 X142.165 Y95.509 E1311.78448
G1 X141.793 Y94.606 E1311.81697
G1 X141.181 Y93.815 E1311.85023
G1 X140.39 Y93.207 E1311.88341
G1 X139.487 Y92.831 E1311.91595
G1 X138.483 Y92.7 E1311.94962
G1 X96.517 Y92.7 E1313.34542
G1 X95.509 Y92.831 E1313.37923
G1 X94.606 Y93.207 E1313.41176
G1 X93.815 Y93.815 E1313.44494
G0 F9000 X93.872 Y94.529
;TYPE:FILL
G1 F3000 X98.908 Y93.18 E1313.61835
G0 F9000 X98.908 Y93.4
G0 X97.412 Y93.4
G0 X97.412 Y93.18
G1 F3000 X93.18 Y108.976 E1314.16225
G0 F9000 X93.4 Y108.976
G0 X93.4 Y107.75
G0 X93.18 Y107.75
G1 F3000 X97.301 Y111.871 E1314.35609
G0 F9000 X96.844 Y112.368
G1 F3000 X93.181 Y113.349 E1314.48222
G0 F9000 X93.4 Y113.349
G0 X93.4 Y116.236
G0 X93.18 Y116.236
G1 F3000 X96.82 Y119.876 E1314.65343
G0 F9000 X96.6 Y119.876
G0 X96.6 Y118.586
G0 X96.819 Y118.586
G1 F3000 X93.181 Y119.561 E1314.7787
G0 F9000 X93.4 Y119.561
G0 X96.6 Y118.574
G0 X96.82 Y118.574
G1 F3000 X93.18 Y132.159 E1315.24648
G1 X93.181 Y131.984
G1 X126.039 Y123.18 E1316.37789
G0 F9000 X125.58 Y123.18
G1 F3000 X141.706 Y139.306 E1317.13641
G0 F9000 X141.491 Y139.278
G0 X141.6 Y137.587
G0 X141.819 Y137.587
G1 F3000 X126.02 Y141.82 E1317.68042
G0 F9000 X126.02 Y141.6
G0 X127.25 Y141.6
G0 X127.25 Y141.82
G1 F3000 X108.609 Y123.18 E1318.55721
G0 F9000 X108.009 Y123.179
G1 F3000 X103.014 Y141.82 E1319.19908
G1 X102.837 Y141.82
G1 X141.82 Y131.375 E1320.5414
G0 F9000 X141.82 Y130.935
G1 F3000 X134.065 Y123.18 E1320.90617
G0 F9000 X134.065 Y123.4
G0 X132.856 Y123.4
G0 X132.856 Y123.18
G1 F3000 X127.861 Y141.82 E1321.54801
G0 F9000 X127.861 Y141.6
G0 X134.072 Y141.6
G0 X134.072 Y141.821
G1 F3000 X141.82 Y112.907 E1322.54363
G1 X141.82 Y112.74
G1 X138.18 Y113.715 E1322.66896
G0 F9000 X138.4 Y113.715
G0 X138.328 Y111.672
G0 X135.899 Y111.6
G0 X135.899 Y111.821
G1 F3000 X140.668 Y94.025 E1323.28174
G0 F9000 X140.974 Y94.331
G1 F3000 X93.18 Y107.138 E1324.92746
G0 F9000 X93.4 Y107.138
G0 X93.4 Y100.926
G0 X93.181 Y100.926
G1 F3000 X122.091 Y93.18 E1325.92293
G1 X122.259 Y93.18
G1 X117.264 Y111.82 E1326.56477
G0 F9000 X117.264 Y111.6
G0 X114.22 Y111.6
G0 X114.22 Y111.82
G1 F3000 X95.691 Y93.291 E1327.43632
G0 F9000 X95.718 Y93.51
G0 X93.4 Y99.265
G0 X93.18 Y99.265
G1 F3000 X105.734 Y111.82 E1328.02684
G0 F9000 X104.841 Y111.821
G1 F3000 X109.836 Y93.18 E1328.66872
G0 F9000 X109.836 Y93.4
G0 X112.55 Y93.4
G0 X112.55 Y93.18
G1 F3000 X131.19 Y111.82 E1329.54548
G0 F9000 X131.19 Y111.6
G0 X129.688 Y111.6
G0 X129.688 Y111.821
G1 F3000 X134.683 Y93.179 E1330.18739
G0 F9000 X134.683 Y93.4
G0 X138.006 Y93.4
G0 X138.006 Y93.18
G1 F3000 X141.82 Y96.994 E1330.36679
G0 F9000 X141.6 Y96.994
G0 X141.6 Y100.316
G0 X141.82 Y100.316
G1 F3000 X98.888 Y111.82 E1331.84509
G0 F9000 X98.629 Y111.821
G1 F3000 X103.624 Y93.18 E1332.48696
G0 F9000 X104.065 Y93.18
G1 F3000 X122.705 Y111.82 E1333.36373
G0 F9000 X122.07 Y111.82
G1 F3000 X141.82 Y106.528 E1334.04379
G0 F9000 X141.6 Y106.528
G0 X141.6 Y105.479
G0 X141.82 Y105.479
G1 F3000 X129.521 Y93.18 E1334.6223
G0 F9000 X129.521 Y93.4
G0 X128.471 Y93.4
G0 X128.471 Y93.18
G1 F3000 X123.476 Y111.821 E1335.26418
G1 F2700 E1330.26418
G0 F9000 X123.476 Y111.6
G0 X138.328 Y111.672
G0 X138.328 Y123.328
G0 X120.432 Y123.4
G0 X120.432 Y123.179
G1 F2700 E1335.26418
G1 F3000 X115.437 Y141.821 E1335.90608
G0 F9000 X115.437 Y141.6
G0 X118.764 Y141.6
G0 X118.764 Y141.82
G1 F3000 X100.124 Y123.18 E1336.78285
G0 F9000 X100.124 Y123.4
G0 X101.797 Y123.4
G0 X101.797 Y123.179
G1 F3000 X96.803 Y141.821 E1337.42475
G0 F9000 X96.803 Y141.6
G0 X101.794 Y141.6
G0 X101.794 Y141.82
G1 F3000 X93.18 Y133.206 E1337.82993
G0 F9000 X93.4 Y133.206
G0 X93.4 Y138.196
G0 X93.181 Y138.196
G1 F3000 X141.82 Y125.163 E1339.50473
G0 F9000 X141.6 Y125.163
G0 X141.6 Y122.45
G0 X141.82 Y122.45
G1 F3000 X138.18 Y118.809 E1339.67597
G0 F9000 X138.4 Y118.809
G0 X138.4 Y119.927
G0 X138.181 Y119.927
G1 F3000 X141.819 Y118.952 E1339.80124
G0 F9000 X141.6 Y118.952
G0 X141.6 Y113.964
G0 X141.82 Y113.964
G1 F3000 X121.035 Y93.18 E1340.77888
G0 F9000 X121.035 Y93.4
G0 X116.048 Y93.4
G0 X116.048 Y93.179
G1 F3000 X111.053 Y111.821 E1341.42079
G1 F2700 E1336.42079
G0 F9000 X111.053 Y111.6
G0 X96.672 Y111.672
G0 X96.672 Y123.328
G0 X114.221 Y123.4
G0 X114.221 Y123.18
G1 F2700 E1341.42079
G1 F3000 X109.226 Y141.821 E1342.06266
G0 F9000 X109.226 Y141.6
G0 X110.279 Y141.6
G0 X110.279 Y141.82
G1 F3000 X93.18 Y124.721 E1342.86695
G0 F9000 X93.4 Y124.721
G0 X93.4 Y125.773
G0 X93.18 Y125.773
G1 F3000 X102.858 Y123.18 E1343.20019
G0 F9000 X102.858 Y123.4
G0 X117.095 Y123.4
G0 X117.095 Y123.18
G1 F3000 X135.735 Y141.82 E1344.07696
G0 F9000 X135.735 Y141.6
G0 X140.341 Y140.953
G0 X140.471 Y141.124
G1 F3000 X141.82 Y136.09 E1344.2503
G0 F9000 X141.6 Y136.09
G0 X126.644 Y123.4
G0 X126.644 Y123.18
G1 F3000 X121.649 Y141.821 E1344.89218
G0 F9000 X121.649 Y141.3
G1 F2700 E1339.89218
;MESH:NONMESH
G0 F300 X121.649 Y141.3 Z2.6
G0 F9000 X96.672 Y123.328
G0 X94.312 Y94.312
G0 X94.1 Y94.1
;TIME_ELAPSED:1812.742364
;LAYER:12
;TYPE:WALL-INNER
;MESH:singola_fenditura.stl
G1 F2700 E1344.89218
G1 F1500 X93.556 Y94.808 E1344.92187
G1 X93.221 Y95.613 E1344.95087
G1 X93.1 Y96.543 E1344.98207
G1 X93.1 Y138.457 E1346.37613
G1 X93.221 Y139.383 E1346.40719
G1 X93.556 Y140.188 E1346.43619
G1 X94.101 Y140.896 E1346.46591
G1 X94.808 Y141.443 E1346.49564
G1 X95.613 Y141.775 E1346.5246
G1 X96.544 Y141.9 E1346.55584
G1 X138.456 Y141.9 E1347.94984
G1 X139.383 Y141.775 E1347.98095
G1 X140.188 Y141.443 E1348.00992
G1 X140.896 Y140.896 E1348.03967
G1 X141.443 Y140.188 E1348.06943
G1 X141.775 Y139.383 E1348.09839
G1 X141.9 Y138.456 E1348.12951
G1 X141.9 Y96.544 E1349.5235
G1 X141.775 Y95.613 E1349.55475
G1 X141.443 Y94.808 E1349.58371
G1 X140.896 Y94.101 E1349.61344
G1 X140.188 Y93.556 E1349.64316
G1 X139.383 Y93.221 E1349.67216
G1 X138.457 Y93.1 E1349.70322
G1 X96.543 Y93.1 E1351.09728
G1 X95.613 Y93.221 E1351.12848
G1 X94.808 Y93.556 E1351.15748
G1 X94.1 Y94.1 E1351.18717
G0 F9000 X94.312 Y94.312
G0 X97.14 Y111.6
G0 X97.14 Y112.02
G1 F1500 X97.421 Y111.9 E1351.19734
G1 X137.579 Y111.9 E1352.533
G1 X137.86 Y112.02 E1352.54316
G1 X137.981 Y112.139 E1352.5488
G1 X138.068 Y112.305 E1352.55504
G1 X138.1 Y112.5 E1352.56161
G1 X138.1 Y122.574 E1352.89667
G1 X137.981 Y122.86 E1352.90698
G1 X137.86 Y122.98 E1352.91264
G1 X137.579 Y123.1 E1352.92281
G1 X97.421 Y123.1 E1354.25847
G1 X97.14 Y122.98 E1354.26863
G1 X97.019 Y122.86 E1354.2743
G1 X96.932 Y122.695 E1354.2805
G1 X96.9 Y122.5 E1354.28707
G1 X96.9 Y112.5 E1354.61968
G1 X96.932 Y112.305 E1354.62625
G1 X97.02 Y112.14 E1354.63247
G1 X97.14 Y112.02 E1354.63811
G0 F9000 X97.38 Y112.34
;TYPE:WALL-OUTER
G1 F1500 X97.463 Y112.303 E1354.64113
G1 X137.537 Y112.303 E1355.974
G1 X137.62 Y112.34 E1355.97702
G1 X137.7 Y112.449 E1355.98152
G1 X137.698 Y122.535 E1356.31698
G1 X137.661 Y122.62 E1356.32007
G1 X137.537 Y122.697 E1356.32492
G1 X97.463 Y122.697 E1357.65779
G1 X97.38 Y122.66 E1357.66081
G1 X97.3 Y122.551 E1357.66531
G1 X97.3 Y112.449 E1358.0013
G1 X97.38 Y112.34 E1358.0058
G1 F2700 E1353.0058
G0 F9000 X97.38 Y111.6
G0 X94.312 Y94.312
G0 X93.815 Y93.815
G1 F2700 E1358.0058
G1 F1500 X93.207 Y94.606 E1358.03898
G1 X92.831 Y95.509 E1358.07151
G1 X92.7 Y96.517 E1358.10532
G1 X92.7 Y138.483 E1359.50112
G1 X92.831 Y139.487 E1359.53479
G1 X93.207 Y140.39 E1359.56733
G1 X93.815 Y141.181 E1359.60051
G1 X94.606 Y141.793 E1359.63377
G1 X95.509 Y142.165 E1359.66626
G1 X96.518 Y142.3 E1359.70011
G1 X138.482 Y142.3 E1361.09584
G1 X139.487 Y142.165 E1361.12957
G1 X140.39 Y141.793 E1361.16205
G1 X141.181 Y141.181 E1361.19532
G1 X141.793 Y140.39 E1361.22858
G1 X142.165 Y139.487 E1361.26106
G1 X142.3 Y138.482 E1361.29479
G1 X142.3 Y96.518 E1362.69052
G1 X142.165 Y95.509 E1362.72438
G1 X141.793 Y94.606 E1362.75686
G1 X141.181 Y93.815 E1362.79012
G1 X140.39 Y93.207 E1362.8233
G1 X139.487 Y92.831 E1362.85584
G1 X138.483 Y92.7 E1362.88951
G1 X96.517 Y92.7 E1364.28531
G1 X95.509 Y92.831 E1364.31912
G1 X94.606 Y93.207 E1364.35165
G1 X93.815 Y93.815 E1364.38483
G0 F9000 X93.73 Y94.713
;TYPE:FILL
G1 F3000 X99.452 Y93.18 E1364.58186
G0 F9000 X99.452 Y93.4
G0 X97.267 Y93.4
G0 X97.267 Y93.179
G1 F3000 X93.18 Y108.431 E1365.10704
G0 F9000 X93.18 Y107.551
G1 F3000 X97.449 Y111.82 E1365.30784
G0 F9000 X96.819 Y112.52
G1 F3000 X93.181 Y113.495 E1365.43311
G0 F9000 X93.4 Y113.495
G0 X93.4 Y116.036
G0 X93.18 Y116.036
G1 F3000 X96.82 Y119.676 E1365.60433
G0 F9000 X96.819 Y118.732
G1 F3000 X93.181 Y119.707 E1365.7296
G0 F9000 X93.4 Y119.707
G0 X96.6 Y118.03
G0 X96.82 Y118.03
G1 F3000 X93.18 Y131.613 E1366.19731
G0 F9000 X93.181 Y132.13
G1 F3000 X126.584 Y123.18 E1367.34749
G1 X126.498 Y123.179
G1 X121.503 Y141.821 E1367.98939
G0 F9000 X121.503 Y141.6
G0 X118.964 Y141.6
G0 X118.964 Y141.82
G1 F3000 X100.324 Y123.18 E1368.86616
G0 F9000 X100.324 Y123.4
G0 X101.651 Y123.4
G0 X101.651 Y123.18
G1 F3000 X96.657 Y141.821 E1369.50803
G0 F9000 X96.657 Y141.6
G0 X93.4 Y138.342
G0 X93.181 Y138.342
G1 F3000 X141.82 Y125.309 E1371.18284
G0 F9000 X141.6 Y125.309
G0 X141.6 Y122.25
G0 X141.82 Y122.25
G1 F3000 X138.18 Y118.61 E1371.35405
G0 F9000 X138.4 Y118.61
G0 X138.4 Y120.073
G0 X138.18 Y120.073
G1 F3000 X141.82 Y119.097 E1371.4794
G0 F9000 X141.6 Y119.097
G0 X141.6 Y113.765
G0 X141.82 Y113.765
G1 F3000 X121.235 Y93.18 E1372.44765
G0 F9000 X122.113 Y93.18
G1 F3000 X117.118 Y111.821 E1373.08953
G0 F9000 X117.118 Y111.6
G0 X114.419 Y111.6
G0 X114.419 Y111.82
G1 F3000 X95.867 Y93.268 E1373.96215
G0 F9000 X95.894 Y93.487
G0 X93.4 Y99.066
G0 X93.18 Y99.066
G1 F3000 X105.934 Y111.82 E1374.56206
G0 F9000 X105.934 Y111.6
G0 X104.695 Y111.6
G0 X104.695 Y111.821
G1 F3000 X109.69 Y93.18 E1375.20394
G0 F9000 X109.69 Y93.4
G0 X112.75 Y93.4
G0 X112.75 Y93.18
G1 F3000 X131.39 Y111.82 E1376.08071
G0 F9000 X131.39 Y111.6
G0 X129.542 Y111.6
G0 X129.542 Y111.821
G1 F3000 X134.537 Y93.18 E1376.72258
G0 F9000 X134.537 Y93.4
G0 X138.205 Y93.4
G0 X138.205 Y93.18
G1 F3000 X141.82 Y96.794 E1376.8926
G0 F9000 X141.6 Y96.794
G0 X140.895 Y94.583
G0 X141.068 Y94.452
G1 F3000 X93.181 Y107.284 E1378.54152
G0 F9000 X93.4 Y107.284
G0 X93.4 Y101.072
G0 X93.18 Y101.072
G1 F3000 X122.635 Y93.18 E1379.55575
G0 F9000 X122.635 Y93.4
G0 X128.325 Y93.4
G0 X128.325 Y93.18
G1 F3000 X123.33 Y111.82 E1380.19759
G0 F9000 X122.904 Y111.82
G1 F3000 X104.264 Y93.18 E1381.07436
G0 F9000 X103.478 Y93.18
G1 F3000 X98.483 Y111.821 E1381.71624
G0 F9000 X99.432 Y111.82
G1 F3000 X141.82 Y100.462 E1383.1758
G0 F9000 X141.6 Y100.462
G0 X141.6 Y105.28
G0 X141.82 Y105.28
G1 F3000 X129.72 Y93.18 E1383.74495
G0 F9000 X129.72 Y93.4
G0 X140.415 Y94.103
G0 X140.546 Y93.933
G1 F3000 X135.753 Y111.821 E1384.36089
G0 F9000 X135.753 Y111.6
G0 X138.328 Y111.672
G0 X138.4 Y113.861
G0 X138.181 Y113.861
G1 F3000 X141.819 Y112.886 E1384.48616
G0 F9000 X141.82 Y112.362
G1 F3000 X133.927 Y141.82 E1385.5005
G0 F9000 X133.927 Y141.6
G0 X135.934 Y141.6
G0 X135.934 Y141.82
G1 F3000 X117.294 Y123.18 E1386.37727
G0 F9000 X117.294 Y123.4
G0 X120.286 Y123.4
G0 X120.286 Y123.18
G1 F3000 X115.291 Y141.821 E1387.01914
G0 F9000 X115.291 Y141.6
G0 X110.478 Y141.6
G0 X110.478 Y141.82
G1 F3000 X93.18 Y124.522 E1387.83279
G0 F9000 X93.4 Y124.522
G0 X93.4 Y125.919
G0 X93.181 Y125.919
G1 F3000 X103.403 Y123.18 E1388.18477
G0 F9000 X103.403 Y123.4
G0 X107.863 Y123.4
G0 X107.863 Y123.179
G1 F3000 X102.868 Y141.821 E1388.82667
G0 F9000 X103.381 Y141.82
G1 F3000 X141.819 Y131.521 E1390.15022
G0 F9000 X141.82 Y130.736
G1 F3000 X134.265 Y123.18 E1390.50561
G0 F9000 X134.265 Y123.4
G0 X132.71 Y123.4
G0 X132.71 Y123.18
G1 F3000 X127.715 Y141.82 E1391.14745
G0 F9000 X127.449 Y141.82
G1 F3000 X108.809 Y123.18 E1392.02422
G0 F9000 X108.809 Y123.4
G0 X114.075 Y123.4
G0 X114.075 Y123.18
G1 F3000 X109.08 Y141.82 E1392.66606
G0 F9000 X109.08 Y141.6
G0 X101.993 Y141.6
G0 X101.993 Y141.82
G1 F3000 X93.18 Y133.007 E1393.0806
G1 F2700 E1388.0806
G0 F9000 X93.4 Y133.007
G0 X96.672 Y111.672
G0 X110.907 Y111.6
G0 X110.907 Y111.821
G1 F2700 E1393.0806
G1 F3000 X115.902 Y93.18 E1393.72248
G0 F9000 X115.902 Y93.4
G0 X122.614 Y111.6
G0 X122.614 Y111.82
G1 F3000 X141.82 Y106.674 E1394.3838
G0 F9000 X141.6 Y106.674
G0 X138.328 Y123.328
G0 X125.779 Y123.4
G0 X125.779 Y123.18
G1 F3000 X141.73 Y139.13 E1395.13406
G0 F9000 X141.514 Y139.102
G0 X141.6 Y137.733
G0 X141.819 Y137.733
G1 F3000 X126.564 Y141.82 E1395.65934
G0 F9000 X126.564 Y141.6
G0 X140.157 Y141.095
G0 X140.287 Y141.266
G1 F3000 X141.82 Y135.545 E1395.85634
G0 F9000 X141.3 Y135.545
G1 F2700 E1390.85634
;MESH:NONMESH
G0 F300 X141.3 Y135.545 Z2.8
G0 F9000 X138.328 Y111.672
G0 X94.312 Y94.312
G0 X94.1 Y94.1
;TIME_ELAPSED:1870.527174
;LAYER:13
;TYPE:WALL-INNER
;MESH:singola_fenditura.stl
G1 F2700 E1395.85634
G1 F1500 X93.556 Y94.808 E1395.88603
G1 X93.221 Y95.613 E1395.91503
G1 X93.1 Y96.543 E1395.94622
G1 X93.1 Y138.457 E1397.34029
G1 X93.221 Y139.383 E1397.37135
G1 X93.556 Y140.188 E1397.40035
G1 X94.101 Y140.896 E1397.43007
G1 X94.808 Y141.443 E1397.4598
G1 X95.613 Y141.775 E1397.48876
G1 X96.544 Y141.9 E1397.52
G1 X138.456 Y141.9 E1398.914
G1 X139.383 Y141.775 E1398.94511
G1 X140.188 Y141.443 E1398.97408
G1 X140.896 Y140.896 E1399.00383
G1 X141.443 Y140.188 E1399.03359
G1 X141.775 Y139.383 E1399.06255
G1 X141.9 Y138.456 E1399.09367
G1 X141.9 Y96.544 E1400.48766
G1 X141.775 Y95.613 E1400.51891
G1 X141.443 Y94.808 E1400.54787
G1 X140.896 Y94.101 E1400.5776
G1 X140.188 Y93.556 E1400.60732
G1 X139.383 Y93.221 E1400.63632
G1 X138.457 Y93.1 E1400.66738
G1 X96.543 Y93.1 E1402.06144
G1 X95.613 Y93.221 E1402.09264
G1 X94.808 Y93.556 E1402.12164
G1 X94.1 Y94.1 E1402.15133
G0 F9000 X94.312 Y94.312
G0 X97.14 Y111.6
G0 X97.14 Y112.02
G1 F1500 X97.421 Y111.9 E1402.1615
G1 X137.579 Y111.9 E1403.49716
G1 X137.86 Y112.02 E1403.50732
G1 X137.981 Y112.139 E1403.51296
G1 X138.068 Y112.305 E1403.5192
G1 X138.1 Y112.5 E1403.52577
G1 X138.1 Y122.574 E1403.86083
G1 X137.981 Y122.86 E1403.87113
G1 X137.86 Y122.98 E1403.8768
G1 X137.579 Y123.1 E1403.88697
G1 X97.421 Y123.1 E1405.22263
G1 X97.14 Y122.98 E1405.23279
G1 X97.019 Y122.86 E1405.23846
G1 X96.932 Y122.695 E1405.24466
G1 X96.9 Y122.5 E1405.25123
G1 X96.9 Y112.5 E1405.58383
G1 X96.932 Y112.305 E1405.59041
G1 X97.02 Y112.14 E1405.59663
G1 X97.14 Y112.02 E1405.60227
G0 F9000 X97.38 Y112.34
;TYPE:WALL-OUTER
G1 F1500 X97.463 Y112.303 E1405.60529
G1 X137.537 Y112.303 E1406.93816
G1 X137.62 Y112.34 E1406.94118
G1 X137.7 Y112.449 E1406.94568
G1 X137.698 Y122.535 E1407.28114
G1 X137.661 Y122.62 E1407.28422
G1 X137.537 Y122.697 E1407.28908
G1 X97.463 Y122.697 E1408.62195
G1 X97.38 Y122.66 E1408.62497
G1 X97.3 Y122.551 E1408.62947
G1 X97.3 Y112.449 E1408.96546
G1 X97.38 Y112.34 E1408.96996
G1 F2700 E1403.96996
G0 F9000 X97.38 Y111.6
G0 X94.312 Y94.312
G0 X93.815 Y93.815
G1 F2700 E1408.96996
G1 F1500 X93.207 Y94.606 E1409.00314
G1 X92.831 Y95.509 E1409.03567
G1 X92.7 Y96.517 E1409.06948
G1 X92.7 Y138.483 E1410.46528
G1 X92.831 Y139.487 E1410.49895
G1 X93.207 Y140.39 E1410.53149
G1 X93.815 Y141.181 E1410.56467
G1 X94.606 Y141.793 E1410.59793
G1 X95.509 Y142.165 E1410.63041
G1 X96.518 Y142.3 E1410.66427
G1 X138.482 Y142.3 E1412.06
G1 X139.487 Y142.165 E1412.09373
G1 X140.39 Y141.793 E1412.12621
G1 X141.181 Y141.181 E1412.15947
G1 X141.793 Y140.39 E1412.19274
G1 X142.165 Y139.487 E1412.22522
G1 X142.3 Y138.482 E1412.25895
G1 X142.3 Y96.518 E1413.65468
G1 X142.165 Y95.509 E1413.68853
G1 X141.793 Y94.606 E1413.72102
G1 X141.181 Y93.815 E1413.75428
G1 X140.39 Y93.207 E1413.78746
G1 X139.487 Y92.831 E1413.82
G1 X138.483 Y92.7 E1413.85367
G1 X96.517 Y92.7 E1415.24947
G1 X95.509 Y92.831 E1415.28328
G1 X94.606 Y93.207 E1415.31581
G1 X93.815 Y93.815 E1415.34899
G0 F9000 X94.312 Y94.312
G0 X93.811 Y94.977
G0 X93.608 Y94.892
;TYPE:FILL
G1 F3000 X99.998 Y93.18 E1415.56902
G0 F9000 X99.998 Y93.4
G0 X97.121 Y93.4
G0 X97.121 Y93.18
G1 F3000 X93.18 Y107.887 E1416.07544
G0 F9000 X93.181 Y107.43
G1 F3000 X141.161 Y94.573 E1417.72756
G0 F9000 X140.988 Y94.704
G0 X140.294 Y94.01
G0 X140.425 Y93.84
G1 F3000 X135.607 Y111.821 E1418.34671
G0 F9000 X135.607 Y111.6
G0 X138.328 Y111.672
G0 X138.4 Y114.007
G0 X138.181 Y114.007
G1 F3000 X141.82 Y113.032 E1418.47201
G0 F9000 X141.82 Y113.566
G1 F3000 X121.434 Y93.18 E1419.4309
G0 F9000 X121.967 Y93.179
G1 F3000 X116.972 Y111.821 E1420.07281
G0 F9000 X116.972 Y111.6
G0 X114.618 Y111.6
G0 X114.618 Y111.82
G1 F3000 X96.044 Y93.245 E1420.9465
G0 F9000 X96.071 Y93.464
G0 X93.4 Y98.866
G0 X93.18 Y98.866
G1 F3000 X106.133 Y111.82 E1421.55579
G0 F9000 X106.133 Y111.6
G0 X104.549 Y111.6
G0 X104.549 Y111.821
G1 F3000 X109.544 Y93.18 E1422.19767
G0 F9000 X109.544 Y93.4
G0 X112.949 Y93.4
G0 X112.949 Y93.18
G1 F3000 X131.589 Y111.82 E1423.07443
G0 F9000 X131.589 Y111.6
G0 X129.396 Y111.6
G0 X129.396 Y111.82
G1 F3000 X134.391 Y93.18 E1423.71628
G0 F9000 X134.391 Y93.4
G0 X138.405 Y93.4
G0 X138.405 Y93.18
G1 F3000 X141.82 Y96.595 E1423.87691
G0 F9000 X141.6 Y96.595
G0 X141.6 Y100.608
G0 X141.82 Y100.608
G1 F3000 X99.977 Y111.82 E1425.31771
G0 F9000 X99.977 Y111.6
G0 X98.337 Y111.6
G0 X98.337 Y111.821
G1 F3000 X103.332 Y93.179 E1425.95961
G0 F9000 X103.332 Y93.4
G0 X104.464 Y93.4
G0 X104.464 Y93.18
G1 F3000 X123.104 Y111.82 E1426.83638
G1 X123.159 Y111.82
G1 X141.819 Y106.82 E1427.47891
G0 F9000 X141.6 Y106.82
G0 X141.6 Y105.08
G0 X141.82 Y105.08
G1 F3000 X129.92 Y93.18 E1428.03865
G0 F9000 X129.92 Y93.4
G0 X128.179 Y93.4
G0 X128.179 Y93.18
G1 F3000 X123.184 Y111.821 E1428.68053
G1 F2700 E1423.68053
G0 F9000 X123.184 Y111.6
G0 X138.328 Y111.672
G0 X138.328 Y123.328
G0 X125.979 Y123.4
G0 X125.979 Y123.18
G1 F2700 E1428.68053
G1 F3000 X141.754 Y138.955 E1429.42253
G0 F9000 X141.537 Y138.927
G0 X141.6 Y137.879
G0 X141.819 Y137.879
G1 F3000 X127.11 Y141.82 E1429.92901
G0 F9000 X127.569 Y141.821
G1 F3000 X132.564 Y123.18 E1430.57089
G0 F9000 X132.564 Y123.4
G0 X134.464 Y123.4
G0 X134.464 Y123.18
G1 F3000 X141.82 Y130.536 E1430.91689
G0 F9000 X141.6 Y130.536
G0 X141.6 Y131.667
G0 X141.819 Y131.667
G1 F3000 X103.926 Y141.82 E1432.22167
G0 F9000 X103.926 Y141.6
G0 X102.722 Y141.6
G0 X102.722 Y141.821
G1 F3000 X107.717 Y123.179 E1432.86358
G0 F9000 X107.717 Y123.4
G0 X109.008 Y123.4
G0 X109.008 Y123.18
G1 F3000 X127.648 Y141.82 E1433.74035
G0 F9000 X127.648 Y141.6
G0 X133.781 Y141.6
G0 X133.781 Y141.82
G1 F3000 X141.82 Y111.817 E1434.77345
G0 F9000 X141.6 Y111.817
G0 X141.6 Y119.243
G0 X141.82 Y119.243
G1 F3000 X138.18 Y120.219 E1434.8988
G0 F9000 X138.4 Y120.219
G0 X138.4 Y118.411
G0 X138.18 Y118.411
G1 F3000 X141.82 Y122.051 E1435.07001
G0 F9000 X141.6 Y122.051
G0 X141.6 Y125.455
G0 X141.82 Y125.455
G1 F3000 X93.185 Y138.487 E1436.74468
G0 F9000 X93.402 Y138.46
G0 X96.54 Y141.598
G0 X96.512 Y141.816
G1 F3000 X101.505 Y123.18 E1437.38638
G0 F9000 X100.523 Y123.18
G1 F3000 X119.163 Y141.82 E1438.26315
G0 F9000 X119.163 Y141.6
G0 X121.357 Y141.6
G0 X121.357 Y141.821
G1 F3000 X126.352 Y123.18 E1438.90502
G0 F9000 X127.128 Y123.18
G1 F3000 X93.181 Y132.276 E1440.07393
G0 F9000 X93.18 Y132.807
G1 F3000 X102.192 Y141.82 E1440.49785
G0 F9000 X102.192 Y141.6
G0 X108.934 Y141.6
G0 X108.934 Y141.821
G1 F3000 X113.929 Y123.179 E1441.13976
G0 F9000 X113.929 Y123.4
G0 X117.494 Y123.4
G0 X117.494 Y123.18
G1 F3000 X136.134 Y141.82 E1442.01653
G0 F9000 X136.134 Y141.6
G0 X140.025 Y141.187
G0 X140.108 Y141.39
G1 F3000 X141.82 Y135.001 E1442.23652
G0 F9000 X141.6 Y135.001
G0 X120.14 Y123.4
G0 X120.14 Y123.18
G1 F3000 X115.146 Y141.82 E1442.87836
G0 F9000 X115.146 Y141.6
G0 X110.678 Y141.6
G0 X110.678 Y141.82
G1 F3000 X93.18 Y124.322 E1443.70141
G0 F9000 X93.4 Y124.322
G0 X93.4 Y126.065
G0 X93.181 Y126.065
G1 F3000 X103.947 Y123.18 E1444.07212
G0 F9000 X103.947 Y123.4
G0 X96.672 Y123.328
G0 X96.6 Y119.477
G0 X96.82 Y119.477
G1 F3000 X93.18 Y115.837 E1444.24334
G0 F9000 X93.4 Y115.837
G0 X93.4 Y113.641
G0 X93.181 Y113.641
G1 F3000 X96.819 Y112.666 E1444.36861
G0 F9000 X96.6 Y112.666
G0 X96.672 Y111.672
G0 X97.648 Y111.6
G0 X97.648 Y111.82
G1 F3000 X93.18 Y107.352 E1444.57877
G0 F9000 X93.4 Y107.352
G0 X93.4 Y101.218
G0 X93.181 Y101.218
G1 F3000 X123.18 Y93.18 E1445.61174
G0 F9000 X123.18 Y93.4
G0 X115.756 Y93.4
G0 X115.756 Y93.18
G1 F3000 X110.761 Y111.821 E1446.25361
G0 F9000 X110.761 Y111.6
G0 X96.672 Y111.672
G0 X96.6 Y117.485
G0 X96.82 Y117.485
G1 F3000 X93.18 Y131.069 E1446.72136
G0 F9000 X93.4 Y131.069
G0 X93.4 Y119.853
G0 X93.18 Y119.853
G1 F3000 X96.819 Y118.878 E1446.84666
G0 F9000 X96.3 Y118.878
;MESH:NONMESH
G0 F300 X96.3 Y118.878 Z3
G0 F9000 X94.312 Y94.312
G0 X94.1 Y94.1
;TIME_ELAPSED:1928.309463
;LAYER:14
;TYPE:WALL-INNER
;MESH:singola_fenditura.stl
G1 F1500 X93.556 Y94.808 E1446.87636
G1 X93.221 Y95.613 E1446.90536
G1 X93.1 Y96.543 E1446.93655
G1 X93.1 Y138.457 E1448.33061
G1 X93.221 Y139.383 E1448.36167
G1 X93.556 Y140.188 E1448.39067
G1 X94.101 Y140.896 E1448.42039
G1 X94.808 Y141.443 E1448.45012
G1 X95.613 Y141.775 E1448.47908
G1 X96.544 Y141.9 E1448.51033
G1 X138.456 Y141.9 E1449.90433
G1 X139.383 Y141.775 E1449.93544
G1 X140.188 Y141.443 E1449.9644
G1 X140.896 Y140.896 E1449.99416
G1 X141.443 Y140.188 E1450.02392
G1 X141.775 Y139.383 E1450.05288
G1 X141.9 Y138.456 E1450.08399
G1 X141.9 Y96.544 E1451.47799
G1 X141.775 Y95.613 E1451.50923
G1 X141.443 Y94.808 E1451.53819
G1 X140.896 Y94.101 E1451.56792
G1 X140.188 Y93.556 E1451.59764
G1 X139.383 Y93.221 E1451.62664
G1 X138.457 Y93.1 E1451.6577
G1 X96.543 Y93.1 E1453.05177
G1 X95.613 Y93.221 E1453.08296
G1 X94.808 Y93.556 E1453.11196
G1 X94.1 Y94.1 E1453.14166
G0 F9000 X94.312 Y94.312
G0 X97.14 Y111.6
G0 X97.14 Y112.02
G1 F1500 X97.421 Y111.9 E1453.15182
G1 X137.579 Y111.9 E1454.48748
G1 X137.86 Y112.02 E1454.49764
G1 X137.981 Y112.139 E1454.50329
G1 X138.068 Y112.305 E1454.50952
G1 X138.1 Y112.5 E1454.51609
G1 X138.1 Y122.574 E1454.85116
G1 X137.981 Y122.86 E1454.86146
G1 X137.86 Y122.98 E1454.86713
G1 X137.579 Y123.1 E1454.87729
G1 X97.421 Y123.1 E1456.21295
G1 X97.14 Y122.98 E1456.22311
G1 X97.019 Y122.86 E1456.22878
G1 X96.932 Y122.695 E1456.23498
G1 X96.9 Y122.5 E1456.24156
G1 X96.9 Y112.5 E1456.57416
G1 X96.932 Y112.305 E1456.58073
G1 X97.02 Y112.14 E1456.58695
G1 X97.14 Y112.02 E1456.59259
G0 F9000 X97.38 Y112.34
;TYPE:WALL-OUTER
G1 F1500 X97.463 Y112.303 E1456.59562
G1 X137.537 Y112.303 E1457.92848
G1 X137.62 Y112.34 E1457.93151
G1 X137.7 Y112.449 E1457.936
G1 X137.698 Y122.535 E1458.27146
G1 X137.661 Y122.62 E1458.27455
G1 X137.537 Y122.697 E1458.2794
G1 X97.463 Y122.697 E1459.61227
G1 X97.38 Y122.66 E1459.61529
G1 X97.3 Y122.551 E1459.61979
G1 X97.3 Y112.449 E1459.95578
G1 X97.38 Y112.34 E1459.96028
G1 F2700 E1454.96028
G0 F9000 X97.38 Y111.6
G0 X94.312 Y94.312
G0 X93.815 Y93.815
G1 F2700 E1459.96028
G1 F1500 X93.207 Y94.606 E1459.99346
G1 X92.831 Y95.509 E1460.026
G1 X92.7 Y96.517 E1460.0598
G1 X92.7 Y138.483 E1461.4556
G1 X92.831 Y139.487 E1461.48928
G1 X93.207 Y140.39 E1461.52181
G1 X93.815 Y141.181 E1461.55499
G1 X94.606 Y141.793 E1461.58826
G1 X95.509 Y142.165 E1461.62074
G1 X96.518 Y142.3 E1461.6546
G1 X138.482 Y142.3 E1463.05032
G1 X139.487 Y142.165 E1463.08405
G1 X140.39 Y141.793 E1463.11653
G1 X141.181 Y141.181 E1463.1498
G1 X141.793 Y140.39 E1463.18306
G1 X142.165 Y139.487 E1463.21554
G1 X142.3 Y138.482 E1463.24927
G1 X142.3 Y96.518 E1464.645
G1 X142.165 Y95.509 E1464.67886
G1 X141.793 Y94.606 E1464.71134
G1 X141.181 Y93.815 E1464.7446
G1 X140.39 Y93.207 E1464.77779
G1 X139.487 Y92.831 E1464.81032
G1 X138.483 Y92.7 E1464.844
G1 X96.517 Y92.7 E1466.23979
G1 X95.509 Y92.831 E1466.2736
G1 X94.606 Y93.207 E1466.30613
G1 X93.815 Y93.815 E1466.33932
G0 F9000 X94.312 Y94.312
G0 X93.743 Y95.142
G0 X93.54 Y95.057
;TYPE:FILL
G1 F3000 X100.547 Y93.18 E1466.58059
G0 F9000 X100.547 Y93.4
G0 X103.185 Y93.4
G0 X103.185 Y93.179
G1 F3000 X98.19 Y111.821 E1467.22249
G0 F9000 X97.849 Y111.82
G1 F3000 X93.18 Y107.151 E1467.44211
G1 X93.18 Y107.338
G1 X96.974 Y93.18 E1467.92962
G0 F9000 X96.222 Y93.223
G1 F3000 X114.819 Y111.82 E1468.80437
G0 F9000 X114.819 Y111.6
G0 X116.825 Y111.6
G0 X116.825 Y111.821
G1 F3000 X121.82 Y93.179 E1469.44627
G1 X121.635 Y93.18
G1 X141.82 Y113.365 E1470.39571
G1 X141.819 Y113.179
G1 X138.181 Y114.154 E1470.52098
G0 F9000 X138.4 Y114.154
G0 X138.328 Y111.672
G0 X135.46 Y111.6
G0 X135.46 Y111.821
G1 F3000 X140.303 Y93.747 E1471.14334
G0 F9000 X140.172 Y93.917
G0 X141.082 Y94.826
G0 X141.255 Y94.695
G1 F3000 X93.181 Y107.577 E1472.79869
G0 F9000 X93.4 Y107.577
G0 X93.4 Y113.788
G0 X93.181 Y113.788
G1 F3000 X96.819 Y112.813 E1472.92396
G0 F9000 X96.6 Y112.813
G0 X96.672 Y111.672
G0 X100.526 Y111.6
G0 X100.526 Y111.82
G1 F3000 X141.82 Y100.755 E1474.34586
G0 F9000 X141.6 Y100.755
G0 X141.6 Y104.879
G0 X141.82 Y104.879
G1 F3000 X130.12 Y93.18 E1474.89617
G0 F9000 X130.12 Y93.4
G0 X128.032 Y93.4
G0 X128.032 Y93.18
G1 F3000 X123.037 Y111.821 E1475.53804
G0 F9000 X123.305 Y111.82
G1 F3000 X104.665 Y93.18 E1476.41481
G0 F9000 X104.665 Y93.4
G0 X109.397 Y93.4
G0 X109.397 Y93.18
G1 F3000 X104.402 Y111.82 E1477.05665
G0 F9000 X104.402 Y111.6
G0 X106.334 Y111.6
G0 X106.334 Y111.82
G1 F3000 X93.18 Y98.665 E1477.6754
G0 F9000 X93.4 Y98.665
G0 X93.4 Y101.365
G0 X93.181 Y101.365
G1 F3000 X123.729 Y93.18 E1478.72727
G0 F9000 X123.729 Y93.4
G0 X115.609 Y93.4
G0 X115.609 Y93.18
G1 F3000 X110.614 Y111.821 E1479.36915
G1 F2700 E1474.36915
G0 F9000 X110.614 Y111.6
G0 X96.672 Y111.672
G0 X96.672 Y123.328
G0 X109.209 Y123.4
G0 X109.209 Y123.18
G1 F2700 E1479.36915
G1 F3000 X127.849 Y141.82 E1480.24591
G1 X127.659 Y141.82
G1 X141.819 Y138.026 E1480.73349
G0 F9000 X141.777 Y138.777
G1 F3000 X126.18 Y123.18 E1481.46713
G1 X126.205 Y123.18
G1 X121.21 Y141.821 E1482.109
G0 F9000 X121.21 Y141.6
G0 X119.364 Y141.6
G0 X119.364 Y141.82
G1 F3000 X100.724 Y123.18 E1482.98577
G0 F9000 X101.358 Y123.18
G1 F3000 X96.37 Y141.797 E1483.62681
G0 F9000 X96.398 Y141.58
G0 X93.421 Y138.602
G0 X93.205 Y138.629
G1 F3000 X141.82 Y125.602 E1485.3008
G0 F9000 X141.6 Y125.602
G0 X141.6 Y121.85
G0 X141.82 Y121.85
G1 F3000 X138.18 Y118.21 E1485.47201
G0 F9000 X138.4 Y118.21
G0 X138.4 Y120.366
G0 X138.18 Y120.366
G1 F3000 X141.82 Y119.39 E1485.59736
G0 F9000 X141.6 Y119.39
G0 X138.328 Y123.328
G0 X134.665 Y123.4
G0 X134.665 Y123.18
G1 F3000 X141.82 Y130.335 E1485.93391
G0 F9000 X141.6 Y130.335
G0 X141.6 Y131.814
G0 X141.819 Y131.814
G1 F3000 X104.475 Y141.82 E1487.21979
G0 F9000 X104.475 Y141.6
G0 X102.575 Y141.6
G0 X102.575 Y141.821
G1 F3000 X107.57 Y123.179 E1487.86169
G0 F9000 X107.57 Y123.4
G0 X104.496 Y123.4
G0 X104.496 Y123.18
G1 F3000 X93.181 Y126.212 E1488.25131
G0 F9000 X93.4 Y126.212
G0 X93.4 Y124.121
G0 X93.18 Y124.121
G1 F3000 X110.879 Y141.82 E1489.08381
G0 F9000 X110.879 Y141.6
G0 X108.787 Y141.6
G0 X108.787 Y141.821
G1 F3000 X113.782 Y123.179 E1489.72572
G0 F9000 X113.782 Y123.4
G0 X117.694 Y123.4
G0 X117.694 Y123.18
G1 F3000 X136.334 Y141.82 E1490.60249
G0 F9000 X136.334 Y141.6
G0 X133.634 Y141.6
G0 X133.634 Y141.82
G1 F3000 X141.82 Y111.268 E1491.6545
G0 F9000 X141.6 Y111.268
G0 X141.6 Y106.967
G0 X141.82 Y106.967
G1 F3000 X123.707 Y111.82 E1492.27819
G0 F9000 X123.707 Y111.6
G0 X129.249 Y111.6
G0 X129.249 Y111.82
G1 F3000 X134.244 Y93.18 E1492.92003
G0 F9000 X134.244 Y93.4
G0 X138.602 Y93.42
G0 X138.63 Y93.204
G1 F3000 X141.797 Y96.371 E1493.069
G0 F9000 X141.579 Y96.398
G0 X131.79 Y111.6
G0 X131.79 Y111.82
G1 F3000 X113.15 Y93.18 E1493.94576
G1 F2700 E1488.94576
G0 F9000 X113.15 Y93.4
G0 X96.672 Y111.672
G0 X96.6 Y116.936
G0 X96.82 Y116.936
G1 F2700 E1493.94576
G1 F3000 X93.18 Y130.52 E1494.41351
G0 F9000 X93.4 Y130.52
G0 X93.4 Y132.423
G0 X93.181 Y132.423
G1 F3000 X127.677 Y123.18 E1495.60132
G0 F9000 X127.677 Y123.4
G0 X132.417 Y123.4
G0 X132.417 Y123.18
G1 F3000 X127.422 Y141.821 E1496.2432
G0 F9000 X127.422 Y141.6
G0 X114.999 Y141.6
G0 X114.999 Y141.82
G1 F3000 X119.993 Y123.18 E1496.88503
G0 F9000 X119.993 Y123.4
G0 X96.672 Y123.328
G0 X96.6 Y119.276
G0 X96.82 Y119.276
G1 F3000 X93.18 Y115.636 E1497.05625
G0 F9000 X93.4 Y115.636
G0 X93.4 Y120
G0 X93.18 Y120
G1 F3000 X96.819 Y119.025 E1497.18155
G0 F9000 X96.6 Y119.025
G0 X93.4 Y132.607
G0 X93.18 Y132.607
G1 F3000 X102.393 Y141.82 E1497.6149
G1 F2700 E1492.6149
G0 F9000 X102.393 Y141.6
G0 X139.859 Y141.256
G0 X139.942 Y141.459
G1 F2700 E1497.6149
G1 F3000 X141.82 Y134.452 E1497.85618
G0 F9000 X141.3 Y134.452
G1 F2700 E1492.85618
;MESH:NONMESH
G0 F300 X141.3 Y134.452 Z3.2
G0 F9000 X138.328 Y111.672
G0 X94.312 Y94.312
G0 X94.1 Y94.1
;TIME_ELAPSED:1988.246879
;LAYER:15
;TYPE:WALL-INNER
;MESH:singola_fenditura.stl
G1 F2700 E1497.85618
G1 F1500 X93.556 Y94.808 E1497.88588
G1 X93.221 Y95.613 E1497.91488
G1 X93.1 Y96.543 E1497.94607
G1 X93.1 Y138.457 E1499.34013
G1 X93.221 Y139.383 E1499.37119
G1 X93.556 Y140.188 E1499.4002
G1 X94.101 Y140.896 E1499.42991
G1 X94.808 Y141.443 E1499.45964
G1 X95.613 Y141.775 E1499.48861
G1 X96.544 Y141.9 E1499.51985
G1 X138.456 Y141.9 E1500.91385
G1 X139.383 Y141.775 E1500.94496
G1 X140.188 Y141.443 E1500.97392
G1 X140.896 Y140.896 E1501.00368
G1 X141.443 Y140.188 E1501.03344
G1 X141.775 Y139.383 E1501.0624
G1 X141.9 Y138.456 E1501.09351
G1 X141.9 Y96.544 E1502.48751
G1 X141.775 Y95.613 E1502.51875
G1 X141.443 Y94.808 E1502.54771
G1 X140.896 Y94.101 E1502.57744
G1 X140.188 Y93.556 E1502.60716
G1 X139.383 Y93.221 E1502.63616
G1 X138.457 Y93.1 E1502.66722
G1 X96.543 Y93.1 E1504.06129
G1 X95.613 Y93.221 E1504.09248
G1 X94.808 Y93.556 E1504.12148
G1 X94.1 Y94.1 E1504.15118
G0 F9000 X94.312 Y94.312
G0 X97.14 Y111.6
G0 X97.14 Y112.02
G1 F1500 X97.421 Y111.9 E1504.16134
G1 X137.579 Y111.9 E1505.497
G1 X137.86 Y112.02 E1505.50716
G1 X137.981 Y112.139 E1505.51281
G1 X138.068 Y112.305 E1505.51904
G1 X138.1 Y112.5 E1505.52561
G1 X138.1 Y122.574 E1505.86068
G1 X137.981 Y122.86 E1505.87098
G1 X137.86 Y122.98 E1505.87665
G1 X137.579 Y123.1 E1505.88681
G1 X97.421 Y123.1 E1507.22247
G1 X97.14 Y122.98 E1507.23263
G1 X97.019 Y122.86 E1507.2383
G1 X96.932 Y122.695 E1507.2445
G1 X96.9 Y122.5 E1507.25108
G1 X96.9 Y112.5 E1507.58368
G1 X96.932 Y112.305 E1507.59025
G1 X97.02 Y112.14 E1507.59647
G1 X97.14 Y112.02 E1507.60212
G0 F9000 X97.38 Y112.34
;TYPE:WALL-OUTER
G1 F1500 X97.463 Y112.303 E1507.60514
G1 X137.537 Y112.303 E1508.938
G1 X137.62 Y112.34 E1508.94103
G1 X137.7 Y112.449 E1508.94552
G1 X137.698 Y122.535 E1509.28099
G1 X137.661 Y122.62 E1509.28407
G1 X137.537 Y122.697 E1509.28892
G1 X97.463 Y122.697 E1510.62179
G1 X97.38 Y122.66 E1510.62481
G1 X97.3 Y122.551 E1510.62931
G1 X97.3 Y112.449 E1510.9653
G1 X97.38 Y112.34 E1510.9698
G1 F2700 E1505.9698
G0 F9000 X97.38 Y111.6
G0 X94.312 Y94.312
G0 X93.815 Y93.815
G1 F2700 E1510.9698
G1 F1500 X93.207 Y94.606 E1511.00298
G1 X92.831 Y95.509 E1511.03552
G1 X92.7 Y96.517 E1511.06932
G1 X92.7 Y138.483 E1512.46512
G1 X92.831 Y139.487 E1512.4988
G1 X93.207 Y140.39 E1512.53133
G1 X93.815 Y141.181 E1512.56451
G1 X94.606 Y141.793 E1512.59778
G1 X95.509 Y142.165 E1512.63026
G1 X96.518 Y142.3 E1512.66412
G1 X138.482 Y142.3 E1514.05985
G1 X139.487 Y142.165 E1514.09357
G1 X140.39 Y141.793 E1514.12605
G1 X141.181 Y141.181 E1514.15932
G1 X141.793 Y140.39 E1514.19258
G1 X142.165 Y139.487 E1514.22507
G1 X142.3 Y138.482 E1514.25879
G1 X142.3 Y96.518 E1515.65452
G1 X142.165 Y95.509 E1515.68838
G1 X141.793 Y94.606 E1515.72086
G1 X141.181 Y93.815 E1515.75413
G1 X140.39 Y93.207 E1515.78731
G1 X139.487 Y92.831 E1515.81984
G1 X138.483 Y92.7 E1515.85352
G1 X96.517 Y92.7 E1517.24931
G1 X95.509 Y92.831 E1517.28312
G1 X94.606 Y93.207 E1517.31565
G1 X93.815 Y93.815 E1517.34884
G0 F9000 X94.312 Y94.312
G0 X93.675 Y95.306
G0 X93.471 Y95.221
;TYPE:FILL
G1 F3000 X101.091 Y93.18 E1517.61121
G0 F9000 X101.091 Y93.4
G0 X103.039 Y93.4
G0 X103.039 Y93.18
G1 F3000 X98.044 Y111.821 E1518.25309
G1 X98.048 Y111.82
G1 X93.18 Y106.951 E1518.48209
G1 X93.18 Y106.793
G1 X96.828 Y93.18 E1518.95083
G0 F9000 X96.398 Y93.2
G1 F3000 X115.019 Y111.82 E1519.82668
G0 F9000 X115.019 Y111.6
G0 X116.679 Y111.6
G0 X116.679 Y111.821
G1 F3000 X121.674 Y93.18 E1520.46856
G1 X121.834 Y93.18
G1 X141.82 Y113.165 E1521.40862
G1 X141.82 Y113.325
G1 X138.18 Y114.3 E1521.53395
G0 F9000 X138.4 Y114.3
G0 X138.4 Y118.01
G0 X138.18 Y118.01
G1 F3000 X141.82 Y121.651 E1521.70519
G0 F9000 X141.6 Y121.651
G0 X141.6 Y119.536
G0 X141.82 Y119.536
G1 F3000 X138.18 Y120.512 E1521.83053
G0 F9000 X138.4 Y120.512
G0 X138.328 Y123.328
G0 X134.864 Y123.4
G0 X134.864 Y123.18
G1 F3000 X141.82 Y130.136 E1522.15772
G0 F9000 X141.6 Y130.136
G0 X141.6 Y131.96
G0 X141.819 Y131.96
G1 F3000 X105.019 Y141.82 E1523.42487
G0 F9000 X105.019 Y141.6
G0 X102.593 Y141.6
G0 X102.593 Y141.82
G1 F3000 X93.18 Y132.407 E1523.86762
G1 X93.181 Y132.569
G1 X128.222 Y123.18 E1525.0742
G0 F9000 X128.222 Y123.4
G0 X126.379 Y123.4
G0 X126.379 Y123.18
G1 F3000 X141.801 Y138.602 E1525.79961
G0 F9000 X141.82 Y138.171
G1 F3000 X128.203 Y141.82 E1526.26849
G1 X128.049 Y141.82
G1 X109.409 Y123.18 E1527.14526
G0 F9000 X109.409 Y123.4
G0 X107.424 Y123.4
G0 X107.424 Y123.18
G1 F3000 X102.429 Y141.821 E1527.78713
G0 F9000 X102.429 Y141.6
G0 X96.257 Y141.561
G0 X96.229 Y141.778
G1 F3000 X101.213 Y123.179 E1528.42756
G0 F9000 X100.923 Y123.18
G1 F3000 X119.563 Y141.82 E1529.30433
G0 F9000 X119.563 Y141.6
G0 X121.064 Y141.6
G0 X121.064 Y141.82
G1 F3000 X126.059 Y123.18 E1529.94618
G0 F9000 X126.059 Y123.4
G0 X119.847 Y123.4
G0 X119.847 Y123.18
G1 F3000 X114.853 Y141.82 E1530.58801
G0 F9000 X114.853 Y141.6
G0 X111.078 Y141.6
G0 X111.078 Y141.82
G1 F3000 X93.18 Y123.922 E1531.42988
G0 F9000 X93.4 Y123.922
G0 X93.4 Y126.358
G0 X93.181 Y126.358
G1 F3000 X105.04 Y123.18 E1531.83823
G0 F9000 X105.04 Y123.4
G0 X113.636 Y123.4
G0 X113.636 Y123.179
G1 F3000 X108.641 Y141.821 E1532.48013
G0 F9000 X108.641 Y141.6
G0 X93.44 Y138.743
G0 X93.223 Y138.77
G1 F3000 X141.819 Y125.748 E1534.15347
G0 F9000 X141.6 Y125.748
G0 X141.6 Y133.907
G0 X141.82 Y133.907
G1 F3000 X139.778 Y141.527 E1534.41585
G0 F9000 X139.695 Y141.324
G0 X136.534 Y141.6
G0 X136.534 Y141.82
G1 F3000 X117.894 Y123.18 E1535.29262
G1 F2700 E1530.29262
G0 F9000 X117.894 Y123.4
G0 X138.328 Y123.328
G0 X138.328 Y111.672
G0 X122.891 Y111.6
G0 X122.891 Y111.821
G1 F2700 E1535.29262
G1 F3000 X127.886 Y93.179 E1535.93453
G0 F9000 X127.886 Y93.4
G0 X130.32 Y93.4
G0 X130.32 Y93.18
G1 F3000 X141.82 Y104.68 E1536.47545
G0 F9000 X141.6 Y104.68
G0 X141.6 Y107.113
G0 X141.819 Y107.113
G1 F3000 X124.253 Y111.82 E1537.08031
G0 F9000 X123.504 Y111.82
G1 F3000 X104.864 Y93.18 E1537.95708
G0 F9000 X104.864 Y93.4
G0 X109.251 Y93.4
G0 X109.251 Y93.18
G1 F3000 X104.256 Y111.821 E1538.59895
G0 F9000 X104.256 Y111.6
G0 X106.533 Y111.6
G0 X106.533 Y111.82
G1 F3000 X93.18 Y98.466 E1539.22706
G0 F9000 X93.4 Y98.466
G0 X93.4 Y101.511
G0 X93.181 Y101.511
G1 F3000 X124.273 Y93.18 E1540.29767
G0 F9000 X124.273 Y93.4
G0 X115.463 Y93.4
G0 X115.463 Y93.18
G1 F3000 X110.468 Y111.82 E1540.93951
G0 F9000 X110.468 Y111.6
G0 X101.071 Y111.6
G0 X101.071 Y111.82
G1 F3000 X141.82 Y100.902 E1542.34263
G0 F9000 X141.6 Y100.902
G0 X141.549 Y96.167
G0 X141.766 Y96.14
G1 F3000 X138.859 Y93.233 E1542.47937
G0 F9000 X138.831 Y93.45
G0 X140.051 Y93.824
G0 X140.182 Y93.653
G1 F3000 X135.315 Y111.82 E1543.10491
G0 F9000 X135.315 Y111.6
G0 X131.989 Y111.6
G0 X131.989 Y111.82
G1 F3000 X113.349 Y93.18 E1543.98168
G0 F9000 X113.349 Y93.4
G0 X134.097 Y93.4
G0 X134.097 Y93.18
G1 F3000 X129.103 Y111.82 E1544.62351
G0 F9000 X129.103 Y111.6
G0 X138.328 Y111.672
G0 X138.328 Y123.328
G0 X132.271 Y123.4
G0 X132.271 Y123.179
G1 F3000 X127.276 Y141.821 E1545.26542
G0 F9000 X127.276 Y141.6
G0 X133.488 Y141.6
G0 X133.488 Y141.821
G1 F3000 X141.82 Y110.724 E1546.33619
G0 F9000 X141.6 Y110.724
G0 X141.175 Y94.948
G0 X141.349 Y94.816
G1 F3000 X93.181 Y107.723 E1547.99479
G0 F9000 X93.4 Y107.723
G0 X93.4 Y113.934
G0 X93.18 Y113.934
G1 F3000 X96.819 Y112.959 E1548.12009
G0 F9000 X96.6 Y112.959
G0 X96.6 Y116.391
G0 X96.82 Y116.391
G1 F3000 X93.18 Y129.976 E1548.58787
G0 F9000 X93.4 Y129.976
G0 X93.4 Y120.146
G0 X93.181 Y120.146
G1 F3000 X96.819 Y119.171 E1548.71314
G1 X96.82 Y119.077
G1 X93.18 Y115.437 E1548.88435
G0 F9000 X93.7 Y115.437
;MESH:NONMESH
G0 F300 X93.7 Y115.437 Z3.4
G0 F9000 X94.312 Y94.312
G0 X94.1 Y94.1
;TIME_ELAPSED:2046.321978
;LAYER:16
;TYPE:WALL-INNER
;MESH:singola_fenditura.stl
G1 F1500 X93.556 Y94.808 E1548.91405
G1 X93.221 Y95.613 E1548.94305
G1 X93.1 Y96.543 E1548.97424
G1 X93.1 Y138.457 E1550.36831
G1 X93.221 Y139.383 E1550.39937
G1 X93.556 Y140.188 E1550.42837
G1 X94.101 Y140.896 E1550.45808
G1 X94.808 Y141.443 E1550.48782
G1 X95.613 Y141.775 E1550.51678
G1 X96.544 Y141.9 E1550.54802
G1 X138.456 Y141.9 E1551.94202
G1 X139.383 Y141.775 E1551.97313
G1 X140.188 Y141.443 E1552.00209
G1 X140.896 Y140.896 E1552.03185
G1 X141.443 Y140.188 E1552.06161
G1 X141.775 Y139.383 E1552.09057
G1 X141.9 Y138.456 E1552.12168
G1 X141.9 Y96.544 E1553.51568
G1 X141.775 Y95.613 E1553.54692
G1 X141.443 Y94.808 E1553.57588
G1 X140.896 Y94.101 E1553.60562
G1 X140.188 Y93.556 E1553.63533
G1 X139.383 Y93.221 E1553.66433
G1 X138.457 Y93.1 E1553.69539
G1 X96.543 Y93.1 E1555.08946
G1 X95.613 Y93.221 E1555.12065
G1 X94.808 Y93.556 E1555.14965
G1 X94.1 Y94.1 E1555.17935
G0 F9000 X94.312 Y94.312
G0 X97.14 Y111.6
G0 X97.14 Y112.02
G1 F1500 X97.421 Y111.9 E1555.18951
G1 X137.579 Y111.9 E1556.52517
G1 X137.86 Y112.02 E1556.53533
G1 X137.981 Y112.139 E1556.54098
G1 X138.068 Y112.305 E1556.54721
G1 X138.1 Y112.5 E1556.55379
G1 X138.1 Y122.574 E1556.88885
G1 X137.981 Y122.86 E1556.89915
G1 X137.86 Y122.98 E1556.90482
G1 X137.579 Y123.1 E1556.91498
G1 X97.421 Y123.1 E1558.25064
G1 X97.14 Y122.98 E1558.2608
G1 X97.019 Y122.86 E1558.26647
G1 X96.932 Y122.695 E1558.27268
G1 X96.9 Y122.5 E1558.27925
G1 X96.9 Y112.5 E1558.61185
G1 X96.932 Y112.305 E1558.61842
G1 X97.02 Y112.14 E1558.62464
G1 X97.14 Y112.02 E1558.63029
G0 F9000 X97.38 Y112.34
;TYPE:WALL-OUTER
G1 F1500 X97.463 Y112.303 E1558.63331
G1 X137.537 Y112.303 E1559.96618
G1 X137.62 Y112.34 E1559.9692
G1 X137.7 Y112.449 E1559.9737
G1 X137.698 Y122.535 E1560.30916
G1 X137.661 Y122.62 E1560.31224
G1 X137.537 Y122.697 E1560.3171
G1 X97.463 Y122.697 E1561.64996
G1 X97.38 Y122.66 E1561.65298
G1 X97.3 Y122.551 E1561.65748
G1 X97.3 Y112.449 E1561.99348
G1 X97.38 Y112.34 E1561.99797
G1 F2700 E1556.99797
G0 F9000 X97.38 Y111.6
G0 X94.312 Y94.312
G0 X93.815 Y93.815
G1 F2700 E1561.99797
G1 F1500 X93.207 Y94.606 E1562.03116
G1 X92.831 Y95.509 E1562.06369
G1 X92.7 Y96.517 E1562.0975
G1 X92.7 Y138.483 E1563.49329
G1 X92.831 Y139.487 E1563.52697
G1 X93.207 Y140.39 E1563.5595
G1 X93.815 Y141.181 E1563.59268
G1 X94.606 Y141.793 E1563.62595
G1 X95.509 Y142.165 E1563.65843
G1 X96.518 Y142.3 E1563.69229
G1 X138.482 Y142.3 E1565.08802
G1 X139.487 Y142.165 E1565.12174
G1 X140.39 Y141.793 E1565.15423
G1 X141.181 Y141.181 E1565.18749
G1 X141.793 Y140.39 E1565.22075
G1 X142.165 Y139.487 E1565.25324
G1 X142.3 Y138.482 E1565.28696
G1 X142.3 Y96.518 E1566.68269
G1 X142.165 Y95.509 E1566.71655
G1 X141.793 Y94.606 E1566.74903
G1 X141.181 Y93.815 E1566.7823
G1 X140.39 Y93.207 E1566.81548
G1 X139.487 Y92.831 E1566.84801
G1 X138.483 Y92.7 E1566.88169
G1 X96.517 Y92.7 E1568.27748
G1 X95.509 Y92.831 E1568.31129
G1 X94.606 Y93.207 E1568.34383
G1 X93.815 Y93.815 E1568.37701
G0 F9000 X94.312 Y94.312
G0 X93.606 Y95.472
G0 X93.402 Y95.387
;TYPE:FILL
G1 F3000 X101.64 Y93.18 E1568.66067
G0 F9000 X101.64 Y93.4
G0 X102.892 Y93.4
G0 X102.892 Y93.18
G1 F3000 X97.897 Y111.821 E1569.30254
G0 F9000 X98.249 Y111.82
G1 F3000 X93.18 Y106.75 E1569.541
G0 F9000 X93.18 Y106.244
G1 F3000 X96.681 Y93.18 E1569.99084
G1 X96.579 Y93.18
G1 X115.22 Y111.82 E1570.86763
G0 F9000 X115.22 Y111.6
G0 X116.532 Y111.6
G0 X116.532 Y111.821
G1 F3000 X121.527 Y93.18 E1571.50951
G0 F9000 X122.035 Y93.18
G1 F3000 X141.82 Y112.965 E1572.44013
G0 F9000 X141.82 Y113.472
G1 F3000 X138.18 Y114.447 E1572.56547
G0 F9000 X138.4 Y114.447
G0 X138.4 Y117.81
G0 X138.18 Y117.81
G1 F3000 X141.82 Y121.45 E1572.73668
G0 F9000 X141.6 Y121.45
G0 X141.6 Y119.683
G0 X141.82 Y119.683
G1 F3000 X138.18 Y120.659 E1572.86202
G0 F9000 X138.4 Y120.659
G0 X138.328 Y123.328
G0 X135.065 Y123.4
G0 X135.065 Y123.18
G1 F3000 X141.82 Y129.935 E1573.17976
G0 F9000 X141.6 Y129.935
G0 X141.6 Y132.107
G0 X141.819 Y132.107
G1 F3000 X105.568 Y141.82 E1574.428
G0 F9000 X105.568 Y141.6
G0 X102.794 Y141.6
G0 X102.794 Y141.82
G1 F3000 X93.18 Y132.206 E1574.88021
G0 F9000 X93.181 Y132.716
G1 F3000 X128.77 Y123.18 E1576.10567
G0 F9000 X128.77 Y123.4
G0 X126.58 Y123.4
G0 X126.58 Y123.18
G1 F3000 X141.82 Y138.42 E1576.82251
G1 X141.82 Y138.318
G1 X128.752 Y141.82 E1577.27249
G0 F9000 X128.249 Y141.82
G1 F3000 X109.609 Y123.18 E1578.14926
G0 F9000 X109.609 Y123.4
G0 X107.277 Y123.4
G0 X107.277 Y123.18
G1 F3000 X102.282 Y141.821 E1578.79113
G0 F9000 X102.282 Y141.6
G0 X96.115 Y141.543
G0 X96.087 Y141.759
G1 F3000 X101.066 Y123.179 E1579.43091
G1 X101.124 Y123.18
G1 X119.764 Y141.82 E1580.30768
G0 F9000 X119.764 Y141.6
G0 X120.917 Y141.6
G0 X120.917 Y141.82
G1 F3000 X125.912 Y123.18 E1580.94952
G0 F9000 X125.912 Y123.4
G0 X119.7 Y123.4
G0 X119.7 Y123.18
G1 F3000 X114.706 Y141.82 E1581.59135
G0 F9000 X114.706 Y141.6
G0 X111.279 Y141.6
G0 X111.279 Y141.82
G1 F3000 X93.18 Y123.721 E1582.44268
G0 F9000 X93.4 Y123.721
G0 X93.4 Y126.505
G0 X93.181 Y126.505
G1 F3000 X105.589 Y123.18 E1582.86993
G0 F9000 X105.589 Y123.4
G0 X113.489 Y123.4
G0 X113.489 Y123.179
G1 F3000 X108.494 Y141.821 E1583.51183
G0 F9000 X108.494 Y141.6
G0 X93.458 Y138.885
G0 X93.241 Y138.912
G1 F3000 X141.819 Y125.895 E1585.18455
G0 F9000 X141.6 Y125.895
G0 X141.6 Y133.359
G0 X141.82 Y133.359
G1 F3000 X139.613 Y141.594 E1585.46811
G0 F9000 X139.53 Y141.392
G0 X136.735 Y141.6
G0 X136.735 Y141.82
G1 F3000 X118.095 Y123.18 E1586.34488
G1 F2700 E1581.34488
G0 F9000 X118.095 Y123.4
G0 X138.328 Y123.328
G0 X138.328 Y111.672
G0 X122.744 Y111.6
G0 X122.744 Y111.821
G1 F2700 E1586.34488
G1 F3000 X127.739 Y93.179 E1586.98679
G0 F9000 X127.739 Y93.4
G0 X130.521 Y93.4
G0 X130.521 Y93.18
G1 F3000 X141.82 Y104.479 E1587.51826
G0 F9000 X141.6 Y104.479
G0 X141.6 Y107.26
G0 X141.819 Y107.26
G1 F3000 X124.801 Y111.82 E1588.10424
G0 F9000 X124.801 Y111.6
G0 X123.705 Y111.6
G0 X123.705 Y111.82
G1 F3000 X105.065 Y93.18 E1588.98101
G0 F9000 X105.065 Y93.4
G0 X109.104 Y93.4
G0 X109.104 Y93.18
G1 F3000 X104.109 Y111.821 E1589.62289
G0 F9000 X104.109 Y111.6
G0 X101.619 Y111.6
G0 X101.619 Y111.82
G1 F3000 X141.82 Y101.049 E1591.00714
G0 F9000 X141.6 Y101.049
G0 X141.518 Y95.935
G0 X141.735 Y95.908
G1 F3000 X139.09 Y93.264 E1591.13153
G0 F9000 X139.062 Y93.481
G0 X139.969 Y93.789
G0 X140.053 Y93.587
G1 F3000 X135.167 Y111.821 E1591.75939
G0 F9000 X135.167 Y111.6
G0 X132.19 Y111.6
G0 X132.19 Y111.82
G1 F3000 X113.55 Y93.18 E1592.63616
G0 F9000 X113.55 Y93.4
G0 X115.316 Y93.4
G0 X115.316 Y93.18
G1 F3000 X110.321 Y111.821 E1593.27803
G0 F9000 X110.321 Y111.6
G0 X106.734 Y111.6
G0 X106.734 Y111.82
G1 F3000 X93.18 Y98.265 E1593.91559
G0 F9000 X93.4 Y98.265
G0 X93.4 Y101.658
G0 X93.181 Y101.658
G1 F3000 X124.822 Y93.18 E1595.0051
G0 F9000 X124.822 Y93.4
G0 X133.951 Y93.4
G0 X133.951 Y93.18
G1 F3000 X128.956 Y111.82 E1595.64694
G0 F9000 X128.956 Y111.6
G0 X138.328 Y111.672
G0 X138.328 Y123.328
G0 X132.124 Y123.4
G0 X132.124 Y123.179
G1 F3000 X127.129 Y141.821 E1596.28885
G0 F9000 X127.129 Y141.6
G0 X133.341 Y141.6
G0 X133.341 Y141.821
G1 F3000 X141.82 Y110.175 E1597.37853
G0 F9000 X141.6 Y110.175
G0 X141.21 Y95.029
G0 X141.413 Y94.946
G1 F3000 X93.181 Y107.87 E1599.03932
G0 F9000 X93.4 Y107.87
G0 X93.4 Y114.081
G0 X93.18 Y114.081
G1 F3000 X96.819 Y113.106 E1599.16462
G0 F9000 X96.6 Y113.106
G0 X96.6 Y115.842
G0 X96.82 Y115.842
G1 F3000 X93.18 Y129.427 E1599.6324
G0 F9000 X93.4 Y129.427
G0 X93.4 Y120.293
G0 X93.181 Y120.293
G1 F3000 X96.819 Y119.318 E1599.75767
G0 F9000 X96.82 Y118.876
G1 F3000 X93.18 Y115.236 E1599.92889
G0 F9000 X93.7 Y115.236
;MESH:NONMESH
G0 F300 X93.7 Y115.236 Z3.6
G0 F9000 X94.312 Y94.312
G0 X94.1 Y94.1
;TIME_ELAPSED:2104.014184
;LAYER:17
;TYPE:WALL-INNER
;MESH:singola_fenditura.stl
G1 F1500 X93.556 Y94.808 E1599.95858
G1 X93.221 Y95.613 E1599.98758
G1 X93.1 Y96.543 E1600.01878
G1 X93.1 Y138.457 E1601.41284
G1 X93.221 Y139.383 E1601.4439
G1 X93.556 Y140.188 E1601.4729
G1 X94.101 Y140.896 E1601.50262
G1 X94.808 Y141.443 E1601.53235
G1 X95.613 Y141.775 E1601.56131
G1 X96.544 Y141.9 E1601.59256
G1 X138.456 Y141.9 E1602.98655
G1 X139.383 Y141.775 E1603.01767
G1 X140.188 Y141.443 E1603.04663
G1 X140.896 Y140.896 E1603.07638
G1 X141.443 Y140.188 E1603.10614
G1 X141.775 Y139.383 E1603.1351
G1 X141.9 Y138.456 E1603.16622
G1 X141.9 Y96.544 E1604.56021
G1 X141.775 Y95.613 E1604.59146
G1 X141.443 Y94.808 E1604.62042
G1 X140.896 Y94.101 E1604.65015
G1 X140.188 Y93.556 E1604.67987
G1 X139.383 Y93.221 E1604.70887
G1 X138.457 Y93.1 E1604.73993
G1 X96.543 Y93.1 E1606.13399
G1 X95.613 Y93.221 E1606.16519
G1 X94.808 Y93.556 E1606.19419
G1 X94.1 Y94.1 E1606.22388
G0 F9000 X94.312 Y94.312
G0 X97.14 Y111.6
G0 X97.14 Y112.02
G1 F1500 X97.421 Y111.9 E1606.23405
G1 X137.579 Y111.9 E1607.56971
G1 X137.86 Y112.02 E1607.57987
G1 X137.981 Y112.139 E1607.58551
G1 X138.068 Y112.305 E1607.59175
G1 X138.1 Y112.5 E1607.59832
G1 X138.1 Y122.574 E1607.93338
G1 X137.981 Y122.86 E1607.94369
G1 X137.86 Y122.98 E1607.94935
G1 X137.579 Y123.1 E1607.95952
G1 X97.421 Y123.1 E1609.29518
G1 X97.14 Y122.98 E1609.30534
G1 X97.019 Y122.86 E1609.31101
G1 X96.932 Y122.695 E1609.31721
G1 X96.9 Y122.5 E1609.32378
G1 X96.9 Y112.5 E1609.65639
G1 X96.932 Y112.305 E1609.66296
G1 X97.02 Y112.14 E1609.66918
G1 X97.14 Y112.02 E1609.67482
G0 F9000 X97.38 Y112.34
;TYPE:WALL-OUTER
G1 F1500 X97.463 Y112.303 E1609.67784
G1 X137.537 Y112.303 E1611.01071
G1 X137.62 Y112.34 E1611.01373
G1 X137.7 Y112.449 E1611.01823
G1 X137.698 Y122.535 E1611.35369
G1 X137.661 Y122.62 E1611.35678
G1 X137.537 Y122.697 E1611.36163
G1 X97.463 Y122.697 E1612.6945
G1 X97.38 Y122.66 E1612.69752
G1 X97.3 Y122.551 E1612.70202
G1 X97.3 Y112.449 E1613.03801
G1 X97.38 Y112.34 E1613.04251
G1 F2700 E1608.04251
G0 F9000 X97.38 Y111.6
G0 X94.312 Y94.312
G0 X93.815 Y93.815
G1 F2700 E1613.04251
G1 F1500 X93.207 Y94.606 E1613.07569
G1 X92.831 Y95.509 E1613.10822
G1 X92.7 Y96.517 E1613.14203
G1 X92.7 Y138.483 E1614.53783
G1 X92.831 Y139.487 E1614.5715
G1 X93.207 Y140.39 E1614.60404
G1 X93.815 Y141.181 E1614.63722
G1 X94.606 Y141.793 E1614.67048
G1 X95.509 Y142.165 E1614.70297
G1 X96.518 Y142.3 E1614.73682
G1 X138.482 Y142.3 E1616.13255
G1 X139.487 Y142.165 E1616.16628
G1 X140.39 Y141.793 E1616.19876
G1 X141.181 Y141.181 E1616.23203
G1 X141.793 Y140.39 E1616.26529
G1 X142.165 Y139.487 E1616.29777
G1 X142.3 Y138.482 E1616.3315
G1 X142.3 Y96.518 E1617.72723
G1 X142.165 Y95.509 E1617.76109
G1 X141.793 Y94.606 E1617.79357
G1 X141.181 Y93.815 E1617.82683
G1 X140.39 Y93.207 E1617.86001
G1 X139.487 Y92.831 E1617.89255
G1 X138.483 Y92.7 E1617.92622
G1 X96.517 Y92.7 E1619.32202
G1 X95.509 Y92.831 E1619.35583
G1 X94.606 Y93.207 E1619.38836
G1 X93.815 Y93.815 E1619.42154
G0 F9000 X94.312 Y94.312
G0 X93.538 Y95.636
G0 X93.334 Y95.551
;TYPE:FILL
G1 F3000 X102.185 Y93.18 E1619.72631
G0 F9000 X102.746 Y93.18
G1 F3000 X97.751 Y111.821 E1620.36818
G0 F9000 X98.448 Y111.82
G1 F3000 X93.18 Y106.551 E1620.616
G0 F9000 X93.18 Y105.699
G1 F3000 X96.534 Y93.182 E1621.047
G0 F9000 X96.779 Y93.18
G1 F3000 X115.419 Y111.82 E1621.92377
G0 F9000 X116.386 Y111.821
G1 F3000 X121.381 Y93.18 E1622.56564
G0 F9000 X122.235 Y93.18
G1 F3000 X141.82 Y112.765 E1623.48686
G0 F9000 X141.82 Y113.618
G1 F3000 X138.18 Y114.593 E1623.6122
G0 F9000 X138.4 Y114.593
G0 X138.4 Y117.61
G0 X138.18 Y117.61
G1 F3000 X141.82 Y121.25 E1623.78341
G0 F9000 X141.6 Y121.25
G0 X141.6 Y119.829
G0 X141.82 Y119.829
G1 F3000 X138.18 Y120.805 E1623.90876
G0 F9000 X138.4 Y120.805
G0 X138.328 Y123.328
G0 X135.265 Y123.4
G0 X135.265 Y123.18
G1 F3000 X141.82 Y129.736 E1624.21711
G0 F9000 X141.6 Y129.736
G0 X141.6 Y132.253
G0 X141.82 Y132.253
G1 F3000 X106.114 Y141.82 E1625.44658
G0 F9000 X106.114 Y141.6
G0 X108.348 Y141.6
G0 X108.348 Y141.821
G1 F3000 X113.343 Y123.18 E1626.08846
G0 F9000 X113.343 Y123.4
G0 X109.809 Y123.4
G0 X109.809 Y123.18
G1 F3000 X128.449 Y141.82 E1626.96523
G0 F9000 X129.296 Y141.82
G1 F3000 X141.818 Y138.465 E1627.3964
G0 F9000 X141.82 Y138.221
G1 F3000 X126.779 Y123.18 E1628.10388
G0 F9000 X126.779 Y123.4
G0 X125.766 Y123.4
G0 X125.766 Y123.18
G1 F3000 X120.771 Y141.82 E1628.74572
G0 F9000 X119.963 Y141.82
G1 F3000 X101.323 Y123.18 E1629.62249
G0 F9000 X100.92 Y123.179
G1 F3000 X95.946 Y141.74 E1630.26162
G0 F9000 X95.974 Y141.524
G0 X93.477 Y139.026
G0 X93.26 Y139.053
G1 F3000 X141.819 Y126.041 E1631.93367
G0 F9000 X141.6 Y126.041
G0 X141.6 Y132.813
G0 X141.82 Y132.813
G1 F3000 X139.449 Y141.662 E1632.23838
G0 F9000 X139.366 Y141.46
G0 X136.934 Y141.6
G0 X136.934 Y141.82
G1 F3000 X118.294 Y123.18 E1633.11514
G0 F9000 X118.294 Y123.4
G0 X119.555 Y123.4
G0 X119.555 Y123.179
G1 F3000 X114.56 Y141.821 E1633.75705
G0 F9000 X114.56 Y141.6
G0 X111.478 Y141.6
G0 X111.478 Y141.82
G1 F3000 X93.18 Y123.522 E1634.61773
G0 F9000 X93.4 Y123.522
G0 X93.4 Y120.439
G0 X93.181 Y120.439
G1 F3000 X96.82 Y119.464 E1634.74304
G0 F9000 X96.82 Y118.677
G1 F3000 X93.18 Y115.036 E1634.91427
G0 F9000 X93.18 Y114.227
G1 F3000 X96.82 Y113.252 E1635.03961
G0 F9000 X96.6 Y113.252
G0 X96.6 Y115.297
G0 X96.82 Y115.297
G1 F3000 X93.18 Y128.882 E1635.50739
G0 F9000 X93.4 Y128.882
G0 X93.4 Y126.651
G0 X93.181 Y126.651
G1 F3000 X106.134 Y123.18 E1635.9534
G0 F9000 X107.131 Y123.18
G1 F3000 X102.136 Y141.821 E1636.59528
G0 F9000 X102.993 Y141.82
G1 F3000 X93.18 Y132.007 E1637.05685
G0 F9000 X93.18 Y132.862
G1 F3000 X129.316 Y123.18 E1638.30113
G0 F9000 X129.316 Y123.4
G0 X131.978 Y123.4
G0 X131.978 Y123.18
G1 F3000 X126.983 Y141.82 E1638.94298
G0 F9000 X126.983 Y141.6
G0 X133.195 Y141.6
G0 X133.195 Y141.821
G1 F3000 X141.82 Y109.63 E1640.05142
G0 F9000 X141.6 Y109.63
G0 X141.6 Y107.406
G0 X141.82 Y107.406
G1 F3000 X125.346 Y111.82 E1640.61867
G0 F9000 X125.346 Y111.6
G0 X123.904 Y111.6
G0 X123.904 Y111.82
G1 F3000 X105.264 Y93.18 E1641.49544
G0 F9000 X105.264 Y93.4
G0 X108.958 Y93.4
G0 X108.958 Y93.179
G1 F3000 X103.963 Y111.821 E1642.13735
G0 F9000 X103.963 Y111.6
G0 X102.164 Y111.6
G0 X102.164 Y111.82
G1 F3000 X141.819 Y101.195 E1643.5028
G0 F9000 X141.6 Y101.195
G0 X141.6 Y104.28
G0 X141.82 Y104.28
G1 F3000 X130.72 Y93.18 E1644.02491
G0 F9000 X130.72 Y93.4
G0 X133.804 Y93.4
G0 X133.804 Y93.18
G1 F3000 X128.81 Y111.821 E1644.66678
G0 F9000 X128.81 Y111.6
G0 X132.389 Y111.6
G0 X132.389 Y111.82
G1 F3000 X113.749 Y93.18 E1645.54355
G0 F9000 X113.749 Y93.4
G0 X115.17 Y93.4
G0 X115.17 Y93.18
G1 F3000 X110.175 Y111.821 E1646.18542
G0 F9000 X110.175 Y111.6
G0 X106.934 Y111.6
G0 X106.934 Y111.82
G1 F3000 X93.18 Y98.066 E1646.83237
G0 F9000 X93.4 Y98.066
G0 X93.4 Y101.804
G0 X93.181 Y101.804
G1 F3000 X125.367 Y93.18 E1647.94064
G0 F9000 X125.367 Y93.4
G0 X127.593 Y93.4
G0 X127.593 Y93.18
G1 F3000 X122.598 Y111.821 E1648.58251
G0 F9000 X122.598 Y111.6
G0 X135.022 Y111.6
G0 X135.022 Y111.82
G1 F3000 X139.922 Y93.532 E1649.21223
G0 F9000 X139.319 Y93.294
G1 F3000 X141.704 Y95.679 E1649.32441
G0 F9000 X141.468 Y95.077
G1 F3000 X93.181 Y108.016 E1650.9871
G0 F9000 X93.7 Y108.016
;MESH:NONMESH
G0 F300 X93.7 Y108.016 Z3.8
G0 F9000 X94.312 Y94.312
G0 X94.1 Y94.1
;TIME_ELAPSED:2158.241193
;LAYER:18
;TYPE:WALL-INNER
;MESH:singola_fenditura.stl
G1 F1500 X93.556 Y94.808 E1651.0168
G1 X93.221 Y95.613 E1651.0458
G1 X93.1 Y96.543 E1651.07699
G1 X93.1 Y138.457 E1652.47106
G1 X93.221 Y139.383 E1652.50212
G1 X93.556 Y140.188 E1652.53112
G1 X94.101 Y140.896 E1652.56084
G1 X94.808 Y141.443 E1652.59057
G1 X95.613 Y141.775 E1652.61953
G1 X96.544 Y141.9 E1652.65077
G1 X138.456 Y141.9 E1654.04477
G1 X139.383 Y141.775 E1654.07588
G1 X140.188 Y141.443 E1654.10485
G1 X140.896 Y140.896 E1654.1346
G1 X141.443 Y140.188 E1654.16436
G1 X141.775 Y139.383 E1654.19332
G1 X141.9 Y138.456 E1654.22443
G1 X141.9 Y96.544 E1655.61843
G1 X141.775 Y95.613 E1655.64968
G1 X141.443 Y94.808 E1655.67864
G1 X140.896 Y94.101 E1655.70837
G1 X140.188 Y93.556 E1655.73809
G1 X139.383 Y93.221 E1655.76709
G1 X138.457 Y93.1 E1655.79815
G1 X96.543 Y93.1 E1657.19221
G1 X95.613 Y93.221 E1657.2234
G1 X94.808 Y93.556 E1657.2524
G1 X94.1 Y94.1 E1657.2821
G0 F9000 X94.312 Y94.312
G0 X97.14 Y111.6
G0 X97.14 Y112.02
G1 F1500 X97.421 Y111.9 E1657.29226
G1 X137.579 Y111.9 E1658.62792
G1 X137.86 Y112.02 E1658.63809
G1 X137.981 Y112.139 E1658.64373
G1 X138.068 Y112.305 E1658.64997
G1 X138.1 Y112.5 E1658.65654
G1 X138.1 Y122.574 E1658.9916
G1 X137.981 Y122.86 E1659.0019
G1 X137.86 Y122.98 E1659.00757
G1 X137.579 Y123.1 E1659.01773
G1 X97.421 Y123.1 E1660.35339
G1 X97.14 Y122.98 E1660.36356
G1 X97.019 Y122.86 E1660.36923
G1 X96.932 Y122.695 E1660.37543
G1 X96.9 Y122.5 E1660.382
G1 X96.9 Y112.5 E1660.7146
G1 X96.932 Y112.305 E1660.72118
G1 X97.02 Y112.14 E1660.7274
G1 X97.14 Y112.02 E1660.73304
G0 F9000 X97.38 Y112.34
;TYPE:WALL-OUTER
G1 F1500 X97.463 Y112.303 E1660.73606
G1 X137.537 Y112.303 E1662.06893
G1 X137.62 Y112.34 E1662.07195
G1 X137.7 Y112.449 E1662.07645
G1 X137.698 Y122.535 E1662.41191
G1 X137.661 Y122.62 E1662.41499
G1 X137.537 Y122.697 E1662.41985
G1 X97.463 Y122.697 E1663.75271
G1 X97.38 Y122.66 E1663.75574
G1 X97.3 Y122.551 E1663.76023
G1 X97.3 Y112.449 E1664.09623
G1 X97.38 Y112.34 E1664.10073
G1 F2700 E1659.10073
G0 F9000 X97.38 Y111.6
G0 X94.312 Y94.312
G0 X93.815 Y93.815
G1 F2700 E1664.10073
G1 F1500 X93.207 Y94.606 E1664.13391
G1 X92.831 Y95.509 E1664.16644
G1 X92.7 Y96.517 E1664.20025
G1 X92.7 Y138.483 E1665.59604
G1 X92.831 Y139.487 E1665.62972
G1 X93.207 Y140.39 E1665.66225
G1 X93.815 Y141.181 E1665.69544
G1 X94.606 Y141.793 E1665.7287
G1 X95.509 Y142.165 E1665.76118
G1 X96.518 Y142.3 E1665.79504
G1 X138.482 Y142.3 E1667.19077
G1 X139.487 Y142.165 E1667.2245
G1 X140.39 Y141.793 E1667.25698
G1 X141.181 Y141.181 E1667.29024
G1 X141.793 Y140.39 E1667.32351
G1 X142.165 Y139.487 E1667.35599
G1 X142.3 Y138.482 E1667.38972
G1 X142.3 Y96.518 E1668.78544
G1 X142.165 Y95.509 E1668.8193
G1 X141.793 Y94.606 E1668.85179
G1 X141.181 Y93.815 E1668.88505
G1 X140.39 Y93.207 E1668.91823
G1 X139.487 Y92.831 E1668.95077
G1 X138.483 Y92.7 E1668.98444
G1 X96.517 Y92.7 E1670.38024
G1 X95.509 Y92.831 E1670.41405
G1 X94.606 Y93.207 E1670.44658
G1 X93.815 Y93.815 E1670.47976
G0 F9000 X94.312 Y94.312
G0 X93.507 Y95.738
G0 X93.289 Y95.71
;TYPE:FILL
G1 F3000 X102.733 Y93.18 E1670.80495
G1 X102.599 Y93.18
G1 X97.604 Y111.821 E1671.44682
G0 F9000 X97.604 Y111.6
G0 X98.649 Y111.6
G0 X98.649 Y111.82
G1 F3000 X93.18 Y106.35 E1671.70409
G0 F9000 X93.4 Y106.35
G0 X93.4 Y105.151
G0 X93.18 Y105.151
G1 F3000 X96.382 Y93.202 E1672.11554
G0 F9000 X96.98 Y93.18
G1 F3000 X115.62 Y111.82 E1672.99231
G0 F9000 X116.239 Y111.821
G1 F3000 X121.234 Y93.18 E1673.63418
G0 F9000 X121.234 Y93.4
G0 X122.436 Y93.4
G0 X122.436 Y93.18
G1 F3000 X141.82 Y112.564 E1674.54594
G0 F9000 X141.6 Y112.564
G0 X141.6 Y113.765
G0 X141.82 Y113.765
G1 F3000 X138.18 Y114.74 E1674.67128
G0 F9000 X138.4 Y114.74
G0 X138.4 Y117.409
G0 X138.18 Y117.409
G1 F3000 X141.82 Y121.05 E1674.84252
G0 F9000 X141.6 Y121.05
G0 X141.6 Y119.976
G0 X141.82 Y119.976
G1 F3000 X138.18 Y120.952 E1674.96786
G0 F9000 X138.4 Y120.952
G0 X138.328 Y123.328
G0 X135.465 Y123.4
G0 X135.465 Y123.18
G1 F3000 X141.82 Y129.535 E1675.26678
G0 F9000 X141.6 Y129.535
G0 X141.6 Y132.264
G0 X141.82 Y132.264
G1 F3000 X139.29 Y141.707 E1675.59193
G0 F9000 X139.263 Y141.492
G0 X137.135 Y141.6
G0 X137.135 Y141.82
G1 F3000 X118.495 Y123.18 E1676.4687
G0 F9000 X119.408 Y123.179
G1 F3000 X114.413 Y141.821 E1677.11061
G0 F9000 X114.413 Y141.6
G0 X111.679 Y141.6
G0 X111.679 Y141.82
G1 F3000 X93.18 Y123.321 E1677.98074
G0 F9000 X93.4 Y123.321
G0 X93.4 Y120.586
G0 X93.181 Y120.586
G1 F3000 X96.82 Y119.611 E1678.10605
G0 F9000 X96.6 Y119.611
G0 X96.6 Y118.476
G0 X96.82 Y118.476
G1 F3000 X93.18 Y114.836 E1678.27726
G0 F9000 X93.18 Y114.374
G1 F3000 X96.82 Y113.399 E1678.4026
G0 F9000 X96.6 Y113.399
G0 X96.6 Y114.749
G0 X96.82 Y114.749
G1 F3000 X93.18 Y128.334 E1678.87037
G0 F9000 X93.4 Y128.334
G0 X93.4 Y126.798
G0 X93.181 Y126.798
G1 F3000 X106.682 Y123.18 E1679.33526
G0 F9000 X106.984 Y123.18
G1 F3000 X101.989 Y141.821 E1679.97714
G0 F9000 X101.989 Y141.6
G0 X103.194 Y141.6
G0 X103.194 Y141.82
G1 F3000 X93.18 Y131.806 E1680.44817
G0 F9000 X93.4 Y131.806
G0 X93.4 Y133.009
G0 X93.18 Y133.009
G1 F3000 X129.864 Y123.18 E1681.71132
G0 F9000 X129.864 Y123.4
G0 X131.831 Y123.4
G0 X131.831 Y123.18
G1 F3000 X126.836 Y141.821 E1682.35319
G0 F9000 X126.836 Y141.6
G0 X128.65 Y141.6
G0 X128.65 Y141.82
G1 F3000 X110.01 Y123.18 E1683.22996
G0 F9000 X110.01 Y123.4
G0 X113.196 Y123.4
G0 X113.196 Y123.179
G1 F3000 X108.201 Y141.821 E1683.87187
G0 F9000 X108.201 Y141.6
G0 X106.662 Y141.6
G0 X106.662 Y141.82
G1 F3000 X141.82 Y132.4 E1685.08247
G0 F9000 X141.6 Y132.4
G0 X141.6 Y138.02
G0 X141.82 Y138.02
G1 F3000 X126.98 Y123.18 E1685.7805
G0 F9000 X126.98 Y123.4
G0 X125.619 Y123.4
G0 X125.619 Y123.18
G1 F3000 X120.624 Y141.82 E1686.42234
G0 F9000 X120.164 Y141.82
G1 F3000 X101.524 Y123.18 E1687.29911
G0 F9000 X100.773 Y123.179
G1 F3000 X95.804 Y141.721 E1687.93758
G0 F9000 X95.832 Y141.506
G0 X93.495 Y139.168
G0 X93.279 Y139.195
G1 F3000 X141.819 Y126.188 E1689.60899
G0 F9000 X141.6 Y126.188
G0 X141.581 Y138.589
G0 X141.797 Y138.617
G1 F3000 X129.845 Y141.82 E1690.02054
G0 F9000 X129.845 Y141.6
G0 X133.048 Y141.6
G0 X133.048 Y141.821
G1 F3000 X141.82 Y109.082 E1691.14785
G0 F9000 X141.6 Y109.082
G0 X141.6 Y107.553
G0 X141.82 Y107.553
G1 F3000 X125.895 Y111.82 E1691.6962
G0 F9000 X125.895 Y111.6
G0 X124.105 Y111.6
G0 X124.105 Y111.82
G1 F3000 X105.465 Y93.18 E1692.57297
G0 F9000 X105.465 Y93.4
G0 X108.811 Y93.4
G0 X108.811 Y93.179
G1 F3000 X103.816 Y111.821 E1693.21488
G0 F9000 X103.816 Y111.6
G0 X102.713 Y111.6
G0 X102.713 Y111.82
G1 F3000 X141.82 Y101.342 E1694.56146
G0 F9000 X141.6 Y101.342
G0 X141.6 Y104.079
G0 X141.82 Y104.079
G1 F3000 X130.921 Y93.18 E1695.07412
G0 F9000 X130.921 Y93.4
G0 X133.657 Y93.4
G0 X133.657 Y93.18
G1 F3000 X128.663 Y111.821 E1695.71598
G0 F9000 X128.663 Y111.6
G0 X132.59 Y111.6
G0 X132.59 Y111.82
G1 F3000 X113.95 Y93.18 E1696.59275
G0 F9000 X113.95 Y93.4
G0 X115.023 Y93.4
G0 X115.023 Y93.18
G1 F3000 X110.028 Y111.82 E1697.23459
G0 F9000 X110.028 Y111.6
G0 X107.134 Y111.6
G0 X107.134 Y111.82
G1 F3000 X93.18 Y97.865 E1697.89097
G0 F9000 X93.4 Y97.865
G0 X93.4 Y101.951
G0 X93.181 Y101.951
G1 F3000 X125.916 Y93.18 E1699.01815
G0 F9000 X125.916 Y93.4
G0 X127.446 Y93.4
G0 X127.446 Y93.179
G1 F3000 X122.451 Y111.821 E1699.66005
G0 F9000 X122.451 Y111.6
G0 X134.875 Y111.6
G0 X134.875 Y111.82
G1 F3000 X139.789 Y93.477 E1700.29166
G1 X139.642 Y93.415
G1 X141.583 Y95.356 E1700.38296
G1 X141.522 Y95.21
G1 X93.181 Y108.163 E1702.0475
G0 F9000 X93.7 Y108.163
;MESH:NONMESH
G0 F300 X93.7 Y108.163 Z4
G0 F9000 X94.312 Y94.312
G0 X94.1 Y94.1
;TIME_ELAPSED:2212.853405
;LAYER:19
;TYPE:WALL-INNER
;MESH:singola_fenditura.stl
G1 F1500 X93.556 Y94.808 E1702.0772
G1 X93.221 Y95.613 E1702.1062
G1 X93.1 Y96.543 E1702.13739
G1 X93.1 Y138.457 E1703.53146
G1 X93.221 Y139.383 E1703.56252
G1 X93.556 Y140.188 E1703.59152
G1 X94.101 Y140.896 E1703.62124
G1 X94.808 Y141.443 E1703.65097
G1 X95.613 Y141.775 E1703.67993
G1 X96.544 Y141.9 E1703.71117
G1 X138.456 Y141.9 E1705.10517
G1 X139.383 Y141.775 E1705.13628
G1 X140.188 Y141.443 E1705.16524
G1 X140.896 Y140.896 E1705.195
G1 X141.443 Y140.188 E1705.22476
G1 X141.775 Y139.383 E1705.25372
G1 X141.9 Y138.456 E1705.28483
G1 X141.9 Y96.544 E1706.67883
G1 X141.775 Y95.613 E1706.71008
G1 X141.443 Y94.808 E1706.73904
G1 X140.896 Y94.101 E1706.76877
G1 X140.188 Y93.556 E1706.79849
G1 X139.383 Y93.221 E1706.82749
G1 X138.457 Y93.1 E1706.85855
G1 X96.543 Y93.1 E1708.25261
G1 X95.613 Y93.221 E1708.2838
G1 X94.808 Y93.556 E1708.3128
G1 X94.1 Y94.1 E1708.3425
G0 F9000 X94.312 Y94.312
G0 X97.14 Y111.6
G0 X97.14 Y112.02
G1 F1500 X97.421 Y111.9 E1708.35266
G1 X137.579 Y111.9 E1709.68832
G1 X137.86 Y112.02 E1709.69849
G1 X137.981 Y112.139 E1709.70413
G1 X138.068 Y112.305 E1709.71037
G1 X138.1 Y112.5 E1709.71694
G1 X138.1 Y122.574 E1710.052
G1 X137.981 Y122.86 E1710.0623
G1 X137.86 Y122.98 E1710.06797
G1 X137.579 Y123.1 E1710.07813
G1 X97.421 Y123.1 E1711.41379
G1 X97.14 Y122.98 E1711.42396
G1 X97.019 Y122.86 E1711.42962
G1 X96.932 Y122.695 E1711.43583
G1 X96.9 Y122.5 E1711.4424
G1 X96.9 Y112.5 E1711.775
G1 X96.932 Y112.305 E1711.78158
G1 X97.02 Y112.14 E1711.78779
G1 X97.14 Y112.02 E1711.79344
G0 F9000 X97.38 Y112.34
;TYPE:WALL-OUTER
G1 F1500 X97.463 Y112.303 E1711.79646
G1 X137.537 Y112.303 E1713.12933
G1 X137.62 Y112.34 E1713.13235
G1 X137.7 Y112.449 E1713.13685
G1 X137.698 Y122.535 E1713.47231
G1 X137.661 Y122.62 E1713.47539
G1 X137.537 Y122.697 E1713.48025
G1 X97.463 Y122.697 E1714.81311
G1 X97.38 Y122.66 E1714.81614
G1 X97.3 Y122.551 E1714.82063
G1 X97.3 Y112.449 E1715.15663
G1 X97.38 Y112.34 E1715.16112
G1 F2700 E1710.16112
G0 F9000 X97.38 Y111.6
G0 X94.312 Y94.312
G0 X93.815 Y93.815
G1 F2700 E1715.16112
G1 F1500 X93.207 Y94.606 E1715.19431
G1 X92.831 Y95.509 E1715.22684
G1 X92.7 Y96.517 E1715.26065
G1 X92.7 Y138.483 E1716.65644
G1 X92.831 Y139.487 E1716.69012
G1 X93.207 Y140.39 E1716.72265
G1 X93.815 Y141.181 E1716.75584
G1 X94.606 Y141.793 E1716.7891
G1 X95.509 Y142.165 E1716.82158
G1 X96.518 Y142.3 E1716.85544
G1 X138.482 Y142.3 E1718.25117
G1 X139.487 Y142.165 E1718.2849
G1 X140.39 Y141.793 E1718.31738
G1 X141.181 Y141.181 E1718.35064
G1 X141.793 Y140.39 E1718.38391
G1 X142.165 Y139.487 E1718.41639
G1 X142.3 Y138.482 E1718.45012
G1 X142.3 Y96.518 E1719.84584
G1 X142.165 Y95.509 E1719.8797
G1 X141.793 Y94.606 E1719.91219
G1 X141.181 Y93.815 E1719.94545
G1 X140.39 Y93.207 E1719.97863
G1 X139.487 Y92.831 E1720.01117
G1 X138.483 Y92.7 E1720.04484
G1 X96.517 Y92.7 E1721.44064
G1 X95.509 Y92.831 E1721.47444
G1 X94.606 Y93.207 E1721.50698
G1 X93.815 Y93.815 E1721.54016
G0 F9000 X94.312 Y94.312
G0 X93.487 Y95.889
G0 X93.27 Y95.861
;TYPE:FILL
G1 F3000 X103.278 Y93.18 E1721.88477
G0 F9000 X102.453 Y93.18
G1 F3000 X97.458 Y111.821 E1722.52664
G0 F9000 X97.458 Y111.6
G0 X98.849 Y111.6
G0 X98.849 Y111.82
G1 F3000 X93.18 Y106.151 E1722.79329
G0 F9000 X93.4 Y106.151
G0 X93.4 Y104.606
G0 X93.18 Y104.606
G1 F3000 X96.23 Y93.222 E1723.18528
G0 F9000 X97.179 Y93.18
G1 F3000 X115.819 Y111.82 E1724.06205
G0 F9000 X116.094 Y111.82
G1 F3000 X121.088 Y93.18 E1724.70388
G0 F9000 X121.088 Y93.4
G0 X122.635 Y93.4
G0 X122.635 Y93.18
G1 F3000 X141.82 Y112.365 E1725.60629
G0 F9000 X141.6 Y112.365
G0 X141.6 Y113.911
G0 X141.82 Y113.911
G1 F3000 X138.18 Y114.886 E1725.73162
G0 F9000 X138.4 Y114.886
G0 X138.4 Y117.21
G0 X138.18 Y117.21
G1 F3000 X141.82 Y120.85 E1725.90283
G0 F9000 X141.819 Y120.123
G1 F3000 X138.181 Y121.097 E1726.0281
G0 F9000 X138.4 Y121.097
G0 X138.4 Y122.122
G0 X138.18 Y122.122
G1 F3000 X141.82 Y108.537 E1726.49587
G0 F9000 X141.82 Y107.699
G1 F3000 X126.44 Y111.82 E1727.02546
G0 F9000 X126.44 Y111.6
G0 X128.517 Y111.6
G0 X128.517 Y111.821
G1 F3000 X133.512 Y93.179 E1727.66737
G0 F9000 X133.512 Y93.4
G0 X131.12 Y93.4
G0 X131.12 Y93.18
G1 F3000 X141.82 Y103.88 E1728.17066
G0 F9000 X141.6 Y103.88
G0 X141.6 Y101.487
G0 X141.82 Y101.487
G1 F3000 X103.258 Y111.82 E1729.49849
G0 F9000 X103.67 Y111.821
G1 F3000 X108.665 Y93.18 E1730.14036
G0 F9000 X108.665 Y93.4
G0 X105.664 Y93.4
G0 X105.664 Y93.18
G1 F3000 X124.304 Y111.82 E1731.01713
G0 F9000 X124.304 Y111.6
G0 X122.305 Y111.6
G0 X122.305 Y111.821
G1 F3000 X127.3 Y93.18 E1731.659
G0 F9000 X126.461 Y93.18
G1 F3000 X93.181 Y102.097 E1732.80495
G0 F9000 X93.4 Y102.097
G0 X93.4 Y97.666
G0 X93.18 Y97.666
G1 F3000 X107.334 Y111.82 E1733.47071
G0 F9000 X107.334 Y111.6
G0 X109.882 Y111.6
G0 X109.882 Y111.821
G1 F3000 X114.877 Y93.179 E1734.11261
G0 F9000 X114.15 Y93.18
G1 F3000 X132.79 Y111.82 E1734.98938
G0 F9000 X132.79 Y111.6
G0 X134.728 Y111.6
G0 X134.728 Y111.82
G1 F3000 X139.658 Y93.423 E1735.62286
G0 F9000 X139.984 Y93.558
G1 F3000 X141.443 Y95.017 E1735.69149
G0 F9000 X141.576 Y95.341
G1 F3000 X93.18 Y108.309 E1737.35793
G0 F9000 X93.4 Y108.309
G0 X93.4 Y114.52
G0 X93.181 Y114.52
G1 F3000 X96.82 Y113.545 E1737.48323
G0 F9000 X96.82 Y114.203
G1 F3000 X93.18 Y127.789 E1737.95104
G0 F9000 X93.18 Y126.944
G1 F3000 X107.227 Y123.18 E1738.43473
G0 F9000 X106.838 Y123.179
G1 F3000 X101.843 Y141.82 E1739.0766
G0 F9000 X101.843 Y141.6
G0 X103.393 Y141.6
G0 X103.393 Y141.82
G1 F3000 X93.18 Y131.607 E1739.55699
G0 F9000 X93.4 Y131.607
G0 X93.4 Y133.155
G0 X93.181 Y133.155
G1 F3000 X130.409 Y123.18 E1740.83888
G0 F9000 X130.409 Y123.4
G0 X131.685 Y123.4
G0 X131.685 Y123.18
G1 F3000 X126.69 Y141.82 E1741.48072
G0 F9000 X126.69 Y141.6
G0 X128.849 Y141.6
G0 X128.849 Y141.82
G1 F3000 X110.209 Y123.18 E1742.35749
G0 F9000 X110.209 Y123.4
G0 X113.05 Y123.4
G0 X113.05 Y123.18
G1 F3000 X108.055 Y141.821 E1742.99936
G0 F9000 X107.207 Y141.82
G1 F3000 X141.82 Y132.546 E1744.1912
G0 F9000 X141.82 Y131.72
G1 F3000 X139.138 Y141.728 E1744.53582
G0 F9000 X139.111 Y141.512
G0 X137.334 Y141.6
G0 X137.334 Y141.82
G1 F3000 X118.694 Y123.18 E1745.41258
G0 F9000 X119.262 Y123.179
G1 F3000 X114.267 Y141.821 E1746.05449
G0 F9000 X114.267 Y141.6
G0 X111.878 Y141.6
G0 X111.878 Y141.82
G1 F3000 X93.18 Y123.121 E1746.93401
G0 F9000 X93.4 Y123.121
G0 X93.4 Y120.732
G0 X93.181 Y120.732
G1 F3000 X96.819 Y119.757 E1747.05928
G0 F9000 X96.6 Y119.757
G0 X96.6 Y118.276
G0 X96.82 Y118.276
G1 F3000 X93.18 Y114.636 E1747.2305
G0 F9000 X93.4 Y114.636
G0 X96.672 Y123.328
G0 X100.627 Y123.4
G0 X100.627 Y123.179
G1 F3000 X95.664 Y141.702 E1747.8683
G0 F9000 X95.692 Y141.487
G0 X93.511 Y139.301
G0 X93.297 Y139.336
G1 F3000 X141.82 Y126.334 E1749.53912
G0 F9000 X141.6 Y126.334
G0 X141.6 Y129.335
G0 X141.82 Y129.335
G1 F3000 X135.665 Y123.18 E1749.82863
G0 F9000 X135.665 Y123.4
G0 X137.942 Y123.4
G0 X137.942 Y123.009
G1 F3000 X132.902 Y141.821 E1750.47639
G0 F9000 X132.902 Y141.6
G0 X130.39 Y141.6
G0 X130.39 Y141.82
G1 F3000 X141.777 Y138.769 E1750.86848
G0 F9000 X141.82 Y137.821
G1 F3000 X127.18 Y123.18 E1751.55712
G0 F9000 X127.18 Y123.4
G0 X125.473 Y123.4
G0 X125.473 Y123.18
G1 F3000 X120.478 Y141.821 E1752.199
G1 X120.364 Y141.82
G1 X101.724 Y123.18 E1753.07577
G0 F9000 X101.724 Y123.7
G1 F2700 E1748.07577
;MESH:NONMESH
G0 F300 X101.724 Y123.7 Z4.2
G0 F9000 X96.672 Y123.328
G0 X94.312 Y94.312
G0 X94.1 Y94.1
;TIME_ELAPSED:2267.377745
;LAYER:20
;TYPE:WALL-INNER
;MESH:singola_fenditura.stl
G1 F2700 E1753.07577
G1 F1500 X93.556 Y94.808 E1753.10546
G1 X93.221 Y95.613 E1753.13446
G1 X93.1 Y96.543 E1753.16566
G1 X93.1 Y138.457 E1754.55972
G1 X93.221 Y139.383 E1754.59078
G1 X93.556 Y140.188 E1754.61978
G1 X94.101 Y140.896 E1754.6495
G1 X94.808 Y141.443 E1754.67923
G1 X95.613 Y141.775 E1754.70819
G1 X96.544 Y141.9 E1754.73944
G1 X138.456 Y141.9 E1756.13344
G1 X139.383 Y141.775 E1756.16455
G1 X140.188 Y141.443 E1756.19351
G1 X140.896 Y140.896 E1756.22327
G1 X141.443 Y140.188 E1756.25302
G1 X141.775 Y139.383 E1756.28199
G1 X141.9 Y138.456 E1756.3131
G1 X141.9 Y96.544 E1757.7071
G1 X141.775 Y95.613 E1757.73834
G1 X141.443 Y94.808 E1757.7673
G1 X140.896 Y94.101 E1757.79703
G1 X140.188 Y93.556 E1757.82675
G1 X139.383 Y93.221 E1757.85575
G1 X138.457 Y93.1 E1757.88681
G1 X96.543 Y93.1 E1759.28088
G1 X95.613 Y93.221 E1759.31207
G1 X94.808 Y93.556 E1759.34107
G1 X94.1 Y94.1 E1759.37077
G0 F9000 X94.312 Y94.312
G0 X97.14 Y111.6
G0 X97.14 Y112.02
G1 F1500 X97.421 Y111.9 E1759.38093
G1 X137.579 Y111.9 E1760.71659
G1 X137.86 Y112.02 E1760.72675
G1 X137.981 Y112.139 E1760.7324
G1 X138.068 Y112.305 E1760.73863
G1 X138.1 Y112.5 E1760.7452
G1 X138.1 Y122.574 E1761.08026
G1 X137.981 Y122.86 E1761.09057
G1 X137.86 Y122.98 E1761.09624
G1 X137.579 Y123.1 E1761.1064
G1 X97.421 Y123.1 E1762.44206
G1 X97.14 Y122.98 E1762.45222
G1 X97.019 Y122.86 E1762.45789
G1 X96.932 Y122.695 E1762.46409
G1 X96.9 Y122.5 E1762.47067
G1 X96.9 Y112.5 E1762.80327
G1 X96.932 Y112.305 E1762.80984
G1 X97.02 Y112.14 E1762.81606
G1 X97.14 Y112.02 E1762.8217
G0 F9000 X97.38 Y112.34
;TYPE:WALL-OUTER
G1 F1500 X97.463 Y112.303 E1762.82473
G1 X137.537 Y112.303 E1764.15759
G1 X137.62 Y112.34 E1764.16062
G1 X137.7 Y112.449 E1764.16511
G1 X137.698 Y122.535 E1764.50057
G1 X137.661 Y122.62 E1764.50366
G1 X137.537 Y122.697 E1764.50851
G1 X97.463 Y122.697 E1765.84138
G1 X97.38 Y122.66 E1765.8444
G1 X97.3 Y122.551 E1765.8489
G1 X97.3 Y112.449 E1766.18489
G1 X97.38 Y112.34 E1766.18939
G1 F2700 E1761.18939
G0 F9000 X97.38 Y111.6
G0 X94.312 Y94.312
G0 X93.815 Y93.815
G1 F2700 E1766.18939
G1 F1500 X93.207 Y94.606 E1766.22257
G1 X92.831 Y95.509 E1766.25511
G1 X92.7 Y96.517 E1766.28891
G1 X92.7 Y138.483 E1767.68471
G1 X92.831 Y139.487 E1767.71838
G1 X93.207 Y140.39 E1767.75092
G1 X93.815 Y141.181 E1767.7841
G1 X94.606 Y141.793 E1767.81736
G1 X95.509 Y142.165 E1767.84985
G1 X96.518 Y142.3 E1767.88371
G1 X138.482 Y142.3 E1769.27943
G1 X139.487 Y142.165 E1769.31316
G1 X140.39 Y141.793 E1769.34564
G1 X141.181 Y141.181 E1769.37891
G1 X141.793 Y140.39 E1769.41217
G1 X142.165 Y139.487 E1769.44465
G1 X142.3 Y138.482 E1769.47838
G1 X142.3 Y96.518 E1770.87411
G1 X142.165 Y95.509 E1770.90797
G1 X141.793 Y94.606 E1770.94045
G1 X141.181 Y93.815 E1770.97371
G1 X140.39 Y93.207 E1771.0069
G1 X139.487 Y92.831 E1771.03943
G1 X138.483 Y92.7 E1771.07311
G1 X96.517 Y92.7 E1772.4689
G1 X95.509 Y92.831 E1772.50271
G1 X94.606 Y93.207 E1772.53524
G1 X93.815 Y93.815 E1772.56843
G0 F9000 X94.312 Y94.312
G0 X93.467 Y96.041
G0 X93.25 Y96.013
;TYPE:FILL
G1 F3000 X103.822 Y93.18 E1772.93246
G0 F9000 X103.822 Y93.4
G0 X102.307 Y93.4
G0 X102.307 Y93.18
G1 F3000 X97.298 Y111.874 E1773.57616
G0 F9000 X97.298 Y111.6
G0 X99.048 Y111.6
G0 X99.048 Y111.82
G1 F3000 X93.18 Y105.951 E1773.85219
G0 F9000 X93.4 Y105.951
G0 X93.4 Y104.062
G0 X93.18 Y104.062
G1 F3000 X96.079 Y93.241 E1774.22479
G0 F9000 X96.106 Y93.459
G0 X97.379 Y93.4
G0 X97.379 Y93.18
G1 F3000 X116.019 Y111.82 E1775.10156
G1 X115.948 Y111.821
G1 X120.942 Y93.18 E1775.74343
G0 F9000 X120.942 Y93.4
G0 X122.834 Y93.4
G0 X122.834 Y93.18
G1 F3000 X141.82 Y112.166 E1776.63647
G0 F9000 X141.6 Y112.166
G0 X141.6 Y114.057
G0 X141.819 Y114.057
G1 F3000 X138.181 Y115.032 E1776.76174
G0 F9000 X138.4 Y115.032
G0 X138.4 Y117.011
G0 X138.18 Y117.011
G1 F3000 X141.82 Y120.651 E1776.93295
G0 F9000 X141.819 Y120.269
G1 F3000 X138.181 Y121.244 E1777.05823
G0 F9000 X138.18 Y121.577
G1 F3000 X141.82 Y107.991 E1777.52603
G1 X141.82 Y107.845
G1 X126.984 Y111.82 E1778.03689
G0 F9000 X126.984 Y111.6
G0 X128.371 Y111.6
G0 X128.371 Y111.821
G1 F3000 X133.366 Y93.18 E1778.67876
G0 F9000 X133.366 Y93.4
G0 X131.32 Y93.4
G0 X131.32 Y93.18
G1 F3000 X141.82 Y103.68 E1779.17265
G0 F9000 X141.6 Y103.68
G0 X141.6 Y101.633
G0 X141.82 Y101.633
G1 F3000 X103.802 Y111.82 E1780.48174
G0 F9000 X103.524 Y111.821
G1 F3000 X108.519 Y93.18 E1781.12361
G0 F9000 X108.519 Y93.4
G0 X105.864 Y93.4
G0 X105.864 Y93.18
G1 F3000 X124.504 Y111.82 E1782.00038
G0 F9000 X124.504 Y111.6
G0 X122.159 Y111.6
G0 X122.159 Y111.82
G1 F3000 X127.154 Y93.18 E1782.64223
G1 X127.005 Y93.18
G1 X93.18 Y102.243 E1783.80693
G0 F9000 X93.4 Y102.243
G0 X93.4 Y97.466
G0 X93.18 Y97.466
G1 F3000 X107.533 Y111.82 E1784.48208
G0 F9000 X107.533 Y111.6
G0 X109.736 Y111.6
G0 X109.736 Y111.821
G1 F3000 X114.731 Y93.18 E1785.12395
G0 F9000 X114.349 Y93.18
G1 F3000 X132.989 Y111.82 E1786.00072
G0 F9000 X132.989 Y111.6
G0 X134.582 Y111.6
G0 X134.582 Y111.821
G1 F3000 X139.527 Y93.368 E1786.63613
G0 F9000 X139.442 Y93.571
G0 X140.461 Y94.139
G0 X140.593 Y93.968
G1 F3000 X141.035 Y94.41 E1786.65692
G0 F9000 X140.862 Y94.541
G0 X141.428 Y95.555
G0 X141.631 Y95.472
G1 F3000 X93.181 Y108.454 E1788.32521
G0 F9000 X93.4 Y108.454
G0 X93.4 Y114.437
G0 X93.18 Y114.437
G1 F3000 X96.82 Y118.077 E1788.49643
G0 F9000 X96.6 Y118.077
G0 X96.6 Y119.903
G0 X96.819 Y119.903
G1 F3000 X93.181 Y120.878 E1788.6217
G0 F9000 X93.4 Y120.878
G0 X93.4 Y122.922
G0 X93.18 Y122.922
G1 F3000 X112.078 Y141.82 E1789.5106
G0 F9000 X112.078 Y141.6
G0 X114.121 Y141.6
G0 X114.121 Y141.821
G1 F3000 X119.116 Y123.18 E1790.15248
G0 F9000 X118.894 Y123.18
G1 F3000 X137.534 Y141.82 E1791.02925
G0 F9000 X137.534 Y141.6
G0 X138.96 Y141.532
G0 X138.987 Y141.748
G1 F3000 X141.82 Y131.175 E1791.39331
G0 F9000 X141.6 Y131.175
G0 X141.6 Y132.692
G0 X141.82 Y132.692
G1 F3000 X107.751 Y141.82 E1792.56642
G1 X107.909 Y141.82
G1 X112.904 Y123.18 E1793.20826
G0 F9000 X112.904 Y123.4
G0 X110.408 Y123.4
G0 X110.408 Y123.18
G1 F3000 X129.048 Y141.82 E1794.08503
G0 F9000 X129.048 Y141.6
G0 X130.935 Y141.6
G0 X130.935 Y141.82
G1 F3000 X141.756 Y138.92 E1794.45764
G0 F9000 X141.542 Y138.892
G0 X141.6 Y137.621
G0 X141.82 Y137.621
G1 F3000 X127.379 Y123.18 E1795.1369
G0 F9000 X127.379 Y123.4
G0 X125.327 Y123.4
G0 X125.327 Y123.179
G1 F3000 X120.332 Y141.821 E1795.7788
G0 F9000 X120.563 Y141.82
G1 F3000 X101.923 Y123.18 E1796.65557
G0 F9000 X101.923 Y123.4
G0 X100.481 Y123.4
G0 X100.481 Y123.18
G1 F3000 X95.53 Y141.654 E1797.2917
G0 F9000 X95.614 Y141.453
G0 X93.548 Y139.385
G0 X93.343 Y139.469
G1 F3000 X141.82 Y126.48 E1798.96093
G0 F9000 X141.6 Y126.48
G0 X141.6 Y129.136
G0 X141.82 Y129.136
G1 F3000 X135.864 Y123.18 E1799.24108
G0 F9000 X135.864 Y123.4
G0 X137.773 Y123.4
G0 X137.773 Y123.097
G1 F3000 X132.756 Y141.82 E1799.88578
G0 F9000 X132.756 Y141.6
G0 X126.544 Y141.6
G0 X126.544 Y141.82
G1 F3000 X131.539 Y123.18 E1800.52762
G0 F9000 X130.953 Y123.18
G1 F3000 X93.181 Y133.301 E1801.82824
G0 F9000 X93.4 Y133.301
G0 X93.4 Y131.407
G0 X93.18 Y131.407
G1 F3000 X103.593 Y141.82 E1802.31804
G0 F9000 X103.593 Y141.6
G0 X101.697 Y141.6
G0 X101.697 Y141.821
G1 F3000 X106.692 Y123.179 E1802.95994
G0 F9000 X106.692 Y123.4
G0 X107.773 Y123.4
G0 X107.773 Y123.18
G1 F3000 X93.18 Y127.09 E1803.46243
G1 X93.18 Y127.243
G1 X96.82 Y113.659 E1803.93018
G1 X96.819 Y113.691
G1 X93.181 Y114.666 E1804.05545
G0 F9000 X93.7 Y114.666
;MESH:NONMESH
G0 F300 X93.7 Y114.666 Z4.4
G0 F9000 X94.312 Y94.312
G0 X94.1 Y94.1
;TIME_ELAPSED:2321.416735
;LAYER:21
;TYPE:WALL-INNER
;MESH:singola_fenditura.stl
G1 F1500 X93.556 Y94.808 E1804.08514
G1 X93.221 Y95.613 E1804.11414
G1 X93.1 Y96.543 E1804.14534
G1 X93.1 Y138.457 E1805.5394
G1 X93.221 Y139.383 E1805.57046
G1 X93.556 Y140.188 E1805.59946
G1 X94.101 Y140.896 E1805.62918
G1 X94.808 Y141.443 E1805.65891
G1 X95.613 Y141.775 E1805.68787
G1 X96.544 Y141.9 E1805.71912
G1 X138.456 Y141.9 E1807.11311
G1 X139.383 Y141.775 E1807.14423
G1 X140.188 Y141.443 E1807.17319
G1 X140.896 Y140.896 E1807.20294
G1 X141.443 Y140.188 E1807.2327
G1 X141.775 Y139.383 E1807.26166
G1 X141.9 Y138.456 E1807.29278
G1 X141.9 Y96.544 E1808.68677
G1 X141.775 Y95.613 E1808.71802
G1 X141.443 Y94.808 E1808.74698
G1 X140.896 Y94.101 E1808.77671
G1 X140.188 Y93.556 E1808.80643
G1 X139.383 Y93.221 E1808.83543
G1 X138.457 Y93.1 E1808.86649
G1 X96.543 Y93.1 E1810.26055
G1 X95.613 Y93.221 E1810.29175
G1 X94.808 Y93.556 E1810.32075
G1 X94.1 Y94.1 E1810.35044
G0 F9000 X94.312 Y94.312
G0 X97.14 Y111.6
G0 X97.14 Y112.02
G1 F1500 X97.421 Y111.9 E1810.36061
G1 X137.579 Y111.9 E1811.69627
G1 X137.86 Y112.02 E1811.70643
G1 X137.981 Y112.139 E1811.71207
G1 X138.068 Y112.305 E1811.71831
G1 X138.1 Y112.5 E1811.72488
G1 X138.1 Y122.574 E1812.05994
G1 X137.981 Y122.86 E1812.07025
G1 X137.86 Y122.98 E1812.07591
G1 X137.579 Y123.1 E1812.08608
G1 X97.421 Y123.1 E1813.42174
G1 X97.14 Y122.98 E1813.4319
G1 X97.019 Y122.86 E1813.43757
G1 X96.932 Y122.695 E1813.44377
G1 X96.9 Y122.5 E1813.45034
G1 X96.9 Y112.5 E1813.78295
G1 X96.932 Y112.305 E1813.78952
G1 X97.02 Y112.14 E1813.79574
G1 X97.14 Y112.02 E1813.80138
G0 F9000 X97.38 Y112.34
;TYPE:WALL-OUTER
G1 F1500 X97.463 Y112.303 E1813.8044
G1 X137.537 Y112.303 E1815.13727
G1 X137.62 Y112.34 E1815.14029
G1 X137.7 Y112.449 E1815.14479
G1 X137.698 Y122.535 E1815.48025
G1 X137.661 Y122.62 E1815.48334
G1 X137.537 Y122.697 E1815.48819
G1 X97.463 Y122.697 E1816.82106
G1 X97.38 Y122.66 E1816.82408
G1 X97.3 Y122.551 E1816.82858
G1 X97.3 Y112.449 E1817.16457
G1 X97.38 Y112.34 E1817.16907
G1 F2700 E1812.16907
G0 F9000 X97.38 Y111.6
G0 X94.312 Y94.312
G0 X93.815 Y93.815
G1 F2700 E1817.16907
G1 F1500 X93.207 Y94.606 E1817.20225
G1 X92.831 Y95.509 E1817.23478
G1 X92.7 Y96.517 E1817.26859
G1 X92.7 Y138.483 E1818.66439
G1 X92.831 Y139.487 E1818.69806
G1 X93.207 Y140.39 E1818.7306
G1 X93.815 Y141.181 E1818.76378
G1 X94.606 Y141.793 E1818.79704
G1 X95.509 Y142.165 E1818.82953
G1 X96.518 Y142.3 E1818.86338
G1 X138.482 Y142.3 E1820.25911
G1 X139.487 Y142.165 E1820.29284
G1 X140.39 Y141.793 E1820.32532
G1 X141.181 Y141.181 E1820.35859
G1 X141.793 Y140.39 E1820.39185
G1 X142.165 Y139.487 E1820.42433
G1 X142.3 Y138.482 E1820.45806
G1 X142.3 Y96.518 E1821.85379
G1 X142.165 Y95.509 E1821.88765
G1 X141.793 Y94.606 E1821.92013
G1 X141.181 Y93.815 E1821.95339
G1 X140.39 Y93.207 E1821.98657
G1 X139.487 Y92.831 E1822.01911
G1 X138.483 Y92.7 E1822.05278
G1 X96.517 Y92.7 E1823.44858
G1 X95.509 Y92.831 E1823.48239
G1 X94.606 Y93.207 E1823.51492
G1 X93.815 Y93.815 E1823.5481
G0 F9000 X94.312 Y94.312
G0 X95.954 Y93.479
G0 X95.927 Y93.261
;TYPE:FILL
G1 F3000 X93.18 Y103.513 E1823.90111
G0 F9000 X93.4 Y103.513
G0 X93.4 Y102.39
G0 X93.181 Y102.39
G1 F3000 X127.554 Y93.18 E1825.08469
G0 F9000 X127.007 Y93.18
G1 F3000 X122.012 Y111.82 E1825.72654
G0 F9000 X122.012 Y111.6
G0 X124.705 Y111.6
G0 X124.705 Y111.82
G1 F3000 X106.065 Y93.18 E1826.6033
G0 F9000 X106.065 Y93.4
G0 X104.371 Y93.4
G0 X104.371 Y93.18
G1 F3000 X93.231 Y96.165 E1826.98689
G0 F9000 X93.447 Y96.193
G0 X93.4 Y97.265
G0 X93.18 Y97.265
G1 F3000 X107.734 Y111.82 E1827.67149
G0 F9000 X107.734 Y111.6
G0 X109.589 Y111.6
G0 X109.589 Y111.821
G1 F3000 X114.584 Y93.179 E1828.3134
G1 X114.55 Y93.18
G1 X133.19 Y111.82 E1829.19017
G0 F9000 X133.19 Y111.6
G0 X134.435 Y111.6
G0 X134.435 Y111.821
G1 F3000 X139.395 Y93.313 E1829.82747
G0 F9000 X139.31 Y93.516
G0 X141.483 Y95.688
G0 X141.685 Y95.605
G1 F3000 X93.181 Y108.601 E1831.49762
G0 F9000 X93.4 Y108.601
G0 X93.4 Y105.751
G0 X93.18 Y105.751
G1 F3000 X99.249 Y111.82 E1831.78309
G0 F9000 X99.249 Y111.6
G0 X97.133 Y111.6
G0 X97.133 Y111.943
G1 F3000 X102.16 Y93.18 E1832.42916
G0 F9000 X102.16 Y93.4
G0 X97.579 Y93.4
G0 X97.579 Y93.18
G1 F3000 X116.219 Y111.82 E1833.30593
G0 F9000 X115.801 Y111.821
G1 F3000 X120.795 Y93.18 E1833.94779
G0 F9000 X120.795 Y93.4
G0 X123.035 Y93.4
G0 X123.035 Y93.18
G1 F3000 X141.82 Y111.965 E1834.83138
G0 F9000 X141.6 Y111.965
G0 X141.6 Y114.204
G0 X141.82 Y114.204
G1 F3000 X138.18 Y115.179 E1834.95672
G0 F9000 X138.4 Y115.179
G0 X138.4 Y116.81
G0 X138.18 Y116.81
G1 F3000 X141.82 Y120.45 E1835.12793
G1 X141.819 Y120.416
G1 X138.181 Y121.391 E1835.2532
G0 F9000 X138.18 Y121.029
G1 F3000 X141.82 Y107.443 E1835.72101
G0 F9000 X141.82 Y107.992
G1 F3000 X127.533 Y111.82 E1836.21296
G0 F9000 X128.224 Y111.821
G1 F3000 X133.219 Y93.18 E1836.85484
G0 F9000 X133.219 Y93.4
G0 X131.52 Y93.4
G0 X131.52 Y93.18
G1 F3000 X141.82 Y103.479 E1837.33929
G0 F9000 X141.6 Y103.479
G0 X141.6 Y101.78
G0 X141.82 Y101.78
G1 F3000 X104.351 Y111.82 E1838.62948
G0 F9000 X103.377 Y111.821
G1 F3000 X108.372 Y93.18 E1839.27135
G0 F9000 X108.372 Y93.4
G0 X96.672 Y111.672
G0 X96.6 Y113.11
G0 X96.82 Y113.11
G1 F3000 X93.18 Y126.695 E1839.73913
G0 F9000 X93.18 Y127.237
G1 F3000 X108.32 Y123.18 E1840.26046
G0 F9000 X108.32 Y123.4
G0 X106.545 Y123.4
G0 X106.545 Y123.179
G1 F3000 X101.55 Y141.821 E1840.90236
G0 F9000 X101.55 Y141.6
G0 X103.793 Y141.6
G0 X103.793 Y141.82
G1 F3000 X93.18 Y131.206 E1841.40159
G0 F9000 X93.4 Y131.206
G0 X93.4 Y133.448
G0 X93.181 Y133.448
G1 F3000 X131.502 Y123.18 E1842.72111
G1 X131.392 Y123.18
G1 X126.397 Y141.82 E1843.36295
G0 F9000 X126.397 Y141.6
G0 X129.249 Y141.6
G0 X129.249 Y141.82
G1 F3000 X110.609 Y123.18 E1844.23972
G0 F9000 X110.609 Y123.4
G0 X112.757 Y123.4
G0 X112.757 Y123.18
G1 F3000 X107.762 Y141.82 E1844.88157
G0 F9000 X108.3 Y141.82
G1 F3000 X141.82 Y132.839 E1846.03577
G0 F9000 X141.6 Y132.839
G0 X141.6 Y130.627
G0 X141.82 Y130.627
G1 F3000 X138.834 Y141.77 E1846.41946
G0 F9000 X138.807 Y141.552
G0 X137.735 Y141.6
G0 X137.735 Y141.82
G1 F3000 X119.094 Y123.18 E1847.29625
G1 X118.969 Y123.18
G1 X113.974 Y141.821 E1847.93813
G0 F9000 X113.974 Y141.6
G0 X112.279 Y141.6
G0 X112.279 Y141.82
G1 F3000 X93.18 Y122.721 E1848.83649
G0 F9000 X93.4 Y122.721
G0 X93.4 Y121.025
G0 X93.181 Y121.025
G1 F3000 X96.819 Y120.05 E1848.96176
G0 F9000 X96.6 Y120.05
G0 X96.6 Y117.876
G0 X96.82 Y117.876
G1 F3000 X93.18 Y114.236 E1849.13297
G0 F9000 X93.181 Y114.813
G1 F3000 X96.82 Y113.838 E1849.25828
G0 F9000 X96.6 Y113.838
G0 X96.672 Y123.328
G0 X100.334 Y123.4
G0 X100.334 Y123.179
G1 F3000 X95.398 Y141.599 E1849.89254
G0 F9000 X94.869 Y141.381
G1 F3000 X93.619 Y140.131 E1849.95134
G0 F9000 X93.398 Y139.602
G1 F3000 X141.82 Y126.627 E1851.61868
G0 F9000 X141.6 Y126.627
G0 X141.6 Y128.935
G0 X141.82 Y128.935
G1 F3000 X136.065 Y123.18 E1851.88937
G0 F9000 X136.065 Y123.4
G0 X137.607 Y123.4
G0 X137.607 Y123.167
G1 F3000 X132.609 Y141.82 E1852.53166
G0 F9000 X132.609 Y141.6
G0 X131.484 Y141.6
G0 X131.484 Y141.82
G1 F3000 X141.736 Y139.073 E1852.88467
G0 F9000 X141.522 Y139.045
G0 X141.6 Y137.421
G0 X141.82 Y137.421
G1 F3000 X127.58 Y123.18 E1853.5545
G0 F9000 X127.58 Y123.4
G0 X125.18 Y123.4
G0 X125.18 Y123.179
G1 F3000 X120.185 Y141.821 E1854.19641
G0 F9000 X120.764 Y141.82
G1 F3000 X102.124 Y123.18 E1855.07318
G0 F9000 X102.124 Y123.7
G1 F2700 E1850.07318
;MESH:NONMESH
G0 F300 X102.124 Y123.7 Z4.6
G0 F9000 X96.672 Y123.328
G0 X94.312 Y94.312
G0 X94.1 Y94.1
;TIME_ELAPSED:2376.093304
;LAYER:22
;TYPE:WALL-INNER
;MESH:singola_fenditura.stl
G1 F2700 E1855.07318
G1 F1500 X93.556 Y94.808 E1855.10287
G1 X93.221 Y95.613 E1855.13187
G1 X93.1 Y96.543 E1855.16307
G1 X93.1 Y138.457 E1856.55713
G1 X93.221 Y139.383 E1856.58819
G1 X93.556 Y140.188 E1856.61719
G1 X94.101 Y140.896 E1856.64691
G1 X94.808 Y141.443 E1856.67664
G1 X95.613 Y141.775 E1856.7056
G1 X96.544 Y141.9 E1856.73685
G1 X138.456 Y141.9 E1858.13085
G1 X139.383 Y141.775 E1858.16196
G1 X140.188 Y141.443 E1858.19092
G1 X140.896 Y140.896 E1858.22068
G1 X141.443 Y140.188 E1858.25043
G1 X141.775 Y139.383 E1858.2794
G1 X141.9 Y138.456 E1858.31051
G1 X141.9 Y96.544 E1859.70451
G1 X141.775 Y95.613 E1859.73575
G1 X141.443 Y94.808 E1859.76471
G1 X140.896 Y94.101 E1859.79444
G1 X140.188 Y93.556 E1859.82416
G1 X139.383 Y93.221 E1859.85316
G1 X138.457 Y93.1 E1859.88422
G1 X96.543 Y93.1 E1861.27829
G1 X95.613 Y93.221 E1861.30948
G1 X94.808 Y93.556 E1861.33848
G1 X94.1 Y94.1 E1861.36817
G0 F9000 X94.312 Y94.312
G0 X97.14 Y111.6
G0 X97.14 Y112.02
G1 F1500 X97.421 Y111.9 E1861.37834
G1 X137.579 Y111.9 E1862.714
G1 X137.86 Y112.02 E1862.72416
G1 X137.981 Y112.139 E1862.72981
G1 X138.068 Y112.305 E1862.73604
G1 X138.1 Y112.5 E1862.74261
G1 X138.1 Y122.574 E1863.07767
G1 X137.981 Y122.86 E1863.08798
G1 X137.86 Y122.98 E1863.09364
G1 X137.579 Y123.1 E1863.10381
G1 X97.421 Y123.1 E1864.43947
G1 X97.14 Y122.98 E1864.44963
G1 X97.019 Y122.86 E1864.4553
G1 X96.932 Y122.695 E1864.4615
G1 X96.9 Y122.5 E1864.46808
G1 X96.9 Y112.5 E1864.80068
G1 X96.932 Y112.305 E1864.80725
G1 X97.02 Y112.14 E1864.81347
G1 X97.14 Y112.02 E1864.81911
G0 F9000 X97.38 Y112.34
;TYPE:WALL-OUTER
G1 F1500 X97.463 Y112.303 E1864.82214
G1 X137.537 Y112.303 E1866.155
G1 X137.62 Y112.34 E1866.15802
G1 X137.7 Y112.449 E1866.16252
G1 X137.698 Y122.535 E1866.49798
G1 X137.661 Y122.62 E1866.50107
G1 X137.537 Y122.697 E1866.50592
G1 X97.463 Y122.697 E1867.83879
G1 X97.38 Y122.66 E1867.84181
G1 X97.3 Y122.551 E1867.84631
G1 X97.3 Y112.449 E1868.1823
G1 X97.38 Y112.34 E1868.1868
G1 F2700 E1863.1868
G0 F9000 X97.38 Y111.6
G0 X94.312 Y94.312
G0 X93.815 Y93.815
G1 F2700 E1868.1868
G1 F1500 X93.207 Y94.606 E1868.21998
G1 X92.831 Y95.509 E1868.25251
G1 X92.7 Y96.517 E1868.28632
G1 X92.7 Y138.483 E1869.68212
G1 X92.831 Y139.487 E1869.71579
G1 X93.207 Y140.39 E1869.74833
G1 X93.815 Y141.181 E1869.78151
G1 X94.606 Y141.793 E1869.81477
G1 X95.509 Y142.165 E1869.84726
G1 X96.518 Y142.3 E1869.88111
G1 X138.482 Y142.3 E1871.27684
G1 X139.487 Y142.165 E1871.31057
G1 X140.39 Y141.793 E1871.34305
G1 X141.181 Y141.181 E1871.37632
G1 X141.793 Y140.39 E1871.40958
G1 X142.165 Y139.487 E1871.44206
G1 X142.3 Y138.482 E1871.47579
G1 X142.3 Y96.518 E1872.87152
G1 X142.165 Y95.509 E1872.90538
G1 X141.793 Y94.606 E1872.93786
G1 X141.181 Y93.815 E1872.97112
G1 X140.39 Y93.207 E1873.00431
G1 X139.487 Y92.831 E1873.03684
G1 X138.483 Y92.7 E1873.07052
G1 X96.517 Y92.7 E1874.46631
G1 X95.509 Y92.831 E1874.50012
G1 X94.606 Y93.207 E1874.53265
G1 X93.815 Y93.815 E1874.56583
G0 F9000 X94.312 Y94.312
G0 X95.803 Y93.499
G0 X95.776 Y93.28
;TYPE:FILL
G1 F3000 X93.18 Y102.968 E1874.89943
G0 F9000 X93.18 Y102.536
G1 F3000 X128.099 Y93.18 E1876.1018
G0 F9000 X128.099 Y93.4
G0 X126.861 Y93.4
G0 X126.861 Y93.18
G1 F3000 X121.866 Y111.82 E1876.74365
G0 F9000 X121.866 Y111.6
G0 X124.904 Y111.6
G0 X124.904 Y111.82
G1 F3000 X106.264 Y93.18 E1877.62041
G0 F9000 X106.264 Y93.4
G0 X104.917 Y93.4
G0 X104.917 Y93.18
G1 F3000 X93.212 Y96.316 E1878.02345
G0 F9000 X93.18 Y97.066
G1 F3000 X107.933 Y111.82 E1878.71741
G0 F9000 X107.933 Y111.6
G0 X109.443 Y111.6
G0 X109.443 Y111.821
G1 F3000 X114.438 Y93.18 E1879.35929
G0 F9000 X114.749 Y93.18
G1 F3000 X133.389 Y111.82 E1880.23606
G0 F9000 X134.289 Y111.821
G1 F3000 X139.256 Y93.285 E1880.87432
G0 F9000 X139.228 Y93.502
G0 X141.497 Y95.771
G0 X141.712 Y95.744
G1 F3000 X93.181 Y108.747 E1882.5454
G0 F9000 X93.4 Y108.747
G0 X93.4 Y105.551
G0 X93.18 Y105.551
G1 F3000 X99.448 Y111.82 E1882.84025
G0 F9000 X99.448 Y111.6
G0 X96.672 Y111.672
G0 X96.6 Y112.135
G0 X96.935 Y112.135
G1 F3000 X102.014 Y93.18 E1883.49294
G0 F9000 X102.014 Y93.4
G0 X97.779 Y93.4
G0 X97.779 Y93.18
G1 F3000 X116.419 Y111.82 E1884.3697
G0 F9000 X115.654 Y111.821
G1 F3000 X120.649 Y93.179 E1885.01161
G0 F9000 X120.649 Y93.4
G0 X123.235 Y93.4
G0 X123.235 Y93.18
G1 F3000 X141.82 Y111.765 E1885.88579
G0 F9000 X141.6 Y111.765
G0 X141.6 Y114.35
G0 X141.819 Y114.35
G1 F3000 X138.181 Y115.325 E1886.01106
G0 F9000 X138.4 Y115.325
G0 X138.4 Y116.61
G0 X138.18 Y116.61
G1 F3000 X141.82 Y120.251 E1886.1823
G0 F9000 X141.82 Y120.561
G1 F3000 X138.18 Y121.537 E1886.30764
G0 F9000 X138.4 Y121.537
G0 X138.4 Y120.483
G0 X138.18 Y120.483
G1 F3000 X141.82 Y106.898 E1886.77542
G0 F9000 X141.6 Y106.898
G0 X141.6 Y108.138
G0 X141.82 Y108.138
G1 F3000 X128.077 Y111.82 E1887.24864
G1 X128.078 Y111.82
G1 X133.073 Y93.18 E1887.89048
G0 F9000 X133.073 Y93.4
G0 X131.72 Y93.4
G0 X131.72 Y93.18
G1 F3000 X141.82 Y103.28 E1888.36555
G0 F9000 X141.6 Y103.28
G0 X141.6 Y101.926
G0 X141.82 Y101.926
G1 F3000 X104.895 Y111.82 E1889.63701
G0 F9000 X104.895 Y111.6
G0 X103.231 Y111.6
G0 X103.231 Y111.821
G1 F3000 X108.226 Y93.18 E1890.27888
G0 F9000 X108.226 Y93.4
G0 X96.672 Y111.672
G0 X96.6 Y112.565
G0 X96.82 Y112.565
G1 F3000 X93.18 Y126.15 E1890.74666
G0 F9000 X93.4 Y126.15
G0 X93.4 Y127.382
G0 X93.181 Y127.382
G1 F3000 X108.866 Y123.18 E1891.28674
G0 F9000 X108.866 Y123.4
G0 X110.809 Y123.4
G0 X110.809 Y123.18
G1 F3000 X129.449 Y141.82 E1892.16351
G0 F9000 X129.449 Y141.6
G0 X132.028 Y141.6
G0 X132.028 Y141.82
G1 F3000 X141.716 Y139.224 E1892.4971
G0 F9000 X141.502 Y139.196
G0 X141.6 Y137.221
G0 X141.82 Y137.221
G1 F3000 X127.779 Y123.18 E1893.15755
G0 F9000 X127.779 Y123.4
G0 X125.034 Y123.4
G0 X125.034 Y123.179
G1 F3000 X120.039 Y141.821 E1893.79945
G0 F9000 X120.963 Y141.82
G1 F3000 X102.323 Y123.18 E1894.67622
G0 F9000 X102.323 Y123.4
G0 X100.188 Y123.4
G0 X100.188 Y123.18
G1 F3000 X95.267 Y141.545 E1895.30859
G1 X95.209 Y141.522
G1 X93.477 Y139.789 E1895.39008
G1 X93.453 Y139.733
G1 X141.82 Y126.773 E1897.05553
G0 F9000 X141.6 Y126.773
G0 X141.6 Y128.736
G0 X141.82 Y128.736
G1 F3000 X136.264 Y123.18 E1897.31686
G0 F9000 X136.264 Y123.4
G0 X137.457 Y123.4
G0 X137.457 Y123.18
G1 F3000 X132.463 Y141.82 E1897.9587
G0 F9000 X132.463 Y141.6
G0 X137.934 Y141.6
G0 X137.934 Y141.82
G1 F3000 X119.294 Y123.18 E1898.83547
G0 F9000 X118.823 Y123.18
G1 F3000 X113.828 Y141.82 E1899.47731
G0 F9000 X113.828 Y141.6
G0 X112.478 Y141.6
G0 X112.478 Y141.82
G1 F3000 X93.18 Y122.522 E1900.38503
G0 F9000 X93.4 Y122.522
G0 X93.4 Y121.171
G0 X93.18 Y121.171
G1 F3000 X96.819 Y120.196 E1900.51033
G0 F9000 X96.6 Y120.196
G0 X96.6 Y117.677
G0 X96.82 Y117.677
G1 F3000 X93.18 Y114.037 E1900.68154
G0 F9000 X93.181 Y114.959
G1 F3000 X96.819 Y113.984 E1900.80681
G0 F9000 X96.6 Y113.984
G0 X96.672 Y123.328
G0 X106.399 Y123.4
G0 X106.399 Y123.179
G1 F3000 X101.404 Y141.821 E1901.44872
G0 F9000 X101.404 Y141.6
G0 X103.993 Y141.6
G0 X103.993 Y141.82
G1 F3000 X93.18 Y131.007 E1901.95733
G0 F9000 X93.4 Y131.007
G0 X93.4 Y133.594
G0 X93.181 Y133.594
G1 F3000 X132.047 Y123.18 E1903.29562
G0 F9000 X131.246 Y123.18
G1 F3000 X126.251 Y141.821 E1903.9375
G0 F9000 X126.251 Y141.6
G0 X138.656 Y141.572
G0 X138.683 Y141.79
G1 F3000 X141.82 Y130.082 E1904.34064
G0 F9000 X141.6 Y130.082
G0 X141.6 Y132.985
G0 X141.819 Y132.985
G1 F3000 X108.845 Y141.82 E1905.47605
G0 F9000 X108.845 Y141.6
G0 X107.616 Y141.6
G0 X107.616 Y141.821
G1 F3000 X112.611 Y123.179 E1906.11795
G0 F9000 X112.611 Y123.7
G1 F2700 E1901.11795
;MESH:NONMESH
G0 F300 X112.611 Y123.7 Z4.8
G0 F9000 X96.672 Y123.328
G0 X94.312 Y94.312
G0 X94.1 Y94.1
;TIME_ELAPSED:2431.901416
;LAYER:23
;TYPE:WALL-INNER
;MESH:singola_fenditura.stl
G1 F2700 E1906.11795
G1 F1500 X93.556 Y94.808 E1906.14765
G1 X93.221 Y95.613 E1906.17665
G1 X93.1 Y96.543 E1906.20784
G1 X93.1 Y138.457 E1907.60191
G1 X93.221 Y139.383 E1907.63297
G1 X93.556 Y140.188 E1907.66197
G1 X94.101 Y140.896 E1907.69169
G1 X94.808 Y141.443 E1907.72142
G1 X95.613 Y141.775 E1907.75038
G1 X96.544 Y141.9 E1907.78162
G1 X138.456 Y141.9 E1909.17562
G1 X139.383 Y141.775 E1909.20673
G1 X140.188 Y141.443 E1909.23569
G1 X140.896 Y140.896 E1909.26545
G1 X141.443 Y140.188 E1909.29521
G1 X141.775 Y139.383 E1909.32417
G1 X141.9 Y138.456 E1909.35528
G1 X141.9 Y96.544 E1910.74928
G1 X141.775 Y95.613 E1910.78052
G1 X141.443 Y94.808 E1910.80949
G1 X140.896 Y94.101 E1910.83922
G1 X140.188 Y93.556 E1910.86893
G1 X139.383 Y93.221 E1910.89793
G1 X138.457 Y93.1 E1910.929
G1 X96.543 Y93.1 E1912.32306
G1 X95.613 Y93.221 E1912.35425
G1 X94.808 Y93.556 E1912.38325
G1 X94.1 Y94.1 E1912.41295
G0 F9000 X94.312 Y94.312
G0 X97.14 Y111.6
G0 X97.14 Y112.02
G1 F1500 X97.421 Y111.9 E1912.42311
G1 X137.579 Y111.9 E1913.75877
G1 X137.86 Y112.02 E1913.76894
G1 X137.981 Y112.139 E1913.77458
G1 X138.068 Y112.305 E1913.78081
G1 X138.1 Y112.5 E1913.78739
G1 X138.1 Y122.574 E1914.12245
G1 X137.981 Y122.86 E1914.13275
G1 X137.86 Y122.98 E1914.13842
G1 X137.579 Y123.1 E1914.14858
G1 X97.421 Y123.1 E1915.48424
G1 X97.14 Y122.98 E1915.49441
G1 X97.019 Y122.86 E1915.50007
G1 X96.932 Y122.695 E1915.50628
G1 X96.9 Y122.5 E1915.51285
G1 X96.9 Y112.5 E1915.84545
G1 X96.932 Y112.305 E1915.85202
G1 X97.02 Y112.14 E1915.85824
G1 X97.14 Y112.02 E1915.86389
G0 F9000 X97.38 Y112.34
;TYPE:WALL-OUTER
G1 F1500 X97.463 Y112.303 E1915.86691
G1 X137.537 Y112.303 E1917.19978
G1 X137.62 Y112.34 E1917.2028
G1 X137.7 Y112.449 E1917.2073
G1 X137.698 Y122.535 E1917.54276
G1 X137.661 Y122.62 E1917.54584
G1 X137.537 Y122.697 E1917.5507
G1 X97.463 Y122.697 E1918.88356
G1 X97.38 Y122.66 E1918.88659
G1 X97.3 Y122.551 E1918.89108
G1 X97.3 Y112.449 E1919.22708
G1 X97.38 Y112.34 E1919.23157
G1 F2700 E1914.23157
G0 F9000 X97.38 Y111.6
G0 X94.312 Y94.312
G0 X93.815 Y93.815
G1 F2700 E1919.23157
G1 F1500 X93.207 Y94.606 E1919.26476
G1 X92.831 Y95.509 E1919.29729
G1 X92.7 Y96.517 E1919.3311
G1 X92.7 Y138.483 E1920.72689
G1 X92.831 Y139.487 E1920.76057
G1 X93.207 Y140.39 E1920.7931
G1 X93.815 Y141.181 E1920.82629
G1 X94.606 Y141.793 E1920.85955
G1 X95.509 Y142.165 E1920.89203
G1 X96.518 Y142.3 E1920.92589
G1 X138.482 Y142.3 E1922.32162
G1 X139.487 Y142.165 E1922.35535
G1 X140.39 Y141.793 E1922.38783
G1 X141.181 Y141.181 E1922.42109
G1 X141.793 Y140.39 E1922.45436
G1 X142.165 Y139.487 E1922.48684
G1 X142.3 Y138.482 E1922.52057
G1 X142.3 Y96.518 E1923.91629
G1 X142.165 Y95.509 E1923.95015
G1 X141.793 Y94.606 E1923.98263
G1 X141.181 Y93.815 E1924.0159
G1 X140.39 Y93.207 E1924.04908
G1 X139.487 Y92.831 E1924.08161
G1 X138.483 Y92.7 E1924.11529
G1 X96.517 Y92.7 E1925.51109
G1 X95.509 Y92.831 E1925.54489
G1 X94.606 Y93.207 E1925.57743
G1 X93.815 Y93.815 E1925.61061
G0 F9000 X94.312 Y94.312
G0 X95.699 Y93.511
G0 X95.623 Y93.303
;TYPE:FILL
G1 F3000 X93.18 Y102.42 E1925.92454
G0 F9000 X93.18 Y102.683
G1 F3000 X128.647 Y93.18 E1927.14579
G0 F9000 X128.647 Y93.4
G0 X126.714 Y93.4
G0 X126.714 Y93.18
G1 F3000 X121.719 Y111.82 E1927.78763
G0 F9000 X121.719 Y111.6
G0 X125.105 Y111.6
G0 X125.105 Y111.82
G1 F3000 X106.465 Y93.18 E1928.6644
G0 F9000 X106.465 Y93.4
G0 X105.464 Y93.4
G0 X105.464 Y93.18
G1 F3000 X93.191 Y96.468 E1929.087
G0 F9000 X93.18 Y96.865
G1 F3000 X108.134 Y111.82 E1929.79041
G0 F9000 X108.134 Y111.6
G0 X109.296 Y111.6
G0 X109.296 Y111.821
G1 F3000 X114.291 Y93.18 E1930.43228
G0 F9000 X114.95 Y93.18
G1 F3000 X133.59 Y111.82 E1931.30905
G0 F9000 X134.142 Y111.821
G1 F3000 X139.114 Y93.266 E1931.94797
G0 F9000 X139.086 Y93.484
G0 X141.515 Y95.913
G0 X141.73 Y95.886
G1 F3000 X93.181 Y108.894 E1933.61967
G0 F9000 X93.4 Y108.894
G0 X93.4 Y105.35
G0 X93.18 Y105.35
G1 F3000 X99.649 Y111.82 E1933.92397
G0 F9000 X99.649 Y111.6
G0 X103.084 Y111.6
G0 X103.084 Y111.821
G1 F3000 X108.079 Y93.18 E1934.56585
G0 F9000 X108.079 Y93.4
G0 X101.867 Y93.4
G0 X101.867 Y93.18
G1 F3000 X93.18 Y125.602 E1935.68225
G0 F9000 X93.4 Y125.602
G0 X93.4 Y127.529
G0 X93.181 Y127.529
G1 F3000 X109.414 Y123.18 E1936.2412
G0 F9000 X109.414 Y123.4
G0 X111.009 Y123.4
G0 X111.009 Y123.18
G1 F3000 X129.649 Y141.82 E1937.11797
G0 F9000 X129.649 Y141.6
G0 X132.316 Y141.6
G0 X132.316 Y141.82
G1 F3000 X137.31 Y123.18 E1937.7598
G0 F9000 X136.465 Y123.18
G1 F3000 X141.82 Y128.535 E1938.01168
G0 F9000 X141.82 Y129.533
G1 F3000 X138.53 Y141.81 E1938.43443
G0 F9000 X138.135 Y141.82
G1 F3000 X119.495 Y123.18 E1939.3112
G0 F9000 X118.676 Y123.18
G1 F3000 X113.681 Y141.821 E1939.95307
G0 F9000 X113.681 Y141.6
G0 X112.679 Y141.6
G0 X112.679 Y141.82
G1 F3000 X93.18 Y122.321 E1940.87024
G0 F9000 X93.4 Y122.321
G0 X93.4 Y121.318
G0 X93.18 Y121.318
G1 F3000 X96.819 Y120.343 E1940.99555
G0 F9000 X96.6 Y120.343
G0 X96.6 Y117.476
G0 X96.82 Y117.476
G1 F3000 X93.18 Y113.836 E1941.16676
G0 F9000 X93.4 Y113.836
G0 X93.4 Y115.106
G0 X93.181 Y115.106
G1 F3000 X96.819 Y114.131 E1941.29203
G0 F9000 X96.6 Y114.131
G0 X96.672 Y111.672
G0 X105.444 Y111.6
G0 X105.444 Y111.82
G1 F3000 X141.82 Y102.073 E1942.54458
G0 F9000 X141.6 Y102.073
G0 X141.6 Y103.079
G0 X141.82 Y103.079
G1 F3000 X131.921 Y93.18 E1943.0102
G0 F9000 X131.921 Y93.4
G0 X132.926 Y93.4
G0 X132.926 Y93.18
G1 F3000 X127.931 Y111.821 E1943.65208
G0 F9000 X128.626 Y111.82
G1 F3000 X141.82 Y108.285 E1944.10639
G0 F9000 X141.6 Y108.285
G0 X141.6 Y106.35
G0 X141.82 Y106.35
G1 F3000 X138.18 Y119.935 E1944.57416
G0 F9000 X138.4 Y119.935
G0 X138.4 Y121.684
G0 X138.18 Y121.684
G1 F3000 X141.82 Y120.708 E1944.69951
G0 F9000 X141.82 Y120.05
G1 F3000 X138.18 Y116.41 E1944.87072
G0 F9000 X138.181 Y115.472
G1 F3000 X141.819 Y114.497 E1944.99599
G0 F9000 X141.6 Y114.497
G0 X141.6 Y111.564
G0 X141.82 Y111.564
G1 F3000 X123.435 Y93.18 E1945.86074
G0 F9000 X123.435 Y93.4
G0 X120.502 Y93.4
G0 X120.502 Y93.179
G1 F3000 X115.507 Y111.821 E1946.50265
G0 F9000 X115.507 Y111.6
G0 X116.62 Y111.6
G0 X116.62 Y111.82
G1 F3000 X97.98 Y93.18 E1947.37942
G1 F2700 E1942.37942
G0 F9000 X97.98 Y93.4
G0 X96.672 Y111.672
G0 X96.672 Y123.328
G0 X100.041 Y123.4
G0 X100.041 Y123.18
G1 F2700 E1947.37942
G1 F3000 X95.134 Y141.49 E1948.0099
G0 F9000 X95.551 Y141.662
G1 F3000 X93.333 Y139.445 E1948.11421
G0 F9000 X93.508 Y139.865
G1 F3000 X141.82 Y126.92 E1949.77775
G0 F9000 X141.6 Y126.92
G0 X141.6 Y133.132
G0 X141.819 Y133.132
G1 F3000 X109.393 Y141.82 E1950.89429
G0 F9000 X109.393 Y141.6
G0 X107.469 Y141.6
G0 X107.469 Y141.82
G1 F3000 X112.464 Y123.179 E1951.53616
G0 F9000 X112.464 Y123.4
G0 X106.252 Y123.4
G0 X106.252 Y123.179
G1 F3000 X101.257 Y141.821 E1952.17807
G0 F9000 X101.257 Y141.6
G0 X104.194 Y141.6
G0 X104.194 Y141.82
G1 F3000 X93.18 Y130.806 E1952.69613
G0 F9000 X93.4 Y130.806
G0 X93.4 Y133.741
G0 X93.181 Y133.741
G1 F3000 X132.595 Y123.18 E1954.05329
G0 F9000 X132.595 Y123.4
G0 X131.099 Y123.4
G0 X131.099 Y123.18
G1 F3000 X126.104 Y141.821 E1954.69517
G0 F9000 X126.104 Y141.6
G0 X121.164 Y141.6
G0 X121.164 Y141.82
G1 F3000 X102.524 Y123.18 E1955.57194
G0 F9000 X102.524 Y123.4
G0 X124.887 Y123.4
G0 X124.887 Y123.179
G1 F3000 X119.892 Y141.821 E1956.21384
G0 F9000 X119.892 Y141.6
G0 X132.577 Y141.6
G0 X132.577 Y141.82
G1 F3000 X141.691 Y139.378 E1956.52767
G0 F9000 X141.491 Y139.294
G0 X141.6 Y137.02
G0 X141.82 Y137.02
G1 F3000 X127.98 Y123.18 E1957.17866
G0 F9000 X127.98 Y123.7
G1 F2700 E1952.17866
;MESH:NONMESH
G0 F300 X127.98 Y123.7 Z5
G0 F9000 X138.328 Y123.328
G0 X138.328 Y111.672
G0 X94.312 Y94.312
G0 X94.1 Y94.1
;TIME_ELAPSED:2488.829475
;LAYER:24
;TYPE:WALL-INNER
;MESH:singola_fenditura.stl
G1 F2700 E1957.17866
G1 F1500 X93.556 Y94.808 E1957.20836
G1 X93.221 Y95.613 E1957.23736
G1 X93.1 Y96.543 E1957.26855
G1 X93.1 Y138.457 E1958.66261
G1 X93.221 Y139.383 E1958.69368
G1 X93.556 Y140.188 E1958.72268
G1 X94.101 Y140.896 E1958.75239
G1 X94.808 Y141.443 E1958.78212
G1 X95.613 Y141.775 E1958.81109
G1 X96.544 Y141.9 E1958.84233
G1 X138.456 Y141.9 E1960.23633
G1 X139.383 Y141.775 E1960.26744
G1 X140.188 Y141.443 E1960.2964
G1 X140.896 Y140.896 E1960.32616
G1 X141.443 Y140.188 E1960.35592
G1 X141.775 Y139.383 E1960.38488
G1 X141.9 Y138.456 E1960.41599
G1 X141.9 Y96.544 E1961.80999
G1 X141.775 Y95.613 E1961.84123
G1 X141.443 Y94.808 E1961.87019
G1 X140.896 Y94.101 E1961.89992
G1 X140.188 Y93.556 E1961.92964
G1 X139.383 Y93.221 E1961.95864
G1 X138.457 Y93.1 E1961.9897
G1 X96.543 Y93.1 E1963.38377
G1 X95.613 Y93.221 E1963.41496
G1 X94.808 Y93.556 E1963.44396
G1 X94.1 Y94.1 E1963.47366
G0 F9000 X94.312 Y94.312
G0 X97.14 Y111.6
G0 X97.14 Y112.02
G1 F1500 X97.421 Y111.9 E1963.48382
G1 X137.579 Y111.9 E1964.81948
G1 X137.86 Y112.02 E1964.82964
G1 X137.981 Y112.139 E1964.83529
G1 X138.068 Y112.305 E1964.84152
G1 X138.1 Y112.5 E1964.84809
G1 X138.1 Y122.574 E1965.18316
G1 X137.981 Y122.86 E1965.19346
G1 X137.86 Y122.98 E1965.19913
G1 X137.579 Y123.1 E1965.20929
G1 X97.421 Y123.1 E1966.54495
G1 X97.14 Y122.98 E1966.55511
G1 X97.019 Y122.86 E1966.56078
G1 X96.932 Y122.695 E1966.56698
G1 X96.9 Y122.5 E1966.57356
G1 X96.9 Y112.5 E1966.90616
G1 X96.932 Y112.305 E1966.91273
G1 X97.02 Y112.14 E1966.91895
G1 X97.14 Y112.02 E1966.9246
G0 F9000 X97.38 Y112.34
;TYPE:WALL-OUTER
G1 F1500 X97.463 Y112.303 E1966.92762
G1 X137.537 Y112.303 E1968.26048
G1 X137.62 Y112.34 E1968.26351
G1 X137.7 Y112.449 E1968.268
G1 X137.698 Y122.535 E1968.60347
G1 X137.661 Y122.62 E1968.60655
G1 X137.537 Y122.697 E1968.6114
G1 X97.463 Y122.697 E1969.94427
G1 X97.38 Y122.66 E1969.94729
G1 X97.3 Y122.551 E1969.95179
G1 X97.3 Y112.449 E1970.28778
G1 X97.38 Y112.34 E1970.29228
G1 F2700 E1965.29228
G0 F9000 X97.38 Y111.6
G0 X94.312 Y94.312
G0 X93.815 Y93.815
G1 F2700 E1970.29228
G1 F1500 X93.207 Y94.606 E1970.32546
G1 X92.831 Y95.509 E1970.358
G1 X92.7 Y96.517 E1970.39181
G1 X92.7 Y138.483 E1971.7876
G1 X92.831 Y139.487 E1971.82128
G1 X93.207 Y140.39 E1971.85381
G1 X93.815 Y141.181 E1971.88699
G1 X94.606 Y141.793 E1971.92026
G1 X95.509 Y142.165 E1971.95274
G1 X96.518 Y142.3 E1971.9866
G1 X138.482 Y142.3 E1973.38233
G1 X139.487 Y142.165 E1973.41605
G1 X140.39 Y141.793 E1973.44853
G1 X141.181 Y141.181 E1973.4818
G1 X141.793 Y140.39 E1973.51506
G1 X142.165 Y139.487 E1973.54755
G1 X142.3 Y138.482 E1973.58127
G1 X142.3 Y96.518 E1974.977
G1 X142.165 Y95.509 E1975.01086
G1 X141.793 Y94.606 E1975.04334
G1 X141.181 Y93.815 E1975.07661
G1 X140.39 Y93.207 E1975.10979
G1 X139.487 Y92.831 E1975.14232
G1 X138.483 Y92.7 E1975.176
G1 X96.517 Y92.7 E1976.57179
G1 X95.509 Y92.831 E1976.6056
G1 X94.606 Y93.207 E1976.63813
G1 X93.815 Y93.815 E1976.67132
G0 F9000 X94.312 Y94.312
G0 X95.543 Y93.577
G0 X95.458 Y93.371
;TYPE:FILL
G1 F3000 X93.18 Y101.874 E1976.9641
G0 F9000 X93.181 Y102.829
G1 F3000 X129.192 Y93.18 E1978.20408
G0 F9000 X129.192 Y93.4
G0 X126.568 Y93.4
G0 X126.568 Y93.18
G1 F3000 X121.573 Y111.821 E1978.84596
G0 F9000 X121.573 Y111.6
G0 X125.304 Y111.6
G0 X125.304 Y111.82
G1 F3000 X106.664 Y93.18 E1979.72273
G0 F9000 X106.01 Y93.18
G1 F3000 X93.18 Y96.617 E1980.1645
G1 X93.18 Y96.666
G1 X108.334 Y111.82 E1980.8773
G0 F9000 X109.15 Y111.821
G1 F3000 X114.145 Y93.18 E1981.51917
G0 F9000 X114.145 Y93.4
G0 X115.15 Y93.4
G0 X115.15 Y93.18
G1 F3000 X133.79 Y111.82 E1982.39594
G0 F9000 X133.996 Y111.821
G1 F3000 X138.973 Y93.248 E1983.03548
G0 F9000 X138.945 Y93.465
G0 X141.534 Y96.054
G0 X141.749 Y96.027
G1 F3000 X93.181 Y109.04 E1984.70783
G0 F9000 X93.4 Y109.04
G0 X93.4 Y105.151
G0 X93.18 Y105.151
G1 F3000 X99.848 Y111.82 E1985.0215
G0 F9000 X99.848 Y111.6
G0 X102.938 Y111.6
G0 X102.938 Y111.821
G1 F3000 X107.933 Y93.18 E1985.66337
G0 F9000 X107.933 Y93.4
G0 X101.721 Y93.4
G0 X101.721 Y93.179
G1 F3000 X93.18 Y125.057 E1986.76104
G0 F9000 X93.4 Y125.057
G0 X93.4 Y127.675
G0 X93.181 Y127.675
G1 F3000 X109.959 Y123.18 E1987.33875
G0 F9000 X109.959 Y123.4
G0 X111.209 Y123.4
G0 X111.209 Y123.18
G1 F3000 X129.849 Y141.82 E1988.21552
G0 F9000 X129.849 Y141.6
G0 X132.17 Y141.6
G0 X132.17 Y141.82
G1 F3000 X137.164 Y123.18 E1988.85736
G0 F9000 X136.665 Y123.18
G1 F3000 X141.82 Y128.336 E1989.09986
G0 F9000 X141.82 Y128.988
G1 F3000 X138.381 Y141.82 E1989.54171
G1 X138.334 Y141.82
G1 X119.694 Y123.18 E1990.41848
G0 F9000 X119.694 Y123.4
G0 X118.529 Y123.4
G0 X118.529 Y123.18
G1 F3000 X113.535 Y141.82 E1991.06031
G0 F9000 X112.878 Y141.82
G1 F3000 X93.18 Y122.122 E1991.98685
G0 F9000 X93.181 Y121.464
G1 F3000 X96.819 Y120.489 E1992.11212
G0 F9000 X96.6 Y120.489
G0 X96.6 Y117.276
G0 X96.82 Y117.276
G1 F3000 X93.18 Y113.636 E1992.28333
G0 F9000 X93.4 Y113.636
G0 X93.4 Y115.252
G0 X93.181 Y115.252
G1 F3000 X96.819 Y114.277 E1992.4086
G0 F9000 X96.6 Y114.277
G0 X96.672 Y123.328
G0 X99.895 Y123.4
G0 X99.895 Y123.179
G1 F3000 X95.003 Y141.436 E1993.03725
G0 F9000 X95.808 Y141.72
G1 F3000 X93.277 Y139.189 E1993.1563
G0 F9000 X93.562 Y139.997
G1 F3000 X141.82 Y127.066 E1994.818
G0 F9000 X141.6 Y127.066
G0 X141.6 Y120.854
G0 X141.82 Y120.854
G1 F3000 X138.18 Y121.83 E1994.94334
G0 F9000 X138.4 Y121.83
G0 X138.4 Y119.39
G0 X138.18 Y119.39
G1 F3000 X141.82 Y105.805 E1995.41112
G0 F9000 X141.6 Y105.805
G0 X141.6 Y108.431
G0 X141.819 Y108.431
G1 F3000 X129.171 Y111.82 E1995.84663
G0 F9000 X129.171 Y111.6
G0 X127.785 Y111.6
G0 X127.785 Y111.82
G1 F3000 X132.78 Y93.18 E1996.48847
G0 F9000 X132.12 Y93.18
G1 F3000 X141.82 Y102.88 E1996.94473
G0 F9000 X141.82 Y102.219
G1 F3000 X105.989 Y111.82 E1998.17852
G0 F9000 X105.989 Y111.6
G0 X115.361 Y111.6
G0 X115.361 Y111.821
G1 F3000 X120.356 Y93.18 E1998.82039
G0 F9000 X120.356 Y93.4
G0 X123.635 Y93.4
G0 X123.635 Y93.18
G1 F3000 X141.82 Y111.365 E1999.67576
G0 F9000 X141.6 Y111.365
G0 X141.6 Y114.643
G0 X141.82 Y114.643
G1 F3000 X138.18 Y115.618 E1999.80109
G0 F9000 X138.18 Y116.21
G1 F3000 X141.82 Y119.85 E1999.97231
G0 F9000 X141.6 Y119.85
G0 X138.328 Y123.328
G0 X133.14 Y123.4
G0 X133.14 Y123.18
G1 F3000 X93.181 Y133.887 E2001.34823
G0 F9000 X93.4 Y133.887
G0 X93.4 Y130.607
G0 X93.18 Y130.607
G1 F3000 X104.393 Y141.82 E2001.87566
G0 F9000 X104.393 Y141.6
G0 X107.323 Y141.6
G0 X107.323 Y141.821
G1 F3000 X112.318 Y123.179 E2002.51756
G0 F9000 X112.318 Y123.4
G0 X106.106 Y123.4
G0 X106.106 Y123.18
G1 F3000 X101.111 Y141.821 E2003.15944
G0 F9000 X101.111 Y141.6
G0 X109.938 Y141.6
G0 X109.938 Y141.82
G1 F3000 X141.819 Y133.278 E2004.25721
G0 F9000 X141.6 Y133.278
G0 X141.6 Y136.821
G0 X141.82 Y136.821
G1 F3000 X128.179 Y123.18 E2004.89884
G0 F9000 X128.179 Y123.4
G0 X130.953 Y123.4
G0 X130.953 Y123.179
G1 F3000 X125.958 Y141.821 E2005.54074
G0 F9000 X125.958 Y141.6
G0 X121.364 Y141.6
G0 X121.364 Y141.82
G1 F3000 X102.724 Y123.18 E2006.41751
G1 F2700 E2001.41751
G0 F9000 X102.724 Y123.4
G0 X96.672 Y123.328
G0 X96.672 Y111.672
G0 X116.819 Y111.6
G0 X116.819 Y111.82
G1 F2700 E2006.41751
G1 F3000 X98.179 Y93.18 E2007.29428
G1 F2700 E2002.29428
G0 F9000 X98.179 Y93.4
G0 X138.328 Y111.672
G0 X138.328 Y123.328
G0 X124.741 Y123.4
G0 X124.741 Y123.18
G1 F2700 E2007.29428
G1 F3000 X119.746 Y141.821 E2007.93616
G0 F9000 X119.746 Y141.6
G0 X133.122 Y141.6
G0 X133.122 Y141.82
G1 F3000 X141.623 Y139.542 E2008.22888
G0 F9000 X141.146 Y139.342
G1 F2700 E2003.22888
;MESH:NONMESH
G0 F300 X141.146 Y139.342 Z5.2
G0 F9000 X138.328 Y111.672
G0 X94.312 Y94.312
G0 X94.1 Y94.1
;TIME_ELAPSED:2547.612926
;LAYER:25
;TYPE:WALL-INNER
;MESH:singola_fenditura.stl
G1 F2700 E2008.22888
G1 F1500 X93.556 Y94.808 E2008.25857
G1 X93.221 Y95.613 E2008.28757
G1 X93.1 Y96.543 E2008.31877
G1 X93.1 Y138.457 E2009.71283
G1 X93.221 Y139.383 E2009.74389
G1 X93.556 Y140.188 E2009.77289
G1 X94.101 Y140.896 E2009.80261
G1 X94.808 Y141.443 E2009.83234
G1 X95.613 Y141.775 E2009.8613
G1 X96.544 Y141.9 E2009.89255
G1 X138.456 Y141.9 E2011.28654
G1 X139.383 Y141.775 E2011.31766
G1 X140.188 Y141.443 E2011.34662
G1 X140.896 Y140.896 E2011.37638
G1 X141.443 Y140.188 E2011.40613
G1 X141.775 Y139.383 E2011.43509
G1 X141.9 Y138.456 E2011.46621
G1 X141.9 Y96.544 E2012.8602
G1 X141.775 Y95.613 E2012.89145
G1 X141.443 Y94.808 E2012.92041
G1 X140.896 Y94.101 E2012.95014
G1 X140.188 Y93.556 E2012.97986
G1 X139.383 Y93.221 E2013.00886
G1 X138.457 Y93.1 E2013.03992
G1 X96.543 Y93.1 E2014.43398
G1 X95.613 Y93.221 E2014.46518
G1 X94.808 Y93.556 E2014.49418
G1 X94.1 Y94.1 E2014.52387
G0 F9000 X94.312 Y94.312
G0 X97.14 Y111.6
G0 X97.14 Y112.02
G1 F1500 X97.421 Y111.9 E2014.53404
G1 X137.579 Y111.9 E2015.8697
G1 X137.86 Y112.02 E2015.87986
G1 X137.981 Y112.139 E2015.8855
G1 X138.068 Y112.305 E2015.89174
G1 X138.1 Y112.5 E2015.89831
G1 X138.1 Y122.574 E2016.23337
G1 X137.981 Y122.86 E2016.24368
G1 X137.86 Y122.98 E2016.24934
G1 X137.579 Y123.1 E2016.25951
G1 X97.421 Y123.1 E2017.59517
G1 X97.14 Y122.98 E2017.60533
G1 X97.019 Y122.86 E2017.611
G1 X96.932 Y122.695 E2017.6172
G1 X96.9 Y122.5 E2017.62377
G1 X96.9 Y112.5 E2017.95638
G1 X96.932 Y112.305 E2017.96295
G1 X97.02 Y112.14 E2017.96917
G1 X97.14 Y112.02 E2017.97481
G0 F9000 X97.38 Y112.34
;TYPE:WALL-OUTER
G1 F1500 X97.463 Y112.303 E2017.97783
G1 X137.537 Y112.303 E2019.3107
G1 X137.62 Y112.34 E2019.31372
G1 X137.7 Y112.449 E2019.31822
G1 X137.698 Y122.535 E2019.65368
G1 X137.661 Y122.62 E2019.65677
G1 X137.537 Y122.697 E2019.66162
G1 X97.463 Y122.697 E2020.99449
G1 X97.38 Y122.66 E2020.99751
G1 X97.3 Y122.551 E2021.00201
G1 X97.3 Y112.449 E2021.338
G1 X97.38 Y112.34 E2021.3425
G1 F2700 E2016.3425
G0 F9000 X97.38 Y111.6
G0 X94.312 Y94.312
G0 X93.815 Y93.815
G1 F2700 E2021.3425
G1 F1500 X93.207 Y94.606 E2021.37568
G1 X92.831 Y95.509 E2021.40821
G1 X92.7 Y96.517 E2021.44202
G1 X92.7 Y138.483 E2022.83782
G1 X92.831 Y139.487 E2022.87149
G1 X93.207 Y140.39 E2022.90403
G1 X93.815 Y141.181 E2022.93721
G1 X94.606 Y141.793 E2022.97047
G1 X95.509 Y142.165 E2023.00296
G1 X96.518 Y142.3 E2023.03681
G1 X138.482 Y142.3 E2024.43254
G1 X139.487 Y142.165 E2024.46627
G1 X140.39 Y141.793 E2024.49875
G1 X141.181 Y141.181 E2024.53202
G1 X141.793 Y140.39 E2024.56528
G1 X142.165 Y139.487 E2024.59776
G1 X142.3 Y138.482 E2024.63149
G1 X142.3 Y96.518 E2026.02722
G1 X142.165 Y95.509 E2026.06108
G1 X141.793 Y94.606 E2026.09356
G1 X141.181 Y93.815 E2026.12682
G1 X140.39 Y93.207 E2026.16
G1 X139.487 Y92.831 E2026.19254
G1 X138.483 Y92.7 E2026.22621
G1 X96.517 Y92.7 E2027.62201
G1 X95.509 Y92.831 E2027.65582
G1 X94.606 Y93.207 E2027.68835
G1 X93.815 Y93.815 E2027.72153
G0 F9000 X94.312 Y94.312
G0 X95.378 Y93.646
G0 X95.294 Y93.44
;TYPE:FILL
G1 F3000 X93.18 Y101.329 E2027.99318
G0 F9000 X93.4 Y101.329
G0 X93.4 Y102.975
G0 X93.181 Y102.975
G1 F3000 X129.737 Y93.18 E2029.25193
G0 F9000 X129.737 Y93.4
G0 X132.319 Y93.4
G0 X132.319 Y93.18
G1 F3000 X141.82 Y102.68 E2029.6988
G0 F9000 X141.82 Y102.365
G1 F3000 X106.534 Y111.82 E2030.91382
G0 F9000 X106.534 Y111.6
G0 X108.533 Y111.6
G0 X108.533 Y111.82
G1 F3000 X93.189 Y96.476 E2031.63556
G0 F9000 X93.181 Y96.763
G1 F3000 X106.554 Y93.18 E2032.09603
G0 F9000 X106.864 Y93.18
G1 F3000 X125.504 Y111.82 E2032.9728
G0 F9000 X125.504 Y111.6
G0 X127.639 Y111.6
G0 X127.639 Y111.821
G1 F3000 X132.634 Y93.18 E2033.61467
G0 F9000 X132.634 Y93.4
G0 X138.804 Y93.447
G0 X138.832 Y93.229
G1 F3000 X133.851 Y111.82 E2034.25482
G1 X133.989 Y111.82
G1 X115.349 Y93.18 E2035.13159
G0 F9000 X115.349 Y93.4
G0 X113.999 Y93.4
G0 X113.999 Y93.18
G1 F3000 X109.004 Y111.82 E2035.77343
G0 F9000 X109.004 Y111.6
G0 X115.215 Y111.6
G0 X115.215 Y111.821
G1 F3000 X120.21 Y93.18 E2036.41531
G0 F9000 X120.21 Y93.4
G0 X123.834 Y93.4
G0 X123.834 Y93.18
G1 F3000 X141.82 Y111.166 E2037.26131
G0 F9000 X141.6 Y111.166
G0 X141.6 Y108.577
G0 X141.82 Y108.577
G1 F3000 X129.716 Y111.82 E2037.67809
G0 F9000 X129.716 Y111.6
G0 X121.427 Y111.6
G0 X121.427 Y111.821
G1 F3000 X126.422 Y93.179 E2038.32
G0 F9000 X126.422 Y93.4
G0 X141.552 Y96.194
G0 X141.769 Y96.167
G1 F3000 X93.181 Y109.187 E2039.99306
G0 F9000 X93.4 Y109.187
G0 X93.4 Y104.952
G0 X93.18 Y104.952
G1 F3000 X100.048 Y111.82 E2040.31611
G0 F9000 X100.048 Y111.6
G0 X102.792 Y111.6
G0 X102.792 Y111.821
G1 F3000 X107.787 Y93.179 E2040.95802
G0 F9000 X107.787 Y93.4
G0 X101.575 Y93.4
G0 X101.575 Y93.18
G1 F3000 X93.18 Y124.512 E2042.03688
G0 F9000 X93.4 Y124.512
G0 X93.4 Y121.922
G0 X93.18 Y121.922
G1 F3000 X113.078 Y141.82 E2042.97282
G0 F9000 X113.389 Y141.821
G1 F3000 X118.384 Y123.179 E2043.61473
G0 F9000 X118.384 Y123.4
G0 X119.893 Y123.4
G0 X119.893 Y123.18
G1 F3000 X138.524 Y141.81 E2044.49105
G0 F9000 X138.235 Y141.82
G1 F3000 X141.82 Y128.443 E2044.95167
G0 F9000 X141.82 Y128.136
G1 F3000 X136.864 Y123.18 E2045.18479
G1 X137.018 Y123.18
G1 X132.024 Y141.821 E2045.82665
G0 F9000 X132.024 Y141.6
G0 X133.666 Y141.6
G0 X133.666 Y141.82
G1 F3000 X141.555 Y139.706 E2046.0983
G0 F9000 X141.355 Y139.622
G0 X141.6 Y136.622
G0 X141.82 Y136.622
G1 F3000 X128.379 Y123.18 E2046.73055
G0 F9000 X128.379 Y123.4
G0 X130.807 Y123.4
G0 X130.807 Y123.18
G1 F3000 X125.812 Y141.821 E2047.37242
G0 F9000 X125.812 Y141.6
G0 X130.048 Y141.6
G0 X130.048 Y141.82
G1 F3000 X111.408 Y123.18 E2048.24919
G0 F9000 X112.172 Y123.179
G1 F3000 X107.177 Y141.821 E2048.8911
G0 F9000 X107.177 Y141.6
G0 X104.592 Y141.6
G0 X104.592 Y141.82
G1 F3000 X93.18 Y130.407 E2049.42791
G0 F9000 X93.4 Y130.407
G0 X93.4 Y127.821
G0 X93.181 Y127.821
G1 F3000 X110.504 Y123.18 E2050.02439
G0 F9000 X110.504 Y123.4
G0 X105.96 Y123.4
G0 X105.96 Y123.18
G1 F3000 X100.965 Y141.821 E2050.66627
G0 F9000 X100.965 Y141.6
G0 X96.067 Y141.536
G0 X96.039 Y141.752
G1 F3000 X93.246 Y138.959 E2050.79764
G0 F9000 X93.464 Y138.932
G0 X93.821 Y140.044
G0 X93.617 Y140.128
G1 F3000 X141.819 Y127.212 E2052.4574
G0 F9000 X141.6 Y127.212
G0 X141.6 Y121
G0 X141.82 Y121
G1 F3000 X138.18 Y121.976 E2052.58275
G0 F9000 X138.4 Y121.976
G0 X138.4 Y118.845
G0 X138.18 Y118.845
G1 F3000 X141.82 Y105.26 E2053.05052
G0 F9000 X141.6 Y105.26
G0 X141.6 Y114.789
G0 X141.82 Y114.789
G1 F3000 X138.18 Y115.764 E2053.17586
G0 F9000 X138.18 Y116.011
G1 F3000 X141.82 Y119.651 E2053.34707
G0 F9000 X141.6 Y119.651
G0 X138.328 Y123.328
G0 X133.685 Y123.4
G0 X133.685 Y123.18
G1 F3000 X93.18 Y134.033 E2054.7418
G0 F9000 X93.4 Y134.033
G0 X94.955 Y141.18
G0 X94.871 Y141.382
G1 F3000 X99.749 Y123.179 E2055.36859
G0 F9000 X99.749 Y123.4
G0 X102.923 Y123.4
G0 X102.923 Y123.18
G1 F3000 X121.563 Y141.82 E2056.24536
G0 F9000 X121.563 Y141.6
G0 X119.6 Y141.6
G0 X119.6 Y141.82
G1 F3000 X124.595 Y123.18 E2056.8872
G1 F2700 E2051.8872
G0 F9000 X124.595 Y123.4
G0 X138.328 Y123.328
G0 X138.328 Y111.672
G0 X117.018 Y111.6
G0 X117.018 Y111.82
G1 F2700 E2056.8872
G1 F3000 X98.378 Y93.18 E2057.76397
G0 F9000 X98.378 Y93.4
G0 X93.4 Y113.437
G0 X93.18 Y113.437
G1 F3000 X96.82 Y117.077 E2057.93519
G0 F9000 X96.6 Y117.077
G0 X96.6 Y114.423
G0 X96.82 Y114.423
G1 F3000 X93.18 Y115.398 E2058.06052
G0 F9000 X93.4 Y115.398
G0 X93.4 Y121.61
G0 X93.181 Y121.61
G1 F3000 X96.819 Y120.635 E2058.18579
G0 F9000 X96.6 Y120.635
G0 X96.672 Y123.328
G0 X110.483 Y141.6
G0 X110.483 Y141.82
G1 F3000 X141.82 Y133.424 E2059.26483
G0 F9000 X141.3 Y133.424
G1 F2700 E2054.26483
;MESH:NONMESH
G0 F300 X141.3 Y133.424 Z5.4
G0 F9000 X138.328 Y111.672
G0 X94.312 Y94.312
G0 X94.1 Y94.1
;TIME_ELAPSED:2606.168045
;LAYER:26
;TYPE:WALL-INNER
;MESH:singola_fenditura.stl
G1 F2700 E2059.26483
G1 F1500 X93.556 Y94.808 E2059.29452
G1 X93.221 Y95.613 E2059.32352
G1 X93.1 Y96.543 E2059.35472
G1 X93.1 Y138.457 E2060.74878
G1 X93.221 Y139.383 E2060.77984
G1 X93.556 Y140.188 E2060.80884
G1 X94.101 Y140.896 E2060.83856
G1 X94.808 Y141.443 E2060.86829
G1 X95.613 Y141.775 E2060.89725
G1 X96.544 Y141.9 E2060.9285
G1 X138.456 Y141.9 E2062.32249
G1 X139.383 Y141.775 E2062.35361
G1 X140.188 Y141.443 E2062.38257
G1 X140.896 Y140.896 E2062.41232
G1 X141.443 Y140.188 E2062.44208
G1 X141.775 Y139.383 E2062.47104
G1 X141.9 Y138.456 E2062.50216
G1 X141.9 Y96.544 E2063.89615
G1 X141.775 Y95.613 E2063.9274
G1 X141.443 Y94.808 E2063.95636
G1 X140.896 Y94.101 E2063.98609
G1 X140.188 Y93.556 E2064.01581
G1 X139.383 Y93.221 E2064.04481
G1 X138.457 Y93.1 E2064.07587
G1 X96.543 Y93.1 E2065.46993
G1 X95.613 Y93.221 E2065.50113
G1 X94.808 Y93.556 E2065.53013
G1 X94.1 Y94.1 E2065.55982
G1 F2700 E2060.55982
G0 F9000 X94.157 Y94.192
G0 X93.697 Y94.889
G0 X93.398 Y95.701
G0 X97.402 Y111.719
G0 X97.14 Y112.02
G1 F2700 E2065.55982
G1 F1500 X97.421 Y111.9 E2065.56999
G1 X137.579 Y111.9 E2066.90565
G1 X137.86 Y112.02 E2066.91581
G1 X137.981 Y112.139 E2066.92145
G1 X138.068 Y112.305 E2066.92769
G1 X138.1 Y112.5 E2066.93426
G1 X138.1 Y122.574 E2067.26932
G1 X137.981 Y122.86 E2067.27963
G1 X137.86 Y122.98 E2067.28529
G1 X137.579 Y123.1 E2067.29546
G1 X97.421 Y123.1 E2068.63112
G1 X97.14 Y122.98 E2068.64128
G1 X97.019 Y122.86 E2068.64695
G1 X96.932 Y122.695 E2068.65315
G1 X96.9 Y122.5 E2068.65972
G1 X96.9 Y112.5 E2068.99233
G1 X96.932 Y112.305 E2068.9989
G1 X97.02 Y112.14 E2069.00512
G1 X97.14 Y112.02 E2069.01076
G0 F9000 X97.38 Y112.34
;TYPE:WALL-OUTER
G1 F1500 X97.463 Y112.303 E2069.01378
G1 X137.537 Y112.303 E2070.34665
G1 X137.62 Y112.34 E2070.34967
G1 X137.7 Y112.449 E2070.35417
G1 X137.698 Y122.535 E2070.68963
G1 X137.661 Y122.62 E2070.69272
G1 X137.537 Y122.697 E2070.69757
G1 X97.463 Y122.697 E2072.03044
G1 X97.38 Y122.66 E2072.03346
G1 X97.3 Y122.551 E2072.03796
G1 X97.3 Y112.449 E2072.37395
G1 X97.38 Y112.34 E2072.37845
G1 F2700 E2067.37845
G0 F9000 X97.38 Y112
G0 X97.402 Y111.719
G0 X93.416 Y95.665
G0 X93.815 Y93.815
G1 F2700 E2072.37845
G1 F1500 X93.207 Y94.606 E2072.41163
G1 X92.831 Y95.509 E2072.44416
G1 X92.7 Y96.517 E2072.47797
G1 X92.7 Y138.483 E2073.87377
G1 X92.831 Y139.487 E2073.90744
G1 X93.207 Y140.39 E2073.93998
G1 X93.815 Y141.181 E2073.97316
G1 X94.606 Y141.793 E2074.00642
G1 X95.509 Y142.165 E2074.03891
G1 X96.518 Y142.3 E2074.07276
G1 X138.482 Y142.3 E2075.46849
G1 X139.487 Y142.165 E2075.50222
G1 X140.39 Y141.793 E2075.5347
G1 X141.181 Y141.181 E2075.56797
G1 X141.793 Y140.39 E2075.60123
G1 X142.165 Y139.487 E2075.63371
G1 X142.3 Y138.482 E2075.66744
G1 X142.3 Y96.518 E2077.06317
G1 X142.165 Y95.509 E2077.09703
G1 X141.793 Y94.606 E2077.12951
G1 X141.181 Y93.815 E2077.16277
G1 X140.39 Y93.207 E2077.19595
G1 X139.487 Y92.831 E2077.22849
G1 X138.483 Y92.7 E2077.26216
G1 X96.517 Y92.7 E2078.65796
G1 X95.509 Y92.831 E2078.69177
G1 X94.606 Y93.207 E2078.7243
G1 X93.815 Y93.815 E2078.75748
G1 F2700 E2073.75748
G0 F9000 X94.157 Y94.192
G0 X93.697 Y94.889
G0 X93.398 Y95.701
G0 X97.402 Y111.719
G0 X96.75 Y111.898
;TYPE:SKIN
G1 F2700 E2078.75748
G1 F1500 X96.603 Y112.158 E2078.76742
G1 X96.542 Y112.463 E2078.77776
G1 X96.54 Y122.5 E2079.11159
G1 X96.587 Y122.81 E2079.12202
G1 X96.75 Y123.098 E2079.13303
G1 X96.961 Y123.289 E2079.1425
G1 X97.371 Y123.457 E2079.15723
G1 X137.629 Y123.457 E2080.49622
G1 X138.075 Y123.271 E2080.51229
G1 X138.289 Y123.035 E2080.52289
G1 X138.458 Y122.623 E2080.5377
G1 X138.458 Y112.468 E2080.87546
G1 X138.418 Y112.22 E2080.88381
G1 X138.28 Y111.943 E2080.8941
G1 X138.072 Y111.722 E2080.9042
G1 X137.629 Y111.543 E2080.92009
G1 X97.371 Y111.543 E2082.25908
G1 X96.958 Y111.711 E2082.27391
G1 X96.75 Y111.898 E2082.28321
G1 F2700 E2077.28321
G0 F9000 X96.936 Y112.084
G0 X97.402 Y111.719
G0 X93.416 Y95.665
G0 X94.355 Y94.355
G1 F2700 E2082.28321
G1 F1500 X94.99 Y93.867 E2082.30985
G1 X95.701 Y93.571 E2082.33546
G1 X96.569 Y93.46 E2082.36457
G1 X138.427 Y93.46 E2083.75677
G1 X139.291 Y93.571 E2083.78574
G1 X140.002 Y93.867 E2083.81136
G1 X140.633 Y94.351 E2083.83781
G1 X141.125 Y94.989 E2083.8646
G1 X141.421 Y95.705 E2083.89037
G1 X141.54 Y96.574 E2083.91955
G1 X141.539 Y138.418 E2085.31128
G1 X141.421 Y139.287 E2085.34045
G1 X141.125 Y140.006 E2085.36631
G1 X140.637 Y140.637 E2085.39284
G1 X140.006 Y141.125 E2085.41937
G1 X139.287 Y141.421 E2085.44524
G1 X138.422 Y141.539 E2085.47427
G1 X96.574 Y141.54 E2086.86614
G1 X95.705 Y141.421 E2086.89531
G1 X94.985 Y141.125 E2086.92121
G1 X94.359 Y140.641 E2086.94753
G1 X93.867 Y139.998 E2086.97445
G1 X93.571 Y139.291 E2086.99995
G1 X93.461 Y138.427 E2087.02892
G1 X93.46 Y96.569 E2088.42112
G1 X93.571 Y95.701 E2088.45022
G1 X93.867 Y94.99 E2088.47584
G1 X94.355 Y94.355 E2088.50247
G1 F2700 E2083.50247
G0 F9000 X94.152 Y94.199
G0 X93.697 Y94.889
G0 X93.378 Y95.655
G0 X93.261 Y96.554
G0 X93.261 Y138.446
G0 X93.378 Y139.34
G0 X93.697 Y140.107
G0 X94.117 Y140.654
G0 X94.984 Y141.407
G0 X95.16 Y140.981
G1 F2700 E2088.50247
G1 F1500 X94.016 Y139.836 E2088.55631
G0 F9000 X93.734 Y138.989
G1 F1500 X96.005 Y141.259 E2088.66311
G0 F9000 X96.65 Y141.339
G1 F1500 X93.661 Y138.35 E2088.8037
G0 F9000 X93.661 Y137.784
G1 F1500 X97.216 Y141.339 E2088.97092
G0 F9000 X97.782 Y141.339
G1 F1500 X93.661 Y137.218 E2089.16475
G0 F9000 X93.661 Y136.653
G1 F1500 X98.347 Y141.339 E2089.38517
G0 F9000 X98.913 Y141.339
G1 F1500 X93.661 Y136.087 E2089.63221
G0 F9000 X93.661 Y135.521
G1 F1500 X99.479 Y141.339 E2089.90587
G0 F9000 X100.044 Y141.339
G1 F1500 X93.661 Y134.956 E2090.20611
G0 F9000 X93.661 Y134.39
G1 F1500 X100.61 Y141.339 E2090.53297
G0 F9000 X101.176 Y141.339
G1 F1500 X93.661 Y133.824 E2090.88645
G0 F9000 X93.661 Y133.259
G1 F1500 X101.741 Y141.339 E2091.26651
G0 F9000 X102.307 Y141.339
G1 F1500 X93.661 Y132.693 E2091.67319
G0 F9000 X93.661 Y132.127
G1 F1500 X102.873 Y141.339 E2092.10649
G0 F9000 X103.438 Y141.339
G1 F1500 X93.661 Y131.561 E2092.5664
G0 F9000 X93.661 Y130.996
G1 F1500 X104.004 Y141.339 E2093.0529
G0 F9000 X104.57 Y141.339
G1 F1500 X93.661 Y130.43 E2093.56602
G0 F9000 X93.661 Y129.864
G1 F1500 X105.135 Y141.339 E2094.10575
G0 F9000 X105.701 Y141.339
G1 F1500 X93.661 Y129.299 E2094.67207
G0 F9000 X93.661 Y128.733
G1 F1500 X106.267 Y141.339 E2095.26502
G0 F9000 X106.833 Y141.339
G1 F1500 X93.661 Y128.167 E2095.88459
G0 F9000 X93.661 Y127.602
G1 F1500 X107.398 Y141.339 E2096.53074
G0 F9000 X107.964 Y141.339
G1 F1500 X93.661 Y127.036 E2097.20351
G0 F9000 X93.661 Y126.47
G1 F1500 X108.53 Y141.339 E2097.9029
G0 F9000 X109.095 Y141.339
G1 F1500 X93.661 Y125.905 E2098.62887
G0 F9000 X93.661 Y125.339
G1 F1500 X109.661 Y141.339 E2099.38146
G0 F9000 X110.227 Y141.339
G1 F1500 X93.661 Y124.773 E2100.16067
G0 F9000 X93.661 Y124.208
G1 F1500 X110.792 Y141.339 E2100.96646
G0 F9000 X111.358 Y141.339
G1 F1500 X93.661 Y123.642 E2101.79888
G0 F9000 X93.661 Y123.076
G1 F1500 X111.924 Y141.339 E2102.65791
G0 F9000 X112.489 Y141.339
G1 F1500 X93.661 Y122.51 E2103.54355
G0 F9000 X93.661 Y121.945
G1 F1500 X113.055 Y141.339 E2104.45578
G0 F9000 X113.621 Y141.339
G1 F1500 X93.661 Y121.379 E2105.39464
G0 F9000 X93.661 Y120.813
G1 F1500 X114.186 Y141.339 E2106.36009
G0 F9000 X114.752 Y141.339
G1 F1500 X96.888 Y123.476 E2107.20034
G0 F9000 X96.521 Y123.109
G1 F1500 X93.661 Y120.248 E2107.33489
G0 F9000 X93.661 Y119.682
G1 F1500 X96.34 Y122.362 E2107.46092
G0 F9000 X96.34 Y121.796
G1 F1500 X93.661 Y119.116 E2107.58696
G0 F9000 X93.661 Y118.551
G1 F1500 X96.341 Y121.231 E2107.71302
G0 F9000 X96.341 Y120.666
G1 F1500 X93.661 Y117.985 E2107.8391
G0 F9000 X93.66 Y117.419
G1 F1500 X96.341 Y120.1 E2107.96521
G0 F9000 X96.342 Y119.535
G1 F1500 X93.66 Y116.853 E2108.09136
G0 F9000 X93.66 Y116.287
G1 F1500 X96.342 Y118.969 E2108.21751
G0 F9000 X96.343 Y118.404
G1 F1500 X93.66 Y115.722 E2108.34369
G0 F9000 X93.66 Y115.156
G1 F1500 X96.343 Y117.839 E2108.46989
G0 F9000 X96.343 Y117.274
G1 F1500 X93.66 Y114.59 E2108.59611
G0 F9000 X93.66 Y114.025
G1 F1500 X96.343 Y116.708 E2108.72231
G0 F9000 X96.344 Y116.143
G1 F1500 X93.66 Y113.459 E2108.84856
G0 F9000 X93.66 Y112.893
G1 F1500 X96.344 Y115.577 E2108.97481
G0 F9000 X96.344 Y115.012
G1 F1500 X93.66 Y112.327 E2109.10108
G0 F9000 X93.66 Y111.762
G1 F1500 X96.345 Y114.447 E2109.22737
G0 F9000 X96.345 Y113.881
G1 F1500 X93.66 Y111.196 E2109.35367
G0 F9000 X93.66 Y110.63
G1 F1500 X96.345 Y113.316 E2109.47998
G0 F9000 X96.345 Y112.75
G1 F1500 X93.66 Y110.065 E2109.60628
G0 F9000 X93.66 Y109.499
G1 F1500 X96.39 Y112.229 E2109.73469
G0 F9000 X96.558 Y111.832
G1 F1500 X93.66 Y108.933 E2109.87102
G0 F9000 X93.66 Y108.368
G1 F1500 X96.837 Y111.545 E2110.02046
G0 F9000 X97.236 Y111.378
G1 F1500 X93.66 Y107.802 E2110.18866
G0 F9000 X93.66 Y107.236
G1 F1500 X97.769 Y111.345 E2110.38194
G0 F9000 X98.335 Y111.345
G1 F1500 X93.66 Y106.671 E2110.60181
G0 F9000 X93.66 Y106.105
G1 F1500 X98.9 Y111.345 E2110.84829
G0 F9000 X99.466 Y111.345
G1 F1500 X93.66 Y105.539 E2111.12138
G0 F9000 X93.66 Y104.974
G1 F1500 X100.032 Y111.345 E2111.42108
G0 F9000 X100.597 Y111.345
G1 F1500 X93.66 Y104.408 E2111.74737
G0 F9000 X93.66 Y103.842
G1 F1500 X101.163 Y111.345 E2112.10029
G0 F9000 X101.729 Y111.345
G1 F1500 X93.66 Y103.276 E2112.47983
G0 F9000 X93.66 Y102.711
G1 F1500 X102.294 Y111.345 E2112.88595
G0 F9000 X102.859 Y111.345
G1 F1500 X93.66 Y102.145 E2113.31867
G0 F9000 X93.66 Y101.579
G1 F1500 X103.425 Y111.345 E2113.77801
G0 F9000 X103.991 Y111.345
G1 F1500 X93.66 Y101.014 E2114.26394
G0 F9000 X93.66 Y100.448
G1 F1500 X104.556 Y111.345 E2114.77648
G0 F9000 X105.122 Y111.345
G1 F1500 X93.66 Y99.882 E2115.31564
G0 F9000 X93.66 Y99.317
G1 F1500 X105.688 Y111.345 E2115.8814
G0 F9000 X106.253 Y111.345
G1 F1500 X93.66 Y98.751 E2116.47376
G0 F9000 X93.66 Y98.185
G1 F1500 X106.818 Y111.344 E2117.0927
G0 F9000 X107.384 Y111.344
G1 F1500 X93.66 Y97.62 E2117.73823
G0 F9000 X93.66 Y97.054
G1 F1500 X107.95 Y111.344 E2118.41039
G0 F9000 X108.515 Y111.344
G1 F1500 X93.67 Y96.498 E2119.10868
G0 F9000 X93.734 Y95.997
G1 F1500 X109.081 Y111.344 E2119.83055
G0 F9000 X109.647 Y111.344
G1 F1500 X93.851 Y95.549 E2120.57353
G0 F9000 X94.018 Y95.15
G1 F1500 X110.212 Y111.344 E2121.33524
G0 F9000 X110.777 Y111.343
G1 F1500 X94.252 Y94.818 E2122.11253
G0 F9000 X94.498 Y94.498
G1 F1500 X111.343 Y111.343 E2122.90486
G0 F9000 X111.909 Y111.343
G1 F1500 X94.818 Y94.252 E2123.70877
G0 F9000 X95.15 Y94.018
G1 F1500 X112.475 Y111.343 E2124.52369
G0 F9000 X113.04 Y111.343
G1 F1500 X95.549 Y93.851 E2125.34643
G0 F9000 X95.998 Y93.735
G1 F1500 X113.606 Y111.343 E2126.17466
G0 F9000 X114.172 Y111.343
G1 F1500 X96.5 Y93.672 E2127.00587
G0 F9000 X97.055 Y93.661
G1 F1500 X114.737 Y111.343 E2127.83758
G0 F9000 X115.302 Y111.342
G1 F1500 X97.62 Y93.661 E2128.66926
G0 F9000 X98.186 Y93.661
G1 F1500 X115.868 Y111.342 E2129.50095
G0 F9000 X116.434 Y111.342
G1 F1500 X98.752 Y93.661 E2130.33263
G0 F9000 X99.317 Y93.661
G1 F1500 X116.999 Y111.342 E2131.16432
G0 F9000 X117.565 Y111.342
G1 F1500 X99.883 Y93.661 E2131.996
G0 F9000 X100.449 Y93.661
G1 F1500 X118.131 Y111.342 E2132.82768
G0 F9000 X118.696 Y111.342
G1 F1500 X101.014 Y93.661 E2133.65937
G0 F9000 X101.58 Y93.661
G1 F1500 X119.262 Y111.342 E2134.49105
G0 F9000 X119.827 Y111.342
G1 F1500 X102.146 Y93.661 E2135.32271
G0 F9000 X102.712 Y93.661
G1 F1500 X120.393 Y111.342 E2136.15437
G0 F9000 X120.958 Y111.342
G1 F1500 X103.277 Y93.661 E2136.98603
G0 F9000 X103.843 Y93.661
G1 F1500 X121.524 Y111.342 E2137.81769
G0 F9000 X122.09 Y111.342
G1 F1500 X104.409 Y93.661 E2138.64935
G0 F9000 X104.974 Y93.661
G1 F1500 X122.655 Y111.342 E2139.48101
G0 F9000 X123.221 Y111.342
G1 F1500 X105.54 Y93.661 E2140.31267
G0 F9000 X106.106 Y93.661
G1 F1500 X123.787 Y111.342 E2141.14433
G0 F9000 X124.352 Y111.341
G1 F1500 X106.671 Y93.661 E2141.97597
G0 F9000 X107.237 Y93.661
G1 F1500 X124.917 Y111.341 E2142.80758
G0 F9000 X125.483 Y111.341
G1 F1500 X107.803 Y93.661 E2143.63919
G0 F9000 X108.368 Y93.661
G1 F1500 X126.049 Y111.341 E2144.47083
G0 F9000 X126.615 Y111.341
G1 F1500 X108.934 Y93.661 E2145.30247
G0 F9000 X109.5 Y93.661
G1 F1500 X127.18 Y111.341 E2146.13408
G0 F9000 X127.746 Y111.341
G1 F1500 X110.065 Y93.661 E2146.96571
G0 F9000 X110.631 Y93.661
G1 F1500 X128.312 Y111.341 E2147.79735
G0 F9000 X128.877 Y111.34
G1 F1500 X111.197 Y93.661 E2148.62894
G0 F9000 X111.762 Y93.661
G1 F1500 X129.442 Y111.34 E2149.46053
G0 F9000 X130.008 Y111.34
G1 F1500 X112.328 Y93.661 E2150.29212
G0 F9000 X112.894 Y93.661
G1 F1500 X130.574 Y111.34 E2151.12371
G0 F9000 X131.139 Y111.34
G1 F1500 X113.46 Y93.661 E2151.95528
G0 F9000 X114.025 Y93.661
G1 F1500 X131.705 Y111.34 E2152.78686
G0 F9000 X132.271 Y111.34
G1 F1500 X114.591 Y93.661 E2153.61845
G0 F9000 X115.157 Y93.661
G1 F1500 X132.836 Y111.34 E2154.45002
G0 F9000 X133.401 Y111.34
G1 F1500 X115.722 Y93.661 E2155.28159
G0 F9000 X116.288 Y93.661
G1 F1500 X133.967 Y111.34 E2156.11315
G0 F9000 X134.533 Y111.34
G1 F1500 X116.854 Y93.661 E2156.94472
G0 F9000 X117.419 Y93.661
G1 F1500 X135.098 Y111.34 E2157.77628
G0 F9000 X135.664 Y111.34
G1 F1500 X117.985 Y93.661 E2158.60785
G0 F9000 X118.551 Y93.661
G1 F1500 X136.23 Y111.34 E2159.43942
G0 F9000 X136.795 Y111.34
G1 F1500 X119.116 Y93.661 E2160.27098
G0 F9000 X119.682 Y93.661
G1 F1500 X137.361 Y111.34 E2161.10255
G0 F9000 X138.107 Y111.52
G1 F1500 X120.248 Y93.661 E2161.94258
G0 F9000 X120.813 Y93.661
G1 F1500 X141.339 Y114.186 E2162.90804
G0 F9000 X141.339 Y113.621
G1 F1500 X121.379 Y93.661 E2163.84689
G0 F9000 X121.945 Y93.661
G1 F1500 X141.339 Y113.055 E2164.75913
G0 F9000 X141.339 Y112.489
G1 F1500 X122.51 Y93.661 E2165.64476
G0 F9000 X123.076 Y93.661
G1 F1500 X141.339 Y111.924 E2166.5038
G0 F9000 X141.339 Y111.358
G1 F1500 X123.642 Y93.661 E2167.33621
G0 F9000 X124.208 Y93.661
G1 F1500 X141.339 Y110.792 E2168.142
G0 F9000 X141.339 Y110.227
G1 F1500 X124.773 Y93.661 E2168.92122
G0 F9000 X125.339 Y93.661
G1 F1500 X141.339 Y109.661 E2169.67381
G0 F9000 X141.339 Y109.095
G1 F1500 X125.905 Y93.661 E2170.39977
G0 F9000 X126.47 Y93.661
G1 F1500 X141.339 Y108.53 E2171.09917
G0 F9000 X141.339 Y107.964
G1 F1500 X127.036 Y93.661 E2171.77194
G0 F9000 X127.602 Y93.661
G1 F1500 X141.339 Y107.398 E2172.41808
G0 F9000 X141.339 Y106.833
G1 F1500 X128.167 Y93.661 E2173.03765
G0 F9000 X128.733 Y93.661
G1 F1500 X141.339 Y106.267 E2173.6306
G0 F9000 X141.339 Y105.701
G1 F1500 X129.299 Y93.661 E2174.19692
G0 F9000 X129.864 Y93.661
G1 F1500 X141.339 Y105.135 E2174.73665
G0 F9000 X141.339 Y104.57
G1 F1500 X130.43 Y93.661 E2175.24978
G0 F9000 X130.996 Y93.661
G1 F1500 X141.339 Y104.004 E2175.73628
G0 F9000 X141.339 Y103.438
G1 F1500 X131.561 Y93.661 E2176.19618
G0 F9000 X132.127 Y93.661
G1 F1500 X141.339 Y102.873 E2176.62949
G0 F9000 X141.339 Y102.307
G1 F1500 X132.693 Y93.661 E2177.03617
G0 F9000 X133.259 Y93.661
G1 F1500 X141.339 Y101.741 E2177.41623
G0 F9000 X141.339 Y101.176
G1 F1500 X133.824 Y93.661 E2177.76971
G0 F9000 X134.39 Y93.661
G1 F1500 X141.339 Y100.61 E2178.09657
G0 F9000 X141.339 Y100.044
G1 F1500 X134.956 Y93.661 E2178.39681
G0 F9000 X135.521 Y93.661
G1 F1500 X141.339 Y99.479 E2178.67047
G0 F9000 X141.339 Y98.913
G1 F1500 X136.087 Y93.661 E2178.9175
G0 F9000 X136.653 Y93.661
G1 F1500 X141.339 Y98.347 E2179.13792
G0 F9000 X141.339 Y97.782
G1 F1500 X137.218 Y93.661 E2179.33176
G0 F9000 X137.784 Y93.661
G1 F1500 X141.339 Y97.216 E2179.49897
G0 F9000 X141.339 Y96.65
G1 F1500 X138.35 Y93.661 E2179.63957
G0 F9000 X138.989 Y93.734
G1 F1500 X141.259 Y96.005 E2179.74637
G0 F9000 X140.977 Y95.157
G1 F1500 X139.836 Y94.016 E2179.80003
G1 F2700 E2174.80003
G0 F9000 X140.014 Y93.593
G0 X140.782 Y94.215
G0 X141.297 Y94.939
G0 X137.598 Y111.719
G0 X138.473 Y111.886
G1 F2700 E2179.80003
G1 F1500 X141.339 Y114.752 E2179.93484
G0 F9000 X141.339 Y115.318
G1 F1500 X138.66 Y112.639 E2180.06085
G0 F9000 X138.66 Y113.204
G1 F1500 X141.339 Y115.883 E2180.18687
G0 F9000 X141.339 Y116.449
G1 F1500 X138.66 Y113.77 E2180.31288
G0 F9000 X138.659 Y114.335
G1 F1500 X141.339 Y117.015 E2180.43894
G0 F9000 X141.339 Y117.58
G1 F1500 X138.659 Y114.901 E2180.56497
G0 F9000 X138.659 Y115.466
G1 F1500 X141.339 Y118.146 E2180.69103
G0 F9000 X141.339 Y118.711
G1 F1500 X138.659 Y116.031 E2180.81709
G0 F9000 X138.659 Y116.597
G1 F1500 X141.339 Y119.277 E2180.94315
G0 F9000 X141.339 Y119.843
G1 F1500 X138.658 Y117.162 E2181.06926
G0 F9000 X138.658 Y117.728
G1 F1500 X141.339 Y120.408 E2181.19534
G0 F9000 X141.339 Y120.974
G1 F1500 X138.658 Y118.293 E2181.32144
G0 F9000 X138.657 Y118.858
G1 F1500 X141.339 Y121.54 E2181.4476
G0 F9000 X141.339 Y122.105
G1 F1500 X138.657 Y119.424 E2181.57373
G0 F9000 X138.657 Y119.989
G1 F1500 X141.339 Y122.671 E2181.69988
G0 F9000 X141.339 Y123.237
G1 F1500 X138.657 Y120.555 E2181.82603
G0 F9000 X138.657 Y121.12
G1 F1500 X141.339 Y123.802 E2181.95219
G0 F9000 X141.339 Y124.368
G1 F1500 X138.656 Y121.685 E2182.07839
G0 F9000 X138.656 Y122.251
G1 F1500 X141.339 Y124.934 E2182.20459
G0 F9000 X141.339 Y125.499
G1 F1500 X138.616 Y122.776 E2182.33267
G0 F9000 X138.432 Y123.159
G1 F1500 X141.339 Y126.065 E2182.46938
G0 F9000 X141.339 Y126.631
G1 F1500 X138.161 Y123.453 E2182.61886
G0 F9000 X137.764 Y123.622
G1 F1500 X141.339 Y127.196 E2182.787
G0 F9000 X141.339 Y127.762
G1 F1500 X137.231 Y123.655 E2182.9802
G0 F9000 X136.665 Y123.655
G1 F1500 X141.339 Y128.328 E2183.20003
G0 F9000 X141.339 Y128.894
G1 F1500 X136.1 Y123.655 E2183.44646
G0 F9000 X135.534 Y123.655
G1 F1500 X141.339 Y129.459 E2183.71948
G0 F9000 X141.339 Y130.025
G1 F1500 X134.968 Y123.655 E2184.01913
G0 F9000 X134.403 Y123.655
G1 F1500 X141.339 Y130.591 E2184.34538
G0 F9000 X141.339 Y131.156
G1 F1500 X133.837 Y123.655 E2184.69823
G0 F9000 X133.271 Y123.655
G1 F1500 X141.339 Y131.722 E2185.0777
G0 F9000 X141.339 Y132.288
G1 F1500 X132.706 Y123.655 E2185.48377
G0 F9000 X132.141 Y123.655
G1 F1500 X141.339 Y132.853 E2185.91641
G0 F9000 X141.339 Y133.419
G1 F1500 X131.575 Y123.655 E2186.37568
G0 F9000 X131.009 Y123.655
G1 F1500 X141.339 Y133.985 E2186.86157
G0 F9000 X141.339 Y134.55
G1 F1500 X130.444 Y123.655 E2187.37404
G0 F9000 X129.878 Y123.655
G1 F1500 X141.339 Y135.116 E2187.91313
G0 F9000 X141.339 Y135.682
G1 F1500 X129.312 Y123.655 E2188.47884
G0 F9000 X128.746 Y123.655
G1 F1500 X141.339 Y136.247 E2189.07116
G0 F9000 X141.339 Y136.813
G1 F1500 X128.181 Y123.655 E2189.69007
G0 F9000 X127.615 Y123.655
G1 F1500 X141.339 Y137.379 E2190.3356
G0 F9000 X141.339 Y137.945
G1 F1500 X127.05 Y123.656 E2191.00771
G0 F9000 X126.484 Y123.656
G1 F1500 X141.326 Y138.497 E2191.70581
G0 F9000 X141.258 Y138.995
G1 F1500 X125.919 Y123.656 E2192.42731
G0 F9000 X125.353 Y123.656
G1 F1500 X141.139 Y139.442 E2193.16984
G0 F9000 X140.974 Y139.843
G1 F1500 X124.787 Y123.656 E2193.93122
G0 F9000 X124.222 Y123.656
G1 F1500 X140.74 Y140.175 E2194.7082
G0 F9000 X140.494 Y140.494
G1 F1500 X123.656 Y123.656 E2195.50021
G0 F9000 X123.09 Y123.656
G1 F1500 X140.175 Y140.74 E2196.30381
G0 F9000 X139.843 Y140.974
G1 F1500 X122.525 Y123.657 E2197.11838
G0 F9000 X121.96 Y123.657
G1 F1500 X139.442 Y141.139 E2197.94068
G0 F9000 X138.996 Y141.259
G1 F1500 X121.394 Y123.657 E2198.76862
G0 F9000 X120.828 Y123.657
G1 F1500 X138.498 Y141.327 E2199.59976
G0 F9000 X137.945 Y141.339
G1 F1500 X120.263 Y123.657 E2200.43147
G0 F9000 X119.697 Y123.657
G1 F1500 X137.38 Y141.339 E2201.2632
G0 F9000 X136.814 Y141.339
G1 F1500 X119.131 Y123.657 E2202.09493
G0 F9000 X118.566 Y123.657
G1 F1500 X136.248 Y141.339 E2202.92664
G0 F9000 X135.682 Y141.339
G1 F1500 X118 Y123.657 E2203.75834
G0 F9000 X117.435 Y123.657
G1 F1500 X135.117 Y141.339 E2204.59005
G0 F9000 X134.551 Y141.339
G1 F1500 X116.869 Y123.657 E2205.42176
G0 F9000 X116.304 Y123.657
G1 F1500 X133.985 Y141.339 E2206.25344
G0 F9000 X133.42 Y141.339
G1 F1500 X115.738 Y123.657 E2207.08515
G0 F9000 X115.172 Y123.657
G1 F1500 X132.854 Y141.339 E2207.91686
G0 F9000 X132.288 Y141.339
G1 F1500 X114.606 Y123.657 E2208.74856
G0 F9000 X114.041 Y123.657
G1 F1500 X131.723 Y141.339 E2209.58027
G0 F9000 X131.157 Y141.339
G1 F1500 X113.475 Y123.657 E2210.41198
G0 F9000 X112.909 Y123.657
G1 F1500 X130.591 Y141.339 E2211.24368
G0 F9000 X130.026 Y141.339
G1 F1500 X112.344 Y123.658 E2212.07537
G0 F9000 X111.779 Y123.658
G1 F1500 X129.46 Y141.339 E2212.90703
G0 F9000 X128.894 Y141.339
G1 F1500 X111.213 Y123.658 E2213.73869
G0 F9000 X110.647 Y123.658
G1 F1500 X128.329 Y141.339 E2214.57037
G0 F9000 X127.763 Y141.339
G1 F1500 X110.082 Y123.658 E2215.40203
G0 F9000 X109.516 Y123.658
G1 F1500 X127.197 Y141.339 E2216.23369
G0 F9000 X126.632 Y141.339
G1 F1500 X108.95 Y123.658 E2217.06538
G0 F9000 X108.385 Y123.658
G1 F1500 X126.066 Y141.339 E2217.89704
G0 F9000 X125.5 Y141.339
G1 F1500 X107.819 Y123.658 E2218.7287
G0 F9000 X107.254 Y123.659
G1 F1500 X124.934 Y141.339 E2219.56031
G0 F9000 X124.369 Y141.339
G1 F1500 X106.688 Y123.659 E2220.39194
G0 F9000 X106.123 Y123.659
G1 F1500 X123.803 Y141.339 E2221.22356
G0 F9000 X123.237 Y141.339
G1 F1500 X105.557 Y123.659 E2222.05517
G0 F9000 X104.991 Y123.659
G1 F1500 X122.672 Y141.339 E2222.88681
G0 F9000 X122.106 Y141.339
G1 F1500 X104.426 Y123.659 E2223.71842
G0 F9000 X103.86 Y123.659
G1 F1500 X121.54 Y141.339 E2224.55003
G0 F9000 X120.975 Y141.339
G1 F1500 X103.294 Y123.659 E2225.38167
G0 F9000 X102.728 Y123.659
G1 F1500 X120.409 Y141.339 E2226.21331
G0 F9000 X119.843 Y141.339
G1 F1500 X102.163 Y123.66 E2227.0449
G0 F9000 X101.598 Y123.66
G1 F1500 X119.278 Y141.339 E2227.87649
G0 F9000 X118.712 Y141.339
G1 F1500 X101.032 Y123.66 E2228.70807
G0 F9000 X100.466 Y123.66
G1 F1500 X118.146 Y141.339 E2229.53966
G0 F9000 X117.581 Y141.339
G1 F1500 X99.901 Y123.66 E2230.37125
G0 F9000 X99.335 Y123.66
G1 F1500 X117.015 Y141.339 E2231.20284
G0 F9000 X116.449 Y141.339
G1 F1500 X98.769 Y123.66 E2232.03443
G0 F9000 X98.204 Y123.66
G1 F1500 X115.883 Y141.339 E2232.866
G0 F9000 X115.318 Y141.339
G1 F1500 X97.638 Y123.66 E2233.69759
G1 F2700 E2228.69759
;MESH:NONMESH
G0 F300 X97.638 Y123.66 Z5.6
G0 F9000 X97.638 Y123.2
G0 X97.072 Y122.928
G0 X96.876 Y112.031
G0 X93.416 Y95.665
G0 X94.1 Y94.1
;TIME_ELAPSED:2843.043496
;LAYER:27
;TYPE:WALL-INNER
;MESH:singola_fenditura.stl
G1 F2700 E2233.69759
G1 F1500 X93.556 Y94.808 E2233.72728
G1 X93.221 Y95.613 E2233.75628
G1 X93.1 Y96.543 E2233.78748
G1 X93.1 Y138.457 E2235.18154
G1 X93.221 Y139.383 E2235.2126
G1 X93.556 Y140.188 E2235.2416
G1 X94.101 Y140.896 E2235.27132
G1 X94.808 Y141.443 E2235.30105
G1 X95.613 Y141.775 E2235.33001
G1 X96.544 Y141.9 E2235.36126
G1 X138.456 Y141.9 E2236.75526
G1 X139.383 Y141.775 E2236.78637
G1 X140.188 Y141.443 E2236.81533
G1 X140.896 Y140.896 E2236.84509
G1 X141.443 Y140.188 E2236.87484
G1 X141.775 Y139.383 E2236.90381
G1 X141.9 Y138.456 E2236.93492
G1 X141.9 Y96.544 E2238.32892
G1 X141.775 Y95.613 E2238.36016
G1 X141.443 Y94.808 E2238.38912
G1 X140.896 Y94.101 E2238.41885
G1 X140.188 Y93.556 E2238.44857
G1 X139.383 Y93.221 E2238.47757
G1 X138.457 Y93.1 E2238.50863
G1 X96.543 Y93.1 E2239.9027
G1 X95.613 Y93.221 E2239.93389
G1 X94.808 Y93.556 E2239.96289
G1 X94.1 Y94.1 E2239.99259
G1 F2700 E2234.99259
G0 F9000 X94.157 Y94.192
G0 X93.697 Y94.889
G0 X93.398 Y95.701
G0 X97.402 Y111.719
G0 X97.14 Y112.02
G1 F2700 E2239.99259
G1 F1500 X97.421 Y111.9 E2240.00275
G1 X137.579 Y111.9 E2241.33841
G1 X137.86 Y112.02 E2241.34857
G1 X137.981 Y112.139 E2241.35422
G1 X138.068 Y112.305 E2241.36045
G1 X138.1 Y112.5 E2241.36702
G1 X138.1 Y122.574 E2241.70208
G1 X137.981 Y122.86 E2241.71239
G1 X137.86 Y122.98 E2241.71806
G1 X137.579 Y123.1 E2241.72822
G1 X97.421 Y123.1 E2243.06388
G1 X97.14 Y122.98 E2243.07404
G1 X97.019 Y122.86 E2243.07971
G1 X96.932 Y122.695 E2243.08591
G1 X96.9 Y122.5 E2243.09249
G1 X96.9 Y112.5 E2243.42509
G1 X96.932 Y112.305 E2243.43166
G1 X97.02 Y112.14 E2243.43788
G1 X97.14 Y112.02 E2243.44352
G0 F9000 X97.38 Y112.34
;TYPE:WALL-OUTER
G1 F1500 X97.463 Y112.303 E2243.44655
G1 X137.537 Y112.303 E2244.77941
G1 X137.62 Y112.34 E2244.78244
G1 X137.7 Y112.449 E2244.78693
G1 X137.698 Y122.535 E2245.12239
G1 X137.661 Y122.62 E2245.12548
G1 X137.537 Y122.697 E2245.13033
G1 X97.463 Y122.697 E2246.4632
G1 X97.38 Y122.66 E2246.46622
G1 X97.3 Y122.551 E2246.47072
G1 X97.3 Y112.449 E2246.80671
G1 X97.38 Y112.34 E2246.81121
G1 F2700 E2241.81121
G0 F9000 X97.38 Y112
G0 X97.402 Y111.719
G0 X93.416 Y95.665
G0 X93.815 Y93.815
G1 F2700 E2246.81121
G1 F1500 X93.207 Y94.606 E2246.84439
G1 X92.831 Y95.509 E2246.87693
G1 X92.7 Y96.517 E2246.91073
G1 X92.7 Y138.483 E2248.30653
G1 X92.831 Y139.487 E2248.3402
G1 X93.207 Y140.39 E2248.37274
G1 X93.815 Y141.181 E2248.40592
G1 X94.606 Y141.793 E2248.43918
G1 X95.509 Y142.165 E2248.47167
G1 X96.518 Y142.3 E2248.50553
G1 X138.482 Y142.3 E2249.90125
G1 X139.487 Y142.165 E2249.93498
G1 X140.39 Y141.793 E2249.96746
G1 X141.181 Y141.181 E2250.00073
G1 X141.793 Y140.39 E2250.03399
G1 X142.165 Y139.487 E2250.06647
G1 X142.3 Y138.482 E2250.1002
G1 X142.3 Y96.518 E2251.49593
G1 X142.165 Y95.509 E2251.52979
G1 X141.793 Y94.606 E2251.56227
G1 X141.181 Y93.815 E2251.59553
G1 X140.39 Y93.207 E2251.62872
G1 X139.487 Y92.831 E2251.66125
G1 X138.483 Y92.7 E2251.69493
G1 X96.517 Y92.7 E2253.09072
G1 X95.509 Y92.831 E2253.12453
G1 X94.606 Y93.207 E2253.15706
G1 X93.815 Y93.815 E2253.19025
G1 F2700 E2248.19025
G0 F9000 X94.157 Y94.192
G0 X93.697 Y94.889
G0 X93.398 Y95.701
G0 X97.402 Y111.719
G0 X96.75 Y111.898
;TYPE:SKIN
G1 F2700 E2253.19025
G1 F1500 X96.603 Y112.158 E2253.20018
G1 X96.542 Y112.463 E2253.21052
G1 X96.54 Y122.5 E2253.54436
G1 X96.587 Y122.81 E2253.55479
G1 X96.75 Y123.098 E2253.56579
G1 X96.961 Y123.289 E2253.57526
G1 X97.371 Y123.457 E2253.58999
G1 X137.629 Y123.457 E2254.92898
G1 X138.075 Y123.271 E2254.94505
G1 X138.289 Y123.035 E2254.95565
G1 X138.458 Y122.623 E2254.97046
G1 X138.458 Y112.468 E2255.30822
G1 X138.418 Y112.22 E2255.31657
G1 X138.28 Y111.943 E2255.32687
G1 X138.072 Y111.722 E2255.33696
G1 X137.629 Y111.543 E2255.35285
G1 X97.371 Y111.543 E2256.69184
G1 X96.958 Y111.711 E2256.70667
G1 X96.75 Y111.898 E2256.71597
G1 F2700 E2251.71597
G0 F9000 X96.936 Y112.084
G0 X97.402 Y111.719
G0 X93.416 Y95.665
G0 X94.355 Y94.355
G1 F2700 E2256.71597
G1 F1500 X94.99 Y93.867 E2256.74261
G1 X95.701 Y93.571 E2256.76822
G1 X96.569 Y93.46 E2256.79733
G1 X138.427 Y93.46 E2258.18953
G1 X139.291 Y93.571 E2258.2185
G1 X140.002 Y93.867 E2258.24412
G1 X140.633 Y94.351 E2258.27057
G1 X141.125 Y94.989 E2258.29737
G1 X141.421 Y95.705 E2258.32313
G1 X141.54 Y96.574 E2258.35231
G1 X141.539 Y138.418 E2259.74404
G1 X141.421 Y139.287 E2259.77321
G1 X141.125 Y140.006 E2259.79907
G1 X140.637 Y140.637 E2259.8256
G1 X140.006 Y141.125 E2259.85214
G1 X139.287 Y141.421 E2259.878
G1 X138.422 Y141.539 E2259.90703
G1 X96.574 Y141.54 E2261.2989
G1 X95.705 Y141.421 E2261.32808
G1 X94.985 Y141.125 E2261.35397
G1 X94.359 Y140.641 E2261.38029
G1 X93.867 Y139.998 E2261.40722
G1 X93.571 Y139.291 E2261.43271
G1 X93.461 Y138.427 E2261.46168
G1 X93.46 Y96.569 E2262.85388
G1 X93.571 Y95.701 E2262.88298
G1 X93.867 Y94.99 E2262.9086
G1 X94.355 Y94.355 E2262.93524
G0 F9000 X94.152 Y94.199
G0 X93.894 Y94.59
G0 X93.315 Y95.668
G0 X93.777 Y95.728
G1 F1500 X95.728 Y93.777 E2263.02701
G0 F9000 X96.384 Y93.686
G1 F1500 X93.685 Y96.385 E2263.15396
G0 F9000 X93.661 Y96.975
G1 F1500 X96.976 Y93.66 E2263.30989
G0 F9000 X97.542 Y93.66
G1 F1500 X93.661 Y97.541 E2263.49244
G0 F9000 X93.661 Y98.107
G1 F1500 X98.108 Y93.66 E2263.70161
G0 F9000 X98.673 Y93.66
G1 F1500 X93.661 Y98.673 E2263.93738
G0 F9000 X93.661 Y99.238
G1 F1500 X99.239 Y93.66 E2264.19975
G0 F9000 X99.805 Y93.66
G1 F1500 X93.661 Y99.804 E2264.48875
G0 F9000 X93.661 Y100.37
G1 F1500 X100.37 Y93.66 E2264.80434
G0 F9000 X100.936 Y93.66
G1 F1500 X93.661 Y100.935 E2265.14654
G0 F9000 X93.661 Y101.501
G1 F1500 X101.502 Y93.66 E2265.51535
G0 F9000 X102.067 Y93.66
G1 F1500 X93.661 Y102.067 E2265.91077
G0 F9000 X93.661 Y102.632
G1 F1500 X102.633 Y93.66 E2266.33278
G0 F9000 X103.199 Y93.66
G1 F1500 X93.661 Y103.198 E2266.78142
G0 F9000 X93.661 Y103.764
G1 F1500 X103.764 Y93.66 E2267.25666
G0 F9000 X104.33 Y93.66
G1 F1500 X93.661 Y104.329 E2267.7585
G0 F9000 X93.661 Y104.895
G1 F1500 X104.896 Y93.66 E2268.28696
G0 F9000 X105.461 Y93.66
G1 F1500 X93.661 Y105.461 E2268.84202
G0 F9000 X93.661 Y106.026
G1 F1500 X106.027 Y93.66 E2269.42368
G0 F9000 X106.593 Y93.66
G1 F1500 X93.661 Y106.592 E2270.03196
G0 F9000 X93.661 Y107.158
G1 F1500 X107.158 Y93.66 E2270.66684
G0 F9000 X107.724 Y93.66
G1 F1500 X93.661 Y107.723 E2271.32832
G0 F9000 X93.661 Y108.289
G1 F1500 X108.29 Y93.66 E2272.01642
G0 F9000 X108.856 Y93.66
G1 F1500 X93.661 Y108.855 E2272.73115
G0 F9000 X93.661 Y109.421
G1 F1500 X109.421 Y93.66 E2273.47247
G0 F9000 X109.987 Y93.66
G1 F1500 X93.661 Y109.986 E2274.2404
G0 F9000 X93.661 Y110.552
G1 F1500 X110.553 Y93.66 E2275.03495
G0 F9000 X111.118 Y93.66
G1 F1500 X93.661 Y111.118 E2275.85609
G0 F9000 X93.661 Y111.683
G1 F1500 X111.684 Y93.66 E2276.70384
G0 F9000 X112.25 Y93.66
G1 F1500 X93.661 Y112.249 E2277.57821
G0 F9000 X93.661 Y112.815
G1 F1500 X112.815 Y93.66 E2278.47918
G0 F9000 X113.381 Y93.66
G1 F1500 X93.661 Y113.38 E2279.40675
G0 F9000 X93.661 Y113.946
G1 F1500 X113.947 Y93.66 E2280.36094
G0 F9000 X114.512 Y93.66
G1 F1500 X93.661 Y114.512 E2281.34173
G0 F9000 X93.661 Y115.077
G1 F1500 X96.356 Y112.382 E2281.46849
G0 F9000 X96.345 Y112.959
G1 F1500 X93.661 Y115.643 E2281.59474
G0 F9000 X93.661 Y116.209
G1 F1500 X96.345 Y113.525 E2281.72099
G0 F9000 X96.344 Y114.091
G1 F1500 X93.661 Y116.774 E2281.84719
G0 F9000 X93.661 Y117.34
G1 F1500 X96.344 Y114.657 E2281.97339
G0 F9000 X96.343 Y115.223
G1 F1500 X93.661 Y117.905 E2282.09954
G0 F9000 X93.661 Y118.471
G1 F1500 X96.343 Y115.789 E2282.22569
G0 F9000 X96.343 Y116.355
G1 F1500 X93.661 Y119.036 E2282.35182
G0 F9000 X93.661 Y119.602
G1 F1500 X96.343 Y116.921 E2282.47795
G0 F9000 X96.342 Y117.487
G1 F1500 X93.661 Y120.168 E2282.60406
G0 F9000 X93.661 Y120.734
G1 F1500 X96.342 Y118.053 E2282.73017
G0 F9000 X96.342 Y118.619
G1 F1500 X93.661 Y121.299 E2282.85625
G0 F9000 X93.661 Y121.865
G1 F1500 X96.341 Y119.185 E2282.98231
G0 F9000 X96.341 Y119.751
G1 F1500 X93.661 Y122.431 E2283.10837
G0 F9000 X93.661 Y122.996
G1 F1500 X96.34 Y120.317 E2283.23438
G0 F9000 X96.34 Y120.883
G1 F1500 X93.661 Y123.562 E2283.36039
G0 F9000 X93.661 Y124.128
G1 F1500 X96.34 Y121.449 E2283.4864
G0 F9000 X96.34 Y122.015
G1 F1500 X93.661 Y124.693 E2283.61239
G0 F9000 X93.661 Y125.259
G1 F1500 X96.35 Y122.571 E2283.73885
G0 F9000 X96.476 Y123.01
G1 F1500 X93.661 Y125.825 E2283.87126
G0 F9000 X93.661 Y126.39
G1 F1500 X96.713 Y123.339 E2284.01479
G0 F9000 X97.066 Y123.551
G1 F1500 X93.661 Y126.956 E2284.17495
G0 F9000 X93.661 Y127.522
G1 F1500 X97.524 Y123.659 E2284.35666
G0 F9000 X98.09 Y123.659
G1 F1500 X93.661 Y128.087 E2284.56496
G0 F9000 X93.661 Y128.653
G1 F1500 X98.656 Y123.659 E2284.79988
G0 F9000 X99.221 Y123.659
G1 F1500 X93.661 Y129.219 E2285.06141
G0 F9000 X93.661 Y129.784
G1 F1500 X99.787 Y123.659 E2285.34954
G0 F9000 X100.353 Y123.659
G1 F1500 X93.661 Y130.35 E2285.66428
G0 F9000 X93.661 Y130.916
G1 F1500 X100.918 Y123.659 E2286.00563
G0 F9000 X101.484 Y123.659
G1 F1500 X93.661 Y131.482 E2286.3736
G0 F9000 X93.661 Y132.047
G1 F1500 X102.05 Y123.659 E2286.76817
G0 F9000 X102.616 Y123.658
G1 F1500 X93.661 Y132.613 E2287.18938
G0 F9000 X93.661 Y133.179
G1 F1500 X103.182 Y123.658 E2287.63722
G0 F9000 X103.747 Y123.658
G1 F1500 X93.661 Y133.744 E2288.11164
G0 F9000 X93.661 Y134.31
G1 F1500 X104.313 Y123.658 E2288.61268
G0 F9000 X104.879 Y123.658
G1 F1500 X93.661 Y134.876 E2289.14034
G0 F9000 X93.661 Y135.441
G1 F1500 X105.444 Y123.658 E2289.69457
G0 F9000 X106.01 Y123.658
G1 F1500 X93.661 Y136.007 E2290.27543
G0 F9000 X93.661 Y136.573
G1 F1500 X106.576 Y123.658 E2290.88291
G0 F9000 X107.142 Y123.658
G1 F1500 X93.661 Y137.138 E2291.51699
G0 F9000 X93.661 Y137.704
G1 F1500 X107.708 Y123.657 E2292.17772
G0 F9000 X108.274 Y123.657
G1 F1500 X93.661 Y138.27 E2292.86507
G0 F9000 X93.709 Y138.787
G1 F1500 X108.839 Y123.657 E2293.57674
G0 F9000 X109.405 Y123.657
G1 F1500 X93.784 Y139.279 E2294.31153
G0 F9000 X93.95 Y139.678
G1 F1500 X109.971 Y123.657 E2295.06511
G0 F9000 X110.536 Y123.657
G1 F1500 X94.152 Y140.042 E2295.83578
G0 F9000 X94.397 Y140.362
G1 F1500 X111.102 Y123.657 E2296.62154
G0 F9000 X111.668 Y123.657
G1 F1500 X94.684 Y140.641 E2297.42041
G0 F9000 X95.003 Y140.887
G1 F1500 X112.233 Y123.657 E2298.23086
G0 F9000 X112.8 Y123.657
G1 F1500 X95.384 Y141.072 E2299.05003
G0 F9000 X95.792 Y141.23
G1 F1500 X113.365 Y123.657 E2299.87661
G0 F9000 X113.931 Y123.657
G1 F1500 X96.29 Y141.298 E2300.70639
G0 F9000 X96.814 Y141.34
G1 F1500 X114.497 Y123.657 E2301.53814
G0 F9000 X115.063 Y123.657
G1 F1500 X97.379 Y141.34 E2302.36992
G0 F9000 X97.945 Y141.34
G1 F1500 X115.628 Y123.657 E2303.20167
G0 F9000 X116.194 Y123.657
G1 F1500 X98.511 Y141.34 E2304.03343
G0 F9000 X99.076 Y141.34
G1 F1500 X116.76 Y123.657 E2304.86521
G0 F9000 X117.325 Y123.657
G1 F1500 X99.642 Y141.34 E2305.69696
G0 F9000 X100.208 Y141.34
G1 F1500 X117.892 Y123.656 E2306.52876
G0 F9000 X118.457 Y123.656
G1 F1500 X100.773 Y141.34 E2307.36056
G0 F9000 X101.339 Y141.34
G1 F1500 X119.023 Y123.656 E2308.19236
G0 F9000 X119.589 Y123.656
G1 F1500 X101.905 Y141.34 E2309.02416
G0 F9000 X102.47 Y141.34
G1 F1500 X120.154 Y123.656 E2309.85597
G0 F9000 X120.72 Y123.656
G1 F1500 X103.036 Y141.34 E2310.68777
G0 F9000 X103.602 Y141.34
G1 F1500 X121.286 Y123.656 E2311.51957
G0 F9000 X121.851 Y123.656
G1 F1500 X104.167 Y141.34 E2312.35137
G0 F9000 X104.733 Y141.34
G1 F1500 X122.417 Y123.656 E2313.18317
G0 F9000 X122.984 Y123.655
G1 F1500 X105.299 Y141.34 E2314.01502
G0 F9000 X105.864 Y141.34
G1 F1500 X123.549 Y123.655 E2314.84687
G0 F9000 X124.115 Y123.655
G1 F1500 X106.43 Y141.34 E2315.67871
G0 F9000 X106.996 Y141.34
G1 F1500 X124.681 Y123.655 E2316.51056
G0 F9000 X125.246 Y123.655
G1 F1500 X107.562 Y141.34 E2317.34239
G0 F9000 X108.127 Y141.34
G1 F1500 X125.812 Y123.655 E2318.17424
G0 F9000 X126.378 Y123.655
G1 F1500 X108.693 Y141.34 E2319.00608
G0 F9000 X109.259 Y141.34
G1 F1500 X126.943 Y123.655 E2319.83791
G0 F9000 X127.509 Y123.655
G1 F1500 X109.824 Y141.34 E2320.66976
G0 F9000 X110.39 Y141.34
G1 F1500 X128.075 Y123.655 E2321.50161
G0 F9000 X128.641 Y123.655
G1 F1500 X110.956 Y141.34 E2322.33345
G0 F9000 X111.521 Y141.34
G1 F1500 X129.207 Y123.655 E2323.16533
G0 F9000 X129.772 Y123.655
G1 F1500 X112.087 Y141.34 E2323.99717
G0 F9000 X112.653 Y141.34
G1 F1500 X130.338 Y123.655 E2324.82902
G0 F9000 X130.904 Y123.655
G1 F1500 X113.218 Y141.34 E2325.66089
G0 F9000 X113.784 Y141.34
G1 F1500 X131.47 Y123.655 E2326.49276
G0 F9000 X132.035 Y123.655
G1 F1500 X114.35 Y141.34 E2327.32461
G0 F9000 X114.915 Y141.34
G1 F1500 X132.601 Y123.655 E2328.15648
G0 F9000 X133.167 Y123.654
G1 F1500 X115.481 Y141.34 E2328.98838
G0 F9000 X116.047 Y141.34
G1 F1500 X133.733 Y123.654 E2329.82028
G0 F9000 X134.299 Y123.654
G1 F1500 X116.613 Y141.34 E2330.65217
G0 F9000 X117.178 Y141.34
G1 F1500 X134.864 Y123.654 E2331.48407
G0 F9000 X135.43 Y123.654
G1 F1500 X117.744 Y141.34 E2332.31596
G0 F9000 X118.31 Y141.34
G1 F1500 X135.996 Y123.654 E2333.14786
G0 F9000 X136.561 Y123.654
G1 F1500 X118.875 Y141.34 E2333.97975
G0 F9000 X119.441 Y141.34
G1 F1500 X137.127 Y123.654 E2334.81165
G0 F9000 X137.696 Y123.65
G1 F1500 X120.007 Y141.34 E2335.64371
G0 F9000 X120.572 Y141.34
G1 F1500 X141.339 Y120.574 E2336.6205
G0 F9000 X141.339 Y121.139
G1 F1500 X121.138 Y141.34 E2337.57069
G0 F9000 X121.704 Y141.34
G1 F1500 X141.339 Y121.705 E2338.49426
G0 F9000 X141.339 Y122.271
G1 F1500 X122.269 Y141.34 E2339.39123
G0 F9000 X122.835 Y141.34
G1 F1500 X141.339 Y122.836 E2340.2616
G0 F9000 X141.339 Y123.402
G1 F1500 X123.401 Y141.34 E2341.10535
G0 F9000 X123.966 Y141.34
G1 F1500 X141.339 Y123.968 E2341.9225
G0 F9000 X141.339 Y124.534
G1 F1500 X124.532 Y141.34 E2342.71303
G0 F9000 X125.098 Y141.34
G1 F1500 X141.339 Y125.099 E2343.47696
G0 F9000 X141.339 Y125.665
G1 F1500 X125.663 Y141.34 E2344.21428
G0 F9000 X126.229 Y141.34
G1 F1500 X141.339 Y126.231 E2344.92499
G0 F9000 X141.339 Y126.796
G1 F1500 X126.795 Y141.34 E2345.60909
G0 F9000 X127.361 Y141.34
G1 F1500 X141.339 Y127.362 E2346.26657
G0 F9000 X141.339 Y127.928
G1 F1500 X127.926 Y141.34 E2346.89746
G0 F9000 X128.492 Y141.34
G1 F1500 X141.339 Y128.493 E2347.50174
G0 F9000 X141.339 Y129.059
G1 F1500 X129.058 Y141.34 E2348.0794
G0 F9000 X129.623 Y141.34
G1 F1500 X141.339 Y129.625 E2348.63046
G0 F9000 X141.339 Y130.19
G1 F1500 X130.189 Y141.34 E2349.15492
G0 F9000 X130.755 Y141.34
G1 F1500 X141.339 Y130.756 E2349.65276
G0 F9000 X141.339 Y131.322
G1 F1500 X131.32 Y141.34 E2350.124
G0 F9000 X131.886 Y141.34
G1 F1500 X141.339 Y131.887 E2350.56864
G0 F9000 X141.339 Y132.453
G1 F1500 X132.452 Y141.34 E2350.98666
G0 F9000 X133.017 Y141.34
G1 F1500 X141.339 Y133.019 E2351.37808
G0 F9000 X141.339 Y133.584
G1 F1500 X133.583 Y141.34 E2351.7429
G0 F9000 X134.149 Y141.34
G1 F1500 X141.339 Y134.15 E2352.08109
G0 F9000 X141.339 Y134.716
G1 F1500 X134.714 Y141.34 E2352.39269
G0 F9000 X135.28 Y141.34
G1 F1500 X141.339 Y135.282 E2352.67766
G0 F9000 X141.339 Y135.847
G1 F1500 X135.846 Y141.34 E2352.93604
G0 F9000 X136.412 Y141.34
G1 F1500 X141.339 Y136.413 E2353.16779
G0 F9000 X141.339 Y136.979
G1 F1500 X136.977 Y141.34 E2353.37294
G0 F9000 X137.543 Y141.34
G1 F1500 X141.339 Y137.544 E2353.55149
G0 F9000 X141.339 Y138.11
G1 F1500 X138.109 Y141.34 E2353.70342
G0 F9000 X138.717 Y141.297
G1 F1500 X141.296 Y138.718 E2353.82473
G0 F9000 X141.141 Y139.439
G1 F1500 X139.439 Y141.141 E2353.90478
G1 F2700 E2348.90478
G0 F9000 X139.615 Y141.571
G0 X140.087 Y141.269
G0 X137.598 Y123.281
G0 X138.65 Y122.696
G1 F2700 E2353.90478
G1 F1500 X141.339 Y120.008 E2354.03124
G0 F9000 X141.339 Y119.442
G1 F1500 X138.656 Y122.125 E2354.15744
G0 F9000 X138.656 Y121.559
G1 F1500 X141.339 Y118.877 E2354.28362
G0 F9000 X141.339 Y118.311
G1 F1500 X138.657 Y120.993 E2354.40977
G0 F9000 X138.657 Y120.427
G1 F1500 X141.339 Y117.745 E2354.53593
G0 F9000 X141.339 Y117.179
G1 F1500 X138.657 Y119.862 E2354.6621
G0 F9000 X138.657 Y119.295
G1 F1500 X141.339 Y116.613 E2354.78826
G0 F9000 X141.339 Y116.048
G1 F1500 X138.657 Y118.73 E2354.91441
G0 F9000 X138.658 Y118.163
G1 F1500 X141.339 Y115.482 E2355.04051
G0 F9000 X141.339 Y114.916
G1 F1500 X138.658 Y117.598 E2355.16664
G0 F9000 X138.658 Y117.032
G1 F1500 X141.339 Y114.35 E2355.29277
G0 F9000 X141.339 Y113.785
G1 F1500 X138.659 Y116.465 E2355.41883
G0 F9000 X138.659 Y115.9
G1 F1500 X141.339 Y113.219 E2355.54492
G0 F9000 X141.339 Y112.653
G1 F1500 X138.659 Y115.333 E2355.67097
G0 F9000 X138.659 Y114.768
G1 F1500 X141.339 Y112.088 E2355.79703
G0 F9000 X141.339 Y111.522
G1 F1500 X138.659 Y114.202 E2355.92309
G0 F9000 X138.66 Y113.636
G1 F1500 X141.339 Y110.956 E2356.04913
G0 F9000 X141.339 Y110.391
G1 F1500 X138.66 Y113.07 E2356.17514
G0 F9000 X138.66 Y112.504
G1 F1500 X141.339 Y109.825 E2356.30115
G0 F9000 X141.339 Y109.259
G1 F1500 X138.551 Y112.048 E2356.43231
G0 F9000 X138.328 Y111.705
G1 F1500 X141.339 Y108.694 E2356.57394
G0 F9000 X141.339 Y108.128
G1 F1500 X137.994 Y111.473 E2356.73128
G0 F9000 X137.561 Y111.34
G1 F1500 X141.339 Y107.562 E2356.90899
G0 F9000 X141.339 Y106.997
G1 F1500 X136.996 Y111.34 E2357.11327
G0 F9000 X136.43 Y111.34
G1 F1500 X141.339 Y106.431 E2357.34417
G0 F9000 X141.339 Y105.865
G1 F1500 X135.864 Y111.34 E2357.6017
G0 F9000 X135.299 Y111.34
G1 F1500 X141.339 Y105.3 E2357.8858
G0 F9000 X141.339 Y104.734
G1 F1500 X134.733 Y111.34 E2358.19653
G0 F9000 X134.167 Y111.34
G1 F1500 X141.339 Y104.168 E2358.53388
G0 F9000 X141.339 Y103.602
G1 F1500 X133.601 Y111.34 E2358.89785
G0 F9000 X133.035 Y111.341
G1 F1500 X141.339 Y103.037 E2359.28844
G0 F9000 X141.339 Y102.471
G1 F1500 X132.469 Y111.341 E2359.70566
G0 F9000 X131.904 Y111.341
G1 F1500 X141.339 Y101.905 E2360.14948
G0 F9000 X141.339 Y101.34
G1 F1500 X131.338 Y111.341 E2360.61989
G0 F9000 X130.772 Y111.341
G1 F1500 X141.339 Y100.774 E2361.11693
G0 F9000 X141.339 Y100.208
G1 F1500 X130.207 Y111.341 E2361.64057
G0 F9000 X129.641 Y111.341
G1 F1500 X141.339 Y99.643 E2362.19081
G0 F9000 X141.339 Y99.077
G1 F1500 X129.075 Y111.341 E2362.76767
G0 F9000 X128.509 Y111.342
G1 F1500 X141.339 Y98.511 E2363.37118
G0 F9000 X141.339 Y97.946
G1 F1500 X127.943 Y111.342 E2364.00129
G0 F9000 X127.378 Y111.342
G1 F1500 X141.339 Y97.38 E2364.65799
G0 F9000 X141.339 Y96.814
G1 F1500 X126.812 Y111.342 E2365.34132
G0 F9000 X126.246 Y111.342
G1 F1500 X141.298 Y96.29 E2366.04932
G0 F9000 X141.23 Y95.792
G1 F1500 X125.68 Y111.342 E2366.78075
G0 F9000 X125.115 Y111.342
G1 F1500 X141.071 Y95.385 E2367.53129
G0 F9000 X140.885 Y95.006
G1 F1500 X124.549 Y111.342 E2368.29969
G0 F9000 X123.983 Y111.342
G1 F1500 X140.639 Y94.687 E2369.08311
G0 F9000 X140.364 Y94.396
G1 F1500 X123.417 Y111.342 E2369.88022
G0 F9000 X122.851 Y111.342
G1 F1500 X140.043 Y94.151 E2370.68886
G0 F9000 X139.679 Y93.949
G1 F1500 X122.286 Y111.342 E2371.50697
G0 F9000 X121.72 Y111.342
G1 F1500 X139.28 Y93.783 E2372.33291
G0 F9000 X138.788 Y93.709
G1 F1500 X121.154 Y111.342 E2373.16234
G0 F9000 X120.589 Y111.342
G1 F1500 X138.271 Y93.66 E2373.99405
G0 F9000 X137.706 Y93.66
G1 F1500 X120.023 Y111.342 E2374.82578
G0 F9000 X119.456 Y111.343
G1 F1500 X137.14 Y93.66 E2375.65756
G0 F9000 X136.574 Y93.66
G1 F1500 X118.891 Y111.343 E2376.48931
G0 F9000 X118.325 Y111.343
G1 F1500 X136.008 Y93.66 E2377.32106
G0 F9000 X135.443 Y93.66
G1 F1500 X117.759 Y111.343 E2378.15284
G0 F9000 X117.194 Y111.343
G1 F1500 X134.877 Y93.66 E2378.9846
G0 F9000 X134.311 Y93.66
G1 F1500 X116.628 Y111.343 E2379.81635
G0 F9000 X116.062 Y111.343
G1 F1500 X133.746 Y93.66 E2380.64813
G0 F9000 X133.18 Y93.66
G1 F1500 X115.497 Y111.343 E2381.47988
G0 F9000 X114.93 Y111.344
G1 F1500 X132.614 Y93.66 E2382.31168
G0 F9000 X132.049 Y93.66
G1 F1500 X114.365 Y111.344 E2383.14348
G0 F9000 X113.799 Y111.344
G1 F1500 X131.483 Y93.66 E2383.97528
G0 F9000 X130.917 Y93.66
G1 F1500 X113.233 Y111.344 E2384.80709
G0 F9000 X112.668 Y111.344
G1 F1500 X130.352 Y93.66 E2385.63889
G0 F9000 X129.786 Y93.66
G1 F1500 X112.102 Y111.344 E2386.47069
G0 F9000 X111.536 Y111.344
G1 F1500 X129.22 Y93.66 E2387.30249
G0 F9000 X128.655 Y93.66
G1 F1500 X110.971 Y111.344 E2388.13429
G0 F9000 X110.404 Y111.345
G1 F1500 X128.089 Y93.66 E2388.96614
G0 F9000 X127.523 Y93.66
G1 F1500 X109.838 Y111.345 E2389.79799
G0 F9000 X109.273 Y111.345
G1 F1500 X126.957 Y93.66 E2390.62981
G0 F9000 X126.392 Y93.66
G1 F1500 X108.707 Y111.345 E2391.46166
G0 F9000 X108.141 Y111.345
G1 F1500 X125.826 Y93.66 E2392.29351
G0 F9000 X125.26 Y93.66
G1 F1500 X107.576 Y111.345 E2393.12533
G0 F9000 X107.01 Y111.345
G1 F1500 X124.695 Y93.66 E2393.95718
G0 F9000 X124.129 Y93.66
G1 F1500 X106.444 Y111.345 E2394.78903
G0 F9000 X105.878 Y111.345
G1 F1500 X123.563 Y93.66 E2395.62088
G0 F9000 X122.998 Y93.66
G1 F1500 X105.312 Y111.345 E2396.45275
G0 F9000 X104.747 Y111.345
G1 F1500 X122.432 Y93.66 E2397.2846
G0 F9000 X121.866 Y93.66
G1 F1500 X104.181 Y111.345 E2398.11645
G0 F9000 X103.615 Y111.345
G1 F1500 X121.301 Y93.66 E2398.94832
G0 F9000 X120.735 Y93.66
G1 F1500 X103.049 Y111.345 E2399.78019
G0 F9000 X102.484 Y111.345
G1 F1500 X120.169 Y93.66 E2400.61204
G0 F9000 X119.604 Y93.66
G1 F1500 X101.918 Y111.345 E2401.44391
G0 F9000 X101.352 Y111.346
G1 F1500 X119.038 Y93.66 E2402.2758
G0 F9000 X118.472 Y93.66
G1 F1500 X100.786 Y111.346 E2403.1077
G0 F9000 X100.22 Y111.346
G1 F1500 X117.907 Y93.66 E2403.93962
G0 F9000 X117.341 Y93.66
G1 F1500 X99.655 Y111.346 E2404.77151
G0 F9000 X99.089 Y111.346
G1 F1500 X116.775 Y93.66 E2405.60341
G0 F9000 X116.209 Y93.66
G1 F1500 X98.523 Y111.346 E2406.4353
G0 F9000 X97.958 Y111.346
G1 F1500 X115.644 Y93.66 E2407.2672
G0 F9000 X115.078 Y93.66
G1 F1500 X97.392 Y111.346 E2408.09909
G1 F2700 E2403.09909
;MESH:NONMESH
G0 F300 X97.392 Y111.346 Z5.8
G0 F9000 X97.418 Y111.798
G0 X93.416 Y95.665
G0 X94.1 Y94.1
;TIME_ELAPSED:3078.600981
;LAYER:28
;TYPE:WALL-INNER
;MESH:singola_fenditura.stl
G1 F2700 E2408.09909
G1 F1500 X93.556 Y94.808 E2408.12879
G1 X93.221 Y95.613 E2408.15779
G1 X93.1 Y96.543 E2408.18898
G1 X93.1 Y138.457 E2409.58305
G1 X93.221 Y139.383 E2409.61411
G1 X93.556 Y140.188 E2409.64311
G1 X94.101 Y140.896 E2409.67283
G1 X94.808 Y141.443 E2409.70256
G1 X95.613 Y141.775 E2409.73152
G1 X96.544 Y141.9 E2409.76276
G1 X138.456 Y141.9 E2411.15676
G1 X139.383 Y141.775 E2411.18787
G1 X140.188 Y141.443 E2411.21684
G1 X140.896 Y140.896 E2411.24659
G1 X141.443 Y140.188 E2411.27635
G1 X141.775 Y139.383 E2411.30531
G1 X141.9 Y138.456 E2411.33642
G1 X141.9 Y96.544 E2412.73042
G1 X141.775 Y95.613 E2412.76167
G1 X141.443 Y94.808 E2412.79063
G1 X140.896 Y94.101 E2412.82036
G1 X140.188 Y93.556 E2412.85008
G1 X139.383 Y93.221 E2412.87908
G1 X138.457 Y93.1 E2412.91014
G1 X96.543 Y93.1 E2414.3042
G1 X95.613 Y93.221 E2414.33539
G1 X94.808 Y93.556 E2414.36439
G1 X94.1 Y94.1 E2414.39409
G1 F2700 E2409.39409
G0 F9000 X94.157 Y94.192
G0 X93.697 Y94.889
G0 X93.398 Y95.701
G0 X97.402 Y111.719
G0 X97.14 Y112.02
G1 F2700 E2414.39409
G1 F1500 X97.421 Y111.9 E2414.40425
G1 X137.579 Y111.9 E2415.73991
G1 X137.86 Y112.02 E2415.75008
G1 X137.981 Y112.139 E2415.75572
G1 X138.068 Y112.305 E2415.76196
G1 X138.1 Y112.5 E2415.76853
G1 X138.1 Y122.574 E2416.10359
G1 X137.981 Y122.86 E2416.11389
G1 X137.86 Y122.98 E2416.11956
G1 X137.579 Y123.1 E2416.12972
G1 X97.421 Y123.1 E2417.46538
G1 X97.14 Y122.98 E2417.47555
G1 X97.019 Y122.86 E2417.48122
G1 X96.932 Y122.695 E2417.48742
G1 X96.9 Y122.5 E2417.49399
G1 X96.9 Y112.5 E2417.82659
G1 X96.932 Y112.305 E2417.83317
G1 X97.02 Y112.14 E2417.83939
G1 X97.14 Y112.02 E2417.84503
G0 F9000 X97.38 Y112.34
;TYPE:WALL-OUTER
G1 F1500 X97.463 Y112.303 E2417.84805
G1 X137.537 Y112.303 E2419.18092
G1 X137.62 Y112.34 E2419.18394
G1 X137.7 Y112.449 E2419.18844
G1 X137.698 Y122.535 E2419.5239
G1 X137.661 Y122.62 E2419.52698
G1 X137.537 Y122.697 E2419.53184
G1 X97.463 Y122.697 E2420.8647
G1 X97.38 Y122.66 E2420.86773
G1 X97.3 Y122.551 E2420.87222
G1 X97.3 Y112.449 E2421.20822
G1 X97.38 Y112.34 E2421.21272
G1 F2700 E2416.21272
G0 F9000 X97.38 Y112
G0 X97.402 Y111.719
G0 X93.416 Y95.665
G0 X93.815 Y93.815
G1 F2700 E2421.21272
G1 F1500 X93.207 Y94.606 E2421.2459
G1 X92.831 Y95.509 E2421.27843
G1 X92.7 Y96.517 E2421.31224
G1 X92.7 Y138.483 E2422.70803
G1 X92.831 Y139.487 E2422.74171
G1 X93.207 Y140.39 E2422.77424
G1 X93.815 Y141.181 E2422.80743
G1 X94.606 Y141.793 E2422.84069
G1 X95.509 Y142.165 E2422.87317
G1 X96.518 Y142.3 E2422.90703
G1 X138.482 Y142.3 E2424.30276
G1 X139.487 Y142.165 E2424.33649
G1 X140.39 Y141.793 E2424.36897
G1 X141.181 Y141.181 E2424.40223
G1 X141.793 Y140.39 E2424.4355
G1 X142.165 Y139.487 E2424.46798
G1 X142.3 Y138.482 E2424.50171
G1 X142.3 Y96.518 E2425.89743
G1 X142.165 Y95.509 E2425.93129
G1 X141.793 Y94.606 E2425.96378
G1 X141.181 Y93.815 E2425.99704
G1 X140.39 Y93.207 E2426.03022
G1 X139.487 Y92.831 E2426.06276
G1 X138.483 Y92.7 E2426.09643
G1 X96.517 Y92.7 E2427.49223
G1 X95.509 Y92.831 E2427.52603
G1 X94.606 Y93.207 E2427.55857
G1 X93.815 Y93.815 E2427.59175
G1 F2700 E2422.59175
G0 F9000 X94.157 Y94.192
G0 X93.697 Y94.889
G0 X93.398 Y95.701
G0 X97.402 Y111.719
G0 X96.75 Y111.898
;TYPE:SKIN
G1 F2700 E2427.59175
G1 F1500 X96.587 Y112.186 E2427.60276
G1 X96.54 Y112.496 E2427.61319
G1 X96.542 Y122.533 E2427.94702
G1 X96.603 Y122.838 E2427.95736
G1 X96.75 Y123.098 E2427.9673
G1 X96.961 Y123.289 E2427.97676
G1 X97.371 Y123.457 E2427.9915
G1 X137.629 Y123.457 E2429.33049
G1 X138.075 Y123.271 E2429.34656
G1 X138.289 Y123.035 E2429.35716
G1 X138.458 Y122.623 E2429.37197
G1 X138.458 Y112.468 E2429.70972
G1 X138.418 Y112.22 E2429.71808
G1 X138.28 Y111.943 E2429.72837
G1 X138.072 Y111.722 E2429.73847
G1 X137.629 Y111.543 E2429.75436
G1 X97.371 Y111.543 E2431.09334
G1 X96.958 Y111.711 E2431.10817
G1 X96.75 Y111.898 E2431.11748
G1 F2700 E2426.11748
G0 F9000 X96.936 Y112.084
G0 X97.402 Y111.719
G0 X93.416 Y95.665
G0 X94.355 Y94.355
G1 F2700 E2431.11748
G1 F1500 X94.99 Y93.867 E2431.14411
G1 X95.701 Y93.571 E2431.16973
G1 X96.569 Y93.46 E2431.19883
G1 X138.427 Y93.46 E2432.59104
G1 X139.291 Y93.571 E2432.62001
G1 X140.002 Y93.867 E2432.64562
G1 X140.633 Y94.351 E2432.67207
G1 X141.125 Y94.989 E2432.69887
G1 X141.421 Y95.705 E2432.72464
G1 X141.54 Y96.574 E2432.75381
G1 X141.539 Y138.418 E2434.14555
G1 X141.421 Y139.287 E2434.17472
G1 X141.125 Y140.006 E2434.20058
G1 X140.637 Y140.637 E2434.22711
G1 X140.006 Y141.125 E2434.25364
G1 X139.287 Y141.421 E2434.2795
G1 X138.422 Y141.539 E2434.30854
G1 X96.574 Y141.54 E2435.70041
G1 X95.705 Y141.421 E2435.72958
G1 X94.985 Y141.125 E2435.75547
G1 X94.359 Y140.641 E2435.78179
G1 X93.867 Y139.998 E2435.80872
G1 X93.571 Y139.291 E2435.83421
G1 X93.461 Y138.427 E2435.86318
G1 X93.46 Y96.569 E2437.25539
G1 X93.571 Y95.701 E2437.28449
G1 X93.867 Y94.99 E2437.31011
G1 X94.355 Y94.355 E2437.33674
G1 F2700 E2432.33674
G0 F9000 X94.152 Y94.199
G0 X93.697 Y94.889
G0 X93.378 Y95.655
G0 X93.261 Y96.554
G0 X93.261 Y138.446
G0 X93.378 Y139.34
G0 X93.697 Y140.107
G0 X94.117 Y140.654
G0 X94.984 Y141.407
G0 X95.16 Y140.981
G1 F2700 E2437.33674
G1 F1500 X94.016 Y139.836 E2437.39058
G0 F9000 X93.734 Y138.989
G1 F1500 X96.005 Y141.259 E2437.49737
G0 F9000 X96.65 Y141.339
G1 F1500 X93.661 Y138.35 E2437.63797
G0 F9000 X93.661 Y137.784
G1 F1500 X97.216 Y141.339 E2437.80518
G0 F9000 X97.782 Y141.339
G1 F1500 X93.661 Y137.218 E2437.99902
G0 F9000 X93.661 Y136.653
G1 F1500 X98.347 Y141.339 E2438.21944
G0 F9000 X98.913 Y141.339
G1 F1500 X93.661 Y136.087 E2438.46648
G0 F9000 X93.661 Y135.521
G1 F1500 X99.479 Y141.339 E2438.74014
G0 F9000 X100.044 Y141.339
G1 F1500 X93.661 Y134.956 E2439.04037
G0 F9000 X93.661 Y134.39
G1 F1500 X100.61 Y141.339 E2439.36723
G0 F9000 X101.176 Y141.339
G1 F1500 X93.661 Y133.824 E2439.72072
G0 F9000 X93.661 Y133.259
G1 F1500 X101.741 Y141.339 E2440.10077
G0 F9000 X102.307 Y141.339
G1 F1500 X93.661 Y132.693 E2440.50746
G0 F9000 X93.661 Y132.127
G1 F1500 X102.873 Y141.339 E2440.94076
G0 F9000 X103.438 Y141.339
G1 F1500 X93.661 Y131.561 E2441.40066
G0 F9000 X93.661 Y130.996
G1 F1500 X104.004 Y141.339 E2441.88717
G0 F9000 X104.57 Y141.339
G1 F1500 X93.661 Y130.43 E2442.40029
G0 F9000 X93.661 Y129.864
G1 F1500 X105.135 Y141.339 E2442.94002
G0 F9000 X105.701 Y141.339
G1 F1500 X93.661 Y129.299 E2443.50634
G0 F9000 X93.661 Y128.733
G1 F1500 X106.267 Y141.339 E2444.09929
G0 F9000 X106.833 Y141.339
G1 F1500 X93.661 Y128.167 E2444.71886
G0 F9000 X93.661 Y127.602
G1 F1500 X107.398 Y141.339 E2445.36501
G0 F9000 X107.964 Y141.339
G1 F1500 X93.661 Y127.036 E2446.03778
G0 F9000 X93.661 Y126.47
G1 F1500 X108.53 Y141.339 E2446.73717
G0 F9000 X109.095 Y141.339
G1 F1500 X93.661 Y125.905 E2447.46314
G0 F9000 X93.661 Y125.339
G1 F1500 X109.661 Y141.339 E2448.21573
G0 F9000 X110.227 Y141.339
G1 F1500 X93.661 Y124.773 E2448.99494
G0 F9000 X93.661 Y124.208
G1 F1500 X110.792 Y141.339 E2449.80073
G0 F9000 X111.358 Y141.339
G1 F1500 X93.661 Y123.642 E2450.63314
G0 F9000 X93.661 Y123.076
G1 F1500 X111.924 Y141.339 E2451.49218
G0 F9000 X112.489 Y141.339
G1 F1500 X93.661 Y122.51 E2452.37781
G0 F9000 X93.661 Y121.945
G1 F1500 X113.055 Y141.339 E2453.29005
G0 F9000 X113.621 Y141.339
G1 F1500 X93.661 Y121.379 E2454.2289
G0 F9000 X93.661 Y120.813
G1 F1500 X114.186 Y141.339 E2455.19436
G0 F9000 X114.752 Y141.339
G1 F1500 X96.888 Y123.476 E2456.03461
G0 F9000 X96.521 Y123.109
G1 F1500 X93.661 Y120.248 E2456.16915
G0 F9000 X93.661 Y119.682
G1 F1500 X96.34 Y122.361 E2456.29517
G0 F9000 X96.34 Y121.796
G1 F1500 X93.661 Y119.116 E2456.4212
G0 F9000 X93.661 Y118.551
G1 F1500 X96.34 Y121.23 E2456.54721
G0 F9000 X96.34 Y120.664
G1 F1500 X93.661 Y117.985 E2456.67323
G0 F9000 X93.66 Y117.419
G1 F1500 X96.34 Y120.099 E2456.79929
G0 F9000 X96.34 Y119.533
G1 F1500 X93.66 Y116.853 E2456.92534
G0 F9000 X93.66 Y116.287
G1 F1500 X96.34 Y118.967 E2457.0514
G0 F9000 X96.34 Y118.401
G1 F1500 X93.66 Y115.722 E2457.17744
G0 F9000 X93.66 Y115.156
G1 F1500 X96.34 Y117.836 E2457.3035
G0 F9000 X96.34 Y117.27
G1 F1500 X93.66 Y114.59 E2457.42956
G0 F9000 X93.66 Y114.025
G1 F1500 X96.34 Y116.704 E2457.55559
G0 F9000 X96.34 Y116.139
G1 F1500 X93.66 Y113.459 E2457.68165
G0 F9000 X93.66 Y112.893
G1 F1500 X96.34 Y115.573 E2457.80771
G0 F9000 X96.34 Y115.007
G1 F1500 X93.66 Y112.327 E2457.93377
G0 F9000 X93.66 Y111.762
G1 F1500 X96.34 Y114.442 E2458.05983
G0 F9000 X96.34 Y113.876
G1 F1500 X93.66 Y111.196 E2458.18589
G0 F9000 X93.66 Y110.63
G1 F1500 X96.34 Y113.31 E2458.31195
G0 F9000 X96.34 Y112.745
G1 F1500 X93.66 Y110.065 E2458.438
G0 F9000 X93.66 Y109.499
G1 F1500 X96.38 Y112.219 E2458.56595
G0 F9000 X96.558 Y111.832
G1 F1500 X93.66 Y108.933 E2458.70228
G0 F9000 X93.66 Y108.368
G1 F1500 X96.837 Y111.545 E2458.85172
G0 F9000 X97.236 Y111.378
G1 F1500 X93.66 Y107.802 E2459.01992
G0 F9000 X93.66 Y107.236
G1 F1500 X97.769 Y111.345 E2459.2132
G0 F9000 X98.335 Y111.345
G1 F1500 X93.66 Y106.671 E2459.43307
G0 F9000 X93.66 Y106.105
G1 F1500 X98.9 Y111.345 E2459.67954
G0 F9000 X99.466 Y111.345
G1 F1500 X93.66 Y105.539 E2459.95264
G0 F9000 X93.66 Y104.974
G1 F1500 X100.032 Y111.345 E2460.25234
G0 F9000 X100.597 Y111.345
G1 F1500 X93.66 Y104.408 E2460.57863
G0 F9000 X93.66 Y103.842
G1 F1500 X101.163 Y111.345 E2460.93155
G0 F9000 X101.729 Y111.345
G1 F1500 X93.66 Y103.276 E2461.31109
G0 F9000 X93.66 Y102.711
G1 F1500 X102.294 Y111.345 E2461.71721
G0 F9000 X102.859 Y111.345
G1 F1500 X93.66 Y102.145 E2462.14992
G0 F9000 X93.66 Y101.579
G1 F1500 X103.425 Y111.345 E2462.60926
G0 F9000 X103.991 Y111.345
G1 F1500 X93.66 Y101.014 E2463.0952
G0 F9000 X93.66 Y100.448
G1 F1500 X104.556 Y111.345 E2463.60774
G0 F9000 X105.122 Y111.345
G1 F1500 X93.66 Y99.882 E2464.1469
G0 F9000 X93.66 Y99.317
G1 F1500 X105.688 Y111.345 E2464.71266
G0 F9000 X106.253 Y111.345
G1 F1500 X93.66 Y98.751 E2465.30502
G0 F9000 X93.66 Y98.185
G1 F1500 X106.818 Y111.344 E2465.92396
G0 F9000 X107.384 Y111.344
G1 F1500 X93.66 Y97.62 E2466.56949
G0 F9000 X93.66 Y97.054
G1 F1500 X107.95 Y111.344 E2467.24165
G0 F9000 X108.515 Y111.344
G1 F1500 X93.67 Y96.498 E2467.93994
G0 F9000 X93.734 Y95.997
G1 F1500 X109.081 Y111.344 E2468.66181
G0 F9000 X109.647 Y111.344
G1 F1500 X93.851 Y95.549 E2469.40478
G0 F9000 X94.018 Y95.15
G1 F1500 X110.212 Y111.344 E2470.1665
G0 F9000 X110.777 Y111.343
G1 F1500 X94.252 Y94.818 E2470.94379
G0 F9000 X94.498 Y94.498
G1 F1500 X111.343 Y111.343 E2471.73612
G0 F9000 X111.909 Y111.343
G1 F1500 X94.818 Y94.252 E2472.54003
G0 F9000 X95.15 Y94.018
G1 F1500 X112.475 Y111.343 E2473.35495
G0 F9000 X113.04 Y111.343
G1 F1500 X95.549 Y93.851 E2474.17769
G0 F9000 X95.998 Y93.735
G1 F1500 X113.606 Y111.343 E2475.00592
G0 F9000 X114.172 Y111.343
G1 F1500 X96.5 Y93.672 E2475.83713
G0 F9000 X97.055 Y93.661
G1 F1500 X114.737 Y111.343 E2476.66884
G0 F9000 X115.302 Y111.342
G1 F1500 X97.62 Y93.661 E2477.50052
G0 F9000 X98.186 Y93.661
G1 F1500 X115.868 Y111.342 E2478.33221
G0 F9000 X116.434 Y111.342
G1 F1500 X98.752 Y93.661 E2479.16389
G0 F9000 X99.317 Y93.661
G1 F1500 X116.999 Y111.342 E2479.99557
G0 F9000 X117.565 Y111.342
G1 F1500 X99.883 Y93.661 E2480.82726
G0 F9000 X100.449 Y93.661
G1 F1500 X118.131 Y111.342 E2481.65894
G0 F9000 X118.696 Y111.342
G1 F1500 X101.014 Y93.661 E2482.49062
G0 F9000 X101.58 Y93.661
G1 F1500 X119.262 Y111.342 E2483.32231
G0 F9000 X119.827 Y111.342
G1 F1500 X102.146 Y93.661 E2484.15397
G0 F9000 X102.712 Y93.661
G1 F1500 X120.393 Y111.342 E2484.98563
G0 F9000 X120.958 Y111.342
G1 F1500 X103.277 Y93.661 E2485.81729
G0 F9000 X103.843 Y93.661
G1 F1500 X121.524 Y111.342 E2486.64895
G0 F9000 X122.09 Y111.342
G1 F1500 X104.409 Y93.661 E2487.48061
G0 F9000 X104.974 Y93.661
G1 F1500 X122.655 Y111.342 E2488.31227
G0 F9000 X123.221 Y111.342
G1 F1500 X105.54 Y93.661 E2489.14393
G0 F9000 X106.106 Y93.661
G1 F1500 X123.787 Y111.342 E2489.97559
G0 F9000 X124.352 Y111.341
G1 F1500 X106.671 Y93.661 E2490.80722
G0 F9000 X107.237 Y93.661
G1 F1500 X124.917 Y111.341 E2491.63884
G0 F9000 X125.483 Y111.341
G1 F1500 X107.803 Y93.661 E2492.47045
G0 F9000 X108.368 Y93.661
G1 F1500 X126.049 Y111.341 E2493.30209
G0 F9000 X126.615 Y111.341
G1 F1500 X108.934 Y93.661 E2494.13372
G0 F9000 X109.5 Y93.661
G1 F1500 X127.18 Y111.341 E2494.96534
G0 F9000 X127.746 Y111.341
G1 F1500 X110.065 Y93.661 E2495.79697
G0 F9000 X110.631 Y93.661
G1 F1500 X128.312 Y111.341 E2496.62861
G0 F9000 X128.877 Y111.34
G1 F1500 X111.197 Y93.661 E2497.4602
G0 F9000 X111.762 Y93.661
G1 F1500 X129.442 Y111.34 E2498.29179
G0 F9000 X130.008 Y111.34
G1 F1500 X112.328 Y93.661 E2499.12338
G0 F9000 X112.894 Y93.661
G1 F1500 X130.574 Y111.34 E2499.95497
G0 F9000 X131.139 Y111.34
G1 F1500 X113.46 Y93.661 E2500.78653
G0 F9000 X114.025 Y93.661
G1 F1500 X131.705 Y111.34 E2501.61812
G0 F9000 X132.271 Y111.34
G1 F1500 X114.591 Y93.661 E2502.44971
G0 F9000 X115.157 Y93.661
G1 F1500 X132.836 Y111.34 E2503.28128
G0 F9000 X133.401 Y111.34
G1 F1500 X115.722 Y93.661 E2504.11284
G0 F9000 X116.288 Y93.661
G1 F1500 X133.967 Y111.34 E2504.94441
G0 F9000 X134.533 Y111.34
G1 F1500 X116.854 Y93.661 E2505.77598
G0 F9000 X117.419 Y93.661
G1 F1500 X135.098 Y111.34 E2506.60754
G0 F9000 X135.664 Y111.34
G1 F1500 X117.985 Y93.661 E2507.43911
G0 F9000 X118.551 Y93.661
G1 F1500 X136.23 Y111.34 E2508.27067
G0 F9000 X136.795 Y111.34
G1 F1500 X119.116 Y93.661 E2509.10224
G0 F9000 X119.682 Y93.661
G1 F1500 X137.361 Y111.34 E2509.93381
G0 F9000 X138.107 Y111.52
G1 F1500 X120.248 Y93.661 E2510.77384
G0 F9000 X120.813 Y93.661
G1 F1500 X141.339 Y114.186 E2511.73929
G0 F9000 X141.339 Y113.621
G1 F1500 X121.379 Y93.661 E2512.67815
G0 F9000 X121.945 Y93.661
G1 F1500 X141.339 Y113.055 E2513.59039
G0 F9000 X141.339 Y112.489
G1 F1500 X122.51 Y93.661 E2514.47602
G0 F9000 X123.076 Y93.661
G1 F1500 X141.339 Y111.924 E2515.33506
G0 F9000 X141.339 Y111.358
G1 F1500 X123.642 Y93.661 E2516.16747
G0 F9000 X124.208 Y93.661
G1 F1500 X141.339 Y110.792 E2516.97326
G0 F9000 X141.339 Y110.227
G1 F1500 X124.773 Y93.661 E2517.75247
G0 F9000 X125.339 Y93.661
G1 F1500 X141.339 Y109.661 E2518.50506
G0 F9000 X141.339 Y109.095
G1 F1500 X125.905 Y93.661 E2519.23103
G0 F9000 X126.47 Y93.661
G1 F1500 X141.339 Y108.53 E2519.93042
G0 F9000 X141.339 Y107.964
G1 F1500 X127.036 Y93.661 E2520.60319
G0 F9000 X127.602 Y93.661
G1 F1500 X141.339 Y107.398 E2521.24934
G0 F9000 X141.339 Y106.833
G1 F1500 X128.167 Y93.661 E2521.86891
G0 F9000 X128.733 Y93.661
G1 F1500 X141.339 Y106.267 E2522.46186
G0 F9000 X141.339 Y105.701
G1 F1500 X129.299 Y93.661 E2523.02818
G0 F9000 X129.864 Y93.661
G1 F1500 X141.339 Y105.135 E2523.56791
G0 F9000 X141.339 Y104.57
G1 F1500 X130.43 Y93.661 E2524.08103
G0 F9000 X130.996 Y93.661
G1 F1500 X141.339 Y104.004 E2524.56754
G0 F9000 X141.339 Y103.438
G1 F1500 X131.561 Y93.661 E2525.02744
G0 F9000 X132.127 Y93.661
G1 F1500 X141.339 Y102.873 E2525.46074
G0 F9000 X141.339 Y102.307
G1 F1500 X132.693 Y93.661 E2525.86743
G0 F9000 X133.259 Y93.661
G1 F1500 X141.339 Y101.741 E2526.24748
G0 F9000 X141.339 Y101.176
G1 F1500 X133.824 Y93.661 E2526.60097
G0 F9000 X134.39 Y93.661
G1 F1500 X141.339 Y100.61 E2526.92783
G0 F9000 X141.339 Y100.044
G1 F1500 X134.956 Y93.661 E2527.22806
G0 F9000 X135.521 Y93.661
G1 F1500 X141.339 Y99.479 E2527.50172
G0 F9000 X141.339 Y98.913
G1 F1500 X136.087 Y93.661 E2527.74876
G0 F9000 X136.653 Y93.661
G1 F1500 X141.339 Y98.347 E2527.96918
G0 F9000 X141.339 Y97.782
G1 F1500 X137.218 Y93.661 E2528.16302
G0 F9000 X137.784 Y93.661
G1 F1500 X141.339 Y97.216 E2528.33023
G0 F9000 X141.339 Y96.65
G1 F1500 X138.35 Y93.661 E2528.47083
G0 F9000 X138.989 Y93.734
G1 F1500 X141.259 Y96.005 E2528.57762
G0 F9000 X140.977 Y95.157
G1 F1500 X139.836 Y94.016 E2528.63129
G1 F2700 E2523.63129
G0 F9000 X140.014 Y93.593
G0 X140.782 Y94.215
G0 X141.297 Y94.939
G0 X137.598 Y111.719
G0 X138.473 Y111.886
G1 F2700 E2528.63129
G1 F1500 X141.339 Y114.752 E2528.7661
G0 F9000 X141.339 Y115.318
G1 F1500 X138.66 Y112.639 E2528.89211
G0 F9000 X138.66 Y113.204
G1 F1500 X141.339 Y115.883 E2529.01812
G0 F9000 X141.339 Y116.449
G1 F1500 X138.66 Y113.77 E2529.14414
G0 F9000 X138.659 Y114.335
G1 F1500 X141.339 Y117.015 E2529.27019
G0 F9000 X141.339 Y117.58
G1 F1500 X138.659 Y114.901 E2529.39623
G0 F9000 X138.659 Y115.466
G1 F1500 X141.339 Y118.146 E2529.52229
G0 F9000 X141.339 Y118.711
G1 F1500 X138.659 Y116.031 E2529.64835
G0 F9000 X138.659 Y116.597
G1 F1500 X141.339 Y119.277 E2529.77441
G0 F9000 X141.339 Y119.843
G1 F1500 X138.658 Y117.162 E2529.90051
G0 F9000 X138.658 Y117.728
G1 F1500 X141.339 Y120.408 E2530.0266
G0 F9000 X141.339 Y120.974
G1 F1500 X138.658 Y118.293 E2530.1527
G0 F9000 X138.657 Y118.858
G1 F1500 X141.339 Y121.54 E2530.27885
G0 F9000 X141.339 Y122.105
G1 F1500 X138.657 Y119.424 E2530.40498
G0 F9000 X138.657 Y119.989
G1 F1500 X141.339 Y122.671 E2530.53114
G0 F9000 X141.339 Y123.237
G1 F1500 X138.657 Y120.555 E2530.65729
G0 F9000 X138.657 Y121.12
G1 F1500 X141.339 Y123.802 E2530.78344
G0 F9000 X141.339 Y124.368
G1 F1500 X138.656 Y121.685 E2530.90964
G0 F9000 X138.656 Y122.251
G1 F1500 X141.339 Y124.934 E2531.03584
G0 F9000 X141.339 Y125.499
G1 F1500 X138.616 Y122.776 E2531.16393
G0 F9000 X138.432 Y123.159
G1 F1500 X141.339 Y126.065 E2531.30064
G0 F9000 X141.339 Y126.631
G1 F1500 X138.161 Y123.453 E2531.45012
G0 F9000 X137.764 Y123.622
G1 F1500 X141.339 Y127.196 E2531.61826
G0 F9000 X141.339 Y127.762
G1 F1500 X137.231 Y123.655 E2531.81146
G0 F9000 X136.665 Y123.655
G1 F1500 X141.339 Y128.328 E2532.03129
G0 F9000 X141.339 Y128.894
G1 F1500 X136.1 Y123.655 E2532.27771
G0 F9000 X135.534 Y123.655
G1 F1500 X141.339 Y129.459 E2532.55074
G0 F9000 X141.339 Y130.025
G1 F1500 X134.968 Y123.655 E2532.85039
G0 F9000 X134.403 Y123.655
G1 F1500 X141.339 Y130.591 E2533.17664
G0 F9000 X141.339 Y131.156
G1 F1500 X133.837 Y123.655 E2533.52948
G0 F9000 X133.271 Y123.655
G1 F1500 X141.339 Y131.722 E2533.90895
G0 F9000 X141.339 Y132.288
G1 F1500 X132.706 Y123.655 E2534.31502
G0 F9000 X132.141 Y123.655
G1 F1500 X141.339 Y132.853 E2534.74767
G0 F9000 X141.339 Y133.419
G1 F1500 X131.575 Y123.655 E2535.20694
G0 F9000 X131.009 Y123.655
G1 F1500 X141.339 Y133.985 E2535.69283
G0 F9000 X141.339 Y134.55
G1 F1500 X130.444 Y123.655 E2536.2053
G0 F9000 X129.878 Y123.655
G1 F1500 X141.339 Y135.116 E2536.74439
G0 F9000 X141.339 Y135.682
G1 F1500 X129.312 Y123.655 E2537.3101
G0 F9000 X128.746 Y123.655
G1 F1500 X141.339 Y136.247 E2537.90241
G0 F9000 X141.339 Y136.813
G1 F1500 X128.181 Y123.655 E2538.52132
G0 F9000 X127.615 Y123.655
G1 F1500 X141.339 Y137.379 E2539.16686
G0 F9000 X141.339 Y137.945
G1 F1500 X127.05 Y123.656 E2539.83897
G0 F9000 X126.484 Y123.656
G1 F1500 X141.326 Y138.497 E2540.53707
G0 F9000 X141.258 Y138.995
G1 F1500 X125.919 Y123.656 E2541.25857
G0 F9000 X125.353 Y123.656
G1 F1500 X141.139 Y139.442 E2542.00109
G0 F9000 X140.974 Y139.843
G1 F1500 X124.787 Y123.656 E2542.76248
G0 F9000 X124.222 Y123.656
G1 F1500 X140.74 Y140.175 E2543.53946
G0 F9000 X140.494 Y140.494
G1 F1500 X123.656 Y123.656 E2544.33147
G0 F9000 X123.09 Y123.656
G1 F1500 X140.175 Y140.74 E2545.13507
G0 F9000 X139.843 Y140.974
G1 F1500 X122.525 Y123.657 E2545.94963
G0 F9000 X121.96 Y123.657
G1 F1500 X139.442 Y141.139 E2546.77193
G0 F9000 X138.996 Y141.259
G1 F1500 X121.394 Y123.657 E2547.59988
G0 F9000 X120.828 Y123.657
G1 F1500 X138.498 Y141.327 E2548.43102
G0 F9000 X137.945 Y141.339
G1 F1500 X120.263 Y123.657 E2549.26273
G0 F9000 X119.697 Y123.657
G1 F1500 X137.38 Y141.339 E2550.09446
G0 F9000 X136.814 Y141.339
G1 F1500 X119.131 Y123.657 E2550.92619
G0 F9000 X118.566 Y123.657
G1 F1500 X136.248 Y141.339 E2551.75789
G0 F9000 X135.682 Y141.339
G1 F1500 X118 Y123.657 E2552.5896
G0 F9000 X117.435 Y123.657
G1 F1500 X135.117 Y141.339 E2553.42131
G0 F9000 X134.551 Y141.339
G1 F1500 X116.869 Y123.657 E2554.25302
G0 F9000 X116.304 Y123.657
G1 F1500 X133.985 Y141.339 E2555.0847
G0 F9000 X133.42 Y141.339
G1 F1500 X115.738 Y123.657 E2555.91641
G0 F9000 X115.172 Y123.657
G1 F1500 X132.854 Y141.339 E2556.74811
G0 F9000 X132.288 Y141.339
G1 F1500 X114.606 Y123.657 E2557.57982
G0 F9000 X114.041 Y123.657
G1 F1500 X131.723 Y141.339 E2558.41153
G0 F9000 X131.157 Y141.339
G1 F1500 X113.475 Y123.657 E2559.24323
G0 F9000 X112.909 Y123.657
G1 F1500 X130.591 Y141.339 E2560.07494
G0 F9000 X130.026 Y141.339
G1 F1500 X112.344 Y123.658 E2560.90663
G0 F9000 X111.779 Y123.658
G1 F1500 X129.46 Y141.339 E2561.73829
G0 F9000 X128.894 Y141.339
G1 F1500 X111.213 Y123.658 E2562.56995
G0 F9000 X110.647 Y123.658
G1 F1500 X128.329 Y141.339 E2563.40163
G0 F9000 X127.763 Y141.339
G1 F1500 X110.082 Y123.658 E2564.23329
G0 F9000 X109.516 Y123.658
G1 F1500 X127.197 Y141.339 E2565.06495
G0 F9000 X126.632 Y141.339
G1 F1500 X108.95 Y123.658 E2565.89663
G0 F9000 X108.385 Y123.658
G1 F1500 X126.066 Y141.339 E2566.72829
G0 F9000 X125.5 Y141.339
G1 F1500 X107.819 Y123.658 E2567.55995
G0 F9000 X107.254 Y123.659
G1 F1500 X124.934 Y141.339 E2568.39157
G0 F9000 X124.369 Y141.339
G1 F1500 X106.688 Y123.659 E2569.2232
G0 F9000 X106.123 Y123.659
G1 F1500 X123.803 Y141.339 E2570.05482
G0 F9000 X123.237 Y141.339
G1 F1500 X105.557 Y123.659 E2570.88643
G0 F9000 X104.991 Y123.659
G1 F1500 X122.672 Y141.339 E2571.71806
G0 F9000 X122.106 Y141.339
G1 F1500 X104.426 Y123.659 E2572.54968
G0 F9000 X103.86 Y123.659
G1 F1500 X121.54 Y141.339 E2573.38129
G0 F9000 X120.975 Y141.339
G1 F1500 X103.294 Y123.659 E2574.21293
G0 F9000 X102.728 Y123.659
G1 F1500 X120.409 Y141.339 E2575.04456
G0 F9000 X119.843 Y141.339
G1 F1500 X102.163 Y123.66 E2575.87615
G0 F9000 X101.598 Y123.66
G1 F1500 X119.278 Y141.339 E2576.70774
G0 F9000 X118.712 Y141.339
G1 F1500 X101.032 Y123.66 E2577.53933
G0 F9000 X100.466 Y123.66
G1 F1500 X118.146 Y141.339 E2578.37092
G0 F9000 X117.581 Y141.339
G1 F1500 X99.901 Y123.66 E2579.20251
G0 F9000 X99.335 Y123.66
G1 F1500 X117.015 Y141.339 E2580.0341
G0 F9000 X116.449 Y141.339
G1 F1500 X98.769 Y123.66 E2580.86569
G0 F9000 X98.204 Y123.66
G1 F1500 X115.883 Y141.339 E2581.69726
G0 F9000 X115.318 Y141.339
G1 F1500 X97.638 Y123.66 E2582.52885
G1 F2700 E2577.52885
;MESH:NONMESH
G0 F300 X97.638 Y123.66 Z6
G0 F9000 X97.638 Y123.2
G0 X97.072 Y122.928
G0 X96.876 Y112.031
G0 X93.416 Y95.665
G0 X94.1 Y94.1
;TIME_ELAPSED:3315.472619
;LAYER:29
;TYPE:WALL-INNER
;MESH:singola_fenditura.stl
G1 F2700 E2582.52885
G1 F1500 X93.556 Y94.808 E2582.55854
G1 X93.221 Y95.613 E2582.58754
G1 X93.1 Y96.543 E2582.61873
G1 X93.1 Y138.457 E2584.0128
G1 X93.221 Y139.383 E2584.04386
G1 X93.556 Y140.188 E2584.07286
G1 X94.101 Y140.896 E2584.10258
G1 X94.808 Y141.443 E2584.13231
G1 X95.613 Y141.775 E2584.16127
G1 X96.544 Y141.9 E2584.19251
G1 X138.456 Y141.9 E2585.58651
G1 X139.383 Y141.775 E2585.61762
G1 X140.188 Y141.443 E2585.64659
G1 X140.896 Y140.896 E2585.67634
G1 X141.443 Y140.188 E2585.7061
G1 X141.775 Y139.383 E2585.73506
G1 X141.9 Y138.456 E2585.76617
G1 X141.9 Y96.544 E2587.16017
G1 X141.775 Y95.613 E2587.19142
G1 X141.443 Y94.808 E2587.22038
G1 X140.896 Y94.101 E2587.25011
G1 X140.188 Y93.556 E2587.27983
G1 X139.383 Y93.221 E2587.30883
G1 X138.457 Y93.1 E2587.33989
G1 X96.543 Y93.1 E2588.73395
G1 X95.613 Y93.221 E2588.76515
G1 X94.808 Y93.556 E2588.79415
G1 X94.1 Y94.1 E2588.82384
G1 F2700 E2583.82384
G0 F9000 X94.157 Y94.192
G0 X93.697 Y94.889
G0 X93.398 Y95.701
G0 X97.402 Y111.719
G0 X97.14 Y112.02
G1 F2700 E2588.82384
G1 F1500 X97.421 Y111.9 E2588.83401
G1 X137.579 Y111.9 E2590.16967
G1 X137.86 Y112.02 E2590.17983
G1 X137.981 Y112.139 E2590.18547
G1 X138.068 Y112.305 E2590.19171
G1 X138.1 Y112.5 E2590.19828
G1 X138.1 Y122.574 E2590.53334
G1 X137.981 Y122.86 E2590.54364
G1 X137.86 Y122.98 E2590.54931
G1 X137.579 Y123.1 E2590.55948
G1 X97.421 Y123.1 E2591.89514
G1 X97.14 Y122.98 E2591.9053
G1 X97.019 Y122.86 E2591.91097
G1 X96.932 Y122.695 E2591.91717
G1 X96.9 Y122.5 E2591.92374
G1 X96.9 Y112.5 E2592.25634
G1 X96.932 Y112.305 E2592.26292
G1 X97.02 Y112.14 E2592.26914
G1 X97.14 Y112.02 E2592.27478
G0 F9000 X97.38 Y112.34
;TYPE:WALL-OUTER
G1 F1500 X97.463 Y112.303 E2592.2778
G1 X137.537 Y112.303 E2593.61067
G1 X137.62 Y112.34 E2593.61369
G1 X137.7 Y112.449 E2593.61819
G1 X137.698 Y122.535 E2593.95365
G1 X137.661 Y122.62 E2593.95673
G1 X137.537 Y122.697 E2593.96159
G1 X97.463 Y122.697 E2595.29446
G1 X97.38 Y122.66 E2595.29748
G1 X97.3 Y122.551 E2595.30198
G1 X97.3 Y112.449 E2595.63797
G1 X97.38 Y112.34 E2595.64247
G1 F2700 E2590.64247
G0 F9000 X97.38 Y112
G0 X97.402 Y111.719
G0 X93.416 Y95.665
G0 X93.815 Y93.815
G1 F2700 E2595.64247
G1 F1500 X93.207 Y94.606 E2595.67565
G1 X92.831 Y95.509 E2595.70818
G1 X92.7 Y96.517 E2595.74199
G1 X92.7 Y138.483 E2597.13779
G1 X92.831 Y139.487 E2597.17146
G1 X93.207 Y140.39 E2597.204
G1 X93.815 Y141.181 E2597.23718
G1 X94.606 Y141.793 E2597.27044
G1 X95.509 Y142.165 E2597.30292
G1 X96.518 Y142.3 E2597.33678
G1 X138.482 Y142.3 E2598.73251
G1 X139.487 Y142.165 E2598.76624
G1 X140.39 Y141.793 E2598.79872
G1 X141.181 Y141.181 E2598.83198
G1 X141.793 Y140.39 E2598.86525
G1 X142.165 Y139.487 E2598.89773
G1 X142.3 Y138.482 E2598.93146
G1 X142.3 Y96.518 E2600.32719
G1 X142.165 Y95.509 E2600.36104
G1 X141.793 Y94.606 E2600.39353
G1 X141.181 Y93.815 E2600.42679
G1 X140.39 Y93.207 E2600.45997
G1 X139.487 Y92.831 E2600.49251
G1 X138.483 Y92.7 E2600.52618
G1 X96.517 Y92.7 E2601.92198
G1 X95.509 Y92.831 E2601.95579
G1 X94.606 Y93.207 E2601.98832
G1 X93.815 Y93.815 E2602.0215
G1 F2700 E2597.0215
G0 F9000 X94.157 Y94.192
G0 X93.697 Y94.889
G0 X93.398 Y95.701
G0 X97.402 Y111.719
G0 X96.75 Y111.898
;TYPE:SKIN
G1 F2700 E2602.0215
G1 F1500 X96.587 Y112.186 E2602.03251
G1 X96.54 Y112.496 E2602.04294
G1 X96.542 Y122.533 E2602.37677
G1 X96.603 Y122.838 E2602.38711
G1 X96.75 Y123.098 E2602.39705
G1 X96.961 Y123.289 E2602.40652
G1 X97.371 Y123.457 E2602.42125
G1 X137.629 Y123.457 E2603.76024
G1 X138.075 Y123.271 E2603.77631
G1 X138.289 Y123.035 E2603.78691
G1 X138.458 Y122.623 E2603.80172
G1 X138.458 Y112.468 E2604.13947
G1 X138.418 Y112.22 E2604.14783
G1 X138.28 Y111.943 E2604.15812
G1 X138.072 Y111.722 E2604.16822
G1 X137.629 Y111.543 E2604.18411
G1 X97.371 Y111.543 E2605.5231
G1 X96.958 Y111.711 E2605.53792
G1 X96.75 Y111.898 E2605.54723
G1 F2700 E2600.54723
G0 F9000 X96.936 Y112.084
G0 X97.402 Y111.719
G0 X93.416 Y95.665
G0 X94.355 Y94.355
G1 F2700 E2605.54723
G1 F1500 X94.99 Y93.867 E2605.57386
G1 X95.701 Y93.571 E2605.59948
G1 X96.569 Y93.46 E2605.62858
G1 X138.427 Y93.46 E2607.02079
G1 X139.291 Y93.571 E2607.04976
G1 X140.002 Y93.867 E2607.07538
G1 X140.633 Y94.351 E2607.10183
G1 X141.125 Y94.989 E2607.12862
G1 X141.421 Y95.705 E2607.15439
G1 X141.54 Y96.574 E2607.18356
G1 X141.539 Y138.418 E2608.5753
G1 X141.421 Y139.287 E2608.60447
G1 X141.125 Y140.006 E2608.63033
G1 X140.637 Y140.637 E2608.65686
G1 X140.006 Y141.125 E2608.68339
G1 X139.287 Y141.421 E2608.70925
G1 X138.422 Y141.539 E2608.73829
G1 X96.574 Y141.54 E2610.13016
G1 X95.705 Y141.421 E2610.15933
G1 X94.985 Y141.125 E2610.18523
G1 X94.359 Y140.641 E2610.21154
G1 X93.867 Y139.998 E2610.23847
G1 X93.571 Y139.291 E2610.26397
G1 X93.461 Y138.427 E2610.29293
G1 X93.46 Y96.569 E2611.68514
G1 X93.571 Y95.701 E2611.71424
G1 X93.867 Y94.99 E2611.73986
G1 X94.355 Y94.355 E2611.76649
G0 F9000 X94.152 Y94.199
G0 X93.894 Y94.59
G0 X93.315 Y95.668
G0 X93.777 Y95.728
G1 F1500 X95.729 Y93.776 E2611.85831
G0 F9000 X96.386 Y93.685
G1 F1500 X93.685 Y96.385 E2611.98533
G0 F9000 X93.661 Y96.975
G1 F1500 X96.976 Y93.66 E2612.14126
G0 F9000 X97.542 Y93.66
G1 F1500 X93.661 Y97.541 E2612.32381
G0 F9000 X93.661 Y98.107
G1 F1500 X98.108 Y93.66 E2612.53298
G0 F9000 X98.673 Y93.66
G1 F1500 X93.661 Y98.673 E2612.76876
G0 F9000 X93.661 Y99.238
G1 F1500 X99.239 Y93.66 E2613.03113
G0 F9000 X99.805 Y93.66
G1 F1500 X93.661 Y99.804 E2613.32012
G0 F9000 X93.661 Y100.37
G1 F1500 X100.37 Y93.66 E2613.63572
G0 F9000 X100.936 Y93.66
G1 F1500 X93.661 Y100.935 E2613.97791
G0 F9000 X93.661 Y101.501
G1 F1500 X101.502 Y93.66 E2614.34673
G0 F9000 X102.067 Y93.66
G1 F1500 X93.661 Y102.067 E2614.74214
G0 F9000 X93.661 Y102.632
G1 F1500 X102.633 Y93.66 E2615.16416
G0 F9000 X103.199 Y93.66
G1 F1500 X93.661 Y103.198 E2615.6128
G0 F9000 X93.661 Y103.764
G1 F1500 X103.764 Y93.66 E2616.08804
G0 F9000 X104.33 Y93.66
G1 F1500 X93.661 Y104.329 E2616.58987
G0 F9000 X93.661 Y104.895
G1 F1500 X104.896 Y93.66 E2617.11833
G0 F9000 X105.461 Y93.66
G1 F1500 X93.661 Y105.461 E2617.67339
G0 F9000 X93.661 Y106.026
G1 F1500 X106.027 Y93.66 E2618.25505
G0 F9000 X106.593 Y93.66
G1 F1500 X93.661 Y106.592 E2618.86333
G0 F9000 X93.661 Y107.158
G1 F1500 X107.158 Y93.66 E2619.49821
G0 F9000 X107.724 Y93.66
G1 F1500 X93.661 Y107.723 E2620.15969
G0 F9000 X93.661 Y108.289
G1 F1500 X108.29 Y93.66 E2620.8478
G0 F9000 X108.856 Y93.66
G1 F1500 X93.661 Y108.855 E2621.56252
G0 F9000 X93.661 Y109.421
G1 F1500 X109.421 Y93.66 E2622.30385
G0 F9000 X109.987 Y93.66
G1 F1500 X93.661 Y109.986 E2623.07177
G0 F9000 X93.661 Y110.552
G1 F1500 X110.553 Y93.66 E2623.86632
G0 F9000 X111.118 Y93.66
G1 F1500 X93.661 Y111.118 E2624.68747
G0 F9000 X93.661 Y111.683
G1 F1500 X111.684 Y93.66 E2625.53522
G0 F9000 X112.25 Y93.66
G1 F1500 X93.661 Y112.249 E2626.40959
G0 F9000 X93.661 Y112.815
G1 F1500 X112.815 Y93.66 E2627.31055
G0 F9000 X113.381 Y93.66
G1 F1500 X93.661 Y113.38 E2628.23812
G0 F9000 X93.661 Y113.946
G1 F1500 X113.947 Y93.66 E2629.19231
G0 F9000 X114.512 Y93.66
G1 F1500 X93.661 Y114.512 E2630.1731
G0 F9000 X93.661 Y115.077
G1 F1500 X96.356 Y112.382 E2630.29987
G0 F9000 X96.34 Y112.964
G1 F1500 X93.661 Y115.643 E2630.42588
G0 F9000 X93.661 Y116.209
G1 F1500 X96.34 Y113.53 E2630.55189
G0 F9000 X96.34 Y114.095
G1 F1500 X93.661 Y116.774 E2630.6779
G0 F9000 X93.661 Y117.34
G1 F1500 X96.34 Y114.661 E2630.80392
G0 F9000 X96.34 Y115.227
G1 F1500 X93.661 Y117.905 E2630.92991
G0 F9000 X93.661 Y118.471
G1 F1500 X96.34 Y115.792 E2631.05592
G0 F9000 X96.34 Y116.358
G1 F1500 X93.661 Y119.036 E2631.18191
G0 F9000 X93.661 Y119.602
G1 F1500 X96.34 Y116.924 E2631.30789
G0 F9000 X96.34 Y117.489
G1 F1500 X93.661 Y120.168 E2631.43391
G0 F9000 X93.661 Y120.734
G1 F1500 X96.34 Y118.055 E2631.55992
G0 F9000 X96.34 Y118.621
G1 F1500 X93.661 Y121.299 E2631.68591
G0 F9000 X93.661 Y121.865
G1 F1500 X96.34 Y119.186 E2631.81192
G0 F9000 X96.34 Y119.752
G1 F1500 X93.661 Y122.431 E2631.93793
G0 F9000 X93.661 Y122.996
G1 F1500 X96.34 Y120.318 E2632.06392
G0 F9000 X96.34 Y120.883
G1 F1500 X93.661 Y123.562 E2632.18993
G0 F9000 X93.661 Y124.128
G1 F1500 X96.34 Y121.449 E2632.31594
G0 F9000 X96.34 Y122.015
G1 F1500 X93.661 Y124.693 E2632.44193
G0 F9000 X93.661 Y125.259
G1 F1500 X96.35 Y122.571 E2632.56839
G0 F9000 X96.476 Y123.01
G1 F1500 X93.661 Y125.825 E2632.7008
G0 F9000 X93.661 Y126.39
G1 F1500 X96.713 Y123.339 E2632.84433
G0 F9000 X97.067 Y123.55
G1 F1500 X93.661 Y126.956 E2633.00454
G0 F9000 X93.661 Y127.522
G1 F1500 X97.524 Y123.659 E2633.18624
G0 F9000 X98.09 Y123.659
G1 F1500 X93.661 Y128.087 E2633.39455
G0 F9000 X93.661 Y128.653
G1 F1500 X98.656 Y123.659 E2633.62947
G0 F9000 X99.221 Y123.659
G1 F1500 X93.661 Y129.219 E2633.891
G0 F9000 X93.661 Y129.784
G1 F1500 X99.787 Y123.659 E2634.17912
G0 F9000 X100.353 Y123.659
G1 F1500 X93.661 Y130.35 E2634.49387
G0 F9000 X93.661 Y130.916
G1 F1500 X100.918 Y123.659 E2634.83522
G0 F9000 X101.484 Y123.659
G1 F1500 X93.661 Y131.482 E2635.20319
G0 F9000 X93.661 Y132.047
G1 F1500 X102.05 Y123.659 E2635.59776
G0 F9000 X102.616 Y123.658
G1 F1500 X93.661 Y132.613 E2636.01897
G0 F9000 X93.661 Y133.179
G1 F1500 X103.182 Y123.658 E2636.46681
G0 F9000 X103.747 Y123.658
G1 F1500 X93.661 Y133.744 E2636.94123
G0 F9000 X93.661 Y134.31
G1 F1500 X104.313 Y123.658 E2637.44226
G0 F9000 X104.879 Y123.658
G1 F1500 X93.661 Y134.876 E2637.96992
G0 F9000 X93.661 Y135.441
G1 F1500 X105.444 Y123.658 E2638.52416
G0 F9000 X106.01 Y123.658
G1 F1500 X93.661 Y136.007 E2639.10502
G0 F9000 X93.661 Y136.573
G1 F1500 X106.576 Y123.658 E2639.7125
G0 F9000 X107.142 Y123.658
G1 F1500 X93.661 Y137.138 E2640.34658
G0 F9000 X93.661 Y137.704
G1 F1500 X107.708 Y123.657 E2641.00731
G0 F9000 X108.274 Y123.657
G1 F1500 X93.661 Y138.27 E2641.69466
G0 F9000 X93.709 Y138.787
G1 F1500 X108.839 Y123.657 E2642.40633
G0 F9000 X109.405 Y123.657
G1 F1500 X93.784 Y139.279 E2643.14112
G0 F9000 X93.95 Y139.678
G1 F1500 X109.971 Y123.657 E2643.8947
G0 F9000 X110.536 Y123.657
G1 F1500 X94.152 Y140.042 E2644.66537
G0 F9000 X94.397 Y140.362
G1 F1500 X111.102 Y123.657 E2645.45112
G0 F9000 X111.668 Y123.657
G1 F1500 X94.684 Y140.641 E2646.25
G0 F9000 X95.003 Y140.887
G1 F1500 X112.233 Y123.657 E2647.06045
G0 F9000 X112.8 Y123.657
G1 F1500 X95.384 Y141.073 E2647.87964
G0 F9000 X95.792 Y141.23
G1 F1500 X113.365 Y123.657 E2648.70622
G0 F9000 X113.931 Y123.657
G1 F1500 X96.289 Y141.299 E2649.53605
G0 F9000 X96.814 Y141.34
G1 F1500 X114.497 Y123.657 E2650.3678
G0 F9000 X115.063 Y123.657
G1 F1500 X97.379 Y141.34 E2651.19958
G0 F9000 X97.945 Y141.34
G1 F1500 X115.628 Y123.657 E2652.03133
G0 F9000 X116.194 Y123.657
G1 F1500 X98.511 Y141.34 E2652.86309
G0 F9000 X99.076 Y141.34
G1 F1500 X116.76 Y123.657 E2653.69486
G0 F9000 X117.325 Y123.657
G1 F1500 X99.642 Y141.34 E2654.52662
G0 F9000 X100.208 Y141.34
G1 F1500 X117.892 Y123.656 E2655.35842
G0 F9000 X118.457 Y123.656
G1 F1500 X100.773 Y141.34 E2656.19022
G0 F9000 X101.339 Y141.34
G1 F1500 X119.023 Y123.656 E2657.02202
G0 F9000 X119.589 Y123.656
G1 F1500 X101.905 Y141.34 E2657.85382
G0 F9000 X102.47 Y141.34
G1 F1500 X120.154 Y123.656 E2658.68562
G0 F9000 X120.72 Y123.656
G1 F1500 X103.036 Y141.34 E2659.51743
G0 F9000 X103.602 Y141.34
G1 F1500 X121.286 Y123.656 E2660.34923
G0 F9000 X121.851 Y123.656
G1 F1500 X104.167 Y141.34 E2661.18103
G0 F9000 X104.733 Y141.34
G1 F1500 X122.417 Y123.656 E2662.01283
G0 F9000 X122.984 Y123.655
G1 F1500 X105.299 Y141.34 E2662.84468
G0 F9000 X105.864 Y141.34
G1 F1500 X123.549 Y123.655 E2663.67652
G0 F9000 X124.115 Y123.655
G1 F1500 X106.43 Y141.34 E2664.50837
G0 F9000 X106.996 Y141.34
G1 F1500 X124.681 Y123.655 E2665.34022
G0 F9000 X125.246 Y123.655
G1 F1500 X107.562 Y141.34 E2666.17205
G0 F9000 X108.127 Y141.34
G1 F1500 X125.812 Y123.655 E2667.00389
G0 F9000 X126.378 Y123.655
G1 F1500 X108.693 Y141.34 E2667.83574
G0 F9000 X109.259 Y141.34
G1 F1500 X126.943 Y123.655 E2668.66757
G0 F9000 X127.509 Y123.655
G1 F1500 X109.824 Y141.34 E2669.49942
G0 F9000 X110.39 Y141.34
G1 F1500 X128.075 Y123.655 E2670.33126
G0 F9000 X128.641 Y123.655
G1 F1500 X110.956 Y141.34 E2671.16311
G0 F9000 X111.521 Y141.34
G1 F1500 X129.207 Y123.655 E2671.99498
G0 F9000 X129.772 Y123.655
G1 F1500 X112.087 Y141.34 E2672.82683
G0 F9000 X112.653 Y141.34
G1 F1500 X130.338 Y123.655 E2673.65868
G0 F9000 X130.904 Y123.655
G1 F1500 X113.218 Y141.34 E2674.49055
G0 F9000 X113.784 Y141.34
G1 F1500 X131.47 Y123.655 E2675.32242
G0 F9000 X132.035 Y123.655
G1 F1500 X114.35 Y141.34 E2676.15427
G0 F9000 X114.915 Y141.34
G1 F1500 X132.601 Y123.655 E2676.98614
G0 F9000 X133.167 Y123.654
G1 F1500 X115.481 Y141.34 E2677.81804
G0 F9000 X116.047 Y141.34
G1 F1500 X133.733 Y123.654 E2678.64993
G0 F9000 X134.299 Y123.654
G1 F1500 X116.613 Y141.34 E2679.48183
G0 F9000 X117.178 Y141.34
G1 F1500 X134.864 Y123.654 E2680.31372
G0 F9000 X135.43 Y123.654
G1 F1500 X117.744 Y141.34 E2681.14562
G0 F9000 X118.31 Y141.34
G1 F1500 X135.996 Y123.654 E2681.97751
G0 F9000 X136.561 Y123.654
G1 F1500 X118.875 Y141.34 E2682.80941
G0 F9000 X119.441 Y141.34
G1 F1500 X137.127 Y123.654 E2683.6413
G0 F9000 X137.696 Y123.65
G1 F1500 X120.007 Y141.34 E2684.47336
G0 F9000 X120.572 Y141.34
G1 F1500 X141.339 Y120.573 E2685.45018
G0 F9000 X141.339 Y121.139
G1 F1500 X121.138 Y141.34 E2686.40037
G0 F9000 X121.704 Y141.34
G1 F1500 X141.339 Y121.704 E2687.32397
G0 F9000 X141.339 Y122.27
G1 F1500 X122.269 Y141.34 E2688.22096
G0 F9000 X122.835 Y141.34
G1 F1500 X141.339 Y122.836 E2689.09133
G0 F9000 X141.339 Y123.401
G1 F1500 X123.401 Y141.34 E2689.9351
G0 F9000 X123.966 Y141.34
G1 F1500 X141.339 Y123.967 E2690.75228
G0 F9000 X141.339 Y124.533
G1 F1500 X124.532 Y141.34 E2691.54283
G0 F9000 X125.098 Y141.34
G1 F1500 X141.339 Y125.099 E2692.30675
G0 F9000 X141.339 Y125.664
G1 F1500 X125.663 Y141.34 E2693.04411
G0 F9000 X126.229 Y141.34
G1 F1500 X141.339 Y126.23 E2693.75483
G0 F9000 X141.339 Y126.796
G1 F1500 X126.795 Y141.34 E2694.43894
G0 F9000 X127.361 Y141.34
G1 F1500 X141.339 Y127.361 E2695.09644
G0 F9000 X141.339 Y127.927
G1 F1500 X127.926 Y141.34 E2695.72735
G0 F9000 X128.492 Y141.34
G1 F1500 X141.339 Y128.493 E2696.33163
G0 F9000 X141.339 Y129.058
G1 F1500 X129.058 Y141.34 E2696.90932
G0 F9000 X129.623 Y141.34
G1 F1500 X141.339 Y129.624 E2697.4604
G0 F9000 X141.339 Y130.19
G1 F1500 X130.189 Y141.34 E2697.98486
G0 F9000 X130.755 Y141.34
G1 F1500 X141.339 Y130.755 E2698.48273
G0 F9000 X141.339 Y131.321
G1 F1500 X131.32 Y141.34 E2698.95399
G0 F9000 X131.886 Y141.34
G1 F1500 X141.339 Y131.887 E2699.39863
G0 F9000 X141.339 Y132.452
G1 F1500 X132.452 Y141.34 E2699.81667
G0 F9000 X133.017 Y141.34
G1 F1500 X141.339 Y133.018 E2700.20811
G0 F9000 X141.339 Y133.584
G1 F1500 X133.583 Y141.34 E2700.57293
G0 F9000 X134.149 Y141.34
G1 F1500 X141.339 Y134.149 E2700.91115
G0 F9000 X141.339 Y134.715
G1 F1500 X134.714 Y141.34 E2701.22277
G0 F9000 X135.28 Y141.34
G1 F1500 X141.339 Y135.281 E2701.50777
G0 F9000 X141.339 Y135.847
G1 F1500 X135.846 Y141.34 E2701.76614
G0 F9000 X136.412 Y141.34
G1 F1500 X141.339 Y136.412 E2701.99791
G0 F9000 X141.339 Y136.978
G1 F1500 X136.977 Y141.34 E2702.20309
G0 F9000 X137.543 Y141.34
G1 F1500 X141.339 Y137.544 E2702.38164
G0 F9000 X141.339 Y138.109
G1 F1500 X138.109 Y141.34 E2702.53359
G0 F9000 X138.717 Y141.298
G1 F1500 X141.296 Y138.718 E2702.65493
G0 F9000 X141.142 Y139.438
G1 F1500 X139.437 Y141.143 E2702.73512
G1 F2700 E2697.73512
G0 F9000 X139.613 Y141.572
G0 X140.087 Y141.269
G0 X137.598 Y123.281
G0 X138.65 Y122.696
G1 F2700 E2702.73512
G1 F1500 X141.339 Y120.007 E2702.86161
G0 F9000 X141.339 Y119.442
G1 F1500 X138.656 Y122.125 E2702.98781
G0 F9000 X138.656 Y121.559
G1 F1500 X141.339 Y118.876 E2703.11401
G0 F9000 X141.339 Y118.31
G1 F1500 X138.657 Y120.993 E2703.24018
G0 F9000 X138.657 Y120.427
G1 F1500 X141.339 Y117.745 E2703.36634
G0 F9000 X141.339 Y117.179
G1 F1500 X138.657 Y119.862 E2703.49251
G0 F9000 X138.657 Y119.295
G1 F1500 X141.339 Y116.613 E2703.61867
G0 F9000 X141.339 Y116.048
G1 F1500 X138.657 Y118.73 E2703.74482
G0 F9000 X138.658 Y118.163
G1 F1500 X141.339 Y115.482 E2703.87093
G0 F9000 X141.339 Y114.916
G1 F1500 X138.658 Y117.598 E2703.99706
G0 F9000 X138.658 Y117.032
G1 F1500 X141.339 Y114.35 E2704.12318
G0 F9000 X141.339 Y113.785
G1 F1500 X138.659 Y116.465 E2704.24924
G0 F9000 X138.659 Y115.9
G1 F1500 X141.339 Y113.219 E2704.37533
G0 F9000 X141.339 Y112.653
G1 F1500 X138.659 Y115.333 E2704.50139
G0 F9000 X138.659 Y114.768
G1 F1500 X141.339 Y112.088 E2704.62744
G0 F9000 X141.339 Y111.522
G1 F1500 X138.659 Y114.202 E2704.7535
G0 F9000 X138.66 Y113.636
G1 F1500 X141.339 Y110.956 E2704.87954
G0 F9000 X141.339 Y110.391
G1 F1500 X138.66 Y113.07 E2705.00555
G0 F9000 X138.66 Y112.504
G1 F1500 X141.339 Y109.825 E2705.13156
G0 F9000 X141.339 Y109.259
G1 F1500 X138.551 Y112.048 E2705.26272
G0 F9000 X138.328 Y111.705
G1 F1500 X141.339 Y108.694 E2705.40435
G0 F9000 X141.339 Y108.128
G1 F1500 X137.994 Y111.473 E2705.56169
G0 F9000 X137.561 Y111.34
G1 F1500 X141.339 Y107.562 E2705.7394
G0 F9000 X141.339 Y106.997
G1 F1500 X136.996 Y111.34 E2705.94368
G0 F9000 X136.43 Y111.34
G1 F1500 X141.339 Y106.431 E2706.17458
G0 F9000 X141.339 Y105.865
G1 F1500 X135.864 Y111.34 E2706.43211
G0 F9000 X135.299 Y111.34
G1 F1500 X141.339 Y105.3 E2706.71621
G0 F9000 X141.339 Y104.734
G1 F1500 X134.733 Y111.34 E2707.02694
G0 F9000 X134.167 Y111.34
G1 F1500 X141.339 Y104.168 E2707.36429
G0 F9000 X141.339 Y103.602
G1 F1500 X133.601 Y111.34 E2707.72826
G0 F9000 X133.035 Y111.341
G1 F1500 X141.339 Y103.037 E2708.11885
G0 F9000 X141.339 Y102.471
G1 F1500 X132.469 Y111.341 E2708.53607
G0 F9000 X131.904 Y111.341
G1 F1500 X141.339 Y101.905 E2708.97989
G0 F9000 X141.339 Y101.34
G1 F1500 X131.338 Y111.341 E2709.45031
G0 F9000 X130.772 Y111.341
G1 F1500 X141.339 Y100.774 E2709.94734
G0 F9000 X141.339 Y100.208
G1 F1500 X130.207 Y111.341 E2710.47098
G0 F9000 X129.641 Y111.341
G1 F1500 X141.339 Y99.643 E2711.02122
G0 F9000 X141.339 Y99.077
G1 F1500 X129.075 Y111.341 E2711.59808
G0 F9000 X128.509 Y111.342
G1 F1500 X141.339 Y98.511 E2712.20159
G0 F9000 X141.339 Y97.946
G1 F1500 X127.943 Y111.342 E2712.8317
G0 F9000 X127.378 Y111.342
G1 F1500 X141.339 Y97.38 E2713.4884
G0 F9000 X141.339 Y96.814
G1 F1500 X126.812 Y111.342 E2714.17173
G0 F9000 X126.246 Y111.342
G1 F1500 X141.298 Y96.29 E2714.87973
G0 F9000 X141.23 Y95.792
G1 F1500 X125.68 Y111.342 E2715.61116
G0 F9000 X125.115 Y111.342
G1 F1500 X141.071 Y95.385 E2716.3617
G0 F9000 X140.885 Y95.006
G1 F1500 X124.549 Y111.342 E2717.1301
G0 F9000 X123.983 Y111.342
G1 F1500 X140.639 Y94.687 E2717.91352
G0 F9000 X140.364 Y94.396
G1 F1500 X123.417 Y111.342 E2718.71063
G0 F9000 X122.851 Y111.342
G1 F1500 X140.043 Y94.151 E2719.51927
G0 F9000 X139.679 Y93.949
G1 F1500 X122.286 Y111.342 E2720.33738
G0 F9000 X121.72 Y111.342
G1 F1500 X139.28 Y93.783 E2721.16333
G0 F9000 X138.789 Y93.708
G1 F1500 X121.154 Y111.342 E2721.9928
G0 F9000 X120.589 Y111.342
G1 F1500 X138.271 Y93.66 E2722.82451
G0 F9000 X137.706 Y93.66
G1 F1500 X120.023 Y111.342 E2723.65624
G0 F9000 X119.456 Y111.343
G1 F1500 X137.14 Y93.66 E2724.48801
G0 F9000 X136.574 Y93.66
G1 F1500 X118.891 Y111.343 E2725.31977
G0 F9000 X118.325 Y111.343
G1 F1500 X136.008 Y93.66 E2726.15152
G0 F9000 X135.443 Y93.66
G1 F1500 X117.759 Y111.343 E2726.9833
G0 F9000 X117.194 Y111.343
G1 F1500 X134.877 Y93.66 E2727.81505
G0 F9000 X134.311 Y93.66
G1 F1500 X116.628 Y111.343 E2728.64681
G0 F9000 X116.062 Y111.343
G1 F1500 X133.746 Y93.66 E2729.47859
G0 F9000 X133.18 Y93.66
G1 F1500 X115.497 Y111.343 E2730.31034
G0 F9000 X114.93 Y111.344
G1 F1500 X132.614 Y93.66 E2731.14214
G0 F9000 X132.049 Y93.66
G1 F1500 X114.365 Y111.344 E2731.97394
G0 F9000 X113.799 Y111.344
G1 F1500 X131.483 Y93.66 E2732.80574
G0 F9000 X130.917 Y93.66
G1 F1500 X113.233 Y111.344 E2733.63754
G0 F9000 X112.668 Y111.344
G1 F1500 X130.352 Y93.66 E2734.46934
G0 F9000 X129.786 Y93.66
G1 F1500 X112.102 Y111.344 E2735.30115
G0 F9000 X111.536 Y111.344
G1 F1500 X129.22 Y93.66 E2736.13295
G0 F9000 X128.655 Y93.66
G1 F1500 X110.971 Y111.344 E2736.96475
G0 F9000 X110.404 Y111.345
G1 F1500 X128.089 Y93.66 E2737.7966
G0 F9000 X127.523 Y93.66
G1 F1500 X109.838 Y111.345 E2738.62844
G0 F9000 X109.273 Y111.345
G1 F1500 X126.957 Y93.66 E2739.46027
G0 F9000 X126.392 Y93.66
G1 F1500 X108.707 Y111.345 E2740.29212
G0 F9000 X108.141 Y111.345
G1 F1500 X125.826 Y93.66 E2741.12397
G0 F9000 X125.26 Y93.66
G1 F1500 X107.576 Y111.345 E2741.95579
G0 F9000 X107.01 Y111.345
G1 F1500 X124.695 Y93.66 E2742.78764
G0 F9000 X124.129 Y93.66
G1 F1500 X106.444 Y111.345 E2743.61949
G0 F9000 X105.878 Y111.345
G1 F1500 X123.563 Y93.66 E2744.45133
G0 F9000 X122.998 Y93.66
G1 F1500 X105.312 Y111.345 E2745.28321
G0 F9000 X104.747 Y111.345
G1 F1500 X122.432 Y93.66 E2746.11505
G0 F9000 X121.866 Y93.66
G1 F1500 X104.181 Y111.345 E2746.9469
G0 F9000 X103.615 Y111.345
G1 F1500 X121.301 Y93.66 E2747.77877
G0 F9000 X120.735 Y93.66
G1 F1500 X103.049 Y111.345 E2748.61065
G0 F9000 X102.484 Y111.345
G1 F1500 X120.169 Y93.66 E2749.44249
G0 F9000 X119.604 Y93.66
G1 F1500 X101.918 Y111.345 E2750.27437
G0 F9000 X101.352 Y111.346
G1 F1500 X119.038 Y93.66 E2751.10626
G0 F9000 X118.472 Y93.66
G1 F1500 X100.786 Y111.346 E2751.93816
G0 F9000 X100.22 Y111.346
G1 F1500 X117.907 Y93.66 E2752.77008
G0 F9000 X117.341 Y93.66
G1 F1500 X99.655 Y111.346 E2753.60197
G0 F9000 X99.089 Y111.346
G1 F1500 X116.775 Y93.66 E2754.43387
G0 F9000 X116.209 Y93.66
G1 F1500 X98.523 Y111.346 E2755.26576
G0 F9000 X97.958 Y111.346
G1 F1500 X115.644 Y93.66 E2756.09766
G0 F9000 X115.078 Y93.66
G1 F1500 X97.392 Y111.346 E2756.92955
;TIME_ELAPSED:3550.322275
G1 F2700 E2751.92955
M140 S0
M107
G91 ;Relative positioning
G1 E-2 F2700 ;Retract a bit
G1 E-2 Z0.2 F2400 ;Retract and raise Z
G1 X5 Y5 F3000 ;Wipe out
G1 Z10 ;Raise Z more
G90 ;Absolute positioning

G1 X0 Y235.0 ;Present print
M106 S0 ;Turn-off fan
M104 S0 ;Turn-off hotend
M140 S0 ;Turn-off bed

M84 X Y E ;Disable all steppers but Z

M82 ;absolute extrusion mode
M104 S0
;End of Gcode
;SETTING_3 {"global_quality": "[general]\\nversion = 4\\nname = Standard Quality
;SETTING_3  #2\\ndefinition = creality_ender3\\n\\n[metadata]\\ntype = quality_c
;SETTING_3 hanges\\nquality_type = standard\\nsetting_version = 23\\n\\n[values]
;SETTING_3 \\nadhesion_type = brim\\n\\n", "extruder_quality": ["[general]\\nver
;SETTING_3 sion = 4\\nname = Standard Quality #2\\ndefinition = creality_ender3\
;SETTING_3 \n\\n[metadata]\\ntype = quality_changes\\nquality_type = standard\\n
;SETTING_3 setting_version = 23\\nposition = 0\\n\\n[values]\\ninfill_sparse_den
;SETTING_3 sity = 20\\nmaterial_print_temperature = 220.0\\nz_seam_position = fr
;SETTING_3 ontleft\\n\\n"]}
