;FLAVOR:Marlin
;TIME:3488
;Filament used: 2.7782m
;Layer height: 0.2
;MINX:84.7
;MINY:84.7
;MINZ:0.2
;MAXX:150.3
;MAXY:150.297
;MAXZ:6
;TARGET_MACHINE.NAME:Creality Ender-3
;Generated with Cura_SteamEngine 5.7.2
M140 S50
M105
M190 S50
M104 S215
M105
M109 S215
M82 ;absolute extrusion mode
; Ender 3 Custom Start G-code
G92 E0 ; Reset Extruder
G28 ; Home all axes
G1 Z2.0 F3000 ; Move Z Axis up little to prevent scratching of Heat Bed
G1 X0.1 Y20 Z0.3 F5000.0 ; Move to start position
G1 X0.1 Y200.0 Z0.3 F1500.0 E15 ; Draw the first line
G1 X0.4 Y200.0 Z0.3 F5000.0 ; Move to side a little
G1 X0.4 Y20 Z0.3 F1500.0 E30 ; Draw the second line
G92 E0 ; Reset Extruder
G1 Z2.0 F3000 ; Move Z Axis up little to prevent scratching of Heat Bed
G1 X5 Y20 Z0.3 F5000.0 ; Move over to prevent blob squish
G92 E0
G92 E0
G1 F2700 E-5
;LAYER_COUNT:30
;LAYER:0
M107
G0 F6000 X88.116 Y88.112 Z0.2
;TYPE:SKIRT
G1 F2700 E0
G1 F1200 X90.569 Y86.232 E0.10279
G1 X93.483 Y85.022 E0.20774
G1 X95.522 Y84.757 E0.27612
G1 X138.497 Y84.7 E1.70548
G1 X141.49 Y85.004 E1.80554
G1 X144.408 Y86.217 E1.91064
G1 X146.896 Y88.124 E2.01491
G1 X148.779 Y90.581 E2.11787
G1 X149.976 Y93.461 E2.2216
G1 X150.3 Y96.505 E2.32341
G1 X150.222 Y139.551 E3.75513
G1 X149.939 Y141.615 E3.82442
G1 X148.77 Y144.429 E3.92577
G1 X146.89 Y146.882 E4.02857
G1 X144.416 Y148.779 E4.13226
G1 X141.494 Y149.993 E4.2375
G1 X138.545 Y150.297 E4.3361
G1 X95.431 Y150.222 E5.77008
G1 X93.382 Y149.939 E5.83888
G1 X90.578 Y148.776 E5.93984
G1 X88.124 Y146.896 E6.04266
G1 X86.218 Y144.41 E6.14685
G1 X85.024 Y141.539 E6.25027
G1 X84.7 Y138.495 E6.35209
G1 X84.778 Y95.449 E7.7838
G1 X85.061 Y93.385 E7.8531
G1 X86.229 Y90.574 E7.95434
G1 X88.116 Y88.112 E8.05751
G0 F6000 X88.403 Y88.395
G1 F1200 X90.77 Y86.581 E8.1567
G1 X93.584 Y85.412 E8.25805
G1 X95.573 Y85.154 E8.32476
G1 X138.498 Y85.1 E9.75245
G1 X141.392 Y85.396 E9.8492
G1 X144.208 Y86.567 E9.95064
G1 X146.611 Y88.409 E10.05134
G1 X148.429 Y90.781 E10.15074
G1 X149.584 Y93.559 E10.25081
G1 X149.9 Y96.504 E10.34932
G1 X149.826 Y139.497 E11.77928
G1 X149.55 Y141.51 E11.84686
G1 X148.422 Y144.225 E11.94464
G1 X146.603 Y146.599 E12.04411
G1 X144.215 Y148.43 E12.1442
G1 X141.397 Y149.601 E12.2457
G1 X138.546 Y149.897 E12.34103
G1 X95.486 Y149.826 E13.77321
G1 X93.49 Y149.55 E13.84023
G1 X90.776 Y148.425 E13.93795
G1 X88.409 Y146.611 E14.03714
G1 X86.568 Y144.21 E14.13777
G1 X85.416 Y141.441 E14.23752
G1 X85.1 Y138.496 E14.33603
G1 X85.174 Y95.503 E15.76599
G1 X85.45 Y93.49 E15.83356
G1 X86.577 Y90.778 E15.93124
G1 X88.403 Y88.395 E16.0311
G0 F6000 X88.688 Y88.68
G1 F1200 X90.971 Y86.93 E16.12677
G1 X93.685 Y85.803 E16.22451
G1 X95.625 Y85.551 E16.28958
G1 X138.498 Y85.5 E17.71554
G1 X141.294 Y85.788 E17.80903
G1 X144.008 Y86.917 E17.9068
G1 X146.326 Y88.694 E18.00394
G1 X148.079 Y90.981 E18.09978
G1 X149.192 Y93.658 E18.19621
G1 X149.5 Y96.503 E18.29139
G1 X149.43 Y139.443 E19.71958
G1 X149.161 Y141.405 E19.78545
G1 X148.073 Y144.024 E19.87977
G1 X146.318 Y146.314 E19.97573
G1 X144.015 Y148.08 E20.07226
G1 X141.299 Y149.209 E20.17009
G1 X138.547 Y149.497 E20.26212
G1 X95.541 Y149.43 E21.69251
G1 X93.594 Y149.161 E21.75788
G1 X90.98 Y148.077 E21.852
G1 X88.692 Y146.324 E21.94787
G1 X86.918 Y144.01 E22.04485
G1 X85.808 Y141.342 E22.14096
G1 X85.5 Y138.497 E22.23614
G1 X85.57 Y95.557 E23.66433
G1 X85.839 Y93.595 E23.73019
G1 X86.926 Y90.979 E23.82442
G1 X88.688 Y88.68 E23.92076
G0 F6000 X88.973 Y88.965
G1 F1200 X91.172 Y87.279 E24.01292
G1 X93.786 Y86.194 E24.10705
G1 X95.677 Y85.948 E24.17048
G1 X138.498 Y85.9 E25.59471
G1 X141.195 Y86.18 E25.68489
G1 X143.808 Y87.267 E25.77902
G1 X146.041 Y88.979 E25.87261
G1 X147.729 Y91.181 E25.96489
G1 X148.8 Y93.757 E26.05768
G1 X149.1 Y96.502 E26.14952
G1 X149.034 Y139.389 E27.57595
G1 X148.772 Y141.3 E27.64011
G1 X147.725 Y143.82 E27.73087
G1 X146.031 Y146.031 E27.82351
G1 X143.815 Y147.73 E27.91638
G1 X141.201 Y148.817 E28.01054
G1 X138.548 Y149.097 E28.09927
G1 X95.596 Y149.034 E29.52786
G1 X93.698 Y148.772 E29.59159
G1 X91.181 Y147.728 E29.68222
G1 X88.977 Y146.039 E29.77458
G1 X87.268 Y143.81 E29.86799
G1 X86.2 Y141.243 E29.96047
G1 X85.9 Y138.498 E30.05231
G1 X85.966 Y95.611 E31.47874
G1 X86.228 Y93.7 E31.54289
G1 X87.275 Y91.18 E31.63366
G1 X88.973 Y88.965 E31.72648
G0 F6000 X89.258 Y89.25
G1 F1200 X91.376 Y87.627 E31.81523
G1 X93.887 Y86.584 E31.90567
G1 X95.728 Y86.345 E31.96741
G1 X138.498 Y86.3 E33.38995
G1 X141.097 Y86.572 E33.47687
G1 X143.608 Y87.617 E33.56733
G1 X145.754 Y89.262 E33.65726
G1 X147.38 Y91.384 E33.74617
G1 X148.408 Y93.856 E33.83522
G1 X148.7 Y96.501 E33.92373
G1 X148.638 Y139.335 E35.34839
G1 X148.383 Y141.195 E35.41084
G1 X147.376 Y143.619 E35.49814
G1 X145.746 Y145.746 E35.58727
G1 X143.615 Y147.38 E35.67658
G1 X141.102 Y148.425 E35.7671
G1 X138.549 Y148.697 E35.8525
G1 X95.651 Y148.638 E37.27929
G1 X93.806 Y148.383 E37.34124
G1 X91.382 Y147.378 E37.42852
G1 X89.26 Y145.752 E37.51743
G1 X87.618 Y143.61 E37.6072
G1 X86.592 Y141.144 E37.69604
G1 X86.3 Y138.499 E37.78454
G1 X86.362 Y95.665 E39.20921
G1 X86.617 Y93.805 E39.27165
G1 X87.623 Y91.384 E39.35885
G1 X89.258 Y89.25 E39.44827
G0 F6000 X89.543 Y89.535
G1 F1200 X91.577 Y87.976 E39.5335
G1 X93.988 Y86.975 E39.62033
G1 X95.78 Y86.742 E39.68043
G1 X138.498 Y86.7 E41.10124
G1 X140.998 Y86.964 E41.18485
G1 X143.408 Y87.967 E41.27167
G1 X145.469 Y89.547 E41.35805
G1 X147.03 Y91.584 E41.44341
G1 X148.016 Y93.955 E41.52881
G1 X148.3 Y96.5 E41.61399
G1 X148.242 Y139.281 E43.03689
G1 X147.994 Y141.09 E43.09762
G1 X147.028 Y143.415 E43.18136
G1 X145.459 Y145.463 E43.26717
G1 X143.415 Y147.03 E43.35283
G1 X141.004 Y148.033 E43.43968
G1 X138.55 Y148.297 E43.52177
G1 X95.706 Y148.242 E44.94677
G1 X93.91 Y147.994 E45.00707
G1 X91.586 Y147.03 E45.09076
G1 X89.543 Y145.465 E45.17635
G1 X87.968 Y143.41 E45.26247
G1 X86.984 Y141.045 E45.34766
G1 X86.7 Y138.5 E45.43284
G1 X86.758 Y95.719 E46.85574
G1 X87.006 Y93.91 E46.91647
G1 X87.972 Y91.585 E47.00021
G1 X89.543 Y89.535 E47.08611
G0 F6000 X89.826 Y89.822
G1 F1200 X91.781 Y88.324 E47.16803
G1 X94.089 Y87.365 E47.25116
G1 X95.831 Y87.139 E47.30958
G1 X138.498 Y87.1 E48.72869
G1 X140.899 Y87.356 E48.809
G1 X143.208 Y88.317 E48.89219
G1 X145.184 Y89.832 E48.975
G1 X146.68 Y91.784 E49.0568
G1 X147.625 Y94.057 E49.13867
G1 X147.9 Y96.499 E49.22041
G1 X147.846 Y139.227 E50.64155
G1 X147.605 Y140.985 E50.70057
G1 X146.679 Y143.214 E50.78085
G1 X145.174 Y145.178 E50.86314
G1 X143.215 Y146.68 E50.94525
G1 X140.905 Y147.641 E51.02846
G1 X138.55 Y147.897 E51.10725
G1 X95.761 Y147.846 E52.53042
G1 X94.018 Y147.605 E52.58894
G1 X91.784 Y146.679 E52.66938
G1 X89.828 Y145.18 E52.75134
G1 X88.318 Y143.21 E52.8339
G1 X87.375 Y140.943 E52.91556
G1 X87.1 Y138.501 E52.99729
G1 X87.154 Y95.773 E54.41844
G1 X87.395 Y94.015 E54.47745
G1 X88.321 Y91.786 E54.55773
G1 X89.826 Y89.822 E54.64003
G0 F6000 X90.111 Y90.107
G1 F1200 X91.982 Y88.673 E54.71843
G1 X94.19 Y87.756 E54.79795
G1 X95.883 Y87.536 E54.85474
G1 X138.498 Y87.5 E56.27212
G1 X140.8 Y87.748 E56.34913
G1 X143.008 Y88.667 E56.42867
G1 X144.899 Y90.117 E56.50793
G1 X146.33 Y91.984 E56.58617
G1 X147.234 Y94.159 E56.66451
G1 X147.5 Y96.499 E56.74284
G1 X147.45 Y139.173 E58.16218
G1 X147.216 Y140.88 E58.21949
G1 X146.33 Y143.013 E58.29631
G1 X144.889 Y144.893 E58.37509
G1 X143.015 Y146.33 E58.45364
G1 X140.806 Y147.249 E58.53321
G1 X138.55 Y147.497 E58.6087
G1 X95.816 Y147.45 E60.03004
G1 X94.122 Y147.216 E60.08692
G1 X91.988 Y146.331 E60.16376
G1 X90.111 Y144.893 E60.2424
G1 X88.668 Y143.01 E60.3213
G1 X87.766 Y140.841 E60.39944
G1 X87.5 Y138.501 E60.47777
G1 X87.55 Y95.827 E61.89711
G1 X87.784 Y94.12 E61.95442
G1 X88.67 Y91.987 E62.03124
G1 X90.111 Y90.107 E62.11002
G0 F6000 X90.398 Y90.39
G1 F1200 X92.183 Y89.022 E62.18482
G1 X94.291 Y88.146 E62.26075
G1 X95.934 Y87.933 E62.31585
G1 X138.498 Y87.9 E63.73153
G1 X140.701 Y88.14 E63.80524
G1 X142.808 Y89.017 E63.88115
G1 X144.612 Y90.4 E63.95675
G1 X145.981 Y92.187 E64.03162
G1 X146.843 Y94.261 E64.10633
G1 X147.1 Y96.499 E64.18125
G1 X147.054 Y139.119 E65.5988
G1 X146.827 Y140.775 E65.65439
G1 X145.982 Y142.809 E65.72765
G1 X144.602 Y144.61 E65.80311
G1 X142.815 Y145.98 E65.87801
G1 X140.707 Y146.857 E65.95395
G1 X138.55 Y147.097 E66.02613
G1 X95.871 Y147.054 E67.44564
G1 X94.226 Y146.827 E67.50087
G1 X92.189 Y145.982 E67.57422
G1 X90.396 Y144.608 E67.64935
G1 X89.018 Y142.81 E67.7247
G1 X88.157 Y140.739 E67.79929
G1 X87.9 Y138.501 E67.87422
G1 X87.946 Y95.881 E69.29177
G1 X88.173 Y94.225 E69.34736
G1 X89.018 Y92.191 E69.42062
G1 X90.398 Y90.39 E69.49608
G0 F6000 X90.683 Y90.675
G1 F1200 X92.384 Y89.371 E69.56737
G1 X94.392 Y88.537 E69.63969
G1 X95.986 Y88.33 E69.69315
G1 X138.498 Y88.3 E71.1071
G1 X140.602 Y88.532 E71.17751
G1 X142.608 Y89.367 E71.24978
G1 X144.327 Y90.685 E71.32182
G1 X145.632 Y92.388 E71.39318
G1 X146.452 Y94.362 E71.46428
G1 X146.7 Y96.499 E71.53583
G1 X146.658 Y139.065 E72.95158
G1 X146.438 Y140.67 E73.00547
G1 X145.633 Y142.608 E73.07526
G1 X144.317 Y144.325 E73.14722
G1 X142.615 Y145.63 E73.21855
G1 X140.605 Y146.466 E73.29095
G1 X138.55 Y146.697 E73.35973
G1 X95.926 Y146.658 E74.77741
G1 X94.334 Y146.438 E74.83087
G1 X92.39 Y145.632 E74.90086
G1 X90.679 Y144.321 E74.97256
G1 X89.367 Y142.609 E75.04429
G1 X88.548 Y140.638 E75.11528
G1 X88.3 Y138.501 E75.18684
G1 X88.342 Y95.935 E76.60259
G1 X88.562 Y94.33 E76.65647
G1 X89.367 Y92.392 E76.72627
G1 X90.683 Y90.675 E76.79822
G0 F6000 X90.968 Y90.96
G1 F1200 X92.585 Y89.72 E76.866
G1 X94.493 Y88.928 E76.93471
G1 X96.038 Y88.727 E76.98653
G1 X138.498 Y88.7 E78.39875
G1 X140.503 Y88.924 E78.46585
G1 X142.408 Y89.717 E78.53448
G1 X144.042 Y90.97 E78.60297
G1 X145.283 Y92.589 E78.67082
G1 X146.061 Y94.463 E78.73831
G1 X146.3 Y96.499 E78.80649
G1 X146.262 Y139.011 E80.22044
G1 X146.049 Y140.565 E80.27261
G1 X145.285 Y142.404 E80.33885
G1 X144.03 Y144.042 E80.40748
G1 X142.415 Y145.28 E80.47516
G1 X140.503 Y146.075 E80.54403
G1 X138.55 Y146.297 E80.60941
G1 X95.981 Y146.262 E82.02526
G1 X94.438 Y146.049 E82.07707
G1 X92.591 Y145.283 E82.14357
G1 X90.964 Y144.036 E82.21175
G1 X89.716 Y142.408 E82.27998
G1 X88.939 Y140.537 E82.34736
G1 X88.7 Y138.501 E82.41554
G1 X88.738 Y95.989 E83.8295
G1 X88.951 Y94.435 E83.88167
G1 X89.716 Y92.593 E83.94801
G1 X90.968 Y90.96 E84.01645
G0 F6000 X91.253 Y91.245
G1 F1200 X92.789 Y90.068 E84.08081
G1 X94.594 Y89.318 E84.14582
G1 X96.089 Y89.124 E84.19596
G1 X138.498 Y89.1 E85.60649
G1 X140.401 Y89.315 E85.67019
G1 X142.208 Y90.067 E85.73528
G1 X143.755 Y91.253 E85.80012
G1 X144.935 Y92.793 E85.86465
G1 X145.67 Y94.564 E85.92842
G1 X145.9 Y96.499 E85.99323
G1 X145.866 Y138.957 E87.40539
G1 X145.66 Y140.46 E87.45585
G1 X144.936 Y142.203 E87.51863
G1 X143.745 Y143.757 E87.58375
G1 X142.215 Y144.93 E87.64787
G1 X140.401 Y145.684 E87.71321
G1 X138.55 Y145.897 E87.77518
G1 X96.036 Y145.866 E89.1892
G1 X94.542 Y145.66 E89.23936
G1 X92.792 Y144.934 E89.30237
G1 X91.249 Y143.751 E89.36704
G1 X90.065 Y142.207 E89.43176
G1 X89.33 Y140.436 E89.49553
G1 X89.1 Y138.501 E89.56034
G1 X89.134 Y96.043 E90.9725
G1 X89.34 Y94.54 E91.02296
G1 X90.064 Y92.797 E91.08574
G1 X91.253 Y91.245 E91.15076
G0 F6000 X91.538 Y91.53
G1 F1200 X92.989 Y90.418 E91.21156
G1 X94.697 Y89.708 E91.27309
G1 X96.14 Y89.521 E91.32148
G1 X138.498 Y89.5 E92.73031
G1 X140.299 Y89.706 E92.79061
G1 X142.008 Y90.417 E92.85217
G1 X143.47 Y91.538 E92.91345
G1 X144.586 Y92.994 E92.97446
G1 X145.279 Y94.665 E93.03463
G1 X145.5 Y96.499 E93.09607
G1 X145.47 Y138.903 E94.50643
G1 X145.271 Y140.355 E94.55518
G1 X144.587 Y142.002 E94.61449
G1 X143.462 Y143.47 E94.67601
G1 X142.012 Y144.581 E94.73676
G1 X140.299 Y145.293 E94.79847
G1 X138.55 Y145.497 E94.85703
G1 X96.091 Y145.47 E96.26922
G1 X94.65 Y145.271 E96.31761
G1 X92.993 Y144.584 E96.37727
G1 X91.534 Y143.466 E96.4384
G1 X90.413 Y142.003 E96.4997
G1 X89.721 Y140.335 E96.55977
G1 X89.5 Y138.501 E96.62121
G1 X89.53 Y96.097 E98.03157
G1 X89.729 Y94.645 E98.08032
G1 X90.413 Y92.998 E98.13963
G1 X91.538 Y91.53 E98.20115
G0 F6000 X91.823 Y91.815
G1 F1200 X93.19 Y90.767 E98.25844
G1 X94.798 Y90.099 E98.31635
G1 X96.192 Y89.918 E98.3631
G1 X138.498 Y89.9 E99.77021
G1 X140.197 Y90.097 E99.8271
G1 X141.808 Y90.767 E99.88513
G1 X143.183 Y91.821 E99.94275
G1 X144.238 Y93.198 E100.00045
G1 X144.888 Y94.765 E100.05687
G1 X145.1 Y96.499 E100.11497
G1 X145.074 Y138.849 E101.52354
G1 X144.882 Y140.25 E101.57057
G1 X144.238 Y141.801 E101.62643
G1 X143.177 Y143.185 E101.68443
G1 X141.811 Y144.232 E101.74168
G1 X140.198 Y144.902 E101.79977
G1 X138.55 Y145.097 E101.85496
G1 X96.146 Y145.074 E103.26533
G1 X94.754 Y144.882 E103.31206
G1 X93.194 Y144.235 E103.36823
G1 X91.819 Y143.181 E103.42586
G1 X90.762 Y141.802 E103.48365
G1 X90.112 Y140.235 E103.54007
G1 X89.9 Y138.501 E103.59817
G1 X89.926 Y96.151 E105.00674
G1 X90.118 Y94.75 E105.05377
G1 X90.762 Y93.199 E105.10963
G1 X91.823 Y91.815 E105.16763
G0 F6000 X92.106 Y92.102
G1 F1200 X93.393 Y91.116 E105.22156
G1 X94.901 Y90.489 E105.27588
G1 X96.243 Y90.315 E105.32088
G1 X138.498 Y90.3 E106.72629
G1 X140.095 Y90.488 E106.77977
G1 X141.608 Y91.117 E106.83427
G1 X142.896 Y92.104 E106.88824
G1 X143.89 Y93.402 E106.94262
G1 X144.497 Y94.866 E106.99533
G1 X144.7 Y96.499 E107.05006
G1 X144.678 Y138.795 E108.45683
G1 X144.493 Y140.145 E108.50216
G1 X143.889 Y141.6 E108.55455
G1 X142.892 Y142.9 E108.60904
G1 X141.61 Y143.883 E108.66277
G1 X140.097 Y144.511 E108.71726
G1 X138.55 Y144.697 E108.76908
G1 X96.201 Y144.678 E110.17762
G1 X94.858 Y144.493 E110.22271
G1 X93.398 Y143.887 E110.27528
G1 X92.104 Y142.896 E110.32949
G1 X91.11 Y141.598 E110.38387
G1 X90.503 Y140.134 E110.43658
G1 X90.3 Y138.501 E110.49131
G1 X90.322 Y96.205 E111.89809
G1 X90.507 Y94.855 E111.94341
G1 X91.111 Y93.4 E111.9958
G1 X92.106 Y92.102 E112.0502
G0 F6000 X92.391 Y92.387
G1 F1200 X93.594 Y91.465 E112.10061
G1 X95.002 Y90.88 E112.15132
G1 X96.295 Y90.712 E112.19469
G1 X138.498 Y90.7 E113.59837
G1 X139.994 Y90.879 E113.64848
G1 X141.407 Y91.466 E113.69937
G1 X142.611 Y92.389 E113.74983
G1 X143.539 Y93.6 E113.80057
G1 X144.107 Y94.97 E113.8499
G1 X144.3 Y96.499 E113.90116
G1 X144.282 Y138.741 E115.30613
G1 X144.104 Y140.04 E115.34974
G1 X143.54 Y141.399 E115.39868
G1 X142.609 Y142.613 E115.44957
G1 X141.407 Y143.534 E115.49993
G1 X139.995 Y144.121 E115.55079
G1 X138.55 Y144.297 E115.59921
G1 X96.256 Y144.282 E117.00591
G1 X94.966 Y144.104 E117.04922
G1 X93.596 Y143.536 E117.09855
G1 X92.389 Y142.611 E117.14913
G1 X91.461 Y141.4 E117.19987
G1 X90.893 Y140.03 E117.2492
G1 X90.7 Y138.501 E117.30046
G1 X90.718 Y96.259 E118.70543
G1 X90.896 Y94.96 E118.74904
G1 X91.46 Y93.601 E118.79798
G1 X92.391 Y92.387 E118.84886
G0 F6000 X92.676 Y92.672
G1 F1200 X93.794 Y91.815 E118.89572
G1 X95.105 Y91.27 E118.94294
G1 X96.346 Y91.109 E118.98456
G1 X138.498 Y91.1 E120.38654
G1 X139.893 Y91.27 E120.43328
G1 X141.206 Y91.815 E120.48057
G1 X142.326 Y92.674 E120.52751
G1 X143.188 Y93.798 E120.57463
G1 X143.717 Y95.074 E120.62057
G1 X143.9 Y96.499 E120.66835
G1 X143.886 Y138.687 E122.07153
G1 X143.715 Y139.935 E122.11343
G1 X143.191 Y141.198 E122.15891
G1 X142.324 Y142.328 E122.20628
G1 X141.206 Y143.185 E122.25313
G1 X139.894 Y143.73 E122.30038
G1 X138.55 Y143.897 E122.34543
G1 X96.311 Y143.886 E123.7503
G1 X95.07 Y143.715 E123.79197
G1 X93.797 Y143.187 E123.83781
G1 X92.674 Y142.326 E123.88487
G1 X91.812 Y141.202 E123.93199
G1 X91.283 Y139.926 E123.97793
G1 X91.1 Y138.501 E124.02571
G1 X91.114 Y96.313 E125.42889
G1 X91.285 Y95.065 E125.47079
G1 X91.809 Y93.802 E125.51627
G1 X92.676 Y92.672 E125.56364
G0 F6000 X92.959 Y92.959
G1 F1200 X93.998 Y92.163 E125.60717
G1 X95.206 Y91.661 E125.65068
G1 X96.398 Y91.506 E125.69066
G1 X138.498 Y91.5 E127.09091
G1 X139.792 Y91.661 E127.13428
G1 X141.002 Y92.163 E127.17786
G1 X142.041 Y92.959 E127.22139
G1 X142.84 Y94.002 E127.26509
G1 X143.326 Y95.174 E127.30729
G1 X143.5 Y96.499 E127.35174
G1 X143.49 Y138.633 E128.75312
G1 X143.326 Y139.83 E128.7933
G1 X142.842 Y140.997 E128.83532
G1 X142.041 Y142.041 E128.87909
G1 X141.002 Y142.837 E128.92262
G1 X139.793 Y143.339 E128.96616
G1 X138.55 Y143.497 E129.00784
G1 X96.366 Y143.49 E130.41088
G1 X95.174 Y143.326 E130.4509
G1 X94.001 Y142.839 E130.49315
G1 X92.959 Y142.041 E130.5368
G1 X92.16 Y140.998 E130.5805
G1 X91.674 Y139.826 E130.6227
G1 X91.5 Y138.501 E130.66715
G1 X91.51 Y96.367 E132.06853
G1 X91.674 Y95.17 E132.10871
G1 X92.158 Y94.003 E132.15073
G1 X92.959 Y92.959 E132.1945
G0 F6000 X93.529 Y93.529
G1 F1200 X94.4 Y92.861 E132.23101
G1 X95.408 Y92.443 E132.2673
G1 X96.502 Y92.3 E132.304
G1 X138.498 Y92.3 E133.70079
G1 X139.592 Y92.443 E133.73749
G1 X140.6 Y92.861 E133.77378
G1 X141.471 Y93.529 E133.81029
G1 X142.14 Y94.401 E133.84684
G1 X142.548 Y95.386 E133.88231
G1 X142.7 Y96.499 E133.91967
G1 X142.698 Y138.524 E135.31742
G1 X142.548 Y139.614 E135.35402
G1 X142.14 Y140.599 E135.38948
G1 X141.471 Y141.471 E135.42604
G1 X140.6 Y142.139 E135.46254
G1 X139.592 Y142.557 E135.49884
G1 X138.498 Y142.7 E135.53553
G1 X96.476 Y142.698 E136.93319
G1 X95.386 Y142.548 E136.96979
G1 X94.4 Y142.139 E137.00529
G1 X93.529 Y141.471 E137.0418
G1 X92.86 Y140.599 E137.07835
G1 X92.452 Y139.614 E137.11382
G1 X92.3 Y138.501 E137.15118
G1 X92.302 Y96.476 E138.54893
G1 X92.452 Y95.386 E138.58553
G1 X92.86 Y94.401 E138.62099
G1 X93.529 Y93.529 E138.65755
G0 F6000 X93.244 Y93.244
G1 F1200 X94.199 Y92.512 E138.69757
G1 X95.307 Y92.052 E138.73747
G1 X96.45 Y91.903 E138.77581
G1 X138.498 Y91.9 E140.17433
G1 X139.692 Y92.052 E140.21436
G1 X140.801 Y92.512 E140.25429
G1 X141.756 Y93.244 E140.29431
G1 X142.491 Y94.203 E140.3345
G1 X142.937 Y95.278 E140.37321
G1 X143.1 Y96.499 E140.41418
G1 X143.094 Y138.579 E141.81377
G1 X142.937 Y139.722 E141.85214
G1 X142.491 Y140.798 E141.89088
G1 X141.756 Y141.756 E141.93104
G1 X140.801 Y142.488 E141.97106
G1 X139.693 Y142.948 E142.01097
G1 X138.55 Y143.097 E142.0493
G1 X96.421 Y143.094 E143.45052
G1 X95.282 Y142.937 E143.48876
G1 X94.199 Y142.488 E143.52776
G1 X93.244 Y141.756 E143.56778
G1 X92.509 Y140.797 E143.60796
G1 X92.063 Y139.722 E143.64667
G1 X91.9 Y138.501 E143.68764
G1 X91.906 Y96.421 E145.08723
G1 X92.063 Y95.278 E145.1256
G1 X92.509 Y94.202 E145.16434
G1 X93.244 Y93.244 E145.2045
;MESH:cerchio_grande.stl
G0 F6000 X93.971 Y93.971
G0 X94.1 Y94.1
;TYPE:WALL-INNER
G1 F1200 X93.556 Y94.808 E145.2342
G1 X93.221 Y95.613 E145.2632
G1 X93.1 Y96.543 E145.29439
G1 X93.1 Y138.457 E146.68846
G1 X93.221 Y139.383 E146.71952
G1 X93.556 Y140.188 E146.74852
G1 X94.101 Y140.896 E146.77824
G1 X94.808 Y141.443 E146.80797
G1 X95.613 Y141.775 E146.83693
G1 X96.544 Y141.9 E146.86817
G1 X138.456 Y141.9 E148.26217
G1 X139.383 Y141.775 E148.29328
G1 X140.188 Y141.443 E148.32225
G1 X140.896 Y140.896 E148.352
G1 X141.443 Y140.188 E148.38176
G1 X141.775 Y139.383 E148.41072
G1 X141.9 Y138.456 E148.44183
G1 X141.9 Y96.544 E149.83583
G1 X141.775 Y95.613 E149.86708
G1 X141.443 Y94.808 E149.89604
G1 X140.896 Y94.101 E149.92577
G1 X140.188 Y93.556 E149.95549
G1 X139.383 Y93.221 E149.98449
G1 X138.457 Y93.1 E150.01555
G1 X96.543 Y93.1 E151.40961
G1 X95.613 Y93.221 E151.44081
G1 X94.808 Y93.556 E151.46981
G1 X94.1 Y94.1 E151.4995
G1 F2700 E146.4995
G0 F6000 X94.157 Y94.192
G0 X93.697 Y94.889
G0 X93.398 Y95.701
G0 X91.964 Y95.475
G0 X91.86 Y96.271
G0 X91.835 Y116.738
G0 X116.511 Y116.824
G1 F2700 E151.4995
G1 F1200 X116.824 Y116.511 E151.51423
G1 X117.01 Y116.41 E151.52126
G1 X117.421 Y116.305 E151.53537
G1 X117.617 Y116.311 E151.5419
G1 X117.991 Y116.41 E151.55476
G1 X118.176 Y116.511 E151.56177
G1 X118.489 Y116.824 E151.5765
G1 X118.59 Y117.009 E151.58351
G1 X118.692 Y117.396 E151.59682
G1 X118.692 Y117.604 E151.60374
G1 X118.579 Y118.033 E151.61849
G1 X118.489 Y118.176 E151.62411
G1 X118.176 Y118.489 E151.63883
G1 X117.99 Y118.59 E151.64587
G1 X117.579 Y118.695 E151.65998
G1 X117.383 Y118.689 E151.6665
G1 X117.009 Y118.59 E151.67937
G1 X116.824 Y118.489 E151.68638
G1 X116.511 Y118.176 E151.70111
G1 X116.41 Y117.99 E151.70814
G1 X116.305 Y117.579 E151.72225
G1 X116.311 Y117.383 E151.72878
G1 X116.41 Y117.009 E151.74164
G1 X116.511 Y116.824 E151.74865
G0 F6000 X117.098 Y116.799
;TYPE:WALL-OUTER
G1 F1200 X117.498 Y116.693 E151.76242
G1 X117.905 Y116.802 E151.77643
G1 X118.201 Y117.098 E151.79035
G1 X118.305 Y117.493 E151.80394
G1 X118.198 Y117.905 E151.8181
G1 X117.902 Y118.201 E151.83202
G1 X117.502 Y118.307 E151.84578
G1 X117.095 Y118.198 E151.8598
G1 X116.799 Y117.902 E151.87372
G1 X116.693 Y117.496 E151.88768
G1 X116.802 Y117.095 E151.9015
G1 X117.098 Y116.799 E151.91542
G1 F2700 E146.91542
G0 F6000 X116.967 Y116.316
G0 X116.521 Y116.556
G0 X91.835 Y116.556
G0 X91.836 Y96.457
G0 X91.964 Y95.475
G0 X93.815 Y93.815
G1 F2700 E151.91542
G1 F1200 X93.207 Y94.606 E151.9486
G1 X92.831 Y95.509 E151.98114
G1 X92.7 Y96.517 E152.01495
G1 X92.7 Y138.483 E153.41074
G1 X92.831 Y139.487 E153.44442
G1 X93.207 Y140.39 E153.47695
G1 X93.815 Y141.181 E153.51013
G1 X94.606 Y141.793 E153.5434
G1 X95.509 Y142.165 E153.57588
G1 X96.518 Y142.3 E153.60974
G1 X138.482 Y142.3 E155.00547
G1 X139.487 Y142.165 E155.03919
G1 X140.39 Y141.793 E155.07167
G1 X141.181 Y141.181 E155.10494
G1 X141.793 Y140.39 E155.1382
G1 X142.165 Y139.487 E155.17069
G1 X142.3 Y138.482 E155.20441
G1 X142.3 Y96.518 E156.60014
G1 X142.165 Y95.509 E156.634
G1 X141.793 Y94.606 E156.66648
G1 X141.181 Y93.815 E156.69975
G1 X140.39 Y93.207 E156.73293
G1 X139.487 Y92.831 E156.76546
G1 X138.483 Y92.7 E156.79914
G1 X96.517 Y92.7 E158.19493
G1 X95.509 Y92.831 E158.22874
G1 X94.606 Y93.207 E158.26127
G1 X93.815 Y93.815 E158.29446
G1 F2700 E153.29446
G0 F6000 X94.157 Y94.192
G0 X93.697 Y94.889
G0 X93.398 Y95.701
G0 X91.964 Y95.475
G0 X91.86 Y96.271
G0 X91.835 Y116.738
G0 X116.18 Y116.644
;TYPE:SKIN
G1 F2700 E158.29446
G1 F1200 X116.048 Y116.945 E158.30539
G1 X115.949 Y117.348 E158.31919
G1 X115.942 Y117.648 E158.32917
G1 X116.094 Y118.193 E158.34799
G1 X116.261 Y118.441 E158.35793
G1 X116.644 Y118.816 E158.37576
G1 X116.945 Y118.948 E158.38669
G1 X117.348 Y119.047 E158.4005
G1 X117.631 Y119.057 E158.40991
G1 X118.182 Y118.908 E158.4289
G1 X118.445 Y118.731 E158.43944
G1 X118.722 Y118.454 E158.45247
G1 X118.904 Y118.205 E158.46273
G1 X119.052 Y117.61 E158.48312
G1 X119.046 Y117.329 E158.49247
G1 X118.913 Y116.848 E158.50907
G1 X118.734 Y116.554 E158.52052
G1 X118.352 Y116.18 E158.5383
G1 X118.051 Y116.048 E158.54923
G1 X117.648 Y115.949 E158.56303
G1 X117.365 Y115.939 E158.57245
G1 X116.843 Y116.078 E158.59042
G1 X116.566 Y116.252 E158.6013
G1 X116.18 Y116.644 E158.6196
G1 F2700 E153.6196
G0 F6000 X116.3 Y117.028
G0 X116.515 Y116.562
G0 X91.835 Y116.562
G0 X91.836 Y96.457
G0 X91.964 Y95.475
G0 X94.355 Y94.355
G1 F2700 E158.6196
G1 F1200 X94.99 Y93.867 E158.64623
G1 X95.701 Y93.571 E158.67185
G1 X96.569 Y93.46 E158.70095
G1 X138.427 Y93.46 E160.09316
G1 X139.291 Y93.571 E160.12213
G1 X140.002 Y93.867 E160.14774
G1 X140.633 Y94.351 E160.17419
G1 X141.125 Y94.989 E160.20099
G1 X141.421 Y95.705 E160.22676
G1 X141.54 Y96.574 E160.25593
G1 X141.539 Y138.418 E161.64767
G1 X141.421 Y139.287 E161.67684
G1 X141.125 Y140.006 E161.7027
G1 X140.637 Y140.637 E161.72923
G1 X140.006 Y141.125 E161.75576
G1 X139.287 Y141.421 E161.78162
G1 X138.422 Y141.539 E161.81066
G1 X96.574 Y141.54 E163.20253
G1 X95.705 Y141.421 E163.2317
G1 X94.985 Y141.125 E163.2576
G1 X94.359 Y140.641 E163.28391
G1 X93.867 Y139.998 E163.31084
G1 X93.571 Y139.291 E163.33633
G1 X93.461 Y138.427 E163.3653
G1 X93.46 Y96.569 E164.75751
G1 X93.571 Y95.701 E164.78661
G1 X93.867 Y94.99 E164.81223
G1 X94.355 Y94.355 E164.83886
G1 F2700 E159.83886
G0 F6000 X94.152 Y94.199
G0 X93.697 Y94.889
G0 X93.378 Y95.655
G0 X93.261 Y96.554
G0 X93.261 Y138.446
G0 X93.378 Y139.34
G0 X93.697 Y140.107
G0 X94.117 Y140.654
G0 X94.984 Y141.407
G0 X95.16 Y140.981
G1 F2700 E164.83886
G1 F1200 X94.016 Y139.836 E164.8927
G0 F6000 X93.734 Y138.989
G1 F1200 X96.005 Y141.259 E164.99949
G0 F6000 X96.65 Y141.339
G1 F1200 X93.661 Y138.35 E165.14009
G0 F6000 X93.661 Y137.784
G1 F1200 X97.216 Y141.339 E165.3073
G0 F6000 X97.782 Y141.339
G1 F1200 X93.661 Y137.218 E165.50114
G0 F6000 X93.661 Y136.653
G1 F1200 X98.347 Y141.339 E165.72156
G0 F6000 X98.913 Y141.339
G1 F1200 X93.661 Y136.087 E165.9686
G0 F6000 X93.661 Y135.521
G1 F1200 X99.479 Y141.339 E166.24226
G0 F6000 X100.044 Y141.339
G1 F1200 X93.661 Y134.956 E166.54249
G0 F6000 X93.661 Y134.39
G1 F1200 X100.61 Y141.339 E166.86935
G0 F6000 X101.176 Y141.339
G1 F1200 X93.661 Y133.824 E167.22284
G0 F6000 X93.661 Y133.259
G1 F1200 X101.741 Y141.339 E167.60289
G0 F6000 X102.307 Y141.339
G1 F1200 X93.661 Y132.693 E168.00958
G0 F6000 X93.661 Y132.127
G1 F1200 X102.873 Y141.339 E168.44288
G0 F6000 X103.438 Y141.339
G1 F1200 X93.661 Y131.561 E168.90278
G0 F6000 X93.661 Y130.996
G1 F1200 X104.004 Y141.339 E169.38929
G0 F6000 X104.57 Y141.339
G1 F1200 X93.661 Y130.43 E169.90241
G0 F6000 X93.661 Y129.864
G1 F1200 X105.135 Y141.339 E170.44214
G0 F6000 X105.701 Y141.339
G1 F1200 X93.661 Y129.299 E171.00846
G0 F6000 X93.661 Y128.733
G1 F1200 X106.267 Y141.339 E171.60141
G0 F6000 X106.833 Y141.339
G1 F1200 X93.661 Y128.167 E172.22098
G0 F6000 X93.661 Y127.602
G1 F1200 X107.398 Y141.339 E172.86713
G0 F6000 X107.964 Y141.339
G1 F1200 X93.661 Y127.036 E173.5399
G0 F6000 X93.661 Y126.47
G1 F1200 X108.53 Y141.339 E174.23929
G0 F6000 X109.095 Y141.339
G1 F1200 X93.661 Y125.905 E174.96526
G0 F6000 X93.661 Y125.339
G1 F1200 X109.661 Y141.339 E175.71785
G0 F6000 X110.227 Y141.339
G1 F1200 X93.661 Y124.773 E176.49706
G0 F6000 X93.661 Y124.208
G1 F1200 X110.792 Y141.339 E177.30285
G0 F6000 X111.358 Y141.339
G1 F1200 X93.661 Y123.642 E178.13526
G0 F6000 X93.661 Y123.076
G1 F1200 X111.924 Y141.339 E178.9943
G0 F6000 X112.489 Y141.339
G1 F1200 X93.661 Y122.51 E179.87993
G0 F6000 X93.661 Y121.945
G1 F1200 X113.055 Y141.339 E180.79217
G0 F6000 X113.621 Y141.339
G1 F1200 X93.661 Y121.379 E181.73103
G0 F6000 X93.661 Y120.813
G1 F1200 X114.186 Y141.339 E182.69648
G0 F6000 X114.752 Y141.339
G1 F1200 X93.661 Y120.248 E183.68854
G0 F6000 X93.661 Y119.682
G1 F1200 X115.318 Y141.339 E184.70722
G0 F6000 X115.883 Y141.339
G1 F1200 X93.661 Y119.116 E185.7525
G0 F6000 X93.661 Y118.551
G1 F1200 X116.449 Y141.339 E186.82437
G0 F6000 X117.015 Y141.339
G1 F1200 X93.661 Y117.985 E187.92287
G0 F6000 X93.66 Y117.419
G1 F1200 X117.581 Y141.339 E189.04802
G0 F6000 X118.146 Y141.339
G1 F1200 X93.66 Y116.853 E190.19977
G0 F6000 X93.66 Y116.287
G1 F1200 X118.712 Y141.339 E191.37814
G0 F6000 X119.278 Y141.339
G1 F1200 X93.66 Y115.722 E192.5831
G0 F6000 X93.66 Y115.156
G1 F1200 X119.843 Y141.339 E193.81467
G0 F6000 X120.409 Y141.339
G1 F1200 X93.66 Y114.59 E195.07286
G0 F6000 X93.66 Y114.025
G1 F1200 X120.975 Y141.339 E196.35765
G0 F6000 X121.54 Y141.339
G1 F1200 X93.66 Y113.459 E197.66904
G0 F6000 X93.66 Y112.893
G1 F1200 X122.106 Y141.339 E199.00706
G0 F6000 X122.672 Y141.339
G1 F1200 X93.66 Y112.327 E200.37169
G0 F6000 X93.66 Y111.762
G1 F1200 X123.237 Y141.339 E201.7629
G0 F6000 X123.803 Y141.339
G1 F1200 X93.66 Y111.196 E203.18074
G0 F6000 X93.66 Y110.63
G1 F1200 X124.369 Y141.339 E204.62519
G0 F6000 X124.934 Y141.339
G1 F1200 X93.66 Y110.065 E206.09623
G0 F6000 X93.66 Y109.499
G1 F1200 X125.5 Y141.339 E207.59388
G0 F6000 X126.066 Y141.339
G1 F1200 X93.66 Y108.933 E209.11816
G0 F6000 X93.66 Y108.368
G1 F1200 X126.632 Y141.339 E210.66904
G0 F6000 X127.197 Y141.339
G1 F1200 X93.66 Y107.802 E212.24652
G0 F6000 X93.66 Y107.236
G1 F1200 X127.763 Y141.339 E213.85062
G0 F6000 X128.329 Y141.339
G1 F1200 X93.66 Y106.671 E215.48132
G0 F6000 X93.66 Y106.105
G1 F1200 X128.894 Y141.339 E217.13862
G0 F6000 X129.46 Y141.339
G1 F1200 X93.66 Y105.539 E218.82254
G0 F6000 X93.66 Y104.974
G1 F1200 X130.026 Y141.339 E220.53306
G0 F6000 X130.591 Y141.339
G1 F1200 X93.66 Y104.408 E222.27018
G0 F6000 X93.66 Y103.842
G1 F1200 X131.157 Y141.339 E224.03393
G0 F6000 X131.723 Y141.339
G1 F1200 X93.66 Y103.276 E225.82429
G0 F6000 X93.66 Y102.711
G1 F1200 X132.288 Y141.339 E227.64124
G0 F6000 X132.854 Y141.339
G1 F1200 X93.66 Y102.145 E229.4848
G0 F6000 X93.66 Y101.579
G1 F1200 X133.42 Y141.339 E231.35499
G0 F6000 X133.985 Y141.339
G1 F1200 X93.66 Y101.014 E233.25176
G0 F6000 X93.66 Y100.448
G1 F1200 X134.551 Y141.339 E235.17514
G0 F6000 X135.117 Y141.339
G1 F1200 X93.66 Y99.882 E237.12515
G0 F6000 X93.66 Y99.317
G1 F1200 X135.682 Y141.339 E239.10174
G0 F6000 X136.248 Y141.339
G1 F1200 X93.66 Y98.751 E241.10495
G0 F6000 X93.66 Y98.185
G1 F1200 X136.814 Y141.339 E243.13478
G0 F6000 X137.38 Y141.339
G1 F1200 X93.66 Y97.62 E245.19121
G0 F6000 X93.66 Y97.054
G1 F1200 X137.945 Y141.339 E247.27424
G0 F6000 X138.498 Y141.327
G1 F1200 X93.67 Y96.498 E249.38284
G0 F6000 X93.734 Y95.997
G1 F1200 X115.868 Y118.131 E250.42395
G0 F6000 X115.744 Y117.441
G1 F1200 X93.851 Y95.548 E251.45373
G0 F6000 X94.017 Y95.148
G1 F1200 X115.838 Y116.969 E252.48012
G0 F6000 X115.997 Y116.562
G1 F1200 X94.252 Y94.817 E253.50294
G0 F6000 X94.498 Y94.498
G1 F1200 X116.267 Y116.267 E254.52689
G0 F6000 X116.574 Y116.008
G1 F1200 X94.818 Y94.252 E255.55023
G0 F6000 X95.149 Y94.018
G1 F1200 X116.968 Y115.837 E256.57652
G0 F6000 X117.441 Y115.743
G1 F1200 X95.549 Y93.851 E257.60626
G0 F6000 X95.998 Y93.735
G1 F1200 X118.127 Y115.864 E258.64714
G0 F6000 X117.978 Y116.301
G0 X118.68 Y116.975
G0 X119.119 Y116.856
G1 F1200 X141.259 Y138.997 E259.68856
G0 F6000 X141.141 Y139.444
G1 F1200 X119.246 Y117.549 E260.71843
G0 F6000 X119.16 Y118.028
G1 F1200 X140.975 Y139.844 E261.74457
G0 F6000 X140.741 Y140.175
G1 F1200 X118.991 Y118.426 E262.7676
G0 F6000 X118.729 Y118.729
G1 F1200 X140.494 Y140.494 E263.79135
G0 F6000 X140.175 Y140.74
G1 F1200 X118.421 Y118.986 E264.8146
G0 F6000 X118.028 Y119.16
G1 F1200 X139.843 Y140.974 E265.84068
G0 F6000 X139.443 Y141.14
G1 F1200 X117.556 Y119.253 E266.87018
G0 F6000 X116.869 Y119.132
G1 F1200 X138.996 Y141.259 E267.91097
G0 F6000 X139.058 Y141.718
G0 X140.107 Y141.303
G0 X140.781 Y140.781
G0 X141.303 Y140.107
G0 X141.559 Y139.487
G0 X141.784 Y138.562
G0 X141.327 Y138.499
G1 F1200 X96.499 Y93.67 E270.01956
G0 F6000 X97.054 Y93.66
G1 F1200 X141.34 Y137.946 E272.10264
G0 F6000 X141.34 Y137.38
G1 F1200 X97.62 Y93.66 E274.15909
G0 F6000 X98.185 Y93.66
G1 F1200 X141.34 Y136.815 E276.18897
G0 F6000 X141.34 Y136.249
G1 F1200 X98.751 Y93.66 E278.19223
G0 F6000 X99.317 Y93.66
G1 F1200 X141.34 Y135.683 E280.16886
G0 F6000 X141.34 Y135.117
G1 F1200 X99.882 Y93.66 E282.1189
G0 F6000 X100.448 Y93.66
G1 F1200 X141.34 Y134.552 E284.04233
G0 F6000 X141.34 Y133.986
G1 F1200 X101.014 Y93.66 E285.93914
G0 F6000 X101.579 Y93.66
G1 F1200 X141.34 Y133.42 E287.80935
G0 F6000 X141.34 Y132.855
G1 F1200 X102.145 Y93.66 E289.65297
G0 F6000 X102.711 Y93.66
G1 F1200 X141.34 Y132.289 E291.46996
G0 F6000 X141.34 Y131.723
G1 F1200 X103.276 Y93.66 E293.26035
G0 F6000 X103.842 Y93.66
G1 F1200 X141.34 Y131.158 E295.02414
G0 F6000 X141.34 Y130.592
G1 F1200 X104.408 Y93.66 E296.76131
G0 F6000 X104.974 Y93.66
G1 F1200 X141.34 Y130.026 E298.47185
G0 F6000 X141.34 Y129.461
G1 F1200 X105.539 Y93.66 E300.15582
G0 F6000 X106.105 Y93.66
G1 F1200 X141.34 Y128.895 E301.81317
G0 F6000 X141.34 Y128.329
G1 F1200 X106.671 Y93.66 E303.44389
G0 F6000 X107.236 Y93.66
G1 F1200 X141.34 Y127.764 E305.04804
G0 F6000 X141.34 Y127.198
G1 F1200 X107.802 Y93.66 E306.62556
G0 F6000 X108.368 Y93.66
G1 F1200 X141.34 Y126.632 E308.17646
G0 F6000 X141.34 Y126.067
G1 F1200 X108.933 Y93.66 E309.70079
G0 F6000 X109.499 Y93.66
G1 F1200 X141.34 Y125.501 E311.19849
G0 F6000 X141.34 Y124.935
G1 F1200 X110.065 Y93.66 E312.66957
G0 F6000 X110.63 Y93.66
G1 F1200 X141.34 Y124.369 E314.11405
G0 F6000 X141.34 Y123.804
G1 F1200 X111.196 Y93.66 E315.53194
G0 F6000 X111.762 Y93.66
G1 F1200 X141.34 Y123.238 E316.92319
G0 F6000 X141.34 Y122.672
G1 F1200 X112.327 Y93.66 E318.28785
G0 F6000 X112.893 Y93.66
G1 F1200 X141.34 Y122.107 E319.62591
G0 F6000 X141.34 Y121.541
G1 F1200 X113.459 Y93.66 E320.93735
G0 F6000 X114.025 Y93.66
G1 F1200 X141.34 Y120.975 E322.22216
G0 F6000 X141.34 Y120.41
G1 F1200 X114.59 Y93.66 E323.4804
G0 F6000 X115.156 Y93.66
G1 F1200 X141.34 Y119.844 E324.71202
G0 F6000 X141.34 Y119.278
G1 F1200 X115.722 Y93.66 E325.91701
G0 F6000 X116.287 Y93.66
G1 F1200 X141.34 Y118.713 E327.09542
G0 F6000 X141.34 Y118.147
G1 F1200 X116.853 Y93.66 E328.24722
G0 F6000 X117.419 Y93.66
G1 F1200 X141.34 Y117.581 E329.37239
G0 F6000 X141.34 Y117.016
G1 F1200 X117.984 Y93.66 E330.47098
G0 F6000 X118.55 Y93.66
G1 F1200 X141.34 Y116.45 E331.54295
G0 F6000 X141.34 Y115.884
G1 F1200 X119.116 Y93.66 E332.5883
G0 F6000 X119.681 Y93.66
G1 F1200 X141.34 Y115.319 E333.60708
G0 F6000 X141.34 Y114.753
G1 F1200 X120.247 Y93.66 E334.59923
G0 F6000 X120.813 Y93.66
G1 F1200 X141.34 Y114.187 E335.56475
G0 F6000 X141.34 Y113.621
G1 F1200 X121.378 Y93.66 E336.50368
G0 F6000 X121.944 Y93.66
G1 F1200 X141.34 Y113.056 E337.41601
G0 F6000 X141.34 Y112.49
G1 F1200 X122.51 Y93.66 E338.30172
G0 F6000 X123.075 Y93.66
G1 F1200 X141.34 Y111.924 E339.16082
G0 F6000 X141.34 Y111.359
G1 F1200 X123.641 Y93.66 E339.99333
G0 F6000 X124.207 Y93.66
G1 F1200 X141.34 Y110.793 E340.79921
G0 F6000 X141.34 Y110.227
G1 F1200 X124.773 Y93.66 E341.57847
G0 F6000 X125.338 Y93.66
G1 F1200 X141.34 Y109.662 E342.33116
G0 F6000 X141.34 Y109.096
G1 F1200 X125.904 Y93.66 E343.05722
G0 F6000 X126.47 Y93.66
G1 F1200 X141.34 Y108.53 E343.75666
G0 F6000 X141.34 Y107.965
G1 F1200 X127.035 Y93.66 E344.42952
G0 F6000 X127.601 Y93.66
G1 F1200 X141.34 Y107.399 E345.07576
G0 F6000 X141.34 Y106.833
G1 F1200 X128.167 Y93.66 E345.69538
G0 F6000 X128.732 Y93.66
G1 F1200 X141.34 Y106.268 E346.28842
G0 F6000 X141.34 Y105.702
G1 F1200 X129.298 Y93.66 E346.85484
G0 F6000 X129.864 Y93.66
G1 F1200 X141.34 Y105.136 E347.39464
G0 F6000 X141.34 Y104.57
G1 F1200 X130.429 Y93.66 E347.90783
G0 F6000 X130.995 Y93.66
G1 F1200 X141.34 Y104.005 E348.39443
G0 F6000 X141.34 Y103.439
G1 F1200 X131.561 Y93.66 E348.8544
G0 F6000 X132.126 Y93.66
G1 F1200 X141.34 Y102.873 E349.28778
G0 F6000 X141.34 Y102.308
G1 F1200 X132.692 Y93.66 E349.69455
G0 F6000 X133.258 Y93.66
G1 F1200 X141.34 Y101.742 E350.07471
G0 F6000 X141.34 Y101.176
G1 F1200 X133.823 Y93.66 E350.42826
G0 F6000 X134.389 Y93.66
G1 F1200 X141.34 Y100.611 E350.75521
G0 F6000 X141.34 Y100.045
G1 F1200 X134.955 Y93.66 E351.05554
G0 F6000 X135.521 Y93.66
G1 F1200 X141.34 Y99.479 E351.32925
G0 F6000 X141.34 Y98.914
G1 F1200 X136.086 Y93.66 E351.57638
G0 F6000 X136.652 Y93.66
G1 F1200 X141.34 Y98.348 E351.79689
G0 F6000 X141.34 Y97.782
G1 F1200 X137.218 Y93.66 E351.99078
G0 F6000 X137.783 Y93.66
G1 F1200 X141.34 Y97.217 E352.15809
G0 F6000 X141.34 Y96.651
G1 F1200 X138.349 Y93.66 E352.29878
G0 F6000 X138.989 Y93.734
G1 F1200 X141.26 Y96.005 E352.4056
G0 F6000 X140.978 Y95.157
G1 F1200 X139.836 Y94.016 E352.45929
G1 F2700 E347.45929
;MESH:NONMESH
G0 F300 X139.836 Y94.016 Z0.4
G0 F6000 X140.014 Y93.593
G0 X139.341 Y93.378
G0 X138.446 Y93.261
G0 X96.554 Y93.261
G0 X95.655 Y93.378
G0 X95.035 Y93.636
G0 X94.157 Y94.192
G0 X94.1 Y94.1
;TIME_ELAPSED:555.472373
;LAYER:1
M106 S85
;TYPE:WALL-INNER
;MESH:cerchio_grande.stl
G1 F2700 E352.45929
G1 F1350 X93.556 Y94.808 E352.48899
G1 X93.221 Y95.613 E352.51799
G1 X93.1 Y96.543 E352.54918
G1 X93.1 Y138.457 E353.94325
G1 X93.221 Y139.383 E353.97431
G1 X93.556 Y140.188 E354.00331
G1 X94.101 Y140.896 E354.03302
G1 X94.808 Y141.443 E354.06276
G1 X95.613 Y141.775 E354.09172
G1 X96.544 Y141.9 E354.12296
G1 X138.456 Y141.9 E355.51696
G1 X139.383 Y141.775 E355.54807
G1 X140.188 Y141.443 E355.57703
G1 X140.896 Y140.896 E355.60679
G1 X141.443 Y140.188 E355.63655
G1 X141.775 Y139.383 E355.66551
G1 X141.9 Y138.456 E355.69662
G1 X141.9 Y96.544 E357.09062
G1 X141.775 Y95.613 E357.12186
G1 X141.443 Y94.808 E357.15083
G1 X140.896 Y94.101 E357.18056
G1 X140.188 Y93.556 E357.21027
G1 X139.383 Y93.221 E357.23927
G1 X138.457 Y93.1 E357.27033
G1 X96.543 Y93.1 E358.6644
G1 X95.613 Y93.221 E358.69559
G1 X94.808 Y93.556 E358.72459
G1 X94.1 Y94.1 E358.75429
G1 F2700 E353.75429
G0 F7500 X94.157 Y94.192
G0 X93.697 Y94.889
G0 X93.398 Y95.701
G0 X91.964 Y95.475
G0 X91.86 Y96.271
G0 X91.835 Y116.738
G0 X116.511 Y116.824
G1 F2700 E358.75429
G1 F1350 X116.824 Y116.511 E358.76901
G1 X117.01 Y116.41 E358.77605
G1 X117.421 Y116.305 E358.79016
G1 X117.617 Y116.311 E358.79668
G1 X117.991 Y116.41 E358.80955
G1 X118.176 Y116.511 E358.81656
G1 X118.489 Y116.824 E358.83128
G1 X118.59 Y117.009 E358.83829
G1 X118.692 Y117.396 E358.8516
G1 X118.692 Y117.604 E358.85852
G1 X118.579 Y118.033 E358.87328
G1 X118.489 Y118.176 E358.8789
G1 X118.176 Y118.489 E358.89362
G1 X117.99 Y118.59 E358.90066
G1 X117.579 Y118.695 E358.91477
G1 X117.383 Y118.689 E358.92129
G1 X117.009 Y118.59 E358.93416
G1 X116.824 Y118.489 E358.94117
G1 X116.511 Y118.176 E358.95589
G1 X116.41 Y117.99 E358.96293
G1 X116.305 Y117.579 E358.97704
G1 X116.311 Y117.383 E358.98356
G1 X116.41 Y117.009 E358.99643
G1 X116.511 Y116.824 E359.00344
G0 F7500 X117.098 Y116.799
;TYPE:WALL-OUTER
G1 F1350 X117.498 Y116.693 E359.0172
G1 X117.905 Y116.802 E359.03122
G1 X118.201 Y117.098 E359.04514
G1 X118.305 Y117.493 E359.05873
G1 X118.198 Y117.905 E359.07288
G1 X117.902 Y118.201 E359.08681
G1 X117.502 Y118.307 E359.10057
G1 X117.095 Y118.198 E359.11458
G1 X116.799 Y117.902 E359.12851
G1 X116.693 Y117.496 E359.14246
G1 X116.802 Y117.095 E359.15628
G1 X117.098 Y116.799 E359.17021
G1 F2700 E354.17021
G0 F7500 X116.967 Y116.316
G0 X116.521 Y116.556
G0 X91.835 Y116.556
G0 X91.836 Y96.457
G0 X91.964 Y95.475
G0 X93.815 Y93.815
G1 F2700 E359.17021
G1 F1350 X93.207 Y94.606 E359.20339
G1 X92.831 Y95.509 E359.23592
G1 X92.7 Y96.517 E359.26973
G1 X92.7 Y138.483 E360.66553
G1 X92.831 Y139.487 E360.6992
G1 X93.207 Y140.39 E360.73174
G1 X93.815 Y141.181 E360.76492
G1 X94.606 Y141.793 E360.79818
G1 X95.509 Y142.165 E360.83067
G1 X96.518 Y142.3 E360.86452
G1 X138.482 Y142.3 E362.26025
G1 X139.487 Y142.165 E362.29398
G1 X140.39 Y141.793 E362.32646
G1 X141.181 Y141.181 E362.35973
G1 X141.793 Y140.39 E362.39299
G1 X142.165 Y139.487 E362.42547
G1 X142.3 Y138.482 E362.4592
G1 X142.3 Y96.518 E363.85493
G1 X142.165 Y95.509 E363.88879
G1 X141.793 Y94.606 E363.92127
G1 X141.181 Y93.815 E363.95453
G1 X140.39 Y93.207 E363.98771
G1 X139.487 Y92.831 E364.02025
G1 X138.483 Y92.7 E364.05392
G1 X96.517 Y92.7 E365.44972
G1 X95.509 Y92.831 E365.48353
G1 X94.606 Y93.207 E365.51606
G1 X93.815 Y93.815 E365.54924
G1 F2700 E360.54924
G0 F7500 X94.157 Y94.192
G0 X93.697 Y94.889
G0 X93.398 Y95.701
G0 X91.964 Y95.475
G0 X91.86 Y96.271
G0 X91.835 Y116.738
G0 X116.18 Y116.644
;TYPE:SKIN
G1 F2700 E365.54924
G1 F1350 X116.048 Y116.945 E365.56018
G1 X115.949 Y117.348 E365.57398
G1 X115.942 Y117.648 E365.58396
G1 X116.094 Y118.193 E365.60278
G1 X116.261 Y118.441 E365.61272
G1 X116.644 Y118.816 E365.63055
G1 X116.945 Y118.948 E365.64148
G1 X117.348 Y119.047 E365.65528
G1 X117.631 Y119.057 E365.6647
G1 X118.182 Y118.908 E365.68369
G1 X118.445 Y118.731 E365.69423
G1 X118.722 Y118.454 E365.70726
G1 X118.904 Y118.205 E365.71752
G1 X119.052 Y117.61 E365.73791
G1 X119.046 Y117.329 E365.74726
G1 X118.913 Y116.848 E365.76386
G1 X118.734 Y116.554 E365.77531
G1 X118.352 Y116.18 E365.79309
G1 X118.051 Y116.048 E365.80402
G1 X117.648 Y115.949 E365.81782
G1 X117.365 Y115.939 E365.82724
G1 X116.843 Y116.078 E365.84521
G1 X116.566 Y116.252 E365.85609
G1 X116.18 Y116.644 E365.87438
G1 F2700 E360.87438
G0 F7500 X116.3 Y117.028
G0 X116.515 Y116.562
G0 X91.835 Y116.562
G0 X91.836 Y96.457
G0 X91.964 Y95.475
G0 X94.355 Y94.355
G1 F2700 E365.87438
G1 F1350 X94.99 Y93.867 E365.90102
G1 X95.701 Y93.571 E365.92664
G1 X96.569 Y93.46 E365.95574
G1 X138.427 Y93.46 E367.34794
G1 X139.291 Y93.571 E367.37692
G1 X140.002 Y93.867 E367.40253
G1 X140.633 Y94.351 E367.42898
G1 X141.125 Y94.989 E367.45578
G1 X141.421 Y95.705 E367.48155
G1 X141.54 Y96.574 E367.51072
G1 X141.539 Y138.418 E368.90246
G1 X141.421 Y139.287 E368.93163
G1 X141.125 Y140.006 E368.95749
G1 X140.637 Y140.637 E368.98402
G1 X140.006 Y141.125 E369.01055
G1 X139.287 Y141.421 E369.03641
G1 X138.422 Y141.539 E369.06545
G1 X96.574 Y141.54 E370.45732
G1 X95.705 Y141.421 E370.48649
G1 X94.985 Y141.125 E370.51238
G1 X94.359 Y140.641 E370.5387
G1 X93.867 Y139.998 E370.56563
G1 X93.571 Y139.291 E370.59112
G1 X93.461 Y138.427 E370.62009
G1 X93.46 Y96.569 E372.01229
G1 X93.571 Y95.701 E372.0414
G1 X93.867 Y94.99 E372.06701
G1 X94.355 Y94.355 E372.09365
G0 F7500 X94.152 Y94.199
G0 X93.894 Y94.59
G0 X93.315 Y95.668
G0 X93.777 Y95.728
G1 F1350 X95.728 Y93.777 E372.18542
G0 F7500 X96.384 Y93.686
G1 F1350 X93.685 Y96.385 E372.31237
G0 F7500 X93.661 Y96.975
G1 F1350 X96.976 Y93.66 E372.4683
G0 F7500 X97.542 Y93.66
G1 F1350 X93.661 Y97.541 E372.65085
G0 F7500 X93.661 Y98.107
G1 F1350 X98.108 Y93.66 E372.86002
G0 F7500 X98.673 Y93.66
G1 F1350 X93.661 Y98.673 E373.0958
G0 F7500 X93.661 Y99.238
G1 F1350 X99.239 Y93.66 E373.35817
G0 F7500 X99.805 Y93.66
G1 F1350 X93.661 Y99.804 E373.64716
G0 F7500 X93.661 Y100.37
G1 F1350 X100.37 Y93.66 E373.96276
G0 F7500 X100.936 Y93.66
G1 F1350 X93.661 Y100.935 E374.30495
G0 F7500 X93.661 Y101.501
G1 F1350 X101.502 Y93.66 E374.67377
G0 F7500 X102.067 Y93.66
G1 F1350 X93.661 Y102.067 E375.06918
G0 F7500 X93.661 Y102.632
G1 F1350 X102.633 Y93.66 E375.4912
G0 F7500 X103.199 Y93.66
G1 F1350 X93.661 Y103.198 E375.93984
G0 F7500 X93.661 Y103.764
G1 F1350 X103.764 Y93.66 E376.41507
G0 F7500 X104.33 Y93.66
G1 F1350 X93.661 Y104.329 E376.91691
G0 F7500 X93.661 Y104.895
G1 F1350 X104.896 Y93.66 E377.44537
G0 F7500 X105.461 Y93.66
G1 F1350 X93.661 Y105.461 E378.00043
G0 F7500 X93.661 Y106.026
G1 F1350 X106.027 Y93.66 E378.58209
G0 F7500 X106.593 Y93.66
G1 F1350 X93.661 Y106.592 E379.19037
G0 F7500 X93.661 Y107.158
G1 F1350 X107.158 Y93.66 E379.82525
G0 F7500 X107.724 Y93.66
G1 F1350 X93.661 Y107.723 E380.48673
G0 F7500 X93.661 Y108.289
G1 F1350 X108.29 Y93.66 E381.17484
G0 F7500 X108.856 Y93.66
G1 F1350 X93.661 Y108.855 E381.88956
G0 F7500 X93.661 Y109.421
G1 F1350 X109.421 Y93.66 E382.63089
G0 F7500 X109.987 Y93.66
G1 F1350 X93.661 Y109.986 E383.39881
G0 F7500 X93.661 Y110.552
G1 F1350 X110.553 Y93.66 E384.19336
G0 F7500 X111.118 Y93.66
G1 F1350 X93.661 Y111.118 E385.01451
G0 F7500 X93.661 Y111.683
G1 F1350 X111.684 Y93.66 E385.86225
G0 F7500 X112.25 Y93.66
G1 F1350 X93.661 Y112.249 E386.73662
G0 F7500 X93.661 Y112.815
G1 F1350 X112.815 Y93.66 E387.63759
G0 F7500 X113.381 Y93.66
G1 F1350 X93.661 Y113.38 E388.56516
G0 F7500 X93.661 Y113.946
G1 F1350 X113.947 Y93.66 E389.51935
G0 F7500 X114.512 Y93.66
G1 F1350 X93.661 Y114.512 E390.50014
G0 F7500 X93.661 Y115.077
G1 F1350 X115.078 Y93.66 E391.50753
G0 F7500 X115.644 Y93.66
G1 F1350 X93.661 Y115.643 E392.54155
G0 F7500 X93.661 Y116.209
G1 F1350 X116.209 Y93.66 E393.60216
G0 F7500 X116.775 Y93.66
G1 F1350 X93.661 Y116.774 E394.68937
G0 F7500 X93.661 Y117.34
G1 F1350 X117.341 Y93.66 E395.8032
G0 F7500 X117.907 Y93.66
G1 F1350 X93.661 Y117.905 E396.94364
G0 F7500 X93.661 Y118.471
G1 F1350 X118.472 Y93.66 E398.11067
G0 F7500 X119.038 Y93.66
G1 F1350 X93.661 Y119.036 E399.3043
G0 F7500 X93.661 Y119.602
G1 F1350 X119.604 Y93.66 E400.52456
G0 F7500 X120.169 Y93.66
G1 F1350 X93.661 Y120.168 E401.77142
G0 F7500 X93.661 Y120.734
G1 F1350 X120.735 Y93.66 E403.04489
G0 F7500 X121.301 Y93.66
G1 F1350 X93.661 Y121.299 E404.34497
G0 F7500 X93.661 Y121.865
G1 F1350 X121.866 Y93.66 E405.67165
G0 F7500 X122.432 Y93.66
G1 F1350 X93.661 Y122.431 E407.02495
G0 F7500 X93.661 Y122.996
G1 F1350 X122.998 Y93.66 E408.40485
G0 F7500 X123.563 Y93.66
G1 F1350 X93.661 Y123.562 E409.81134
G0 F7500 X93.661 Y124.128
G1 F1350 X124.129 Y93.66 E411.24447
G0 F7500 X124.695 Y93.66
G1 F1350 X93.661 Y124.693 E412.70419
G0 F7500 X93.661 Y125.259
G1 F1350 X125.26 Y93.66 E414.19051
G0 F7500 X125.826 Y93.66
G1 F1350 X93.661 Y125.825 E415.70345
G0 F7500 X93.661 Y126.39
G1 F1350 X126.392 Y93.66 E417.24299
G0 F7500 X126.957 Y93.66
G1 F1350 X93.661 Y126.956 E418.80913
G0 F7500 X93.661 Y127.522
G1 F1350 X127.523 Y93.66 E420.4019
G0 F7500 X128.089 Y93.66
G1 F1350 X93.661 Y128.087 E422.02126
G0 F7500 X93.661 Y128.653
G1 F1350 X128.655 Y93.66 E423.66725
G0 F7500 X129.22 Y93.66
G1 F1350 X93.661 Y129.219 E425.33984
G0 F7500 X93.661 Y129.784
G1 F1350 X129.786 Y93.66 E427.03902
G0 F7500 X130.352 Y93.66
G1 F1350 X93.661 Y130.35 E428.76483
G0 F7500 X93.661 Y130.916
G1 F1350 X130.917 Y93.66 E430.51724
G0 F7500 X131.483 Y93.66
G1 F1350 X93.661 Y131.482 E432.29627
G0 F7500 X93.661 Y132.047
G1 F1350 X132.049 Y93.66 E434.1019
G0 F7500 X132.614 Y93.66
G1 F1350 X93.661 Y132.613 E435.93413
G0 F7500 X93.661 Y133.179
G1 F1350 X133.18 Y93.66 E437.79298
G0 F7500 X133.746 Y93.66
G1 F1350 X93.661 Y133.744 E439.67843
G0 F7500 X93.661 Y134.31
G1 F1350 X134.311 Y93.66 E441.59048
G0 F7500 X134.877 Y93.66
G1 F1350 X93.661 Y134.876 E443.52916
G0 F7500 X93.661 Y135.441
G1 F1350 X135.443 Y93.66 E445.49443
G0 F7500 X136.008 Y93.66
G1 F1350 X93.661 Y136.007 E447.48631
G0 F7500 X93.661 Y136.573
G1 F1350 X136.574 Y93.66 E449.5048
G0 F7500 X137.14 Y93.66
G1 F1350 X93.661 Y137.138 E451.5499
G0 F7500 X93.661 Y137.704
G1 F1350 X137.706 Y93.66 E453.62162
G0 F7500 X138.271 Y93.66
G1 F1350 X93.661 Y138.27 E455.71993
G0 F7500 X93.709 Y138.787
G1 F1350 X138.788 Y93.709 E457.84029
G0 F7500 X139.28 Y93.783
G1 F1350 X117.319 Y115.743 E458.87324
G0 F7500 X117.837 Y115.792
G1 F1350 X139.679 Y93.949 E459.90065
G0 F7500 X140.043 Y94.151
G1 F1350 X118.269 Y115.924 E460.9248
G0 F7500 X118.61 Y116.149
G1 F1350 X140.364 Y94.396 E461.94802
G0 F7500 X140.639 Y94.687
G1 F1350 X118.89 Y116.435 E462.97101
G0 F7500 X119.102 Y116.789
G1 F1350 X140.885 Y95.006 E463.99561
G0 F7500 X141.071 Y95.385
G1 F1350 X119.225 Y117.231 E465.02318
G0 F7500 X119.214 Y117.808
G1 F1350 X141.23 Y95.792 E466.05874
G0 F7500 X141.298 Y96.29
G1 F1350 X96.29 Y141.298 E468.17578
G0 F7500 X95.792 Y141.23
G1 F1350 X117.803 Y119.219 E469.21111
G0 F7500 X117.234 Y119.222
G1 F1350 X95.384 Y141.072 E470.23887
G0 F7500 X95.003 Y140.887
G1 F1350 X116.793 Y119.098 E471.26378
G0 F7500 X116.431 Y118.894
G1 F1350 X94.684 Y140.641 E472.28669
G0 F7500 X94.397 Y140.362
G1 F1350 X116.15 Y118.609 E473.30989
G0 F7500 X115.917 Y118.276
G1 F1350 X94.152 Y140.042 E474.33367
G0 F7500 X93.95 Y139.678
G1 F1350 X115.789 Y117.839 E475.36091
G0 F7500 X115.758 Y117.305
G1 F1350 X93.784 Y139.279 E476.3945
G0 F7500 X93.308 Y139.28
G0 X93.697 Y140.107
G0 X94.216 Y140.782
G0 X94.889 Y141.303
G0 X95.509 Y141.559
G0 X96.446 Y141.785
G0 X96.814 Y141.34
G1 F1350 X141.339 Y96.814 E478.48884
G0 F7500 X141.339 Y97.38
G1 F1350 X97.379 Y141.34 E480.55659
G0 F7500 X97.945 Y141.34
G1 F1350 X141.339 Y97.946 E482.59771
G0 F7500 X141.339 Y98.511
G1 F1350 X98.511 Y141.34 E484.61223
G0 F7500 X99.076 Y141.34
G1 F1350 X141.339 Y99.077 E486.60015
G0 F7500 X141.339 Y99.643
G1 F1350 X99.642 Y141.34 E488.56145
G0 F7500 X100.208 Y141.34
G1 F1350 X141.339 Y100.208 E490.49615
G0 F7500 X141.339 Y100.774
G1 F1350 X100.773 Y141.34 E492.40425
G0 F7500 X101.339 Y141.34
G1 F1350 X141.339 Y101.34 E494.28573
G0 F7500 X141.339 Y101.905
G1 F1350 X101.905 Y141.34 E496.1406
G0 F7500 X102.47 Y141.34
G1 F1350 X141.339 Y102.471 E497.96888
G0 F7500 X141.339 Y103.037
G1 F1350 X103.036 Y141.34 E499.77054
G0 F7500 X103.602 Y141.34
G1 F1350 X141.339 Y103.602 E501.5456
G0 F7500 X141.339 Y104.168
G1 F1350 X104.167 Y141.34 E503.29405
G0 F7500 X104.733 Y141.34
G1 F1350 X141.339 Y104.734 E505.01589
G0 F7500 X141.339 Y105.3
G1 F1350 X105.299 Y141.34 E506.7111
G0 F7500 X105.864 Y141.34
G1 F1350 X141.339 Y105.865 E508.37973
G0 F7500 X141.339 Y106.431
G1 F1350 X106.43 Y141.34 E510.02174
G0 F7500 X106.996 Y141.34
G1 F1350 X141.339 Y106.997 E511.63713
G0 F7500 X141.339 Y107.562
G1 F1350 X107.562 Y141.34 E513.22592
G0 F7500 X108.127 Y141.34
G1 F1350 X141.339 Y108.128 E514.78811
G0 F7500 X141.339 Y108.694
G1 F1350 X108.693 Y141.34 E516.32368
G0 F7500 X109.259 Y141.34
G1 F1350 X141.339 Y109.259 E517.83265
G0 F7500 X141.339 Y109.825
G1 F1350 X109.824 Y141.34 E519.31502
G0 F7500 X110.39 Y141.34
G1 F1350 X141.339 Y110.391 E520.77077
G0 F7500 X141.339 Y110.956
G1 F1350 X110.956 Y141.34 E522.19991
G0 F7500 X111.521 Y141.34
G1 F1350 X141.339 Y111.522 E523.60246
G0 F7500 X141.339 Y112.088
G1 F1350 X112.087 Y141.34 E524.97838
G0 F7500 X112.653 Y141.34
G1 F1350 X141.339 Y112.653 E526.32771
G0 F7500 X141.339 Y113.219
G1 F1350 X113.218 Y141.34 E527.65044
G0 F7500 X113.784 Y141.34
G1 F1350 X141.339 Y113.785 E528.94654
G0 F7500 X141.339 Y114.35
G1 F1350 X114.35 Y141.34 E530.21604
G0 F7500 X114.915 Y141.34
G1 F1350 X141.339 Y114.916 E531.45895
G0 F7500 X141.339 Y115.482
G1 F1350 X115.481 Y141.34 E532.67523
G0 F7500 X116.047 Y141.34
G1 F1350 X141.339 Y116.048 E533.86488
G0 F7500 X141.339 Y116.613
G1 F1350 X116.613 Y141.34 E535.02794
G0 F7500 X117.178 Y141.34
G1 F1350 X141.339 Y117.179 E536.1644
G0 F7500 X141.339 Y117.745
G1 F1350 X117.744 Y141.34 E537.27424
G0 F7500 X118.31 Y141.34
G1 F1350 X141.339 Y118.311 E538.35745
G0 F7500 X141.339 Y118.877
G1 F1350 X118.875 Y141.34 E539.41407
G0 F7500 X119.441 Y141.34
G1 F1350 X141.339 Y119.442 E540.44408
G0 F7500 X141.339 Y120.008
G1 F1350 X120.007 Y141.34 E541.44747
G0 F7500 X120.572 Y141.34
G1 F1350 X141.339 Y120.574 E542.42427
G0 F7500 X141.339 Y121.139
G1 F1350 X121.138 Y141.34 E543.37446
G0 F7500 X121.704 Y141.34
G1 F1350 X141.339 Y121.705 E544.29803
G0 F7500 X141.339 Y122.271
G1 F1350 X122.269 Y141.34 E545.195
G0 F7500 X122.835 Y141.34
G1 F1350 X141.339 Y122.836 E546.06537
G0 F7500 X141.339 Y123.402
G1 F1350 X123.401 Y141.34 E546.90912
G0 F7500 X123.966 Y141.34
G1 F1350 X141.339 Y123.968 E547.72627
G0 F7500 X141.339 Y124.534
G1 F1350 X124.532 Y141.34 E548.5168
G0 F7500 X125.098 Y141.34
G1 F1350 X141.339 Y125.099 E549.28072
G0 F7500 X141.339 Y125.665
G1 F1350 X125.663 Y141.34 E550.01805
G0 F7500 X126.229 Y141.34
G1 F1350 X141.339 Y126.231 E550.72875
G0 F7500 X141.339 Y126.796
G1 F1350 X126.795 Y141.34 E551.41286
G0 F7500 X127.361 Y141.34
G1 F1350 X141.339 Y127.362 E552.07034
G0 F7500 X141.339 Y127.928
G1 F1350 X127.926 Y141.34 E552.70122
G0 F7500 X128.492 Y141.34
G1 F1350 X141.339 Y128.493 E553.30551
G0 F7500 X141.339 Y129.059
G1 F1350 X129.058 Y141.34 E553.88317
G0 F7500 X129.623 Y141.34
G1 F1350 X141.339 Y129.625 E554.43423
G0 F7500 X141.339 Y130.19
G1 F1350 X130.189 Y141.34 E554.95869
G0 F7500 X130.755 Y141.34
G1 F1350 X141.339 Y130.756 E555.45653
G0 F7500 X141.339 Y131.322
G1 F1350 X131.32 Y141.34 E555.92777
G0 F7500 X131.886 Y141.34
G1 F1350 X141.339 Y131.887 E556.37241
G0 F7500 X141.339 Y132.453
G1 F1350 X132.452 Y141.34 E556.79043
G0 F7500 X133.017 Y141.34
G1 F1350 X141.339 Y133.019 E557.18185
G0 F7500 X141.339 Y133.584
G1 F1350 X133.583 Y141.34 E557.54666
G0 F7500 X134.149 Y141.34
G1 F1350 X141.339 Y134.15 E557.88486
G0 F7500 X141.339 Y134.716
G1 F1350 X134.714 Y141.34 E558.19646
G0 F7500 X135.28 Y141.34
G1 F1350 X141.339 Y135.282 E558.48143
G0 F7500 X141.339 Y135.847
G1 F1350 X135.846 Y141.34 E558.7398
G0 F7500 X136.412 Y141.34
G1 F1350 X141.339 Y136.413 E558.97155
G0 F7500 X141.339 Y136.979
G1 F1350 X136.977 Y141.34 E559.1767
G0 F7500 X137.543 Y141.34
G1 F1350 X141.339 Y137.544 E559.35526
G0 F7500 X141.339 Y138.11
G1 F1350 X138.109 Y141.34 E559.50719
G0 F7500 X138.717 Y141.297
G1 F1350 X141.296 Y138.718 E559.62849
G0 F7500 X141.141 Y139.439
G1 F1350 X139.439 Y141.141 E559.70855
G1 F2700 E554.70855
;MESH:NONMESH
G0 F300 X139.439 Y141.141 Z0.6
G0 F7500 X139.615 Y141.571
G0 X138.444 Y141.739
G0 X96.556 Y141.739
G0 X95.655 Y141.618
G0 X94.889 Y141.303
G0 X94.216 Y140.782
G0 X93.697 Y140.107
G0 X93.378 Y139.34
G0 X93.261 Y138.446
G0 X93.261 Y96.554
G0 X93.378 Y95.655
G0 X93.636 Y95.035
G0 X94.157 Y94.192
G0 X94.1 Y94.1
;TIME_ELAPSED:852.755593
;LAYER:2
M106 S170
;TYPE:WALL-INNER
;MESH:cerchio_grande.stl
G1 F2700 E559.70855
G1 F1500 X93.556 Y94.808 E559.73825
G1 X93.221 Y95.613 E559.76725
G1 X93.1 Y96.543 E559.79844
G1 X93.1 Y138.457 E561.19251
G1 X93.221 Y139.383 E561.22357
G1 X93.556 Y140.188 E561.25257
G1 X94.101 Y140.896 E561.28228
G1 X94.808 Y141.443 E561.31202
G1 X95.613 Y141.775 E561.34098
G1 X96.544 Y141.9 E561.37222
G1 X138.456 Y141.9 E562.76622
G1 X139.383 Y141.775 E562.79733
G1 X140.188 Y141.443 E562.82629
G1 X140.896 Y140.896 E562.85605
G1 X141.443 Y140.188 E562.88581
G1 X141.775 Y139.383 E562.91477
G1 X141.9 Y138.456 E562.94588
G1 X141.9 Y96.544 E564.33988
G1 X141.775 Y95.613 E564.37112
G1 X141.443 Y94.808 E564.40009
G1 X140.896 Y94.101 E564.42982
G1 X140.188 Y93.556 E564.45953
G1 X139.383 Y93.221 E564.48853
G1 X138.457 Y93.1 E564.51959
G1 X96.543 Y93.1 E565.91366
G1 X95.613 Y93.221 E565.94485
G1 X94.808 Y93.556 E565.97385
G1 X94.1 Y94.1 E566.00355
G1 F2700 E561.00355
G0 F9000 X94.157 Y94.192
G0 X93.697 Y94.889
G0 X93.398 Y95.701
G0 X91.964 Y95.475
G0 X91.86 Y96.271
G0 X91.835 Y116.738
G0 X116.511 Y116.824
G1 F2700 E566.00355
G1 F1500 X116.824 Y116.511 E566.01827
G1 X117.01 Y116.41 E566.02531
G1 X117.421 Y116.305 E566.03942
G1 X117.617 Y116.311 E566.04594
G1 X117.991 Y116.41 E566.05881
G1 X118.176 Y116.511 E566.06582
G1 X118.489 Y116.824 E566.08054
G1 X118.59 Y117.009 E566.08755
G1 X118.692 Y117.396 E566.10086
G1 X118.692 Y117.604 E566.10778
G1 X118.579 Y118.033 E566.12254
G1 X118.489 Y118.176 E566.12816
G1 X118.176 Y118.489 E566.14288
G1 X117.99 Y118.59 E566.14992
G1 X117.579 Y118.695 E566.16403
G1 X117.383 Y118.689 E566.17055
G1 X117.009 Y118.59 E566.18342
G1 X116.824 Y118.489 E566.19043
G1 X116.511 Y118.176 E566.20515
G1 X116.41 Y117.99 E566.21219
G1 X116.305 Y117.579 E566.2263
G1 X116.311 Y117.383 E566.23282
G1 X116.41 Y117.009 E566.24569
G1 X116.511 Y116.824 E566.2527
G0 F9000 X117.098 Y116.799
;TYPE:WALL-OUTER
G1 F1500 X117.498 Y116.693 E566.26646
G1 X117.905 Y116.802 E566.28048
G1 X118.201 Y117.098 E566.2944
G1 X118.305 Y117.493 E566.30799
G1 X118.198 Y117.905 E566.32214
G1 X117.902 Y118.201 E566.33607
G1 X117.502 Y118.307 E566.34983
G1 X117.095 Y118.198 E566.36384
G1 X116.799 Y117.902 E566.37777
G1 X116.693 Y117.496 E566.39172
G1 X116.802 Y117.095 E566.40554
G1 X117.098 Y116.799 E566.41947
G1 F2700 E561.41947
G0 F9000 X116.967 Y116.316
G0 X116.521 Y116.556
G0 X91.835 Y116.556
G0 X91.836 Y96.457
G0 X91.964 Y95.475
G0 X93.815 Y93.815
G1 F2700 E566.41947
G1 F1500 X93.207 Y94.606 E566.45265
G1 X92.831 Y95.509 E566.48518
G1 X92.7 Y96.517 E566.51899
G1 X92.7 Y138.483 E567.91479
G1 X92.831 Y139.487 E567.94846
G1 X93.207 Y140.39 E567.981
G1 X93.815 Y141.181 E568.01418
G1 X94.606 Y141.793 E568.04744
G1 X95.509 Y142.165 E568.07993
G1 X96.518 Y142.3 E568.11378
G1 X138.482 Y142.3 E569.50951
G1 X139.487 Y142.165 E569.54324
G1 X140.39 Y141.793 E569.57572
G1 X141.181 Y141.181 E569.60899
G1 X141.793 Y140.39 E569.64225
G1 X142.165 Y139.487 E569.67473
G1 X142.3 Y138.482 E569.70846
G1 X142.3 Y96.518 E571.10419
G1 X142.165 Y95.509 E571.13805
G1 X141.793 Y94.606 E571.17053
G1 X141.181 Y93.815 E571.20379
G1 X140.39 Y93.207 E571.23697
G1 X139.487 Y92.831 E571.26951
G1 X138.483 Y92.7 E571.30318
G1 X96.517 Y92.7 E572.69898
G1 X95.509 Y92.831 E572.73279
G1 X94.606 Y93.207 E572.76532
G1 X93.815 Y93.815 E572.7985
G1 F2700 E567.7985
G0 F9000 X94.157 Y94.192
G0 X93.697 Y94.889
G0 X93.398 Y95.701
G0 X91.964 Y95.475
G0 X91.86 Y96.271
G0 X91.835 Y116.738
G0 X116.18 Y116.644
;TYPE:SKIN
G1 F2700 E572.7985
G1 F1500 X116.048 Y116.945 E572.80944
G1 X115.949 Y117.348 E572.82324
G1 X115.942 Y117.648 E572.83322
G1 X116.094 Y118.193 E572.85204
G1 X116.261 Y118.441 E572.86198
G1 X116.644 Y118.816 E572.87981
G1 X116.945 Y118.948 E572.89074
G1 X117.348 Y119.047 E572.90454
G1 X117.631 Y119.057 E572.91396
G1 X118.182 Y118.908 E572.93295
G1 X118.445 Y118.731 E572.94349
G1 X118.722 Y118.454 E572.95652
G1 X118.904 Y118.205 E572.96678
G1 X119.052 Y117.61 E572.98717
G1 X119.046 Y117.329 E572.99652
G1 X118.913 Y116.848 E573.01312
G1 X118.734 Y116.554 E573.02457
G1 X118.352 Y116.18 E573.04235
G1 X118.051 Y116.048 E573.05328
G1 X117.648 Y115.949 E573.06708
G1 X117.365 Y115.939 E573.0765
G1 X116.843 Y116.078 E573.09447
G1 X116.566 Y116.252 E573.10535
G1 X116.18 Y116.644 E573.12364
G1 F2700 E568.12364
G0 F9000 X116.3 Y117.028
G0 X116.515 Y116.562
G0 X91.835 Y116.562
G0 X91.836 Y96.457
G0 X91.964 Y95.475
G0 X94.355 Y94.355
G1 F2700 E573.12364
G1 F1500 X94.99 Y93.867 E573.15028
G1 X95.701 Y93.571 E573.1759
G1 X96.569 Y93.46 E573.205
G1 X138.427 Y93.46 E574.5972
G1 X139.291 Y93.571 E574.62618
G1 X140.002 Y93.867 E574.65179
G1 X140.633 Y94.351 E574.67824
G1 X141.125 Y94.989 E574.70504
G1 X141.421 Y95.705 E574.73081
G1 X141.54 Y96.574 E574.75998
G1 X141.539 Y138.418 E576.15172
G1 X141.421 Y139.287 E576.18089
G1 X141.125 Y140.006 E576.20675
G1 X140.637 Y140.637 E576.23328
G1 X140.006 Y141.125 E576.25981
G1 X139.287 Y141.421 E576.28567
G1 X138.422 Y141.539 E576.31471
G1 X96.574 Y141.54 E577.70658
G1 X95.705 Y141.421 E577.73575
G1 X94.985 Y141.125 E577.76164
G1 X94.359 Y140.641 E577.78796
G1 X93.867 Y139.998 E577.81489
G1 X93.571 Y139.291 E577.84038
G1 X93.461 Y138.427 E577.86935
G1 X93.46 Y96.569 E579.26155
G1 X93.571 Y95.701 E579.29066
G1 X93.867 Y94.99 E579.31627
G1 X94.355 Y94.355 E579.34291
G1 F2700 E574.34291
G0 F9000 X94.152 Y94.199
G0 X93.697 Y94.889
G0 X93.378 Y95.655
G0 X93.261 Y96.554
G0 X93.261 Y138.446
G0 X93.378 Y139.34
G0 X93.697 Y140.107
G0 X94.117 Y140.654
G0 X94.984 Y141.407
G0 X95.16 Y140.981
G1 F2700 E579.34291
G1 F1500 X94.016 Y139.836 E579.39674
G0 F9000 X93.734 Y138.989
G1 F1500 X96.005 Y141.259 E579.50354
G0 F9000 X96.65 Y141.339
G1 F1500 X93.661 Y138.35 E579.64413
G0 F9000 X93.661 Y137.784
G1 F1500 X97.216 Y141.339 E579.81135
G0 F9000 X97.782 Y141.339
G1 F1500 X93.661 Y137.218 E580.00519
G0 F9000 X93.661 Y136.653
G1 F1500 X98.347 Y141.339 E580.2256
G0 F9000 X98.913 Y141.339
G1 F1500 X93.661 Y136.087 E580.47264
G0 F9000 X93.661 Y135.521
G1 F1500 X99.479 Y141.339 E580.7463
G0 F9000 X100.044 Y141.339
G1 F1500 X93.661 Y134.956 E581.04654
G0 F9000 X93.661 Y134.39
G1 F1500 X100.61 Y141.339 E581.3734
G0 F9000 X101.176 Y141.339
G1 F1500 X93.661 Y133.824 E581.72688
G0 F9000 X93.661 Y133.259
G1 F1500 X101.741 Y141.339 E582.10694
G0 F9000 X102.307 Y141.339
G1 F1500 X93.661 Y132.693 E582.51362
G0 F9000 X93.661 Y132.127
G1 F1500 X102.873 Y141.339 E582.94693
G0 F9000 X103.438 Y141.339
G1 F1500 X93.661 Y131.561 E583.40683
G0 F9000 X93.661 Y130.996
G1 F1500 X104.004 Y141.339 E583.89333
G0 F9000 X104.57 Y141.339
G1 F1500 X93.661 Y130.43 E584.40646
G0 F9000 X93.661 Y129.864
G1 F1500 X105.135 Y141.339 E584.94618
G0 F9000 X105.701 Y141.339
G1 F1500 X93.661 Y129.299 E585.51251
G0 F9000 X93.661 Y128.733
G1 F1500 X106.267 Y141.339 E586.10546
G0 F9000 X106.833 Y141.339
G1 F1500 X93.661 Y128.167 E586.72503
G0 F9000 X93.661 Y127.602
G1 F1500 X107.398 Y141.339 E587.37117
G0 F9000 X107.964 Y141.339
G1 F1500 X93.661 Y127.036 E588.04394
G0 F9000 X93.661 Y126.47
G1 F1500 X108.53 Y141.339 E588.74333
G0 F9000 X109.095 Y141.339
G1 F1500 X93.661 Y125.905 E589.4693
G0 F9000 X93.661 Y125.339
G1 F1500 X109.661 Y141.339 E590.22189
G0 F9000 X110.227 Y141.339
G1 F1500 X93.661 Y124.773 E591.00111
G0 F9000 X93.661 Y124.208
G1 F1500 X110.792 Y141.339 E591.8069
G0 F9000 X111.358 Y141.339
G1 F1500 X93.661 Y123.642 E592.63931
G0 F9000 X93.661 Y123.076
G1 F1500 X111.924 Y141.339 E593.49835
G0 F9000 X112.489 Y141.339
G1 F1500 X93.661 Y122.51 E594.38398
G0 F9000 X93.661 Y121.945
G1 F1500 X113.055 Y141.339 E595.29621
G0 F9000 X113.621 Y141.339
G1 F1500 X93.661 Y121.379 E596.23507
G0 F9000 X93.661 Y120.813
G1 F1500 X114.186 Y141.339 E597.20053
G0 F9000 X114.752 Y141.339
G1 F1500 X93.661 Y120.248 E598.19258
G0 F9000 X93.661 Y119.682
G1 F1500 X115.318 Y141.339 E599.21126
G0 F9000 X115.883 Y141.339
G1 F1500 X93.661 Y119.116 E600.25654
G0 F9000 X93.661 Y118.551
G1 F1500 X116.449 Y141.339 E601.32842
G0 F9000 X117.015 Y141.339
G1 F1500 X93.661 Y117.985 E602.42692
G0 F9000 X93.66 Y117.419
G1 F1500 X117.581 Y141.339 E603.55207
G0 F9000 X118.146 Y141.339
G1 F1500 X93.66 Y116.853 E604.70381
G0 F9000 X93.66 Y116.287
G1 F1500 X118.712 Y141.339 E605.88218
G0 F9000 X119.278 Y141.339
G1 F1500 X93.66 Y115.722 E607.08715
G0 F9000 X93.66 Y115.156
G1 F1500 X119.843 Y141.339 E608.31872
G0 F9000 X120.409 Y141.339
G1 F1500 X93.66 Y114.59 E609.57691
G0 F9000 X93.66 Y114.025
G1 F1500 X120.975 Y141.339 E610.8617
G0 F9000 X121.54 Y141.339
G1 F1500 X93.66 Y113.459 E612.17309
G0 F9000 X93.66 Y112.893
G1 F1500 X122.106 Y141.339 E613.5111
G0 F9000 X122.672 Y141.339
G1 F1500 X93.66 Y112.327 E614.87574
G0 F9000 X93.66 Y111.762
G1 F1500 X123.237 Y141.339 E616.26695
G0 F9000 X123.803 Y141.339
G1 F1500 X93.66 Y111.196 E617.68478
G0 F9000 X93.66 Y110.63
G1 F1500 X124.369 Y141.339 E619.12924
G0 F9000 X124.934 Y141.339
G1 F1500 X93.66 Y110.065 E620.60027
G0 F9000 X93.66 Y109.499
G1 F1500 X125.5 Y141.339 E622.09793
G0 F9000 X126.066 Y141.339
G1 F1500 X93.66 Y108.933 E623.62221
G0 F9000 X93.66 Y108.368
G1 F1500 X126.632 Y141.339 E625.17309
G0 F9000 X127.197 Y141.339
G1 F1500 X93.66 Y107.802 E626.75057
G0 F9000 X93.66 Y107.236
G1 F1500 X127.763 Y141.339 E628.35467
G0 F9000 X128.329 Y141.339
G1 F1500 X93.66 Y106.671 E629.98537
G0 F9000 X93.66 Y106.105
G1 F1500 X128.894 Y141.339 E631.64267
G0 F9000 X129.46 Y141.339
G1 F1500 X93.66 Y105.539 E633.32659
G0 F9000 X93.66 Y104.974
G1 F1500 X130.026 Y141.339 E635.03711
G0 F9000 X130.591 Y141.339
G1 F1500 X93.66 Y104.408 E636.77423
G0 F9000 X93.66 Y103.842
G1 F1500 X131.157 Y141.339 E638.53797
G0 F9000 X131.723 Y141.339
G1 F1500 X93.66 Y103.276 E640.32834
G0 F9000 X93.66 Y102.711
G1 F1500 X132.288 Y141.339 E642.14528
G0 F9000 X132.854 Y141.339
G1 F1500 X93.66 Y102.145 E643.98885
G0 F9000 X93.66 Y101.579
G1 F1500 X133.42 Y141.339 E645.85904
G0 F9000 X133.985 Y141.339
G1 F1500 X93.66 Y101.014 E647.7558
G0 F9000 X93.66 Y100.448
G1 F1500 X134.551 Y141.339 E649.67919
G0 F9000 X135.117 Y141.339
G1 F1500 X93.66 Y99.882 E651.6292
G0 F9000 X93.66 Y99.317
G1 F1500 X135.682 Y141.339 E653.60579
G0 F9000 X136.248 Y141.339
G1 F1500 X93.66 Y98.751 E655.60899
G0 F9000 X93.66 Y98.185
G1 F1500 X136.814 Y141.339 E657.63883
G0 F9000 X137.38 Y141.339
G1 F1500 X93.66 Y97.62 E659.69526
G0 F9000 X93.66 Y97.054
G1 F1500 X137.945 Y141.339 E661.77829
G0 F9000 X138.498 Y141.327
G1 F1500 X93.67 Y96.498 E663.88688
G0 F9000 X93.734 Y95.997
G1 F1500 X115.868 Y118.131 E664.928
G0 F9000 X115.744 Y117.441
G1 F1500 X93.851 Y95.549 E665.95775
G0 F9000 X94.018 Y95.15
G1 F1500 X115.838 Y116.969 E666.98408
G0 F9000 X115.997 Y116.562
G1 F1500 X94.252 Y94.818 E668.00687
G0 F9000 X94.498 Y94.498
G1 F1500 X116.267 Y116.267 E669.03082
G0 F9000 X116.574 Y116.008
G1 F1500 X94.818 Y94.252 E670.05415
G0 F9000 X95.15 Y94.018
G1 F1500 X116.968 Y115.837 E671.08043
G0 F9000 X117.441 Y115.743
G1 F1500 X95.549 Y93.851 E672.11016
G0 F9000 X95.998 Y93.735
G1 F1500 X118.127 Y115.864 E673.15104
G0 F9000 X117.978 Y116.301
G0 X118.68 Y116.975
G0 X119.119 Y116.856
G1 F1500 X141.258 Y138.995 E674.19239
G0 F9000 X141.139 Y139.442
G1 F1500 X119.246 Y117.549 E675.22217
G0 F9000 X119.16 Y118.028
G1 F1500 X140.974 Y139.843 E676.24826
G0 F9000 X140.74 Y140.175
G1 F1500 X118.991 Y118.426 E677.27127
G0 F9000 X118.729 Y118.729
G1 F1500 X140.494 Y140.494 E678.29503
G0 F9000 X140.175 Y140.74
G1 F1500 X118.421 Y118.986 E679.31827
G0 F9000 X118.028 Y119.16
G1 F1500 X139.843 Y140.974 E680.34435
G0 F9000 X139.442 Y141.139
G1 F1500 X117.556 Y119.253 E681.3738
G0 F9000 X116.869 Y119.132
G1 F1500 X138.996 Y141.259 E682.41459
G0 F9000 X139.058 Y141.718
G0 X140.107 Y141.303
G0 X140.781 Y140.781
G0 X141.303 Y140.107
G0 X141.559 Y139.487
G0 X141.784 Y138.56
G0 X141.326 Y138.497
G1 F1500 X96.5 Y93.672 E684.52304
G0 F9000 X97.055 Y93.661
G1 F1500 X141.339 Y137.945 E686.60603
G0 F9000 X141.339 Y137.379
G1 F1500 X97.62 Y93.661 E688.66241
G0 F9000 X98.186 Y93.661
G1 F1500 X141.339 Y136.813 E690.69217
G0 F9000 X141.339 Y136.247
G1 F1500 X98.752 Y93.661 E692.69531
G0 F9000 X99.317 Y93.661
G1 F1500 X141.339 Y135.682 E694.67187
G0 F9000 X141.339 Y135.116
G1 F1500 X99.883 Y93.661 E696.62181
G0 F9000 X100.449 Y93.661
G1 F1500 X141.339 Y134.55 E698.54513
G0 F9000 X141.339 Y133.985
G1 F1500 X101.014 Y93.661 E700.44187
G0 F9000 X101.58 Y93.661
G1 F1500 X141.339 Y133.419 E702.31199
G0 F9000 X141.339 Y132.853
G1 F1500 X102.146 Y93.661 E704.15548
G0 F9000 X102.712 Y93.661
G1 F1500 X141.339 Y132.288 E705.97238
G0 F9000 X141.339 Y131.722
G1 F1500 X103.277 Y93.661 E707.76268
G0 F9000 X103.843 Y93.661
G1 F1500 X141.339 Y131.156 E709.52635
G0 F9000 X141.339 Y130.591
G1 F1500 X104.409 Y93.661 E711.26342
G0 F9000 X104.974 Y93.661
G1 F1500 X141.339 Y130.025 E712.9739
G0 F9000 X141.339 Y129.459
G1 F1500 X105.54 Y93.661 E714.65775
G0 F9000 X106.106 Y93.661
G1 F1500 X141.339 Y128.894 E716.315
G0 F9000 X141.339 Y128.328
G1 F1500 X106.671 Y93.661 E717.94566
G0 F9000 X107.237 Y93.661
G1 F1500 X141.339 Y127.762 E719.54969
G0 F9000 X141.339 Y127.196
G1 F1500 X107.803 Y93.661 E721.12709
G0 F9000 X108.368 Y93.661
G1 F1500 X141.339 Y126.631 E722.67792
G0 F9000 X141.339 Y126.065
G1 F1500 X108.934 Y93.661 E724.20213
G0 F9000 X109.5 Y93.661
G1 F1500 X141.339 Y125.499 E725.69972
G0 F9000 X141.339 Y124.934
G1 F1500 X110.065 Y93.661 E727.17073
G0 F9000 X110.631 Y93.661
G1 F1500 X141.339 Y124.368 E728.61511
G0 F9000 X141.339 Y123.802
G1 F1500 X111.197 Y93.661 E730.03288
G0 F9000 X111.762 Y93.661
G1 F1500 X141.339 Y123.237 E731.42407
G0 F9000 X141.339 Y122.671
G1 F1500 X112.328 Y93.661 E732.78863
G0 F9000 X112.894 Y93.661
G1 F1500 X141.339 Y122.105 E734.12657
G0 F9000 X141.339 Y121.54
G1 F1500 X113.46 Y93.661 E735.43792
G0 F9000 X114.025 Y93.661
G1 F1500 X141.339 Y120.974 E736.72266
G0 F9000 X141.339 Y120.408
G1 F1500 X114.591 Y93.661 E737.98078
G0 F9000 X115.157 Y93.661
G1 F1500 X141.339 Y119.843 E739.2123
G0 F9000 X141.339 Y119.277
G1 F1500 X115.722 Y93.661 E740.41722
G0 F9000 X116.288 Y93.661
G1 F1500 X141.339 Y118.711 E741.59552
G0 F9000 X141.339 Y118.146
G1 F1500 X116.854 Y93.661 E742.74722
G0 F9000 X117.419 Y93.661
G1 F1500 X141.339 Y117.58 E743.87232
G0 F9000 X141.339 Y117.015
G1 F1500 X117.985 Y93.661 E744.97082
G0 F9000 X118.551 Y93.661
G1 F1500 X141.339 Y116.449 E746.0427
G0 F9000 X141.339 Y115.883
G1 F1500 X119.116 Y93.661 E747.08798
G0 F9000 X119.682 Y93.661
G1 F1500 X141.339 Y115.318 E748.10665
G0 F9000 X141.339 Y114.752
G1 F1500 X120.248 Y93.661 E749.09871
G0 F9000 X120.813 Y93.661
G1 F1500 X141.339 Y114.186 E750.06417
G0 F9000 X141.339 Y113.621
G1 F1500 X121.379 Y93.661 E751.00302
G0 F9000 X121.945 Y93.661
G1 F1500 X141.339 Y113.055 E751.91526
G0 F9000 X141.339 Y112.489
G1 F1500 X122.51 Y93.661 E752.80089
G0 F9000 X123.076 Y93.661
G1 F1500 X141.339 Y111.924 E753.65993
G0 F9000 X141.339 Y111.358
G1 F1500 X123.642 Y93.661 E754.49234
G0 F9000 X124.208 Y93.661
G1 F1500 X141.339 Y110.792 E755.29813
G0 F9000 X141.339 Y110.227
G1 F1500 X124.773 Y93.661 E756.07735
G0 F9000 X125.339 Y93.661
G1 F1500 X141.339 Y109.661 E756.82994
G0 F9000 X141.339 Y109.095
G1 F1500 X125.905 Y93.661 E757.5559
G0 F9000 X126.47 Y93.661
G1 F1500 X141.339 Y108.53 E758.2553
G0 F9000 X141.339 Y107.964
G1 F1500 X127.036 Y93.661 E758.92807
G0 F9000 X127.602 Y93.661
G1 F1500 X141.339 Y107.398 E759.57421
G0 F9000 X141.339 Y106.833
G1 F1500 X128.167 Y93.661 E760.19378
G0 F9000 X128.733 Y93.661
G1 F1500 X141.339 Y106.267 E760.78673
G0 F9000 X141.339 Y105.701
G1 F1500 X129.299 Y93.661 E761.35306
G0 F9000 X129.864 Y93.661
G1 F1500 X141.339 Y105.135 E761.89278
G0 F9000 X141.339 Y104.57
G1 F1500 X130.43 Y93.661 E762.40591
G0 F9000 X130.996 Y93.661
G1 F1500 X141.339 Y104.004 E762.89241
G0 F9000 X141.339 Y103.438
G1 F1500 X131.561 Y93.661 E763.35231
G0 F9000 X132.127 Y93.661
G1 F1500 X141.339 Y102.873 E763.78562
G0 F9000 X141.339 Y102.307
G1 F1500 X132.693 Y93.661 E764.1923
G0 F9000 X133.259 Y93.661
G1 F1500 X141.339 Y101.741 E764.57236
G0 F9000 X141.339 Y101.176
G1 F1500 X133.824 Y93.661 E764.92584
G0 F9000 X134.39 Y93.661
G1 F1500 X141.339 Y100.61 E765.2527
G0 F9000 X141.339 Y100.044
G1 F1500 X134.956 Y93.661 E765.55294
G0 F9000 X135.521 Y93.661
G1 F1500 X141.339 Y99.479 E765.8266
G0 F9000 X141.339 Y98.913
G1 F1500 X136.087 Y93.661 E766.07363
G0 F9000 X136.653 Y93.661
G1 F1500 X141.339 Y98.347 E766.29405
G0 F9000 X141.339 Y97.782
G1 F1500 X137.218 Y93.661 E766.48789
G0 F9000 X137.784 Y93.661
G1 F1500 X141.339 Y97.216 E766.65511
G0 F9000 X141.339 Y96.65
G1 F1500 X138.35 Y93.661 E766.7957
G0 F9000 X138.989 Y93.734
G1 F1500 X141.259 Y96.005 E766.9025
G0 F9000 X140.977 Y95.157
G1 F1500 X139.836 Y94.016 E766.95617
G1 F2700 E761.95617
;MESH:NONMESH
G0 F300 X139.836 Y94.016 Z0.8
G0 F9000 X140.014 Y93.593
G0 X139.341 Y93.378
G0 X138.446 Y93.261
G0 X96.554 Y93.261
G0 X95.655 Y93.378
G0 X95.035 Y93.636
G0 X94.157 Y94.192
G0 X94.1 Y94.1
;TIME_ELAPSED:1123.864586
;LAYER:3
M106 S255
;TYPE:WALL-INNER
;MESH:cerchio_grande.stl
G1 F2700 E766.95617
G1 F1500 X93.556 Y94.808 E766.98586
G1 X93.221 Y95.613 E767.01486
G1 X93.1 Y96.543 E767.04605
G1 X93.1 Y138.457 E768.44012
G1 X93.221 Y139.383 E768.47118
G1 X93.556 Y140.188 E768.50018
G1 X94.101 Y140.896 E768.5299
G1 X94.808 Y141.443 E768.55963
G1 X95.613 Y141.775 E768.58859
G1 X96.544 Y141.9 E768.61983
G1 X138.456 Y141.9 E770.01383
G1 X139.383 Y141.775 E770.04494
G1 X140.188 Y141.443 E770.07391
G1 X140.896 Y140.896 E770.10366
G1 X141.443 Y140.188 E770.13342
G1 X141.775 Y139.383 E770.16238
G1 X141.9 Y138.456 E770.19349
G1 X141.9 Y96.544 E771.58749
G1 X141.775 Y95.613 E771.61874
G1 X141.443 Y94.808 E771.6477
G1 X140.896 Y94.101 E771.67743
G1 X140.188 Y93.556 E771.70715
G1 X139.383 Y93.221 E771.73615
G1 X138.457 Y93.1 E771.76721
G1 X96.543 Y93.1 E773.16127
G1 X95.613 Y93.221 E773.19247
G1 X94.808 Y93.556 E773.22147
G1 X94.1 Y94.1 E773.25116
G1 F2700 E768.25116
G0 F9000 X94.157 Y94.192
G0 X93.697 Y94.889
G0 X93.398 Y95.701
G0 X110.1 Y109.648
G0 X110.225 Y109.781
G1 F2700 E773.25116
G1 F1500 X112.219 Y108.309 E773.3336
G1 X114.459 Y107.345 E773.41471
G1 X116.88 Y106.917 E773.49648
G1 X119.339 Y107.052 E773.57839
G1 X121.699 Y107.765 E773.66039
G1 X123.826 Y108.991 E773.74204
G1 X125.623 Y110.685 E773.82418
G1 X126.968 Y112.741 E773.90589
G1 X127.812 Y115.052 E773.98772
G1 X128.1 Y117.5 E774.06971
G1 X127.816 Y119.945 E774.15157
G1 X126.968 Y122.259 E774.23354
G1 X125.6 Y124.333 E774.31618
G1 X123.826 Y126.005 E774.39726
G1 X121.699 Y127.231 E774.47891
G1 X119.343 Y127.943 E774.56078
G1 X116.875 Y128.086 E774.643
G1 X114.459 Y127.655 E774.72462
G1 X112.19 Y126.678 E774.80679
G1 X110.236 Y125.22 E774.88788
G1 X108.637 Y123.319 E774.9705
G1 X107.536 Y121.126 E775.05211
G1 X106.972 Y118.73 E775.13398
G1 X106.972 Y116.266 E775.21594
G1 X107.536 Y113.874 E775.29768
G1 X108.634 Y111.681 E775.37925
G1 X110.225 Y109.781 E775.46167
G0 F9000 X110.49 Y110.086
;TYPE:WALL-OUTER
G1 F1500 X112.393 Y108.67 E775.54057
G1 X114.574 Y107.728 E775.61958
G1 X116.904 Y107.316 E775.69828
G1 X119.294 Y107.456 E775.77791
G1 X121.54 Y108.132 E775.85592
G1 X123.573 Y109.306 E775.934
G1 X125.324 Y110.958 E776.01407
G1 X126.611 Y112.921 E776.09214
G1 X127.423 Y115.145 E776.17089
G1 X127.7 Y117.5 E776.24976
G1 X127.426 Y119.839 E776.32808
G1 X126.611 Y122.079 E776.40736
G1 X125.294 Y124.074 E776.48687
G1 X123.573 Y125.69 E776.56539
G1 X121.54 Y126.864 E776.64348
G1 X119.248 Y127.548 E776.72303
G1 X116.904 Y127.684 E776.80112
G1 X114.574 Y127.272 E776.87982
G1 X112.406 Y126.337 E776.95835
G1 X110.502 Y124.922 E777.03725
G1 X108.981 Y123.109 E777.11596
G1 X107.912 Y120.989 E777.19493
G1 X107.369 Y118.684 E777.27369
G1 X107.373 Y116.29 E777.35332
G1 X107.912 Y114.011 E777.43121
G1 X108.972 Y111.9 E777.50978
G1 X110.49 Y110.086 E777.58845
G1 F2700 E772.58845
G0 F9000 X110.106 Y109.766
G0 X93.416 Y95.665
G0 X93.815 Y93.815
G1 F2700 E777.58845
G1 F1500 X93.207 Y94.606 E777.62163
G1 X92.831 Y95.509 E777.65416
G1 X92.7 Y96.517 E777.68797
G1 X92.7 Y138.483 E779.08377
G1 X92.831 Y139.487 E779.11744
G1 X93.207 Y140.39 E779.14998
G1 X93.815 Y141.181 E779.18316
G1 X94.606 Y141.793 E779.21642
G1 X95.509 Y142.165 E779.24891
G1 X96.518 Y142.3 E779.28276
G1 X138.482 Y142.3 E780.67849
G1 X139.487 Y142.165 E780.71222
G1 X140.39 Y141.793 E780.7447
G1 X141.181 Y141.181 E780.77797
G1 X141.793 Y140.39 E780.81123
G1 X142.165 Y139.487 E780.84371
G1 X142.3 Y138.482 E780.87744
G1 X142.3 Y96.518 E782.27317
G1 X142.165 Y95.509 E782.30703
G1 X141.793 Y94.606 E782.33951
G1 X141.181 Y93.815 E782.37277
G1 X140.39 Y93.207 E782.40595
G1 X139.487 Y92.831 E782.43849
G1 X138.483 Y92.7 E782.47216
G1 X96.517 Y92.7 E783.86796
G1 X95.509 Y92.831 E783.90177
G1 X94.606 Y93.207 E783.9343
G1 X93.815 Y93.815 E783.96748
G1 F2700 E778.96748
G0 F9000 X94.157 Y94.192
G0 X93.697 Y94.889
G0 X93.398 Y95.701
G0 X110.1 Y109.648
G0 X109.982 Y109.51
;TYPE:SKIN
G1 F2700 E783.96748
G1 F1500 X108.337 Y111.473 E784.05267
G1 X107.196 Y113.751 E784.13741
G1 X106.613 Y116.197 E784.22104
G1 X106.613 Y118.772 E784.30668
G1 X107.196 Y121.249 E784.39132
G1 X108.328 Y123.51 E784.47542
G1 X109.966 Y125.47 E784.56038
G1 X112.015 Y126.994 E784.64531
G1 X114.354 Y128 E784.73
G1 X116.86 Y128.444 E784.81465
G1 X119.403 Y128.298 E784.89937
G1 X121.836 Y127.568 E784.98385
G1 X124.05 Y126.288 E785.06891
G1 X125.874 Y124.566 E785.15234
G1 X127.287 Y122.423 E785.23772
G1 X128.17 Y120.019 E785.3229
G1 X128.464 Y117.496 E785.40738
G1 X128.163 Y114.965 E785.49216
G1 X127.287 Y112.573 E785.57688
G1 X125.908 Y110.466 E785.66063
G1 X124.063 Y108.716 E785.74521
G1 X121.836 Y107.424 E785.83085
G1 X119.403 Y106.698 E785.91529
G1 X116.856 Y106.556 E786.00014
G1 X114.354 Y107 E786.08466
G1 X112.02 Y107.998 E786.16908
G1 X109.982 Y109.51 E786.25349
G1 F2700 E781.25349
G0 F9000 X110.156 Y109.707
G0 X93.416 Y95.665
G0 X94.355 Y94.355
G1 F2700 E786.25349
G1 F1500 X94.99 Y93.867 E786.28012
G1 X95.701 Y93.571 E786.30574
G1 X96.569 Y93.46 E786.33484
G1 X138.427 Y93.46 E787.72705
G1 X139.291 Y93.571 E787.75602
G1 X140.002 Y93.867 E787.78163
G1 X140.633 Y94.351 E787.80808
G1 X141.125 Y94.989 E787.83488
G1 X141.421 Y95.705 E787.86065
G1 X141.54 Y96.574 E787.88982
G1 X141.539 Y138.418 E789.28156
G1 X141.421 Y139.287 E789.31073
G1 X141.125 Y140.006 E789.33659
G1 X140.637 Y140.637 E789.36312
G1 X140.006 Y141.125 E789.38965
G1 X139.287 Y141.421 E789.41551
G1 X138.422 Y141.539 E789.44455
G1 X96.574 Y141.54 E790.83642
G1 X95.705 Y141.421 E790.86559
G1 X94.985 Y141.125 E790.89148
G1 X94.359 Y140.641 E790.9178
G1 X93.867 Y139.998 E790.94473
G1 X93.571 Y139.291 E790.97022
G1 X93.461 Y138.427 E790.99919
G1 X93.46 Y96.569 E792.3914
G1 X93.571 Y95.701 E792.4205
G1 X93.867 Y94.99 E792.44612
G1 X94.355 Y94.355 E792.47275
G0 F9000 X94.152 Y94.199
G0 X93.894 Y94.59
G0 X93.315 Y95.668
G0 X93.777 Y95.728
G1 F1500 X95.728 Y93.777 E792.56452
G0 F9000 X96.384 Y93.686
G1 F1500 X93.685 Y96.385 E792.69147
G0 F9000 X93.661 Y96.975
G1 F1500 X96.976 Y93.66 E792.8474
G0 F9000 X97.542 Y93.66
G1 F1500 X93.661 Y97.541 E793.02995
G0 F9000 X93.661 Y98.107
G1 F1500 X98.108 Y93.66 E793.23913
G0 F9000 X98.673 Y93.66
G1 F1500 X93.661 Y98.673 E793.4749
G0 F9000 X93.661 Y99.238
G1 F1500 X99.239 Y93.66 E793.73727
G0 F9000 X99.805 Y93.66
G1 F1500 X93.661 Y99.804 E794.02626
G0 F9000 X93.661 Y100.37
G1 F1500 X100.37 Y93.66 E794.34186
G0 F9000 X100.936 Y93.66
G1 F1500 X93.661 Y100.935 E794.68405
G0 F9000 X93.661 Y101.501
G1 F1500 X101.502 Y93.66 E795.05287
G0 F9000 X102.067 Y93.66
G1 F1500 X93.661 Y102.067 E795.44829
G0 F9000 X93.661 Y102.632
G1 F1500 X102.633 Y93.66 E795.8703
G0 F9000 X103.199 Y93.66
G1 F1500 X93.661 Y103.198 E796.31894
G0 F9000 X93.661 Y103.764
G1 F1500 X103.764 Y93.66 E796.79418
G0 F9000 X104.33 Y93.66
G1 F1500 X93.661 Y104.329 E797.29601
G0 F9000 X93.661 Y104.895
G1 F1500 X104.896 Y93.66 E797.82447
G0 F9000 X105.461 Y93.66
G1 F1500 X93.661 Y105.461 E798.37953
G0 F9000 X93.661 Y106.026
G1 F1500 X106.027 Y93.66 E798.96119
G0 F9000 X106.593 Y93.66
G1 F1500 X93.661 Y106.592 E799.56947
G0 F9000 X93.661 Y107.158
G1 F1500 X107.158 Y93.66 E800.20435
G0 F9000 X107.724 Y93.66
G1 F1500 X93.661 Y107.723 E800.86583
G0 F9000 X93.661 Y108.289
G1 F1500 X108.29 Y93.66 E801.55394
G0 F9000 X108.856 Y93.66
G1 F1500 X93.661 Y108.855 E802.26866
G0 F9000 X93.661 Y109.421
G1 F1500 X109.421 Y93.66 E803.00999
G0 F9000 X109.987 Y93.66
G1 F1500 X93.661 Y109.986 E803.77791
G0 F9000 X93.661 Y110.552
G1 F1500 X110.553 Y93.66 E804.57246
G0 F9000 X111.118 Y93.66
G1 F1500 X93.661 Y111.118 E805.39361
G0 F9000 X93.661 Y111.683
G1 F1500 X111.684 Y93.66 E806.24136
G0 F9000 X112.25 Y93.66
G1 F1500 X93.661 Y112.249 E807.11573
G0 F9000 X93.661 Y112.815
G1 F1500 X112.815 Y93.66 E808.0167
G0 F9000 X113.381 Y93.66
G1 F1500 X93.661 Y113.38 E808.94426
G0 F9000 X93.661 Y113.946
G1 F1500 X113.947 Y93.66 E809.89845
G0 F9000 X114.512 Y93.66
G1 F1500 X93.661 Y114.512 E810.87925
G0 F9000 X93.661 Y115.077
G1 F1500 X115.078 Y93.66 E811.88664
G0 F9000 X115.644 Y93.66
G1 F1500 X93.661 Y115.643 E812.92065
G0 F9000 X93.661 Y116.209
G1 F1500 X116.209 Y93.66 E813.98126
G0 F9000 X116.775 Y93.66
G1 F1500 X93.661 Y116.774 E815.06847
G0 F9000 X93.661 Y117.34
G1 F1500 X117.341 Y93.66 E816.18231
G0 F9000 X117.907 Y93.66
G1 F1500 X93.661 Y117.905 E817.32274
G0 F9000 X93.661 Y118.471
G1 F1500 X118.472 Y93.66 E818.48977
G0 F9000 X119.038 Y93.66
G1 F1500 X93.661 Y119.036 E819.68341
G0 F9000 X93.661 Y119.602
G1 F1500 X119.604 Y93.66 E820.90366
G0 F9000 X120.169 Y93.66
G1 F1500 X93.661 Y120.168 E822.15052
G0 F9000 X93.661 Y120.734
G1 F1500 X120.735 Y93.66 E823.424
G0 F9000 X121.301 Y93.66
G1 F1500 X93.661 Y121.299 E824.72407
G0 F9000 X93.661 Y121.865
G1 F1500 X121.866 Y93.66 E826.05075
G0 F9000 X122.432 Y93.66
G1 F1500 X93.661 Y122.431 E827.40405
G0 F9000 X93.661 Y122.996
G1 F1500 X122.998 Y93.66 E828.78395
G0 F9000 X123.563 Y93.66
G1 F1500 X93.661 Y123.562 E830.19045
G0 F9000 X93.661 Y124.128
G1 F1500 X124.129 Y93.66 E831.62357
G0 F9000 X124.695 Y93.66
G1 F1500 X93.661 Y124.693 E833.08329
G0 F9000 X93.661 Y125.259
G1 F1500 X125.26 Y93.66 E834.56961
G0 F9000 X125.826 Y93.66
G1 F1500 X110.928 Y108.558 E835.27037
G0 F9000 X111.203 Y108.931
G0 X112.641 Y108.016
G0 X112.46 Y107.592
G1 F1500 X126.392 Y93.66 E835.92568
G0 F9000 X126.957 Y93.66
G1 F1500 X113.446 Y107.171 E836.5612
G0 F9000 X113.626 Y107.593
G0 X114.47 Y107.242
G0 X114.391 Y106.792
G1 F1500 X127.523 Y93.66 E837.17889
G0 F9000 X128.089 Y93.66
G1 F1500 X115.08 Y106.669 E837.79079
G0 F9000 X115.767 Y106.548
G1 F1500 X128.655 Y93.66 E838.397
G0 F9000 X129.22 Y93.66
G1 F1500 X116.455 Y106.425 E838.99743
G0 F9000 X117.077 Y106.369
G1 F1500 X129.786 Y93.66 E839.59522
G0 F9000 X130.352 Y93.66
G1 F1500 X117.613 Y106.398 E840.1944
G0 F9000 X118.149 Y106.428
G1 F1500 X130.917 Y93.66 E840.79497
G0 F9000 X131.483 Y93.66
G1 F1500 X118.685 Y106.458 E841.39695
G0 F9000 X119.221 Y106.487
G1 F1500 X132.049 Y93.66 E842.00032
G0 F9000 X132.614 Y93.66
G1 F1500 X119.698 Y106.577 E842.60787
G0 F9000 X120.133 Y106.707
G1 F1500 X133.18 Y93.66 E843.22156
G0 F9000 X133.746 Y93.66
G1 F1500 X120.569 Y106.837 E843.84136
G0 F9000 X121.004 Y106.967
G1 F1500 X134.311 Y93.66 E844.46729
G0 F9000 X134.877 Y93.66
G1 F1500 X121.44 Y107.097 E845.09932
G0 F9000 X121.876 Y107.227
G1 F1500 X135.443 Y93.66 E845.73747
G0 F9000 X136.008 Y93.66
G1 F1500 X122.24 Y107.428 E846.38508
G0 F9000 X122.598 Y107.636
G1 F1500 X136.574 Y93.66 E847.04246
G0 F9000 X137.14 Y93.66
G1 F1500 X122.956 Y107.844 E847.70964
G0 F9000 X123.314 Y108.052
G1 F1500 X137.706 Y93.66 E848.38659
G0 F9000 X138.271 Y93.66
G1 F1500 X123.672 Y108.259 E849.07328
G0 F9000 X124.029 Y108.467
G1 F1500 X138.788 Y93.709 E849.76748
G0 F9000 X139.28 Y93.783
G1 F1500 X124.35 Y108.712 E850.46972
G0 F9000 X124.641 Y108.987
G1 F1500 X139.679 Y93.949 E851.17706
G0 F9000 X140.043 Y94.151
G1 F1500 X124.932 Y109.262 E851.88783
G0 F9000 X125.223 Y109.536
G1 F1500 X140.364 Y94.396 E852.59999
G0 F9000 X140.639 Y94.687
G1 F1500 X125.514 Y109.812 E853.31143
G0 F9000 X125.804 Y110.087
G1 F1500 X140.885 Y95.006 E854.02079
G0 F9000 X141.071 Y95.385
G1 F1500 X126.082 Y110.374 E854.72583
G0 F9000 X126.306 Y110.716
G1 F1500 X141.23 Y95.792 E855.42781
G0 F9000 X141.298 Y96.29
G1 F1500 X126.53 Y111.057 E856.12243
G0 F9000 X126.755 Y111.399
G1 F1500 X141.339 Y96.814 E856.80844
G0 F9000 X141.339 Y97.38
G1 F1500 X126.979 Y111.74 E857.48389
G0 F9000 X127.204 Y112.081
G1 F1500 X141.339 Y97.946 E858.14875
G0 F9000 X141.339 Y98.511
G1 F1500 X127.428 Y112.423 E858.80311
G0 F9000 X127.592 Y112.825
G1 F1500 X141.339 Y99.077 E859.44975
G0 F9000 X141.339 Y99.643
G1 F1500 X127.744 Y113.238 E860.08922
G0 F9000 X127.895 Y113.653
G1 F1500 X141.339 Y100.208 E860.7216
G0 F9000 X141.339 Y100.774
G1 F1500 X128.046 Y114.067 E861.34687
G0 F9000 X128.198 Y114.481
G1 F1500 X141.339 Y101.34 E861.96498
G0 F9000 X141.339 Y101.905
G1 F1500 X128.35 Y114.895 E862.57596
G0 F9000 X128.416 Y115.394
G1 F1500 X141.339 Y102.471 E863.18382
G0 F9000 X141.339 Y103.037
G1 F1500 X128.477 Y115.899 E863.78881
G0 F9000 X128.538 Y116.404
G1 F1500 X141.339 Y103.602 E864.39095
G0 F9000 X141.339 Y104.168
G1 F1500 X128.599 Y116.909 E864.99023
G0 F9000 X128.659 Y117.414
G1 F1500 X141.339 Y104.734 E865.58666
G0 F9000 X141.339 Y105.3
G1 F1500 X128.606 Y118.033 E866.18558
G0 F9000 X128.53 Y118.674
G1 F1500 X141.339 Y105.865 E866.78807
G0 F9000 X141.339 Y106.431
G1 F1500 X128.454 Y119.316 E867.39415
G0 F9000 X128.379 Y119.957
G1 F1500 X141.339 Y106.997 E868.00374
G0 F9000 X141.339 Y107.562
G1 F1500 X128.091 Y120.811 E868.62691
G0 F9000 X127.766 Y121.701
G1 F1500 X141.339 Y108.128 E869.26535
G0 F9000 X141.339 Y108.694
G1 F1500 X127.373 Y122.66 E869.92226
G0 F9000 X126.99 Y122.408
G0 X125.894 Y124.078
G0 X126.272 Y124.327
G1 F1500 X141.339 Y109.259 E870.63099
G0 F9000 X141.339 Y109.825
G1 F1500 X109.824 Y141.34 E872.11336
G0 F9000 X109.259 Y141.34
G1 F1500 X124.126 Y126.472 E872.81268
G0 F9000 X123.886 Y126.088
G0 X122.555 Y126.857
G0 X122.782 Y127.251
G1 F1500 X108.693 Y141.34 E873.47539
G0 F9000 X108.127 Y141.34
G1 F1500 X121.629 Y127.839 E874.11046
G0 F9000 X120.821 Y128.081
G1 F1500 X107.562 Y141.34 E874.73412
G0 F9000 X106.996 Y141.34
G1 F1500 X120.012 Y128.324 E875.34635
G0 F9000 X119.264 Y128.506
G1 F1500 X106.43 Y141.34 E875.95002
G0 F9000 X105.864 Y141.34
G1 F1500 X118.664 Y128.541 E876.55207
G0 F9000 X118.064 Y128.575
G1 F1500 X105.299 Y141.34 E877.1525
G0 F9000 X104.733 Y141.34
G1 F1500 X117.464 Y128.609 E877.75133
G0 F9000 X116.864 Y128.643
G1 F1500 X104.167 Y141.34 E878.34855
G0 F9000 X103.602 Y141.34
G1 F1500 X116.381 Y128.56 E878.94966
G0 F9000 X115.9 Y128.476
G1 F1500 X103.036 Y141.34 E879.55474
G0 F9000 X102.47 Y141.34
G1 F1500 X115.42 Y128.391 E880.16385
G0 F9000 X114.939 Y128.306
G1 F1500 X101.905 Y141.34 E880.77693
G0 F9000 X101.339 Y141.34
G1 F1500 X114.458 Y128.221 E881.39401
G0 F9000 X114.034 Y128.08
G1 F1500 X100.773 Y141.34 E882.01774
G0 F9000 X100.208 Y141.34
G1 F1500 X113.638 Y127.91 E882.64945
G0 F9000 X113.242 Y127.74
G1 F1500 X99.642 Y141.34 E883.28915
G0 F9000 X99.076 Y141.34
G1 F1500 X112.846 Y127.57 E883.93685
G0 F9000 X112.451 Y127.399
G1 F1500 X98.511 Y141.34 E884.59257
G0 F9000 X97.945 Y141.34
G1 F1500 X112.056 Y127.229 E885.2563
G0 F9000 X111.706 Y127.013
G1 F1500 X97.379 Y141.34 E885.9302
G0 F9000 X96.814 Y141.34
G1 F1500 X111.382 Y126.772 E886.61544
G0 F9000 X111.057 Y126.53
G1 F1500 X96.29 Y141.298 E887.31005
G0 F9000 X95.792 Y141.23
G1 F1500 X110.733 Y126.289 E888.01283
G0 F9000 X110.409 Y126.047
G1 F1500 X95.384 Y141.072 E888.71956
G0 F9000 X95.003 Y140.887
G1 F1500 X110.085 Y125.806 E889.42895
G0 F9000 X109.775 Y125.55
G1 F1500 X94.684 Y140.641 E890.13878
G0 F9000 X94.397 Y140.362
G1 F1500 X109.517 Y125.242 E890.84998
G0 F9000 X109.26 Y124.934
G1 F1500 X94.152 Y140.042 E891.56062
G0 F9000 X93.95 Y139.678
G1 F1500 X109.002 Y124.626 E892.26862
G0 F9000 X108.745 Y124.318
G1 F1500 X93.784 Y139.279 E892.97234
G0 F9000 X93.709 Y138.787
G1 F1500 X108.486 Y124.01 E893.6674
G0 F9000 X108.229 Y123.702
G1 F1500 X93.661 Y138.27 E894.35263
G0 F9000 X93.661 Y137.704
G1 F1500 X108.022 Y123.343 E895.02813
G0 F9000 X107.833 Y122.967
G1 F1500 X93.661 Y137.138 E895.69472
G0 F9000 X93.661 Y136.573
G1 F1500 X107.644 Y122.59 E896.35243
G0 F9000 X107.455 Y122.214
G1 F1500 X93.661 Y136.007 E897.00124
G0 F9000 X93.661 Y135.441
G1 F1500 X107.265 Y121.837 E897.64113
G0 F9000 X107.076 Y121.46
G1 F1500 X93.661 Y134.876 E898.27215
G0 F9000 X93.661 Y134.31
G1 F1500 X106.937 Y121.034 E898.89661
G0 F9000 X106.83 Y120.576
G1 F1500 X93.661 Y133.744 E899.51602
G0 F9000 X93.661 Y133.179
G1 F1500 X106.722 Y120.118 E900.13037
G0 F9000 X106.615 Y119.659
G1 F1500 X93.661 Y132.613 E900.73969
G0 F9000 X93.661 Y132.047
G1 F1500 X106.508 Y119.201 E901.34395
G0 F9000 X106.413 Y118.73
G1 F1500 X93.661 Y131.482 E901.94376
G0 F9000 X93.661 Y130.916
G1 F1500 X106.412 Y118.165 E902.54353
G0 F9000 X106.412 Y117.6
G1 F1500 X93.661 Y130.35 E903.14327
G0 F9000 X93.661 Y129.784
G1 F1500 X106.41 Y117.035 E903.74295
G0 F9000 X106.41 Y116.47
G1 F1500 X93.661 Y129.219 E904.34262
G0 F9000 X93.661 Y128.653
G1 F1500 X106.499 Y115.815 E904.94648
G0 F9000 X106.675 Y115.074
G1 F1500 X93.661 Y128.087 E905.5586
G0 F9000 X93.661 Y127.522
G1 F1500 X106.849 Y114.334 E906.17892
G0 F9000 X107.075 Y113.542
G1 F1500 X93.661 Y126.956 E906.80987
G0 F9000 X93.661 Y126.39
G1 F1500 X107.642 Y112.409 E907.4675
G0 F9000 X108.055 Y112.616
G0 X108.745 Y111.391
G0 X108.392 Y111.094
G1 F1500 X93.661 Y125.825 E908.1604
G1 F2700 E903.1604
G0 F9000 X93.2 Y125.825
G0 X93.261 Y138.446
G0 X93.378 Y139.34
G0 X93.697 Y140.107
G0 X94.216 Y140.782
G0 X94.889 Y141.303
G0 X95.655 Y141.618
G0 X96.385 Y141.716
G0 X110.39 Y141.8
G0 X110.39 Y141.34
G1 F2700 E908.1604
G1 F1500 X141.339 Y110.391 E909.61614
G0 F9000 X141.339 Y110.956
G1 F1500 X110.956 Y141.34 E911.04529
G0 F9000 X111.521 Y141.34
G1 F1500 X141.339 Y111.522 E912.44784
G0 F9000 X141.339 Y112.088
G1 F1500 X112.087 Y141.34 E913.82376
G0 F9000 X112.653 Y141.34
G1 F1500 X141.339 Y112.653 E915.17309
G0 F9000 X141.339 Y113.219
G1 F1500 X113.218 Y141.34 E916.49581
G0 F9000 X113.784 Y141.34
G1 F1500 X141.339 Y113.785 E917.79192
G0 F9000 X141.339 Y114.35
G1 F1500 X114.35 Y141.34 E919.06142
G0 F9000 X114.915 Y141.34
G1 F1500 X141.339 Y114.916 E920.30432
G0 F9000 X141.339 Y115.482
G1 F1500 X115.481 Y141.34 E921.5206
G0 F9000 X116.047 Y141.34
G1 F1500 X141.339 Y116.048 E922.71026
G0 F9000 X141.339 Y116.613
G1 F1500 X116.613 Y141.34 E923.87332
G0 F9000 X117.178 Y141.34
G1 F1500 X141.339 Y117.179 E925.00978
G0 F9000 X141.339 Y117.745
G1 F1500 X117.744 Y141.34 E926.11962
G0 F9000 X118.31 Y141.34
G1 F1500 X141.339 Y118.311 E927.20283
G0 F9000 X141.339 Y118.877
G1 F1500 X118.875 Y141.34 E928.25944
G0 F9000 X119.441 Y141.34
G1 F1500 X141.339 Y119.442 E929.28946
G0 F9000 X141.339 Y120.008
G1 F1500 X120.007 Y141.34 E930.29285
G0 F9000 X120.572 Y141.34
G1 F1500 X141.339 Y120.574 E931.26964
G0 F9000 X141.339 Y121.139
G1 F1500 X121.138 Y141.34 E932.21984
G0 F9000 X121.704 Y141.34
G1 F1500 X141.339 Y121.705 E933.14341
G0 F9000 X141.339 Y122.271
G1 F1500 X122.269 Y141.34 E934.04038
G0 F9000 X122.835 Y141.34
G1 F1500 X141.339 Y122.836 E934.91075
G0 F9000 X141.339 Y123.402
G1 F1500 X123.401 Y141.34 E935.7545
G0 F9000 X123.966 Y141.34
G1 F1500 X141.339 Y123.968 E936.57165
G0 F9000 X141.339 Y124.534
G1 F1500 X124.532 Y141.34 E937.36217
G0 F9000 X125.098 Y141.34
G1 F1500 X141.339 Y125.099 E938.1261
G0 F9000 X141.339 Y125.665
G1 F1500 X125.663 Y141.34 E938.86343
G0 F9000 X126.229 Y141.34
G1 F1500 X141.339 Y126.231 E939.57413
G0 F9000 X141.339 Y126.796
G1 F1500 X126.795 Y141.34 E940.25824
G0 F9000 X127.361 Y141.34
G1 F1500 X141.339 Y127.362 E940.91572
G0 F9000 X141.339 Y127.928
G1 F1500 X127.926 Y141.34 E941.5466
G0 F9000 X128.492 Y141.34
G1 F1500 X141.339 Y128.493 E942.15089
G0 F9000 X141.339 Y129.059
G1 F1500 X129.058 Y141.34 E942.72855
G0 F9000 X129.623 Y141.34
G1 F1500 X141.339 Y129.625 E943.27961
G0 F9000 X141.339 Y130.19
G1 F1500 X130.189 Y141.34 E943.80407
G0 F9000 X130.755 Y141.34
G1 F1500 X141.339 Y130.756 E944.30191
G0 F9000 X141.339 Y131.322
G1 F1500 X131.32 Y141.34 E944.77315
G0 F9000 X131.886 Y141.34
G1 F1500 X141.339 Y131.887 E945.21779
G0 F9000 X141.339 Y132.453
G1 F1500 X132.452 Y141.34 E945.6358
G0 F9000 X133.017 Y141.34
G1 F1500 X141.339 Y133.019 E946.02722
G0 F9000 X141.339 Y133.584
G1 F1500 X133.583 Y141.34 E946.39204
G0 F9000 X134.149 Y141.34
G1 F1500 X141.339 Y134.15 E946.73024
G0 F9000 X141.339 Y134.716
G1 F1500 X134.714 Y141.34 E947.04183
G0 F9000 X135.28 Y141.34
G1 F1500 X141.339 Y135.282 E947.32681
G0 F9000 X141.339 Y135.847
G1 F1500 X135.846 Y141.34 E947.58518
G0 F9000 X136.412 Y141.34
G1 F1500 X141.339 Y136.413 E947.81693
G0 F9000 X141.339 Y136.979
G1 F1500 X136.977 Y141.34 E948.02208
G0 F9000 X137.543 Y141.34
G1 F1500 X141.339 Y137.544 E948.20063
G0 F9000 X141.339 Y138.11
G1 F1500 X138.109 Y141.34 E948.35256
G0 F9000 X138.717 Y141.297
G1 F1500 X141.296 Y138.718 E948.47387
G0 F9000 X141.141 Y139.439
G1 F1500 X139.439 Y141.141 E948.55393
G1 F2700 E943.55393
;MESH:NONMESH
G0 F300 X139.439 Y141.141 Z1
G0 F9000 X139.615 Y141.571
G0 X138.444 Y141.739
G0 X96.556 Y141.739
G0 X95.655 Y141.618
G0 X94.889 Y141.303
G0 X94.216 Y140.782
G0 X93.697 Y140.107
G0 X93.378 Y139.34
G0 X93.261 Y138.446
G0 X93.261 Y96.554
G0 X93.378 Y95.655
G0 X93.636 Y95.035
G0 X94.157 Y94.192
G0 X94.1 Y94.1
;TIME_ELAPSED:1366.642418
;LAYER:4
;TYPE:WALL-INNER
;MESH:cerchio_grande.stl
G1 F2700 E948.55393
G1 F1500 X93.556 Y94.808 E948.58363
G1 X93.221 Y95.613 E948.61263
G1 X93.1 Y96.543 E948.64382
G1 X93.1 Y138.457 E950.03788
G1 X93.221 Y139.383 E950.06894
G1 X93.556 Y140.188 E950.09794
G1 X94.101 Y140.896 E950.12766
G1 X94.808 Y141.443 E950.15739
G1 X95.613 Y141.775 E950.18636
G1 X96.544 Y141.9 E950.2176
G1 X138.456 Y141.9 E951.6116
G1 X139.383 Y141.775 E951.64271
G1 X140.188 Y141.443 E951.67167
G1 X140.896 Y140.896 E951.70143
G1 X141.443 Y140.188 E951.73119
G1 X141.775 Y139.383 E951.76015
G1 X141.9 Y138.456 E951.79126
G1 X141.9 Y96.544 E953.18526
G1 X141.775 Y95.613 E953.2165
G1 X141.443 Y94.808 E953.24546
G1 X140.896 Y94.101 E953.27519
G1 X140.188 Y93.556 E953.30491
G1 X139.383 Y93.221 E953.33391
G1 X138.457 Y93.1 E953.36497
G1 X96.543 Y93.1 E954.75904
G1 X95.613 Y93.221 E954.79023
G1 X94.808 Y93.556 E954.81923
G1 X94.1 Y94.1 E954.84893
G0 F9000 X94.312 Y94.312
G0 X110.049 Y109.542
G0 X110.225 Y109.781
G1 F1500 X112.219 Y108.309 E954.93136
G1 X114.459 Y107.345 E955.01247
G1 X116.88 Y106.917 E955.09424
G1 X119.339 Y107.052 E955.17615
G1 X121.699 Y107.765 E955.25815
G1 X123.826 Y108.991 E955.3398
G1 X125.623 Y110.685 E955.42194
G1 X126.968 Y112.741 E955.50366
G1 X127.812 Y115.052 E955.58549
G1 X128.1 Y117.5 E955.66747
G1 X127.816 Y119.945 E955.74934
G1 X126.968 Y122.259 E955.83131
G1 X125.6 Y124.333 E955.91394
G1 X123.826 Y126.005 E955.99502
G1 X121.699 Y127.231 E956.07668
G1 X119.343 Y127.943 E956.15854
G1 X116.875 Y128.086 E956.24076
G1 X114.459 Y127.655 E956.32239
G1 X112.19 Y126.678 E956.40455
G1 X110.236 Y125.22 E956.48564
G1 X108.637 Y123.319 E956.56826
G1 X107.536 Y121.126 E956.64988
G1 X106.972 Y118.73 E956.73175
G1 X106.972 Y116.266 E956.8137
G1 X107.536 Y113.874 E956.89544
G1 X108.634 Y111.681 E956.97701
G1 X110.225 Y109.781 E957.05944
G0 F9000 X110.49 Y110.086
;TYPE:WALL-OUTER
G1 F1500 X112.393 Y108.67 E957.13833
G1 X114.574 Y107.728 E957.21735
G1 X116.904 Y107.316 E957.29605
G1 X119.294 Y107.456 E957.37567
G1 X121.54 Y108.132 E957.45369
G1 X123.573 Y109.306 E957.53177
G1 X125.324 Y110.958 E957.61184
G1 X126.611 Y112.921 E957.68991
G1 X127.423 Y115.145 E957.76865
G1 X127.7 Y117.5 E957.84752
G1 X127.426 Y119.839 E957.92585
G1 X126.611 Y122.079 E958.00513
G1 X125.294 Y124.074 E958.08464
G1 X123.573 Y125.69 E958.16316
G1 X121.54 Y126.864 E958.24124
G1 X119.248 Y127.548 E958.32079
G1 X116.904 Y127.684 E958.39889
G1 X114.574 Y127.272 E958.47759
G1 X112.406 Y126.337 E958.55611
G1 X110.502 Y124.922 E958.63501
G1 X108.981 Y123.109 E958.71372
G1 X107.912 Y120.989 E958.79269
G1 X107.369 Y118.684 E958.87146
G1 X107.373 Y116.29 E958.95108
G1 X107.912 Y114.011 E959.02897
G1 X108.972 Y111.9 E959.10754
G1 X110.49 Y110.086 E959.18621
G1 F2700 E954.18621
G0 F9000 X109.956 Y109.638
G0 X94.312 Y94.312
G0 X93.815 Y93.815
G1 F2700 E959.18621
G1 F1500 X93.207 Y94.606 E959.21939
G1 X92.831 Y95.509 E959.25193
G1 X92.7 Y96.517 E959.28574
G1 X92.7 Y138.483 E960.68153
G1 X92.831 Y139.487 E960.71521
G1 X93.207 Y140.39 E960.74774
G1 X93.815 Y141.181 E960.78092
G1 X94.606 Y141.793 E960.81419
G1 X95.509 Y142.165 E960.84667
G1 X96.518 Y142.3 E960.88053
G1 X138.482 Y142.3 E962.27626
G1 X139.487 Y142.165 E962.30998
G1 X140.39 Y141.793 E962.34247
G1 X141.181 Y141.181 E962.37573
G1 X141.793 Y140.39 E962.40899
G1 X142.165 Y139.487 E962.44148
G1 X142.3 Y138.482 E962.4752
G1 X142.3 Y96.518 E963.87093
G1 X142.165 Y95.509 E963.90479
G1 X141.793 Y94.606 E963.93727
G1 X141.181 Y93.815 E963.97054
G1 X140.39 Y93.207 E964.00372
G1 X139.487 Y92.831 E964.03625
G1 X138.483 Y92.7 E964.06993
G1 X96.517 Y92.7 E965.46572
G1 X95.509 Y92.831 E965.49953
G1 X94.606 Y93.207 E965.53206
G1 X93.815 Y93.815 E965.56525
G0 F9000 X94.723 Y93.723
;TYPE:FILL
G1 F3000 X110.486 Y109.486 E966.30669
G0 F9000 X110.358 Y109.312
G0 X111.906 Y108.228
G0 X113.062 Y107.617
G0 X113.149 Y107.821
G1 F3000 X117.072 Y93.18 E966.81083
G0 F9000 X117.072 Y93.4
G0 X118.265 Y93.4
G0 X118.265 Y93.18
G1 F3000 X93.18 Y99.901 E967.67459
G0 F9000 X93.18 Y100.665
G1 F3000 X107.25 Y114.736 E968.33642
G1 X107.241 Y114.769
G1 X93.18 Y118.536 E968.82058
G0 F9000 X93.18 Y117.636
G1 F3000 X117.364 Y141.82 E969.95813
G0 F9000 X116.463 Y141.82
G1 F3000 X120.23 Y127.761 E970.44222
G1 X120.265 Y127.751
G1 X134.335 Y141.82 E971.10401
G0 F9000 X135.098 Y141.82
G1 F3000 X141.82 Y116.732 E971.96787
G0 F9000 X141.6 Y116.732
G0 X141.6 Y117.927
G0 X141.82 Y117.927
G1 F3000 X127.205 Y121.843 E972.47112
G0 F9000 X127.417 Y121.921
G0 X125.672 Y124.682
G0 X125.52 Y124.52
G1 F3000 X141.275 Y140.275 E973.21218
G0 F9000 X141.105 Y140.144
G0 X141.6 Y136.562
G0 X141.819 Y136.562
G1 F3000 X122.194 Y141.82 E973.88794
G0 F9000 X122.674 Y141.821
G1 F3000 X135.707 Y93.18 E975.56281
G0 F9000 X136.606 Y93.18
G1 F3000 X141.82 Y98.394 E975.80806
G0 F9000 X141.82 Y99.292
G1 F3000 X93.181 Y112.324 E977.48286
G0 F9000 X93.18 Y112.801
G1 F3000 X98.438 Y93.18 E978.15848
G0 F9000 X98.438 Y93.4
G0 X102.665 Y93.4
G0 X102.665 Y93.18
G1 F3000 X116.406 Y106.921 E978.80482
G0 F9000 X116.368 Y106.7
G0 X119.633 Y106.832
G0 X119.57 Y107.041
G1 F3000 X123.284 Y93.179 E979.28213
G0 F9000 X123.284 Y93.4
G0 X119.635 Y93.4
G0 X119.635 Y93.18
G1 F3000 X141.82 Y115.364 E980.32562
G0 F9000 X141.6 Y115.364
G0 X141.6 Y111.715
G0 X141.819 Y111.715
G1 F3000 X127.939 Y115.434 E980.80356
G0 F9000 X128.162 Y115.409
G0 X128.327 Y117.291
G0 X128.277 Y118.599
G0 X128.058 Y118.573
G1 F3000 X141.82 Y132.335 E981.45088
G0 F9000 X141.6 Y132.335
G0 X141.6 Y130.35
G0 X141.819 Y130.35
G1 F3000 X99.012 Y141.82 E982.92487
G0 F9000 X99.012 Y141.6
G0 X97.827 Y141.6
G0 X97.827 Y141.821
G1 F3000 X110.861 Y93.18 E984.59975
G0 F9000 X111.15 Y93.18
G1 F3000 X141.82 Y123.85 E986.04238
G0 F9000 X141.82 Y124.138
G1 F3000 X93.181 Y137.171 E987.71718
G0 F9000 X93.4 Y137.171
G0 X93.4 Y135.983
G0 X93.18 Y135.983
G1 F3000 X104.649 Y93.18 E989.19104
G0 F9000 X104.649 Y93.4
G0 X93.4 Y106.113
G0 X93.181 Y106.113
G1 F3000 X140.005 Y93.566 E990.80335
G0 F9000 X139.92 Y93.769
G0 X141.23 Y95.077
G0 X141.433 Y94.994
G1 F3000 X128.886 Y141.821 E992.41577
G0 F9000 X128.886 Y141.6
G0 X125.849 Y141.6
G0 X125.849 Y141.82
G1 F3000 X93.18 Y109.15 E993.95244
G0 F9000 X93.4 Y109.15
G0 X93.4 Y124.748
G0 X93.181 Y124.748
G1 F3000 X107.408 Y120.935 E994.44233
G0 F9000 X107.193 Y120.985
G0 X107.899 Y122.387
G0 X108.714 Y123.881
G0 X108.884 Y123.739
G1 F3000 X104.039 Y141.821 E995.06496
G0 F9000 X104.039 Y141.6
G0 X100.394 Y141.6
G0 X100.394 Y141.82
G1 F3000 X93.18 Y134.606 E995.40428
G0 F9000 X93.4 Y134.606
G0 X93.4 Y130.959
G0 X93.181 Y130.959
G1 F3000 X111.293 Y126.106 E996.02794
G0 F9000 X111.16 Y126.284
G0 X111.903 Y126.776
G0 X113.98 Y127.778
G0 X114.068 Y127.574
G1 F3000 X110.251 Y141.82 E996.51847
G0 F9000 X110.251 Y141.6
G0 X108.879 Y141.6
G0 X108.879 Y141.82
G1 F3000 X93.18 Y126.121 E997.25691
G1 F2700 E992.25691
G0 F9000 X93.4 Y126.121
G0 X110.057 Y109.611
G0 X112.078 Y108.108
G0 X114.39 Y107.11
G0 X116.869 Y106.674
G0 X119.383 Y106.82
G0 X121.795 Y107.542
G0 X123.975 Y108.801
G0 X125.145 Y109.821
G0 X124.994 Y109.98
G1 F2700 E997.25691
G1 F3000 X129.496 Y93.18 E997.83539
G0 F9000 X129.496 Y93.4
G0 X128.121 Y93.4
G0 X128.121 Y93.18
G1 F3000 X141.82 Y106.879 E998.47975
G0 F9000 X141.6 Y106.879
G0 X141.6 Y105.503
G0 X141.82 Y105.503
G1 F3000 X125.018 Y110.005 E999.0583
G0 F9000 X125.376 Y109.626
G1 F2700 E994.0583
;MESH:NONMESH
G0 F300 X125.376 Y109.626 Z1.2
G0 F9000 X122.153 Y107.75
G0 X94.312 Y94.312
G0 X94.1 Y94.1
;TIME_ELAPSED:1418.606386
;LAYER:5
;TYPE:WALL-INNER
;MESH:cerchio_grande.stl
G1 F2700 E999.0583
G1 F1500 X93.556 Y94.808 E999.088
G1 X93.221 Y95.613 E999.117
G1 X93.1 Y96.543 E999.14819
G1 X93.1 Y138.457 E1000.54226
G1 X93.221 Y139.383 E1000.57332
G1 X93.556 Y140.188 E1000.60232
G1 X94.101 Y140.896 E1000.63203
G1 X94.808 Y141.443 E1000.66176
G1 X95.613 Y141.775 E1000.69073
G1 X96.544 Y141.9 E1000.72197
G1 X138.456 Y141.9 E1002.11597
G1 X139.383 Y141.775 E1002.14708
G1 X140.188 Y141.443 E1002.17604
G1 X140.896 Y140.896 E1002.2058
G1 X141.443 Y140.188 E1002.23556
G1 X141.775 Y139.383 E1002.26452
G1 X141.9 Y138.456 E1002.29563
G1 X141.9 Y96.544 E1003.68963
G1 X141.775 Y95.613 E1003.72087
G1 X141.443 Y94.808 E1003.74983
G1 X140.896 Y94.101 E1003.77957
G1 X140.188 Y93.556 E1003.80928
G1 X139.383 Y93.221 E1003.83828
G1 X138.457 Y93.1 E1003.86934
G1 X96.543 Y93.1 E1005.26341
G1 X95.613 Y93.221 E1005.2946
G1 X94.808 Y93.556 E1005.3236
G1 X94.1 Y94.1 E1005.3533
G0 F9000 X94.312 Y94.312
G0 X110.049 Y109.542
G0 X110.225 Y109.781
G1 F1500 X112.219 Y108.309 E1005.43573
G1 X114.459 Y107.345 E1005.51684
G1 X116.88 Y106.917 E1005.59861
G1 X119.339 Y107.052 E1005.68052
G1 X121.699 Y107.765 E1005.76252
G1 X123.826 Y108.991 E1005.84418
G1 X125.623 Y110.685 E1005.92631
G1 X126.968 Y112.741 E1006.00803
G1 X127.812 Y115.052 E1006.08986
G1 X128.1 Y117.5 E1006.17184
G1 X127.816 Y119.945 E1006.25371
G1 X126.968 Y122.259 E1006.33568
G1 X125.6 Y124.333 E1006.41831
G1 X123.826 Y126.005 E1006.49939
G1 X121.699 Y127.231 E1006.58105
G1 X119.343 Y127.943 E1006.66291
G1 X116.875 Y128.086 E1006.74513
G1 X114.459 Y127.655 E1006.82676
G1 X112.19 Y126.678 E1006.90893
G1 X110.236 Y125.22 E1006.99001
G1 X108.637 Y123.319 E1007.07263
G1 X107.536 Y121.126 E1007.15425
G1 X106.972 Y118.73 E1007.23612
G1 X106.972 Y116.266 E1007.31807
G1 X107.536 Y113.874 E1007.39981
G1 X108.634 Y111.681 E1007.48138
G1 X110.225 Y109.781 E1007.56381
G0 F9000 X110.49 Y110.086
;TYPE:WALL-OUTER
G1 F1500 X112.393 Y108.67 E1007.6427
G1 X114.574 Y107.728 E1007.72172
G1 X116.904 Y107.316 E1007.80042
G1 X119.294 Y107.456 E1007.88004
G1 X121.54 Y108.132 E1007.95806
G1 X123.573 Y109.306 E1008.03614
G1 X125.324 Y110.958 E1008.11621
G1 X126.611 Y112.921 E1008.19428
G1 X127.423 Y115.145 E1008.27302
G1 X127.7 Y117.5 E1008.35189
G1 X127.426 Y119.839 E1008.43022
G1 X126.611 Y122.079 E1008.5095
G1 X125.294 Y124.074 E1008.58901
G1 X123.573 Y125.69 E1008.66753
G1 X121.54 Y126.864 E1008.74561
G1 X119.248 Y127.548 E1008.82517
G1 X116.904 Y127.684 E1008.90326
G1 X114.574 Y127.272 E1008.98196
G1 X112.406 Y126.337 E1009.06049
G1 X110.502 Y124.922 E1009.13939
G1 X108.981 Y123.109 E1009.2181
G1 X107.912 Y120.989 E1009.29706
G1 X107.369 Y118.684 E1009.37583
G1 X107.369 Y116.312 E1009.45472
G1 X107.912 Y114.011 E1009.53335
G1 X108.972 Y111.9 E1009.61192
G1 X110.49 Y110.086 E1009.69059
G1 F2700 E1004.69059
G0 F9000 X109.956 Y109.638
G0 X94.312 Y94.312
G0 X93.815 Y93.815
G1 F2700 E1009.69059
G1 F1500 X93.207 Y94.606 E1009.72378
G1 X92.831 Y95.509 E1009.75631
G1 X92.7 Y96.517 E1009.79012
G1 X92.7 Y138.483 E1011.18591
G1 X92.831 Y139.487 E1011.21959
G1 X93.207 Y140.39 E1011.25212
G1 X93.815 Y141.181 E1011.28531
G1 X94.606 Y141.793 E1011.31857
G1 X95.509 Y142.165 E1011.35105
G1 X96.518 Y142.3 E1011.38491
G1 X138.482 Y142.3 E1012.78064
G1 X139.487 Y142.165 E1012.81437
G1 X140.39 Y141.793 E1012.84685
G1 X141.181 Y141.181 E1012.88011
G1 X141.793 Y140.39 E1012.91338
G1 X142.165 Y139.487 E1012.94586
G1 X142.3 Y138.482 E1012.97958
G1 X142.3 Y96.518 E1014.37531
G1 X142.165 Y95.509 E1014.40917
G1 X141.793 Y94.606 E1014.44165
G1 X141.181 Y93.815 E1014.47492
G1 X140.39 Y93.207 E1014.5081
G1 X139.487 Y92.831 E1014.54063
G1 X138.483 Y92.7 E1014.57431
G1 X96.517 Y92.7 E1015.97011
G1 X95.509 Y92.831 E1016.00391
G1 X94.606 Y93.207 E1016.03645
G1 X93.815 Y93.815 E1016.06963
G0 F9000 X94.312 Y94.312
G0 X94.952 Y93.821
G0 X94.836 Y93.636
;TYPE:FILL
G1 F3000 X110.601 Y109.401 E1016.81117
G0 F9000 X110.473 Y109.227
G0 X111.773 Y108.321
G0 X112.897 Y107.689
G0 X112.984 Y107.892
G1 F3000 X116.926 Y93.18 E1017.31775
G0 F9000 X116.926 Y93.4
G0 X118.81 Y93.4
G0 X118.81 Y93.18
G1 F3000 X93.181 Y100.047 E1018.20024
G0 F9000 X93.18 Y100.466
G1 F3000 X107.289 Y114.575 E1018.86389
G0 F9000 X107.206 Y114.924
G1 F3000 X93.18 Y118.682 E1019.34685
G0 F9000 X93.4 Y118.682
G0 X93.4 Y117.436
G0 X93.18 Y117.436
G1 F3000 X117.564 Y141.82 E1020.4938
G0 F9000 X117.564 Y141.6
G0 X116.317 Y141.6
G0 X116.317 Y141.82
G1 F3000 X120.071 Y127.809 E1020.97624
G0 F9000 X120.419 Y127.705
G1 F3000 X134.534 Y141.82 E1021.64017
G0 F9000 X134.952 Y141.82
G1 F3000 X141.82 Y116.188 E1022.52276
G0 F9000 X141.6 Y116.188
G0 X141.6 Y115.165
G0 X141.82 Y115.165
G1 F3000 X119.835 Y93.18 E1023.55687
G0 F9000 X119.835 Y93.4
G0 X123.138 Y93.4
G0 X123.138 Y93.18
G1 F3000 X119.435 Y107.001 E1024.03277
G0 F9000 X119.498 Y106.792
G0 X116.538 Y106.67
G0 X116.576 Y106.891
G1 F3000 X102.864 Y93.18 E1024.67772
G0 F9000 X102.864 Y93.4
G0 X104.503 Y93.4
G0 X104.503 Y93.179
G1 F3000 X93.18 Y135.439 E1026.13287
G0 F9000 X93.4 Y135.439
G0 X93.4 Y134.407
G0 X93.18 Y134.407
G1 F3000 X100.593 Y141.82 E1026.48156
G0 F9000 X100.593 Y141.6
G0 X99.556 Y141.6
G0 X99.556 Y141.82
G1 F3000 X141.819 Y130.496 E1027.93681
G0 F9000 X141.6 Y130.496
G0 X141.6 Y132.136
G0 X141.82 Y132.136
G1 F3000 X128.079 Y118.394 E1028.58317
G0 F9000 X128.297 Y118.42
G0 X128.336 Y117.675
G0 X128.178 Y115.551
G0 X127.955 Y115.576
G1 F3000 X141.82 Y111.861 E1029.06059
G0 F9000 X141.6 Y111.861
G0 X141.6 Y106.68
G0 X141.82 Y106.68
G1 F3000 X128.32 Y93.18 E1029.69559
G0 F9000 X128.32 Y93.4
G0 X129.35 Y93.4
G0 X129.35 Y93.18
G1 F3000 X124.878 Y109.87 E1030.27028
G0 F9000 X125.139 Y110.119
G1 F3000 X141.819 Y105.649 E1030.84464
G0 F9000 X141.6 Y105.649
G0 X141.6 Y99.438
G0 X141.82 Y99.438
G1 F3000 X93.181 Y112.47 E1032.51944
G0 F9000 X93.18 Y112.257
G1 F3000 X98.292 Y93.18 E1033.17633
G0 F9000 X98.292 Y93.4
G0 X110.715 Y93.4
G0 X110.715 Y93.18
G1 F3000 X97.681 Y141.821 E1034.85121
G0 F9000 X97.681 Y141.6
G0 X103.893 Y141.6
G0 X103.893 Y141.821
G1 F3000 X108.774 Y123.606 E1035.47842
G0 F9000 X108.603 Y123.748
G0 X107.226 Y121.123
G0 X107.441 Y121.073
G1 F3000 X93.181 Y124.894 E1035.96944
G0 F9000 X93.4 Y124.894
G0 X93.4 Y125.922
G0 X93.18 Y125.922
G1 F3000 X109.078 Y141.82 E1036.71723
G0 F9000 X109.078 Y141.6
G0 X110.105 Y141.6
G0 X110.105 Y141.821
G1 F3000 X113.937 Y127.518 E1037.20973
G0 F9000 X113.849 Y127.721
G0 X112.414 Y127.05
G0 X111.304 Y126.392
G0 X111.437 Y126.214
G1 F3000 X93.181 Y131.105 E1037.83834
G0 F9000 X93.4 Y131.105
G0 X93.4 Y137.317
G0 X93.18 Y137.317
G1 F3000 X141.82 Y124.284 E1039.51318
G0 F9000 X141.82 Y123.65
G1 F3000 X111.35 Y93.18 E1040.9464
G0 F9000 X111.35 Y93.4
G0 X93.4 Y106.259
G0 X93.181 Y106.259
G1 F3000 X140.194 Y93.661 E1042.56522
G0 F9000 X140.062 Y93.832
G0 X141.165 Y94.935
G0 X141.338 Y94.803
G1 F3000 X128.74 Y141.821 E1044.18421
G0 F9000 X128.74 Y141.6
G0 X126.049 Y141.6
G0 X126.049 Y141.82
G1 F3000 X93.18 Y108.951 E1045.73027
G1 F2700 E1040.73027
G0 F9000 X93.4 Y108.951
G0 X110.057 Y125.389
G0 X112.078 Y126.892
G0 X114.39 Y127.89
G0 X116.869 Y128.326
G0 X119.383 Y128.18
G0 X121.795 Y127.458
G0 X123.975 Y126.199
G0 X125.774 Y124.585
G0 X125.622 Y124.423
G1 F2700 E1045.73027
G1 F3000 X141.362 Y140.163 E1046.47063
G0 F9000 X141.179 Y140.048
G0 X141.6 Y136.708
G0 X141.82 Y136.708
G1 F3000 X122.739 Y141.82 E1047.12764
G0 F9000 X122.528 Y141.821
G1 F3000 X135.561 Y93.18 E1048.80252
G0 F9000 X135.561 Y93.4
G0 X136.805 Y93.4
G0 X136.805 Y93.18
G1 F3000 X141.82 Y98.195 E1049.03841
G0 F9000 X141.6 Y98.195
G0 X141.6 Y118.073
G0 X141.82 Y118.073
G1 F3000 X127.145 Y122.005 E1049.54372
G0 F9000 X127.64 Y122.185
G1 F2700 E1044.54372
;MESH:NONMESH
G0 F300 X127.64 Y122.185 Z1.4
G0 F9000 X128.052 Y120.001
G0 X128.345 Y117.5
G0 X128.052 Y114.999
G0 X127.191 Y112.634
G0 X125.807 Y110.529
G0 X123.975 Y108.801
G0 X122.209 Y107.781
G0 X94.312 Y94.312
G0 X94.1 Y94.1
;TIME_ELAPSED:1471.509157
;LAYER:6
;TYPE:WALL-INNER
;MESH:cerchio_grande.stl
G1 F2700 E1049.54372
G1 F1500 X93.556 Y94.808 E1049.57341
G1 X93.221 Y95.613 E1049.60241
G1 X93.1 Y96.543 E1049.63361
G1 X93.1 Y138.457 E1051.02767
G1 X93.221 Y139.383 E1051.05873
G1 X93.556 Y140.188 E1051.08773
G1 X94.101 Y140.896 E1051.11745
G1 X94.808 Y141.443 E1051.14718
G1 X95.613 Y141.775 E1051.17614
G1 X96.544 Y141.9 E1051.20739
G1 X138.456 Y141.9 E1052.60139
G1 X139.383 Y141.775 E1052.6325
G1 X140.188 Y141.443 E1052.66146
G1 X140.896 Y140.896 E1052.69122
G1 X141.443 Y140.188 E1052.72097
G1 X141.775 Y139.383 E1052.74994
G1 X141.9 Y138.456 E1052.78105
G1 X141.9 Y96.544 E1054.17505
G1 X141.775 Y95.613 E1054.20629
G1 X141.443 Y94.808 E1054.23525
G1 X140.896 Y94.101 E1054.26498
G1 X140.188 Y93.556 E1054.2947
G1 X139.383 Y93.221 E1054.3237
G1 X138.457 Y93.1 E1054.35476
G1 X96.543 Y93.1 E1055.74883
G1 X95.613 Y93.221 E1055.78002
G1 X94.808 Y93.556 E1055.80902
G1 X94.1 Y94.1 E1055.83872
G0 F9000 X94.312 Y94.312
G0 X110.049 Y109.542
G0 X110.225 Y109.781
G1 F1500 X112.219 Y108.309 E1055.92115
G1 X114.459 Y107.345 E1056.00226
G1 X116.88 Y106.917 E1056.08403
G1 X119.339 Y107.052 E1056.16594
G1 X121.699 Y107.765 E1056.24794
G1 X123.826 Y108.991 E1056.32959
G1 X125.623 Y110.685 E1056.41173
G1 X126.968 Y112.741 E1056.49345
G1 X127.812 Y115.052 E1056.57528
G1 X128.1 Y117.5 E1056.65726
G1 X127.816 Y119.945 E1056.73913
G1 X126.968 Y122.259 E1056.8211
G1 X125.6 Y124.333 E1056.90373
G1 X123.826 Y126.005 E1056.98481
G1 X121.699 Y127.231 E1057.06647
G1 X119.343 Y127.943 E1057.14833
G1 X116.875 Y128.086 E1057.23055
G1 X114.459 Y127.655 E1057.31218
G1 X112.19 Y126.678 E1057.39434
G1 X110.236 Y125.22 E1057.47543
G1 X108.637 Y123.319 E1057.55805
G1 X107.536 Y121.126 E1057.63967
G1 X106.972 Y118.73 E1057.72154
G1 X106.972 Y116.266 E1057.80349
G1 X107.536 Y113.874 E1057.88523
G1 X108.634 Y111.681 E1057.9668
G1 X110.225 Y109.781 E1058.04922
G0 F9000 X110.49 Y110.086
;TYPE:WALL-OUTER
G1 F1500 X112.393 Y108.67 E1058.12812
G1 X114.574 Y107.728 E1058.20714
G1 X116.904 Y107.316 E1058.28583
G1 X119.294 Y107.456 E1058.36546
G1 X121.54 Y108.132 E1058.44347
G1 X123.573 Y109.306 E1058.52156
G1 X125.324 Y110.958 E1058.60162
G1 X126.611 Y112.921 E1058.6797
G1 X127.423 Y115.145 E1058.75844
G1 X127.7 Y117.5 E1058.83731
G1 X127.426 Y119.839 E1058.91564
G1 X126.611 Y122.079 E1058.99492
G1 X125.294 Y124.074 E1059.07443
G1 X123.573 Y125.69 E1059.15295
G1 X121.54 Y126.864 E1059.23103
G1 X119.248 Y127.548 E1059.31058
G1 X116.904 Y127.684 E1059.38868
G1 X114.574 Y127.272 E1059.46737
G1 X112.406 Y126.337 E1059.5459
G1 X110.502 Y124.922 E1059.6248
G1 X108.981 Y123.109 E1059.70351
G1 X107.912 Y120.989 E1059.78248
G1 X107.369 Y118.684 E1059.86125
G1 X107.373 Y116.29 E1059.94087
G1 X107.912 Y114.011 E1060.01876
G1 X108.972 Y111.9 E1060.09733
G1 X110.49 Y110.086 E1060.176
G1 F2700 E1055.176
G0 F9000 X109.956 Y109.638
G0 X94.312 Y94.312
G0 X93.815 Y93.815
G1 F2700 E1060.176
G1 F1500 X93.207 Y94.606 E1060.20918
G1 X92.831 Y95.509 E1060.24172
G1 X92.7 Y96.517 E1060.27552
G1 X92.7 Y138.483 E1061.67132
G1 X92.831 Y139.487 E1061.705
G1 X93.207 Y140.39 E1061.73753
G1 X93.815 Y141.181 E1061.77071
G1 X94.606 Y141.793 E1061.80398
G1 X95.509 Y142.165 E1061.83646
G1 X96.518 Y142.3 E1061.87032
G1 X138.482 Y142.3 E1063.26604
G1 X139.487 Y142.165 E1063.29977
G1 X140.39 Y141.793 E1063.33225
G1 X141.181 Y141.181 E1063.36552
G1 X141.793 Y140.39 E1063.39878
G1 X142.165 Y139.487 E1063.43126
G1 X142.3 Y138.482 E1063.46499
G1 X142.3 Y96.518 E1064.86072
G1 X142.165 Y95.509 E1064.89458
G1 X141.793 Y94.606 E1064.92706
G1 X141.181 Y93.815 E1064.96032
G1 X140.39 Y93.207 E1064.99351
G1 X139.487 Y92.831 E1065.02604
G1 X138.483 Y92.7 E1065.05972
G1 X96.517 Y92.7 E1066.45551
G1 X95.509 Y92.831 E1066.48932
G1 X94.606 Y93.207 E1066.52185
G1 X93.815 Y93.815 E1066.55504
G0 F9000 X94.312 Y94.312
G0 X95.057 Y93.779
G0 X94.973 Y93.574
;TYPE:FILL
G1 F3000 X110.715 Y109.316 E1067.29549
G0 F9000 X110.587 Y109.142
G0 X111.795 Y108.304
G0 X112.732 Y107.76
G0 X112.819 Y107.963
G1 F3000 X116.78 Y93.18 E1067.80452
G0 F9000 X116.78 Y93.4
G0 X119.355 Y93.4
G0 X119.355 Y93.18
G1 F3000 X93.181 Y100.193 E1068.70578
G1 X93.18 Y100.266
G1 X107.327 Y114.413 E1069.37121
G0 F9000 X107.168 Y115.08
G1 F3000 X93.181 Y118.828 E1069.85283
G0 F9000 X93.4 Y118.828
G0 X93.4 Y117.237
G0 X93.18 Y117.237
G1 F3000 X117.763 Y141.82 E1071.00914
G0 F9000 X117.763 Y141.6
G0 X116.171 Y141.6
G0 X116.171 Y141.821
G1 F3000 X119.912 Y127.856 E1071.49
G0 F9000 X120.572 Y127.659
G1 F3000 X134.734 Y141.82 E1072.15611
G1 X134.806 Y141.821
G1 X141.82 Y115.642 E1073.05754
G0 F9000 X141.82 Y114.966
G1 F3000 X120.034 Y93.18 E1074.08228
G0 F9000 X120.034 Y93.4
G0 X122.992 Y93.4
G0 X122.992 Y93.18
G1 F3000 X119.296 Y106.975 E1074.55729
G0 F9000 X119.309 Y106.756
G0 X116.707 Y106.64
G0 X116.745 Y106.861
G1 F3000 X103.064 Y93.18 E1075.2008
G0 F9000 X103.064 Y93.4
G0 X104.357 Y93.4
G0 X104.357 Y93.18
G1 F3000 X93.18 Y134.894 E1076.63715
G0 F9000 X93.18 Y134.207
G1 F3000 X100.792 Y141.82 E1076.99522
G0 F9000 X100.101 Y141.82
G1 F3000 X141.82 Y130.642 E1078.43175
G0 F9000 X141.6 Y130.642
G0 X141.6 Y131.936
G0 X141.82 Y131.936
G1 F3000 X128.1 Y118.216 E1079.07709
G0 F9000 X128.318 Y118.241
G0 X128.333 Y117.821
G0 X128.195 Y115.692
G0 X127.972 Y115.717
G1 F3000 X141.82 Y112.007 E1079.55392
G0 F9000 X141.6 Y112.007
G0 X141.6 Y106.48
G0 X141.82 Y106.48
G1 F3000 X128.519 Y93.18 E1080.17954
G0 F9000 X129.204 Y93.179
G1 F3000 X124.761 Y109.761 E1080.75051
G0 F9000 X125.259 Y110.233
G1 F3000 X141.82 Y105.795 E1081.32077
G0 F9000 X141.6 Y105.795
G0 X141.6 Y99.584
G0 X141.82 Y99.584
G1 F3000 X93.18 Y112.616 E1082.9956
G0 F9000 X93.18 Y111.711
G1 F3000 X98.145 Y93.18 E1083.63368
G0 F9000 X98.145 Y93.4
G0 X95.846 Y93.493
G0 X95.819 Y93.274
G1 F3000 X95.459 Y93.371 E1083.64608
G0 F9000 X95.544 Y93.577
G0 X93.4 Y106.405
G0 X93.181 Y106.405
G1 F3000 X140.335 Y93.77 E1085.26976
G0 F9000 X140.203 Y93.941
G0 X141.057 Y94.794
G0 X141.23 Y94.663
G1 F3000 X128.594 Y141.821 E1086.89357
G0 F9000 X128.594 Y141.6
G0 X126.248 Y141.6
G0 X126.248 Y141.82
G1 F3000 X93.18 Y108.752 E1088.44899
G0 F9000 X93.4 Y108.752
G0 X93.4 Y125.04
G0 X93.181 Y125.04
G1 F3000 X107.487 Y121.206 E1088.9416
G0 F9000 X107.289 Y121.304
G0 X108.493 Y123.616
G0 X108.663 Y123.474
G1 F3000 X103.747 Y141.821 E1089.57335
G0 F9000 X103.747 Y141.6
G0 X109.278 Y141.6
G0 X109.278 Y141.82
G1 F3000 X93.18 Y125.722 E1090.33055
G0 F9000 X93.4 Y125.722
G0 X93.4 Y131.251
G0 X93.18 Y131.251
G1 F3000 X111.581 Y126.321 E1090.96415
G0 F9000 X111.448 Y126.499
G0 X111.805 Y126.722
G0 X113.718 Y127.665
G0 X113.806 Y127.461
G1 F3000 X109.959 Y141.821 E1091.45861
G0 F9000 X109.959 Y141.6
G0 X122.382 Y141.6
G0 X122.382 Y141.82
G1 F3000 X135.415 Y93.18 E1093.13345
G0 F9000 X135.415 Y93.4
G0 X137.005 Y93.4
G0 X137.005 Y93.18
G1 F3000 X141.82 Y97.995 E1093.35994
G0 F9000 X141.6 Y97.995
G0 X141.6 Y118.219
G0 X141.82 Y118.219
G1 F3000 X127.085 Y122.167 E1093.86731
G0 F9000 X127.299 Y122.246
G0 X125.901 Y124.438
G0 X125.714 Y124.315
G1 F3000 X141.424 Y140.026 E1094.60628
G0 F9000 X141.636 Y139.512
G1 F3000 X141.72 Y139.199 E1094.61706
G0 F9000 X141.505 Y139.171
G0 X141.6 Y136.854
G0 X141.82 Y136.854
G1 F3000 X123.285 Y141.82 E1095.25528
G0 F9000 X123.285 Y141.6
G0 X141.6 Y124.43
G0 X141.819 Y124.43
G1 F3000 X93.181 Y137.463 E1096.93006
G0 F9000 X93.4 Y137.463
G0 X97.536 Y141.6
G0 X97.536 Y141.82
G1 F3000 X110.569 Y93.179 E1098.60493
G0 F9000 X111.549 Y93.18
G1 F3000 X141.82 Y123.451 E1100.02879
G0 F9000 X141.3 Y123.451
G1 F2700 E1095.02879
;MESH:NONMESH
G0 F300 X141.3 Y123.451 Z1.6
G0 F9000 X123.975 Y108.801
G0 X122.209 Y107.781
G0 X94.312 Y94.312
G0 X94.1 Y94.1
;TIME_ELAPSED:1524.111041
;LAYER:7
;TYPE:WALL-INNER
;MESH:cerchio_grande.stl
G1 F2700 E1100.02879
G1 F1500 X93.556 Y94.808 E1100.05848
G1 X93.221 Y95.613 E1100.08748
G1 X93.1 Y96.543 E1100.11868
G1 X93.1 Y138.457 E1101.51274
G1 X93.221 Y139.383 E1101.5438
G1 X93.556 Y140.188 E1101.5728
G1 X94.101 Y140.896 E1101.60252
G1 X94.808 Y141.443 E1101.63225
G1 X95.613 Y141.775 E1101.66121
G1 X96.544 Y141.9 E1101.69246
G1 X138.456 Y141.9 E1103.08646
G1 X139.383 Y141.775 E1103.11757
G1 X140.188 Y141.443 E1103.14653
G1 X140.896 Y140.896 E1103.17629
G1 X141.443 Y140.188 E1103.20604
G1 X141.775 Y139.383 E1103.23501
G1 X141.9 Y138.456 E1103.26612
G1 X141.9 Y96.544 E1104.66012
G1 X141.775 Y95.613 E1104.69136
G1 X141.443 Y94.808 E1104.72032
G1 X140.896 Y94.101 E1104.75005
G1 X140.188 Y93.556 E1104.77977
G1 X139.383 Y93.221 E1104.80877
G1 X138.457 Y93.1 E1104.83983
G1 X96.543 Y93.1 E1106.2339
G1 X95.613 Y93.221 E1106.26509
G1 X94.808 Y93.556 E1106.29409
G1 X94.1 Y94.1 E1106.32379
G0 F9000 X94.312 Y94.312
G0 X110.049 Y109.542
G0 X110.225 Y109.781
G1 F1500 X112.219 Y108.309 E1106.40622
G1 X114.459 Y107.345 E1106.48733
G1 X116.88 Y106.917 E1106.5691
G1 X119.339 Y107.052 E1106.65101
G1 X121.699 Y107.765 E1106.73301
G1 X123.826 Y108.991 E1106.81466
G1 X125.623 Y110.685 E1106.8968
G1 X126.968 Y112.741 E1106.97852
G1 X127.812 Y115.052 E1107.06035
G1 X128.1 Y117.5 E1107.14233
G1 X127.816 Y119.945 E1107.2242
G1 X126.968 Y122.259 E1107.30617
G1 X125.6 Y124.333 E1107.3888
G1 X123.826 Y126.005 E1107.46988
G1 X121.699 Y127.231 E1107.55154
G1 X119.343 Y127.943 E1107.6334
G1 X116.875 Y128.086 E1107.71562
G1 X114.459 Y127.655 E1107.79725
G1 X112.19 Y126.678 E1107.87941
G1 X110.236 Y125.22 E1107.9605
G1 X108.637 Y123.319 E1108.04312
G1 X107.536 Y121.126 E1108.12474
G1 X106.972 Y118.73 E1108.20661
G1 X106.972 Y116.266 E1108.28856
G1 X107.536 Y113.874 E1108.3703
G1 X108.634 Y111.681 E1108.45187
G1 X110.225 Y109.781 E1108.53429
G0 F9000 X110.49 Y110.086
;TYPE:WALL-OUTER
G1 F1500 X112.393 Y108.67 E1108.61319
G1 X114.574 Y107.728 E1108.69221
G1 X116.904 Y107.316 E1108.7709
G1 X119.294 Y107.456 E1108.85053
G1 X121.54 Y108.132 E1108.92854
G1 X123.573 Y109.306 E1109.00663
G1 X125.324 Y110.958 E1109.08669
G1 X126.611 Y112.921 E1109.16477
G1 X127.423 Y115.145 E1109.24351
G1 X127.7 Y117.5 E1109.32238
G1 X127.426 Y119.839 E1109.40071
G1 X126.611 Y122.079 E1109.47999
G1 X125.294 Y124.074 E1109.5595
G1 X123.573 Y125.69 E1109.63802
G1 X121.54 Y126.864 E1109.7161
G1 X119.248 Y127.548 E1109.79565
G1 X116.904 Y127.684 E1109.87375
G1 X114.574 Y127.272 E1109.95244
G1 X112.406 Y126.337 E1110.03097
G1 X110.502 Y124.922 E1110.10987
G1 X108.981 Y123.109 E1110.18858
G1 X107.912 Y120.989 E1110.26755
G1 X107.369 Y118.684 E1110.34632
G1 X107.373 Y116.29 E1110.42594
G1 X107.912 Y114.011 E1110.50383
G1 X108.972 Y111.9 E1110.5824
G1 X110.49 Y110.086 E1110.66107
G1 F2700 E1105.66107
G0 F9000 X109.956 Y109.638
G0 X94.312 Y94.312
G0 X93.815 Y93.815
G1 F2700 E1110.66107
G1 F1500 X93.207 Y94.606 E1110.69425
G1 X92.831 Y95.509 E1110.72679
G1 X92.7 Y96.517 E1110.76059
G1 X92.7 Y138.483 E1112.15639
G1 X92.831 Y139.487 E1112.19007
G1 X93.207 Y140.39 E1112.2226
G1 X93.815 Y141.181 E1112.25578
G1 X94.606 Y141.793 E1112.28905
G1 X95.509 Y142.165 E1112.32153
G1 X96.518 Y142.3 E1112.35539
G1 X138.482 Y142.3 E1113.75111
G1 X139.487 Y142.165 E1113.78484
G1 X140.39 Y141.793 E1113.81732
G1 X141.181 Y141.181 E1113.85059
G1 X141.793 Y140.39 E1113.88385
G1 X142.165 Y139.487 E1113.91633
G1 X142.3 Y138.482 E1113.95006
G1 X142.3 Y96.518 E1115.34579
G1 X142.165 Y95.509 E1115.37965
G1 X141.793 Y94.606 E1115.41213
G1 X141.181 Y93.815 E1115.44539
G1 X140.39 Y93.207 E1115.47858
G1 X139.487 Y92.831 E1115.51111
G1 X138.483 Y92.7 E1115.54479
G1 X96.517 Y92.7 E1116.94058
G1 X95.509 Y92.831 E1116.97439
G1 X94.606 Y93.207 E1117.00692
G1 X93.815 Y93.815 E1117.04011
G0 F9000 X94.737 Y93.711
;TYPE:FILL
G1 F3000 X96.721 Y93.18 E1117.10842
G0 F9000 X96.721 Y93.4
G0 X97.998 Y93.4
G0 X97.998 Y93.18
G1 F3000 X93.18 Y111.163 E1117.72763
G0 F9000 X93.4 Y111.163
G0 X93.4 Y112.763
G0 X93.18 Y112.763
G1 F3000 X141.82 Y99.731 E1119.40246
G0 F9000 X141.6 Y99.731
G0 X141.6 Y97.794
G0 X141.82 Y97.794
G1 F3000 X137.206 Y93.18 E1119.61949
G0 F9000 X137.206 Y93.4
G0 X135.268 Y93.4
G0 X135.268 Y93.18
G1 F3000 X122.235 Y141.82 E1121.29433
G0 F9000 X122.235 Y141.6
G0 X123.833 Y141.6
G0 X123.833 Y141.82
G1 F3000 X141.82 Y137.001 E1121.91368
G0 F9000 X141.6 Y137.001
G0 X141.6 Y138.277
G0 X141.82 Y138.277
G1 F3000 X141.289 Y140.257 E1121.98186
G0 F9000 X141.483 Y139.883
G1 F3000 X125.794 Y124.194 E1122.71982
G0 F9000 X125.98 Y124.317
G0 X127.203 Y122.457
G0 X127.015 Y122.333
G1 F3000 X141.82 Y118.366 E1123.22961
G0 F9000 X141.6 Y118.366
G0 X141.6 Y115.093
G0 X141.82 Y115.093
G1 F3000 X134.659 Y141.821 E1124.14994
G0 F9000 X134.934 Y141.82
G1 F3000 X120.726 Y127.612 E1124.81824
G0 F9000 X120.788 Y127.823
G0 X119.814 Y128.114
G0 X119.752 Y127.904
G1 F3000 X116.024 Y141.821 E1125.29744
G0 F9000 X116.024 Y141.6
G0 X117.964 Y141.6
G0 X117.964 Y141.82
G1 F3000 X93.18 Y117.036 E1126.46321
G0 F9000 X93.4 Y117.036
G0 X93.4 Y118.975
G0 X93.181 Y118.975
G1 F3000 X107.13 Y115.237 E1126.94352
G0 F9000 X106.917 Y115.186
G0 X107.151 Y114.199
G0 X107.366 Y114.251
G1 F3000 X93.18 Y100.066 E1127.61076
G0 F9000 X93.181 Y100.34
G1 F3000 X119.903 Y93.18 E1128.53089
G0 F9000 X120.235 Y93.18
G1 F3000 X141.82 Y114.765 E1129.54618
G0 F9000 X141.6 Y114.765
G0 X141.6 Y112.154
G0 X141.82 Y112.154
G1 F3000 X127.99 Y115.86 E1130.0224
G0 F9000 X128.211 Y115.835
G0 X128.339 Y118.062
G0 X128.121 Y118.037
G1 F3000 X141.82 Y131.735 E1130.66674
G0 F9000 X141.819 Y130.789
G1 F3000 X100.649 Y141.82 E1132.08436
G0 F9000 X100.993 Y141.82
G1 F3000 X93.18 Y134.007 E1132.45186
G0 F9000 X93.18 Y134.345
G1 F3000 X104.21 Y93.18 E1133.86931
G0 F9000 X103.264 Y93.18
G1 F3000 X116.925 Y106.84 E1134.51186
G0 F9000 X116.938 Y106.618
G0 X119.163 Y106.748
G0 X119.151 Y106.966
G1 F3000 X122.845 Y93.18 E1134.98656
G0 F9000 X122.845 Y93.4
G0 X128.72 Y93.4
G0 X128.72 Y93.18
G1 F3000 X141.82 Y106.28 E1135.60274
G0 F9000 X141.819 Y105.942
G1 F3000 X125.38 Y110.347 E1136.16879
G0 F9000 X125.532 Y110.187
G0 X124.794 Y109.491
G0 X124.644 Y109.649
G1 F3000 X129.057 Y93.179 E1136.73591
G0 F9000 X129.057 Y93.4
G0 X140.345 Y94.05
G0 X140.477 Y93.879
G1 F3000 X93.181 Y106.552 E1138.36447
G0 F9000 X93.4 Y106.552
G0 X93.4 Y108.551
G0 X93.18 Y108.551
G1 F3000 X126.449 Y141.82 E1139.92934
G0 F9000 X126.449 Y141.6
G0 X128.447 Y141.6
G0 X128.447 Y141.821
G1 F3000 X141.121 Y94.521 E1141.55805
G0 F9000 X140.948 Y94.652
G0 X116.633 Y93.4
G0 X116.633 Y93.18
G1 F3000 X112.654 Y108.033 E1142.06948
G0 F9000 X112.568 Y107.831
G0 X110.702 Y109.056
G0 X110.831 Y109.231
G1 F3000 X95.115 Y93.516 E1142.80869
G0 F9000 X95.199 Y93.72
G0 X110.422 Y93.4
G0 X110.422 Y93.179
G1 F3000 X97.389 Y141.82 E1144.48356
G0 F9000 X97.389 Y141.6
G0 X93.4 Y137.61
G0 X93.181 Y137.61
G1 F3000 X141.819 Y124.577 E1146.15834
G0 F9000 X141.6 Y124.577
G0 X141.6 Y123.25
G0 X141.82 Y123.25
G1 F3000 X111.75 Y93.18 E1147.57274
G0 F9000 X111.75 Y93.4
G0 X106.729 Y116.242
G0 X106.729 Y118.758
G0 X107.355 Y121.434
G0 X107.553 Y121.336
G1 F3000 X93.181 Y125.187 E1148.06762
G0 F9000 X93.18 Y125.521
G1 F3000 X109.479 Y141.82 E1148.83427
G0 F9000 X109.812 Y141.821
G1 F3000 X113.674 Y127.405 E1149.33066
G0 F9000 X113.586 Y127.608
G0 X111.593 Y126.607
G0 X111.726 Y126.429
G1 F3000 X93.18 Y131.398 E1149.96926
G0 F9000 X93.4 Y131.398
G0 X103.6 Y141.6
G0 X103.6 Y141.821
G1 F3000 X108.554 Y123.332 E1150.60589
G0 F9000 X108.089 Y123.564
G1 F2700 E1145.60589
;MESH:NONMESH
G0 F300 X108.089 Y123.564 Z1.8
G0 F9000 X94.312 Y94.312
G0 X94.1 Y94.1
;TIME_ELAPSED:1576.226724
;LAYER:8
;TYPE:WALL-INNER
;MESH:cerchio_grande.stl
G1 F2700 E1150.60589
G1 F1500 X93.556 Y94.808 E1150.63559
G1 X93.221 Y95.613 E1150.66459
G1 X93.1 Y96.543 E1150.69578
G1 X93.1 Y138.457 E1152.08985
G1 X93.221 Y139.383 E1152.12091
G1 X93.556 Y140.188 E1152.14991
G1 X94.101 Y140.896 E1152.17963
G1 X94.808 Y141.443 E1152.20936
G1 X95.613 Y141.775 E1152.23832
G1 X96.544 Y141.9 E1152.26956
G1 X138.456 Y141.9 E1153.66356
G1 X139.383 Y141.775 E1153.69467
G1 X140.188 Y141.443 E1153.72364
G1 X140.896 Y140.896 E1153.75339
G1 X141.443 Y140.188 E1153.78315
G1 X141.775 Y139.383 E1153.81211
G1 X141.9 Y138.456 E1153.84322
G1 X141.9 Y96.544 E1155.23722
G1 X141.775 Y95.613 E1155.26847
G1 X141.443 Y94.808 E1155.29743
G1 X140.896 Y94.101 E1155.32716
G1 X140.188 Y93.556 E1155.35688
G1 X139.383 Y93.221 E1155.38588
G1 X138.457 Y93.1 E1155.41694
G1 X96.543 Y93.1 E1156.811
G1 X95.613 Y93.221 E1156.84219
G1 X94.808 Y93.556 E1156.8712
G1 X94.1 Y94.1 E1156.90089
G0 F9000 X94.312 Y94.312
G0 X110.049 Y109.542
G0 X110.225 Y109.781
G1 F1500 X112.219 Y108.309 E1156.98333
G1 X114.459 Y107.345 E1157.06444
G1 X116.88 Y106.917 E1157.14621
G1 X119.339 Y107.052 E1157.22812
G1 X121.699 Y107.765 E1157.31011
G1 X123.826 Y108.991 E1157.39177
G1 X125.623 Y110.685 E1157.47391
G1 X126.968 Y112.741 E1157.55562
G1 X127.812 Y115.052 E1157.63745
G1 X128.1 Y117.5 E1157.71944
G1 X127.816 Y119.945 E1157.8013
G1 X126.968 Y122.259 E1157.88327
G1 X125.6 Y124.333 E1157.96591
G1 X123.826 Y126.005 E1158.04699
G1 X121.699 Y127.231 E1158.12864
G1 X119.343 Y127.943 E1158.2105
G1 X116.875 Y128.086 E1158.29273
G1 X114.459 Y127.655 E1158.37435
G1 X112.19 Y126.678 E1158.45652
G1 X110.236 Y125.22 E1158.53761
G1 X108.637 Y123.319 E1158.62023
G1 X107.536 Y121.126 E1158.70184
G1 X106.972 Y118.73 E1158.78371
G1 X106.972 Y116.266 E1158.86567
G1 X107.536 Y113.874 E1158.94741
G1 X108.634 Y111.681 E1159.02898
G1 X110.225 Y109.781 E1159.1114
G0 F9000 X110.49 Y110.086
;TYPE:WALL-OUTER
G1 F1500 X112.393 Y108.67 E1159.19029
G1 X114.574 Y107.728 E1159.26931
G1 X116.904 Y107.316 E1159.34801
G1 X119.294 Y107.456 E1159.42764
G1 X121.54 Y108.132 E1159.50565
G1 X123.573 Y109.306 E1159.58373
G1 X125.324 Y110.958 E1159.6638
G1 X126.611 Y112.921 E1159.74187
G1 X127.423 Y115.145 E1159.82062
G1 X127.7 Y117.5 E1159.89949
G1 X127.426 Y119.839 E1159.97781
G1 X126.611 Y122.079 E1160.05709
G1 X125.294 Y124.074 E1160.1366
G1 X123.573 Y125.69 E1160.21512
G1 X121.54 Y126.864 E1160.29321
G1 X119.248 Y127.548 E1160.37276
G1 X116.904 Y127.684 E1160.45085
G1 X114.574 Y127.272 E1160.52955
G1 X112.406 Y126.337 E1160.60808
G1 X110.502 Y124.922 E1160.68698
G1 X108.981 Y123.109 E1160.76569
G1 X107.912 Y120.989 E1160.84466
G1 X107.369 Y118.684 E1160.92342
G1 X107.373 Y116.29 E1161.00305
G1 X107.912 Y114.011 E1161.08094
G1 X108.972 Y111.9 E1161.1595
G1 X110.49 Y110.086 E1161.23818
G1 F2700 E1156.23818
G0 F9000 X109.956 Y109.638
G0 X94.312 Y94.312
G0 X93.815 Y93.815
G1 F2700 E1161.23818
G1 F1500 X93.207 Y94.606 E1161.27136
G1 X92.831 Y95.509 E1161.30389
G1 X92.7 Y96.517 E1161.3377
G1 X92.7 Y138.483 E1162.7335
G1 X92.831 Y139.487 E1162.76717
G1 X93.207 Y140.39 E1162.79971
G1 X93.815 Y141.181 E1162.83289
G1 X94.606 Y141.793 E1162.86615
G1 X95.509 Y142.165 E1162.89863
G1 X96.518 Y142.3 E1162.93249
G1 X138.482 Y142.3 E1164.32822
G1 X139.487 Y142.165 E1164.36195
G1 X140.39 Y141.793 E1164.39443
G1 X141.181 Y141.181 E1164.42769
G1 X141.793 Y140.39 E1164.46096
G1 X142.165 Y139.487 E1164.49344
G1 X142.3 Y138.482 E1164.52717
G1 X142.3 Y96.518 E1165.9229
G1 X142.165 Y95.509 E1165.95675
G1 X141.793 Y94.606 E1165.98924
G1 X141.181 Y93.815 E1166.0225
G1 X140.39 Y93.207 E1166.05568
G1 X139.487 Y92.831 E1166.08822
G1 X138.483 Y92.7 E1166.12189
G1 X96.517 Y92.7 E1167.51769
G1 X95.509 Y92.831 E1167.5515
G1 X94.606 Y93.207 E1167.58403
G1 X93.815 Y93.815 E1167.61721
G0 F9000 X94.445 Y93.935
;TYPE:FILL
G1 F3000 X97.266 Y93.18 E1167.71434
G0 F9000 X97.852 Y93.18
G1 F3000 X93.18 Y110.618 E1168.31479
G0 F9000 X93.4 Y110.618
G0 X93.4 Y108.351
G0 X93.18 Y108.351
G1 F3000 X126.648 Y141.82 E1169.88904
G0 F9000 X126.648 Y141.6
G0 X128.301 Y141.6
G0 X128.301 Y141.82
G1 F3000 X141.012 Y94.381 E1171.52253
G0 F9000 X140.618 Y93.987
G1 F3000 X93.18 Y106.698 E1173.15598
G0 F9000 X93.4 Y106.698
G0 X93.4 Y112.909
G0 X93.181 Y112.909
G1 F3000 X141.819 Y99.877 E1174.83075
G0 F9000 X141.6 Y99.877
G0 X141.6 Y97.595
G0 X141.82 Y97.595
G1 F3000 X137.405 Y93.18 E1175.03842
G0 F9000 X137.405 Y93.4
G0 X135.123 Y93.4
G0 X135.123 Y93.179
G1 F3000 X122.089 Y141.82 E1176.7133
G0 F9000 X122.089 Y141.6
G0 X124.378 Y141.6
G0 X124.378 Y141.82
G1 F3000 X141.82 Y137.147 E1177.31388
G0 F9000 X141.82 Y137.733
G1 F3000 X141.066 Y140.546 E1177.41075
G0 F9000 X141.541 Y139.742
G1 F3000 X125.873 Y124.074 E1178.14772
G0 F9000 X126.059 Y124.197
G0 X127.087 Y122.634
G0 X126.899 Y122.51
G1 F3000 X141.819 Y118.512 E1178.66147
G0 F9000 X141.6 Y118.512
G0 X141.6 Y114.565
G0 X141.82 Y114.565
G1 F3000 X120.434 Y93.18 E1179.66738
G1 X120.449 Y93.18
G1 X93.181 Y100.486 E1180.6063
G0 F9000 X93.18 Y99.866
G1 F3000 X107.404 Y114.09 E1181.27536
G0 F9000 X107.189 Y114.038
G0 X106.88 Y115.342
G0 X107.093 Y115.393
G1 F3000 X93.181 Y119.121 E1181.7544
G0 F9000 X93.4 Y119.121
G0 X93.4 Y116.837
G0 X93.18 Y116.837
G1 F3000 X118.163 Y141.82 E1182.92952
G0 F9000 X118.163 Y141.6
G0 X115.878 Y141.6
G0 X115.878 Y141.821
G1 F3000 X119.594 Y127.952 E1183.40708
G0 F9000 X119.656 Y128.161
G0 X120.942 Y127.776
G0 X120.88 Y127.566
G1 F3000 X135.134 Y141.82 E1184.07754
G0 F9000 X134.512 Y141.821
G1 F3000 X141.82 Y114.549 E1185.01661
G0 F9000 X141.6 Y114.549
G0 X141.6 Y112.3
G0 X141.82 Y112.3
G1 F3000 X128.006 Y116.001 E1185.49227
G0 F9000 X128.228 Y115.976
G0 X128.36 Y117.883
G0 X128.143 Y117.858
G1 F3000 X141.82 Y131.536 E1186.13562
G0 F9000 X141.82 Y130.935
G1 F3000 X101.194 Y141.82 E1187.53451
G1 X101.193 Y141.82
G1 X93.18 Y133.807 E1187.91141
G1 X93.18 Y133.801
G1 X104.064 Y93.18 E1189.31013
G0 F9000 X103.464 Y93.18
G1 F3000 X117.136 Y106.852 E1189.95322
G0 F9000 X117.149 Y106.63
G0 X119.02 Y106.739
G0 X119.007 Y106.959
G1 F3000 X122.699 Y93.18 E1190.42768
G0 F9000 X122.699 Y93.4
G0 X128.911 Y93.4
G0 X128.911 Y93.18
G1 F3000 X124.527 Y109.539 E1190.99098
G0 F9000 X124.677 Y109.381
G0 X125.653 Y110.301
G0 X125.501 Y110.461
G1 F3000 X141.82 Y106.088 E1191.5529
G1 X141.82 Y106.08
G1 X128.92 Y93.18 E1192.15968
G0 F9000 X128.92 Y93.4
G0 X116.487 Y93.4
G0 X116.487 Y93.18
G1 F3000 X112.489 Y108.104 E1192.67356
G0 F9000 X112.403 Y107.902
G0 X110.816 Y108.971
G0 X110.944 Y109.145
G1 F3000 X95.255 Y93.456 E1193.41152
G0 F9000 X95.339 Y93.662
G0 X110.276 Y93.4
G0 X110.276 Y93.18
G1 F3000 X97.243 Y141.821 E1195.08639
G0 F9000 X97.243 Y141.6
G0 X93.4 Y137.756
G0 X93.181 Y137.756
G1 F3000 X141.819 Y124.723 E1196.76117
G0 F9000 X141.6 Y124.723
G0 X141.6 Y123.051
G0 X141.82 Y123.051
G1 F3000 X111.949 Y93.18 E1198.16621
G0 F9000 X111.949 Y93.4
G0 X106.729 Y116.242
G0 X106.729 Y118.758
G0 X107.419 Y121.562
G0 X107.617 Y121.464
G1 F3000 X93.181 Y125.333 E1198.6633
G1 X93.18 Y125.322
G1 X109.678 Y141.82 E1199.43931
G1 X109.666 Y141.821
G1 X113.544 Y127.349 E1199.93764
G0 F9000 X113.456 Y127.552
G0 X111.738 Y126.714
G0 X111.87 Y126.537
G1 F3000 X93.18 Y131.544 E1200.58119
G0 F9000 X93.4 Y131.544
G0 X103.454 Y141.6
G0 X103.454 Y141.82
G1 F3000 X108.459 Y123.142 E1201.22434
G0 F9000 X107.993 Y123.374
G1 F2700 E1196.22434
;MESH:NONMESH
G0 F300 X107.993 Y123.374 Z2
G0 F9000 X94.312 Y94.312
G0 X94.1 Y94.1
;TIME_ELAPSED:1627.788767
;LAYER:9
;TYPE:WALL-INNER
;MESH:cerchio_grande.stl
G1 F2700 E1201.22434
G1 F1500 X93.556 Y94.808 E1201.25403
G1 X93.221 Y95.613 E1201.28303
G1 X93.1 Y96.543 E1201.31423
G1 X93.1 Y138.457 E1202.70829
G1 X93.221 Y139.383 E1202.73935
G1 X93.556 Y140.188 E1202.76835
G1 X94.101 Y140.896 E1202.79807
G1 X94.808 Y141.443 E1202.8278
G1 X95.613 Y141.775 E1202.85676
G1 X96.544 Y141.9 E1202.88801
G1 X138.456 Y141.9 E1204.28201
G1 X139.383 Y141.775 E1204.31312
G1 X140.188 Y141.443 E1204.34208
G1 X140.896 Y140.896 E1204.37184
G1 X141.443 Y140.188 E1204.40159
G1 X141.775 Y139.383 E1204.43056
G1 X141.9 Y138.456 E1204.46167
G1 X141.9 Y96.544 E1205.85567
G1 X141.775 Y95.613 E1205.88691
G1 X141.443 Y94.808 E1205.91587
G1 X140.896 Y94.101 E1205.9456
G1 X140.188 Y93.556 E1205.97532
G1 X139.383 Y93.221 E1206.00432
G1 X138.457 Y93.1 E1206.03538
G1 X96.543 Y93.1 E1207.42945
G1 X95.613 Y93.221 E1207.46064
G1 X94.808 Y93.556 E1207.48964
G1 X94.1 Y94.1 E1207.51934
G0 F9000 X94.312 Y94.312
G0 X110.049 Y109.542
G0 X110.225 Y109.781
G1 F1500 X112.219 Y108.309 E1207.60177
G1 X114.459 Y107.345 E1207.68288
G1 X116.88 Y106.917 E1207.76465
G1 X119.339 Y107.052 E1207.84656
G1 X121.699 Y107.765 E1207.92856
G1 X123.826 Y108.991 E1208.01021
G1 X125.623 Y110.685 E1208.09235
G1 X126.968 Y112.741 E1208.17407
G1 X127.812 Y115.052 E1208.2559
G1 X128.1 Y117.5 E1208.33788
G1 X127.816 Y119.945 E1208.41975
G1 X126.968 Y122.259 E1208.50172
G1 X125.6 Y124.333 E1208.58435
G1 X123.826 Y126.005 E1208.66543
G1 X121.699 Y127.231 E1208.74709
G1 X119.343 Y127.943 E1208.82895
G1 X116.875 Y128.086 E1208.91117
G1 X114.459 Y127.655 E1208.9928
G1 X112.19 Y126.678 E1209.07496
G1 X110.236 Y125.22 E1209.15605
G1 X108.637 Y123.319 E1209.23867
G1 X107.536 Y121.126 E1209.32029
G1 X106.972 Y118.73 E1209.40216
G1 X106.972 Y116.266 E1209.48411
G1 X107.536 Y113.874 E1209.56585
G1 X108.634 Y111.681 E1209.64742
G1 X110.225 Y109.781 E1209.72984
G0 F9000 X110.49 Y110.086
;TYPE:WALL-OUTER
G1 F1500 X112.393 Y108.67 E1209.80874
G1 X114.574 Y107.728 E1209.88776
G1 X116.904 Y107.316 E1209.96645
G1 X119.294 Y107.456 E1210.04608
G1 X121.54 Y108.132 E1210.12409
G1 X123.573 Y109.306 E1210.20218
G1 X125.324 Y110.958 E1210.28224
G1 X126.611 Y112.921 E1210.36031
G1 X127.423 Y115.145 E1210.43906
G1 X127.7 Y117.5 E1210.51793
G1 X127.426 Y119.839 E1210.59626
G1 X126.611 Y122.079 E1210.67554
G1 X125.294 Y124.074 E1210.75505
G1 X123.573 Y125.69 E1210.83357
G1 X121.54 Y126.864 E1210.91165
G1 X119.248 Y127.548 E1210.9912
G1 X116.904 Y127.684 E1211.0693
G1 X114.574 Y127.272 E1211.14799
G1 X112.406 Y126.337 E1211.22652
G1 X110.502 Y124.922 E1211.30542
G1 X108.981 Y123.109 E1211.38413
G1 X107.912 Y120.989 E1211.4631
G1 X107.369 Y118.684 E1211.54186
G1 X107.373 Y116.29 E1211.62149
G1 X107.912 Y114.011 E1211.69938
G1 X108.972 Y111.9 E1211.77795
G1 X110.49 Y110.086 E1211.85662
G1 F2700 E1206.85662
G0 F9000 X109.956 Y109.638
G0 X94.312 Y94.312
G0 X93.815 Y93.815
G1 F2700 E1211.85662
G1 F1500 X93.207 Y94.606 E1211.8898
G1 X92.831 Y95.509 E1211.92234
G1 X92.7 Y96.517 E1211.95614
G1 X92.7 Y138.483 E1213.35194
G1 X92.831 Y139.487 E1213.38561
G1 X93.207 Y140.39 E1213.41815
G1 X93.815 Y141.181 E1213.45133
G1 X94.606 Y141.793 E1213.48459
G1 X95.509 Y142.165 E1213.51708
G1 X96.518 Y142.3 E1213.55094
G1 X138.482 Y142.3 E1214.94666
G1 X139.487 Y142.165 E1214.98039
G1 X140.39 Y141.793 E1215.01287
G1 X141.181 Y141.181 E1215.04614
G1 X141.793 Y140.39 E1215.0794
G1 X142.165 Y139.487 E1215.11188
G1 X142.3 Y138.482 E1215.14561
G1 X142.3 Y96.518 E1216.54134
G1 X142.165 Y95.509 E1216.5752
G1 X141.793 Y94.606 E1216.60768
G1 X141.181 Y93.815 E1216.64094
G1 X140.39 Y93.207 E1216.67413
G1 X139.487 Y92.831 E1216.70666
G1 X138.483 Y92.7 E1216.74034
G1 X96.517 Y92.7 E1218.13613
G1 X95.509 Y92.831 E1218.16994
G1 X94.606 Y93.207 E1218.20247
G1 X93.815 Y93.815 E1218.23566
G0 F9000 X94.155 Y94.16
;TYPE:FILL
G1 F3000 X97.815 Y93.18 E1218.36168
G1 X97.705 Y93.18
G1 X93.18 Y110.069 E1218.94322
G0 F9000 X93.4 Y110.069
G0 X93.4 Y108.151
G0 X93.18 Y108.151
G1 F3000 X109.473 Y124.444 E1219.70959
G0 F9000 X109.304 Y124.585
G0 X110.548 Y125.829
G0 X110.681 Y125.651
G1 F3000 X126.849 Y141.82 E1220.47011
G0 F9000 X126.849 Y141.6
G0 X128.154 Y141.6
G0 X128.154 Y141.82
G1 F3000 X140.903 Y94.24 E1222.10845
G0 F9000 X140.76 Y94.096
G1 F3000 X93.181 Y106.845 E1223.74676
G0 F9000 X93.4 Y106.845
G0 X93.4 Y113.056
G0 X93.181 Y113.056
G1 F3000 X113.864 Y107.514 E1224.45895
G0 F9000 X113.777 Y107.309
G0 X115.408 Y106.869
G0 X115.446 Y107.09
G1 F3000 X141.819 Y100.024 E1225.36705
G0 F9000 X141.6 Y100.024
G0 X141.6 Y97.394
G0 X141.82 Y97.394
G1 F3000 X137.606 Y93.18 E1225.56527
G0 F9000 X137.606 Y93.4
G0 X134.976 Y93.4
G0 X134.976 Y93.179
G1 F3000 X127.97 Y119.326 E1226.4656
G0 F9000 X128.189 Y119.352
G0 X127.753 Y120.999
G0 X127.542 Y120.921
G1 F3000 X121.942 Y141.82 E1227.18522
G0 F9000 X121.942 Y141.6
G0 X124.926 Y141.6
G0 X124.926 Y141.82
G1 F3000 X141.82 Y137.294 E1227.76694
G1 X141.82 Y137.184
G1 X140.841 Y140.837 E1227.89272
G0 F9000 X140.688 Y140.688
G0 X141.398 Y139.517
G0 X141.6 Y139.601
G1 F3000 X125.952 Y123.952 E1228.62878
G0 F9000 X126.139 Y124.075
G0 X126.97 Y122.812
G0 X126.782 Y122.688
G1 F3000 X141.819 Y118.659 E1229.14655
G0 F9000 X141.6 Y118.659
G0 X141.6 Y122.85
G0 X141.82 Y122.85
G1 F3000 X112.15 Y93.18 E1230.54214
G0 F9000 X112.15 Y93.4
G0 X110.129 Y93.4
G0 X110.129 Y93.179
G1 F3000 X97.096 Y141.821 E1232.21705
G0 F9000 X97.096 Y141.6
G0 X101.393 Y141.6
G0 X101.393 Y141.82
G1 F3000 X93.18 Y133.606 E1232.60338
G0 F9000 X93.18 Y133.252
G1 F3000 X103.917 Y93.18 E1233.9832
G0 F9000 X103.665 Y93.18
G1 F3000 X117.349 Y106.864 E1234.62685
G0 F9000 X117.362 Y106.643
G0 X118.875 Y106.731
G0 X118.862 Y106.95
G1 F3000 X122.552 Y93.18 E1235.101
G0 F9000 X122.552 Y93.4
G0 X120.998 Y93.4
G0 X120.998 Y93.18
G1 F3000 X93.181 Y100.633 E1236.05883
G0 F9000 X93.18 Y99.665
G1 F3000 X107.443 Y113.928 E1236.72972
G0 F9000 X107.227 Y113.876
G0 X106.843 Y115.499
G0 X107.055 Y115.55
G1 F3000 X93.181 Y119.268 E1237.20745
G0 F9000 X93.4 Y119.268
G0 X93.4 Y116.636
G0 X93.18 Y116.636
G1 F3000 X118.364 Y141.82 E1238.39203
G0 F9000 X118.364 Y141.6
G0 X115.731 Y141.6
G0 X115.731 Y141.821
G1 F3000 X119.434 Y128 E1238.86793
G0 F9000 X119.496 Y128.209
G0 X121.096 Y127.73
G0 X121.034 Y127.52
G1 F3000 X135.335 Y141.82 E1239.54058
G0 F9000 X134.365 Y141.821
G1 F3000 X141.82 Y114 E1240.49856
G0 F9000 X141.82 Y114.365
G1 F3000 X120.635 Y93.18 E1241.49504
G0 F9000 X120.635 Y93.4
G0 X116.34 Y93.4
G0 X116.34 Y93.18
G1 F3000 X112.322 Y108.175 E1242.01137
G0 F9000 X112.236 Y107.974
G0 X110.931 Y108.886
G0 X111.06 Y109.061
G1 F3000 X95.397 Y93.397 E1242.74813
G1 F2700 E1237.74813
G0 F9000 X95.481 Y93.603
G0 X107.484 Y121.692
G0 X107.682 Y121.594
G1 F2700 E1242.74813
G1 F3000 X93.181 Y125.48 E1243.24745
G0 F9000 X93.18 Y125.121
G1 F3000 X109.879 Y141.82 E1244.03292
G0 F9000 X109.519 Y141.821
G1 F3000 X113.412 Y127.292 E1244.53321
G0 F9000 X113.324 Y127.495
G0 X111.883 Y126.822
G0 X112.016 Y126.644
G1 F3000 X93.18 Y131.691 E1245.18179
G0 F9000 X93.4 Y131.691
G0 X93.4 Y137.903
G0 X93.181 Y137.903
G1 F3000 X141.819 Y124.87 E1246.85657
G0 F9000 X141.6 Y124.87
G0 X141.6 Y131.082
G0 X141.82 Y131.082
G1 F3000 X101.743 Y141.82 E1248.23655
G0 F9000 X101.743 Y141.6
G0 X103.307 Y141.6
G0 X103.307 Y141.82
G1 F3000 X108.363 Y122.952 E1248.88625
G0 F9000 X108.166 Y123.049
G0 X108.439 Y123.458
G0 X110.057 Y125.389
G0 X112.078 Y126.892
G0 X114.39 Y127.89
G0 X116.869 Y128.326
G0 X119.383 Y128.18
G0 X121.795 Y127.458
G0 X123.975 Y126.199
G0 X125.807 Y124.471
G0 X127.191 Y122.366
G0 X128.052 Y120.001
G0 X128.381 Y117.704
G0 X128.164 Y117.679
G1 F3000 X141.82 Y131.335 E1249.52858
G0 F9000 X141.6 Y131.335
G0 X141.6 Y112.447
G0 X141.82 Y112.447
G1 F3000 X128.023 Y116.144 E1250.00366
G0 F9000 X128.244 Y116.119
G0 X128.052 Y114.999
G0 X127.191 Y112.634
G0 X125.774 Y110.415
G0 X125.622 Y110.576
G1 F3000 X141.82 Y106.235 E1250.56142
G0 F9000 X141.82 Y105.879
G1 F3000 X129.121 Y93.18 E1251.15874
G0 F9000 X128.764 Y93.18
G1 F3000 X124.41 Y109.428 E1251.71822
G0 F9000 X124.766 Y109.051
G1 F2700 E1246.71822
;MESH:NONMESH
G0 F300 X124.766 Y109.051 Z2.2
G0 F9000 X123.081 Y108.196
G0 X94.312 Y94.312
G0 X94.1 Y94.1
;TIME_ELAPSED:1681.086525
;LAYER:10
;TYPE:WALL-INNER
;MESH:cerchio_grande.stl
G1 F2700 E1251.71822
G1 F1500 X93.556 Y94.808 E1251.74792
G1 X93.221 Y95.613 E1251.77692
G1 X93.1 Y96.543 E1251.80811
G1 X93.1 Y138.457 E1253.20218
G1 X93.221 Y139.383 E1253.23324
G1 X93.556 Y140.188 E1253.26224
G1 X94.101 Y140.896 E1253.29195
G1 X94.808 Y141.443 E1253.32168
G1 X95.613 Y141.775 E1253.35065
G1 X96.544 Y141.9 E1253.38189
G1 X138.456 Y141.9 E1254.77589
G1 X139.383 Y141.775 E1254.807
G1 X140.188 Y141.443 E1254.83596
G1 X140.896 Y140.896 E1254.86572
G1 X141.443 Y140.188 E1254.89548
G1 X141.775 Y139.383 E1254.92444
G1 X141.9 Y138.456 E1254.95555
G1 X141.9 Y96.544 E1256.34955
G1 X141.775 Y95.613 E1256.38079
G1 X141.443 Y94.808 E1256.40975
G1 X140.896 Y94.101 E1256.43949
G1 X140.188 Y93.556 E1256.4692
G1 X139.383 Y93.221 E1256.4982
G1 X138.457 Y93.1 E1256.52926
G1 X96.543 Y93.1 E1257.92333
G1 X95.613 Y93.221 E1257.95452
G1 X94.808 Y93.556 E1257.98352
G1 X94.1 Y94.1 E1258.01322
G0 F9000 X94.312 Y94.312
G0 X110.049 Y109.542
G0 X110.225 Y109.781
G1 F1500 X112.219 Y108.309 E1258.09565
G1 X114.459 Y107.345 E1258.17676
G1 X116.88 Y106.917 E1258.25853
G1 X119.339 Y107.052 E1258.34044
G1 X121.699 Y107.765 E1258.42244
G1 X123.826 Y108.991 E1258.5041
G1 X125.623 Y110.685 E1258.58623
G1 X126.968 Y112.741 E1258.66795
G1 X127.812 Y115.052 E1258.74978
G1 X128.1 Y117.5 E1258.83176
G1 X127.816 Y119.945 E1258.91363
G1 X126.968 Y122.259 E1258.9956
G1 X125.6 Y124.333 E1259.07823
G1 X123.826 Y126.005 E1259.15931
G1 X121.699 Y127.231 E1259.24097
G1 X119.343 Y127.943 E1259.32283
G1 X116.875 Y128.086 E1259.40505
G1 X114.459 Y127.655 E1259.48668
G1 X112.19 Y126.678 E1259.56885
G1 X110.236 Y125.22 E1259.64993
G1 X108.637 Y123.319 E1259.73255
G1 X107.536 Y121.126 E1259.81417
G1 X106.972 Y118.73 E1259.89604
G1 X106.972 Y116.266 E1259.97799
G1 X107.536 Y113.874 E1260.05973
G1 X108.634 Y111.681 E1260.1413
G1 X110.225 Y109.781 E1260.22373
G0 F9000 X110.49 Y110.086
;TYPE:WALL-OUTER
G1 F1500 X112.393 Y108.67 E1260.30262
G1 X114.574 Y107.728 E1260.38164
G1 X116.904 Y107.316 E1260.46034
G1 X119.294 Y107.456 E1260.53996
G1 X121.54 Y108.132 E1260.61798
G1 X123.573 Y109.306 E1260.69606
G1 X125.324 Y110.958 E1260.77613
G1 X126.611 Y112.921 E1260.8542
G1 X127.423 Y115.145 E1260.93294
G1 X127.7 Y117.5 E1261.01181
G1 X127.426 Y119.839 E1261.09014
G1 X126.611 Y122.079 E1261.16942
G1 X125.294 Y124.074 E1261.24893
G1 X123.573 Y125.69 E1261.32745
G1 X121.54 Y126.864 E1261.40553
G1 X119.248 Y127.548 E1261.48509
G1 X116.904 Y127.684 E1261.56318
G1 X114.574 Y127.272 E1261.64188
G1 X112.406 Y126.337 E1261.72041
G1 X110.502 Y124.922 E1261.79931
G1 X108.981 Y123.109 E1261.87802
G1 X107.912 Y120.989 E1261.95698
G1 X107.369 Y118.684 E1262.03575
G1 X107.373 Y116.29 E1262.11537
G1 X107.912 Y114.011 E1262.19326
G1 X108.972 Y111.9 E1262.27183
G1 X110.49 Y110.086 E1262.3505
G1 F2700 E1257.3505
G0 F9000 X109.956 Y109.638
G0 X94.312 Y94.312
G0 X93.815 Y93.815
G1 F2700 E1262.3505
G1 F1500 X93.207 Y94.606 E1262.38369
G1 X92.831 Y95.509 E1262.41622
G1 X92.7 Y96.517 E1262.45003
G1 X92.7 Y138.483 E1263.84582
G1 X92.831 Y139.487 E1263.8795
G1 X93.207 Y140.39 E1263.91203
G1 X93.815 Y141.181 E1263.94521
G1 X94.606 Y141.793 E1263.97848
G1 X95.509 Y142.165 E1264.01096
G1 X96.518 Y142.3 E1264.04482
G1 X138.482 Y142.3 E1265.44055
G1 X139.487 Y142.165 E1265.47427
G1 X140.39 Y141.793 E1265.50676
G1 X141.181 Y141.181 E1265.54002
G1 X141.793 Y140.39 E1265.57328
G1 X142.165 Y139.487 E1265.60577
G1 X142.3 Y138.482 E1265.63949
G1 X142.3 Y96.518 E1267.03522
G1 X142.165 Y95.509 E1267.06908
G1 X141.793 Y94.606 E1267.10156
G1 X141.181 Y93.815 E1267.13483
G1 X140.39 Y93.207 E1267.16801
G1 X139.487 Y92.831 E1267.20054
G1 X138.483 Y92.7 E1267.23422
G1 X96.517 Y92.7 E1268.63001
G1 X95.509 Y92.831 E1268.66382
G1 X94.606 Y93.207 E1268.69636
G1 X93.815 Y93.815 E1268.72954
G0 F9000 X94.014 Y94.344
;TYPE:FILL
G1 F3000 X98.359 Y93.18 E1268.87915
G0 F9000 X97.559 Y93.18
G1 F3000 X93.18 Y109.525 E1269.44196
G0 F9000 X93.4 Y109.525
G0 X93.4 Y107.951
G0 X93.18 Y107.951
G1 F3000 X108.547 Y123.318 E1270.16478
G0 F9000 X108.268 Y122.762
G1 F3000 X103.161 Y141.821 E1270.82104
G0 F9000 X102.288 Y141.82
G1 F3000 X141.82 Y131.228 E1272.18226
G1 X141.82 Y131.136
G1 X128.184 Y117.5 E1272.82366
G0 F9000 X128.084 Y118.353
G1 F3000 X134.83 Y93.179 E1273.69049
G0 F9000 X134.83 Y93.4
G0 X137.805 Y93.4
G0 X137.805 Y93.18
G1 F3000 X141.82 Y97.195 E1273.87934
G0 F9000 X141.6 Y97.195
G0 X141.6 Y100.169
G0 X141.82 Y100.169
G1 F3000 X116.923 Y106.84 E1274.73663
G0 F9000 X117.561 Y106.876
G1 F3000 X103.864 Y93.18 E1275.38087
G1 X103.771 Y93.18
G1 X93.18 Y132.708 E1276.74195
G0 F9000 X93.18 Y133.407
G1 F3000 X101.593 Y141.82 E1277.13767
G0 F9000 X101.593 Y141.6
G0 X96.95 Y141.6
G0 X96.95 Y141.821
G1 F3000 X109.983 Y93.18 E1278.81255
G0 F9000 X109.983 Y93.4
G0 X112.349 Y93.4
G0 X112.349 Y93.18
G1 F3000 X141.82 Y122.65 E1280.19875
G0 F9000 X141.6 Y122.65
G0 X141.6 Y125.016
G0 X141.82 Y125.016
G1 F3000 X93.181 Y138.049 E1281.87356
G0 F9000 X93.4 Y138.049
G0 X93.4 Y131.837
G0 X93.181 Y131.837
G1 F3000 X112.16 Y126.752 E1282.52707
G0 F9000 X111.461 Y126.232
G1 F3000 X127.049 Y141.82 E1283.26028
G0 F9000 X128.008 Y141.82
G1 F3000 X140.789 Y94.119 E1284.90278
G1 X140.881 Y94.21
G1 X93.18 Y106.991 E1286.54529
G0 F9000 X93.4 Y106.991
G0 X93.4 Y113.202
G0 X93.181 Y113.202
G1 F3000 X112.956 Y107.903 E1287.22621
G0 F9000 X112.157 Y108.247
G1 F3000 X116.195 Y93.179 E1287.74506
G0 F9000 X116.195 Y93.4
G0 X120.835 Y93.4
G0 X120.835 Y93.18
G1 F3000 X141.82 Y114.165 E1288.73213
G0 F9000 X141.82 Y113.456
G1 F3000 X134.22 Y141.82 E1289.7088
G0 F9000 X134.22 Y141.6
G0 X135.534 Y141.6
G0 X135.534 Y141.82
G1 F3000 X121.187 Y127.474 E1290.38361
G0 F9000 X121.249 Y127.685
G0 X119.291 Y128.246
G0 X119.28 Y128.027
G1 F3000 X115.584 Y141.821 E1290.85859
G0 F9000 X115.584 Y141.6
G0 X118.563 Y141.6
G0 X118.563 Y141.82
G1 F3000 X93.18 Y116.436 E1292.05255
G0 F9000 X93.4 Y116.436
G0 X93.4 Y119.414
G0 X93.181 Y119.414
G1 F3000 X107.019 Y115.706 E1292.52904
G0 F9000 X106.806 Y115.655
G0 X107.297 Y113.682
G0 X107.495 Y113.781
G1 F3000 X93.18 Y99.466 E1293.20237
G0 F9000 X93.4 Y99.466
G0 X93.4 Y100.779
G0 X93.181 Y100.779
G1 F3000 X121.542 Y93.18 E1294.17894
G0 F9000 X122.406 Y93.18
G1 F3000 X118.718 Y106.943 E1294.65285
G0 F9000 X118.731 Y106.723
G0 X119.383 Y106.82
G0 X121.795 Y107.542
G0 X123.561 Y108.562
G0 X124.443 Y109.16
G0 X124.293 Y109.318
G1 F3000 X128.618 Y93.18 E1295.20854
G0 F9000 X129.32 Y93.18
G1 F3000 X141.82 Y105.68 E1295.7965
G0 F9000 X141.82 Y106.381
G1 F3000 X125.722 Y110.695 E1296.35082
G0 F9000 X125.909 Y110.574
G0 X127.191 Y112.634
G0 X128.052 Y114.999
G0 X128.261 Y116.26
G0 X128.041 Y116.285
G1 F3000 X141.82 Y112.593 E1296.82527
G0 F9000 X141.6 Y112.593
G0 X141.6 Y118.805
G0 X141.819 Y118.805
G1 F3000 X126.666 Y122.865 E1297.34704
G0 F9000 X127.02 Y122.323
G1 F3000 X121.796 Y141.821 E1298.01842
G0 F9000 X121.796 Y141.6
G0 X125.471 Y141.6
G0 X125.471 Y141.82
G1 F3000 X141.819 Y137.44 E1298.58133
G0 F9000 X141.82 Y136.638
G1 F3000 X140.656 Y140.98 E1298.73085
G0 F9000 X140.527 Y140.81
G0 X141.457 Y139.375
G0 X141.658 Y139.459
G1 F3000 X126.031 Y123.832 E1299.4659
G0 F9000 X126.218 Y123.955
G0 X125.807 Y124.471
G0 X123.975 Y126.199
G0 X121.795 Y127.458
G0 X119.383 Y128.18
G0 X116.869 Y128.326
G0 X114.638 Y127.934
G0 X113.193 Y127.438
G0 X113.281 Y127.236
G1 F3000 X109.373 Y141.82 E1299.96807
G0 F9000 X110.078 Y141.82
G1 F3000 X93.18 Y124.922 E1300.7629
G0 F9000 X93.18 Y125.626
G1 F3000 X107.747 Y121.723 E1301.26449
G0 F9000 X107.549 Y121.821
G0 X107.309 Y121.208
G0 X106.729 Y118.758
G0 X106.729 Y116.242
G0 X107.309 Y113.792
G0 X108.439 Y111.542
G0 X109.895 Y109.804
G0 X111.046 Y108.8
G0 X111.174 Y108.975
G1 F3000 X95.538 Y93.339 E1301.99996
G0 F9000 X95.737 Y93.822
;MESH:NONMESH
G0 F300 X95.737 Y93.822 Z2.4
G0 F9000 X94.312 Y94.312
G0 X94.1 Y94.1
;TIME_ELAPSED:1732.327428
;LAYER:11
;TYPE:WALL-INNER
;MESH:cerchio_grande.stl
G1 F1500 X93.556 Y94.808 E1302.02966
G1 X93.221 Y95.613 E1302.05866
G1 X93.1 Y96.543 E1302.08985
G1 X93.1 Y138.457 E1303.48392
G1 X93.221 Y139.383 E1303.51498
G1 X93.556 Y140.188 E1303.54398
G1 X94.101 Y140.896 E1303.5737
G1 X94.808 Y141.443 E1303.60343
G1 X95.613 Y141.775 E1303.63239
G1 X96.544 Y141.9 E1303.66363
G1 X138.456 Y141.9 E1305.05763
G1 X139.383 Y141.775 E1305.08874
G1 X140.188 Y141.443 E1305.11771
G1 X140.896 Y140.896 E1305.14746
G1 X141.443 Y140.188 E1305.17722
G1 X141.775 Y139.383 E1305.20618
G1 X141.9 Y138.456 E1305.23729
G1 X141.9 Y96.544 E1306.63129
G1 X141.775 Y95.613 E1306.66254
G1 X141.443 Y94.808 E1306.6915
G1 X140.896 Y94.101 E1306.72123
G1 X140.188 Y93.556 E1306.75095
G1 X139.383 Y93.221 E1306.77995
G1 X138.457 Y93.1 E1306.81101
G1 X96.543 Y93.1 E1308.20507
G1 X95.613 Y93.221 E1308.23626
G1 X94.808 Y93.556 E1308.26526
G1 X94.1 Y94.1 E1308.29496
G0 F9000 X94.312 Y94.312
G0 X110.049 Y109.542
G0 X110.225 Y109.781
G1 F1500 X112.219 Y108.309 E1308.3774
G1 X114.459 Y107.345 E1308.4585
G1 X116.88 Y106.917 E1308.54028
G1 X119.339 Y107.052 E1308.62219
G1 X121.699 Y107.765 E1308.70418
G1 X123.826 Y108.991 E1308.78584
G1 X125.623 Y110.685 E1308.86798
G1 X126.968 Y112.741 E1308.94969
G1 X127.812 Y115.052 E1309.03152
G1 X128.1 Y117.5 E1309.11351
G1 X127.816 Y119.945 E1309.19537
G1 X126.968 Y122.259 E1309.27734
G1 X125.6 Y124.333 E1309.35998
G1 X123.826 Y126.005 E1309.44106
G1 X121.699 Y127.231 E1309.52271
G1 X119.343 Y127.943 E1309.60457
G1 X116.875 Y128.086 E1309.6868
G1 X114.459 Y127.655 E1309.76842
G1 X112.19 Y126.678 E1309.85059
G1 X110.236 Y125.22 E1309.93168
G1 X108.637 Y123.319 E1310.0143
G1 X107.536 Y121.126 E1310.09591
G1 X106.972 Y118.73 E1310.17778
G1 X106.972 Y116.266 E1310.25974
G1 X107.536 Y113.874 E1310.34148
G1 X108.634 Y111.681 E1310.42305
G1 X110.225 Y109.781 E1310.50547
G0 F9000 X110.49 Y110.086
;TYPE:WALL-OUTER
G1 F1500 X112.393 Y108.67 E1310.58436
G1 X114.574 Y107.728 E1310.66338
G1 X116.904 Y107.316 E1310.74208
G1 X119.294 Y107.456 E1310.82171
G1 X121.54 Y108.132 E1310.89972
G1 X123.573 Y109.306 E1310.9778
G1 X125.324 Y110.958 E1311.05787
G1 X126.611 Y112.921 E1311.13594
G1 X127.423 Y115.145 E1311.21469
G1 X127.7 Y117.5 E1311.29356
G1 X127.426 Y119.839 E1311.37188
G1 X126.611 Y122.079 E1311.45116
G1 X125.294 Y124.074 E1311.53067
G1 X123.573 Y125.69 E1311.60919
G1 X121.54 Y126.864 E1311.68727
G1 X119.248 Y127.548 E1311.76683
G1 X116.904 Y127.684 E1311.84492
G1 X114.574 Y127.272 E1311.92362
G1 X112.406 Y126.337 E1312.00215
G1 X110.502 Y124.922 E1312.08105
G1 X108.981 Y123.109 E1312.15976
G1 X107.912 Y120.989 E1312.23873
G1 X107.369 Y118.684 E1312.31749
G1 X107.373 Y116.29 E1312.39712
G1 X107.912 Y114.011 E1312.47501
G1 X108.972 Y111.9 E1312.55357
G1 X110.49 Y110.086 E1312.63225
G1 F2700 E1307.63225
G0 F9000 X109.956 Y109.638
G0 X94.312 Y94.312
G0 X93.815 Y93.815
G1 F2700 E1312.63225
G1 F1500 X93.207 Y94.606 E1312.66543
G1 X92.831 Y95.509 E1312.69796
G1 X92.7 Y96.517 E1312.73177
G1 X92.7 Y138.483 E1314.12756
G1 X92.831 Y139.487 E1314.16124
G1 X93.207 Y140.39 E1314.19377
G1 X93.815 Y141.181 E1314.22696
G1 X94.606 Y141.793 E1314.26022
G1 X95.509 Y142.165 E1314.2927
G1 X96.518 Y142.3 E1314.32656
G1 X138.482 Y142.3 E1315.72229
G1 X139.487 Y142.165 E1315.75602
G1 X140.39 Y141.793 E1315.7885
G1 X141.181 Y141.181 E1315.82176
G1 X141.793 Y140.39 E1315.85503
G1 X142.165 Y139.487 E1315.88751
G1 X142.3 Y138.482 E1315.92124
G1 X142.3 Y96.518 E1317.31697
G1 X142.165 Y95.509 E1317.35082
G1 X141.793 Y94.606 E1317.38331
G1 X141.181 Y93.815 E1317.41657
G1 X140.39 Y93.207 E1317.44975
G1 X139.487 Y92.831 E1317.48229
G1 X138.483 Y92.7 E1317.51596
G1 X96.517 Y92.7 E1318.91176
G1 X95.509 Y92.831 E1318.94557
G1 X94.606 Y93.207 E1318.9781
G1 X93.815 Y93.815 E1319.01128
G0 F9000 X93.872 Y94.529
;TYPE:FILL
G1 F3000 X98.908 Y93.18 E1319.18469
G0 F9000 X98.908 Y93.4
G0 X97.412 Y93.4
G0 X97.412 Y93.18
G1 F3000 X93.18 Y108.976 E1319.72859
G0 F9000 X93.4 Y108.976
G0 X93.4 Y107.75
G0 X93.18 Y107.75
G1 F3000 X108.345 Y122.916 E1320.44193
G0 F9000 X108.172 Y122.572
G1 F3000 X103.014 Y141.82 E1321.10471
G1 X102.837 Y141.82
G1 X141.82 Y131.375 E1322.44702
G0 F9000 X141.82 Y130.935
G1 F3000 X128.157 Y117.272 E1323.08969
G1 X128.179 Y117.451
G1 X134.683 Y93.179 E1323.92546
G0 F9000 X134.683 Y93.4
G0 X138.006 Y93.4
G0 X138.006 Y93.18
G1 F3000 X141.82 Y96.994 E1324.10486
G0 F9000 X141.6 Y96.994
G0 X140.802 Y94.462
G0 X140.974 Y94.331
G1 F3000 X93.18 Y107.138 E1325.75058
G0 F9000 X93.4 Y107.138
G0 X93.4 Y113.349
G0 X93.181 Y113.349
G1 F3000 X112.12 Y108.275 E1326.4027
G1 X111.974 Y108.383
G1 X116.048 Y93.179 E1326.92623
G0 F9000 X116.048 Y93.4
G0 X112.55 Y93.4
G0 X112.55 Y93.18
G1 F3000 X141.82 Y122.45 E1328.303
G0 F9000 X141.6 Y122.45
G0 X141.6 Y125.163
G0 X141.82 Y125.163
G1 F3000 X93.181 Y138.196 E1329.97781
G0 F9000 X93.4 Y138.196
G0 X93.4 Y133.206
G0 X93.18 Y133.206
G1 F3000 X101.794 Y141.82 E1330.38299
G0 F9000 X101.794 Y141.6
G0 X96.803 Y141.6
G0 X96.803 Y141.821
G1 F3000 X109.836 Y93.18 E1332.05786
G0 F9000 X109.836 Y93.4
G0 X104.065 Y93.4
G0 X104.065 Y93.18
G1 F3000 X117.774 Y106.888 E1332.70267
G0 F9000 X117.376 Y106.866
G1 F3000 X141.82 Y100.316 E1333.54436
G0 F9000 X141.6 Y100.316
G0 X141.6 Y105.479
G0 X141.82 Y105.479
G1 F3000 X129.521 Y93.18 E1334.12287
G0 F9000 X129.521 Y93.4
G0 X128.471 Y93.4
G0 X128.471 Y93.18
G1 F3000 X124.176 Y109.207 E1334.67474
G0 F9000 X124.326 Y109.049
G0 X125.991 Y110.699
G0 X125.804 Y110.82
G1 F3000 X141.82 Y106.528 E1335.22623
G0 F9000 X141.6 Y106.528
G0 X141.6 Y112.74
G0 X141.82 Y112.74
G1 F3000 X128.057 Y116.428 E1335.70014
G0 F9000 X128.278 Y116.403
G0 X128.345 Y117.5
G0 X128.052 Y120.001
G0 X127.354 Y121.916
G0 X126.96 Y122.827
G0 X126.772 Y122.703
G1 F3000 X121.649 Y141.821 E1336.35844
G0 F9000 X121.649 Y141.6
G0 X118.764 Y141.6
G0 X118.764 Y141.82
G1 F3000 X93.18 Y116.236 E1337.56183
G0 F9000 X93.4 Y116.236
G0 X93.4 Y119.561
G0 X93.181 Y119.561
G1 F3000 X106.981 Y115.863 E1338.03701
G0 F9000 X106.769 Y115.812
G0 X107.364 Y113.548
G0 X107.562 Y113.647
G1 F3000 X93.18 Y99.265 E1338.7135
G0 F9000 X93.4 Y99.265
G0 X93.4 Y100.926
G0 X93.181 Y100.926
G1 F3000 X122.091 Y93.18 E1339.70897
G1 X122.259 Y93.18
G1 X118.574 Y106.934 E1340.18256
G0 F9000 X118.587 Y106.714
G0 X116.869 Y106.674
G0 X114.39 Y107.11
G0 X112.309 Y108.008
G0 X111.161 Y108.715
G0 X111.29 Y108.89
G1 F3000 X95.691 Y93.291 E1340.91629
G0 F9000 X95.718 Y93.51
G0 X103.624 Y93.4
G0 X103.624 Y93.18
G1 F3000 X93.18 Y132.159 E1342.25847
G1 X93.181 Y131.984
G1 X112.369 Y126.843 E1342.91917
G1 X112.199 Y126.77
G1 X127.25 Y141.82 E1343.6271
G0 F9000 X127.861 Y141.82
G1 F3000 X140.668 Y94.025 E1345.27285
G0 F9000 X140.536 Y94.196
G0 X141.6 Y112.907
G0 X141.82 Y112.907
G1 F3000 X134.072 Y141.821 E1346.26846
G0 F9000 X134.072 Y141.6
G0 X135.735 Y141.6
G0 X135.735 Y141.82
G1 F3000 X121.342 Y127.427 E1346.94546
G0 F9000 X121.404 Y127.638
G0 X119.142 Y128.254
G0 X119.131 Y128.036
G1 F3000 X115.437 Y141.821 E1347.42013
G0 F9000 X115.437 Y141.6
G0 X110.279 Y141.6
G0 X110.279 Y141.82
G1 F3000 X93.18 Y124.721 E1348.22442
G0 F9000 X93.4 Y124.721
G0 X93.4 Y125.773
G0 X93.18 Y125.773
G1 F3000 X107.811 Y121.852 E1348.72822
G0 F9000 X107.614 Y121.95
G0 X108.439 Y123.458
G0 X110.057 Y125.389
G0 X111.876 Y126.742
G0 X113.061 Y127.382
G0 X113.149 Y127.179
G1 F3000 X109.226 Y141.821 E1349.23239
G0 F9000 X109.226 Y141.6
G0 X126.02 Y141.6
G0 X126.02 Y141.82
G1 F3000 X141.819 Y137.587 E1349.7764
G0 F9000 X141.6 Y137.587
G0 X141.6 Y136.09
G0 X141.82 Y136.09
G1 F3000 X140.471 Y141.124 E1349.94974
G0 F9000 X140.341 Y140.953
G0 X141.491 Y139.278
G0 X141.706 Y139.306
G1 F3000 X126.11 Y123.71 E1350.68333
G0 F9000 X126.549 Y123.043
G1 F3000 X141.819 Y118.952 E1351.20912
G0 F9000 X141.6 Y118.952
G0 X141.6 Y113.964
G0 X141.82 Y113.964
G1 F3000 X121.035 Y93.18 E1352.18676
G0 F9000 X121.035 Y93.7
;MESH:NONMESH
G0 F300 X121.035 Y93.7 Z2.6
G0 F9000 X94.312 Y94.312
G0 X94.1 Y94.1
;TIME_ELAPSED:1784.800901
;LAYER:12
;TYPE:WALL-INNER
;MESH:cerchio_grande.stl
G1 F1500 X93.556 Y94.808 E1352.21646
G1 X93.221 Y95.613 E1352.24546
G1 X93.1 Y96.543 E1352.27665
G1 X93.1 Y138.457 E1353.67071
G1 X93.221 Y139.383 E1353.70177
G1 X93.556 Y140.188 E1353.73077
G1 X94.101 Y140.896 E1353.76049
G1 X94.808 Y141.443 E1353.79022
G1 X95.613 Y141.775 E1353.81919
G1 X96.544 Y141.9 E1353.85043
G1 X138.456 Y141.9 E1355.24443
G1 X139.383 Y141.775 E1355.27554
G1 X140.188 Y141.443 E1355.3045
G1 X140.896 Y140.896 E1355.33426
G1 X141.443 Y140.188 E1355.36402
G1 X141.775 Y139.383 E1355.39298
G1 X141.9 Y138.456 E1355.42409
G1 X141.9 Y96.544 E1356.81809
G1 X141.775 Y95.613 E1356.84933
G1 X141.443 Y94.808 E1356.87829
G1 X140.896 Y94.101 E1356.90802
G1 X140.188 Y93.556 E1356.93774
G1 X139.383 Y93.221 E1356.96674
G1 X138.457 Y93.1 E1356.9978
G1 X96.543 Y93.1 E1358.39187
G1 X95.613 Y93.221 E1358.42306
G1 X94.808 Y93.556 E1358.45206
G1 X94.1 Y94.1 E1358.48176
G0 F9000 X94.312 Y94.312
G0 X110.049 Y109.542
G0 X110.225 Y109.781
G1 F1500 X112.219 Y108.309 E1358.56419
G1 X114.459 Y107.345 E1358.6453
G1 X116.88 Y106.917 E1358.72707
G1 X119.339 Y107.052 E1358.80898
G1 X121.699 Y107.765 E1358.89098
G1 X123.826 Y108.991 E1358.97263
G1 X125.623 Y110.685 E1359.05477
G1 X126.968 Y112.741 E1359.13649
G1 X127.812 Y115.052 E1359.21832
G1 X128.1 Y117.5 E1359.3003
G1 X127.816 Y119.945 E1359.38217
G1 X126.968 Y122.259 E1359.46414
G1 X125.6 Y124.333 E1359.54677
G1 X123.826 Y126.005 E1359.62785
G1 X121.699 Y127.231 E1359.70951
G1 X119.343 Y127.943 E1359.79137
G1 X116.875 Y128.086 E1359.87359
G1 X114.459 Y127.655 E1359.95522
G1 X112.19 Y126.678 E1360.03738
G1 X110.236 Y125.22 E1360.11847
G1 X108.637 Y123.319 E1360.20109
G1 X107.536 Y121.126 E1360.28271
G1 X106.972 Y118.73 E1360.36458
G1 X106.972 Y116.266 E1360.44653
G1 X107.536 Y113.874 E1360.52827
G1 X108.634 Y111.681 E1360.60984
G1 X110.225 Y109.781 E1360.69227
G0 F9000 X110.49 Y110.086
;TYPE:WALL-OUTER
G1 F1500 X112.393 Y108.67 E1360.77116
G1 X114.574 Y107.728 E1360.85018
G1 X116.904 Y107.316 E1360.92888
G1 X119.294 Y107.456 E1361.0085
G1 X121.54 Y108.132 E1361.08652
G1 X123.573 Y109.306 E1361.1646
G1 X125.324 Y110.958 E1361.24467
G1 X126.611 Y112.921 E1361.32274
G1 X127.423 Y115.145 E1361.40148
G1 X127.7 Y117.5 E1361.48035
G1 X127.426 Y119.839 E1361.55868
G1 X126.611 Y122.079 E1361.63796
G1 X125.294 Y124.074 E1361.71747
G1 X123.573 Y125.69 E1361.79599
G1 X121.54 Y126.864 E1361.87407
G1 X119.248 Y127.548 E1361.95362
G1 X116.904 Y127.684 E1362.03172
G1 X114.574 Y127.272 E1362.11042
G1 X112.406 Y126.337 E1362.18894
G1 X110.502 Y124.922 E1362.26784
G1 X108.981 Y123.109 E1362.34655
G1 X107.912 Y120.989 E1362.42552
G1 X107.369 Y118.684 E1362.50429
G1 X107.373 Y116.29 E1362.58391
G1 X107.912 Y114.011 E1362.6618
G1 X108.972 Y111.9 E1362.74037
G1 X110.49 Y110.086 E1362.81904
G1 F2700 E1357.81904
G0 F9000 X109.956 Y109.638
G0 X94.312 Y94.312
G0 X93.815 Y93.815
G1 F2700 E1362.81904
G1 F1500 X93.207 Y94.606 E1362.85222
G1 X92.831 Y95.509 E1362.88476
G1 X92.7 Y96.517 E1362.91857
G1 X92.7 Y138.483 E1364.31436
G1 X92.831 Y139.487 E1364.34804
G1 X93.207 Y140.39 E1364.38057
G1 X93.815 Y141.181 E1364.41375
G1 X94.606 Y141.793 E1364.44702
G1 X95.509 Y142.165 E1364.4795
G1 X96.518 Y142.3 E1364.51336
G1 X138.482 Y142.3 E1365.90909
G1 X139.487 Y142.165 E1365.94281
G1 X140.39 Y141.793 E1365.9753
G1 X141.181 Y141.181 E1366.00856
G1 X141.793 Y140.39 E1366.04182
G1 X142.165 Y139.487 E1366.07431
G1 X142.3 Y138.482 E1366.10803
G1 X142.3 Y96.518 E1367.50376
G1 X142.165 Y95.509 E1367.53762
G1 X141.793 Y94.606 E1367.5701
G1 X141.181 Y93.815 E1367.60337
G1 X140.39 Y93.207 E1367.63655
G1 X139.487 Y92.831 E1367.66908
G1 X138.483 Y92.7 E1367.70276
G1 X96.517 Y92.7 E1369.09855
G1 X95.509 Y92.831 E1369.13236
G1 X94.606 Y93.207 E1369.16489
G1 X93.815 Y93.815 E1369.19808
G0 F9000 X93.73 Y94.713
;TYPE:FILL
G1 F3000 X99.452 Y93.18 E1369.3951
G0 F9000 X99.452 Y93.4
G0 X97.267 Y93.4
G0 X97.267 Y93.179
G1 F3000 X93.18 Y108.431 E1369.92028
G0 F9000 X93.18 Y107.551
G1 F3000 X108.144 Y122.515 E1370.62414
G1 X108.077 Y122.381
G1 X102.868 Y141.821 E1371.29353
G0 F9000 X103.381 Y141.82
G1 F3000 X141.819 Y131.521 E1372.61708
G0 F9000 X141.82 Y130.736
G1 F3000 X128.131 Y117.046 E1373.26099
G1 X128.134 Y117.074
G1 X134.537 Y93.18 E1374.08375
G0 F9000 X134.537 Y93.4
G0 X138.205 Y93.4
G0 X138.205 Y93.18
G1 F3000 X141.82 Y96.794 E1374.25376
G0 F9000 X141.6 Y96.794
G0 X140.895 Y94.583
G0 X141.068 Y94.452
G1 F3000 X93.181 Y107.284 E1375.90268
G0 F9000 X93.4 Y107.284
G0 X93.4 Y113.495
G0 X93.181 Y113.495
G1 F3000 X111.812 Y108.503 E1376.54421
G1 X111.792 Y108.518
G1 X115.902 Y93.18 E1377.07235
G0 F9000 X115.902 Y93.4
G0 X112.75 Y93.4
G0 X112.75 Y93.18
G1 F3000 X141.82 Y122.25 E1378.43972
G0 F9000 X141.6 Y122.25
G0 X141.6 Y125.309
G0 X141.82 Y125.309
G1 F3000 X93.181 Y138.342 E1380.11453
G0 F9000 X93.4 Y138.342
G0 X96.657 Y141.6
G0 X96.657 Y141.821
G1 F3000 X109.69 Y93.18 E1381.7894
G0 F9000 X109.69 Y93.4
G0 X104.264 Y93.4
G0 X104.264 Y93.18
G1 F3000 X117.985 Y106.9 E1382.43477
G1 X117.826 Y106.892
G1 X141.82 Y100.462 E1383.26097
G0 F9000 X141.6 Y100.462
G0 X141.6 Y105.28
G0 X141.82 Y105.28
G1 F3000 X129.72 Y93.18 E1383.83012
G0 F9000 X129.72 Y93.4
G0 X128.325 Y93.4
G0 X128.325 Y93.18
G1 F3000 X124.06 Y109.097 E1384.3782
G0 F9000 X124.209 Y108.94
G0 X126.072 Y110.822
G0 X125.885 Y110.944
G1 F3000 X141.82 Y106.674 E1384.9269
G0 F9000 X141.6 Y106.674
G0 X141.6 Y112.362
G0 X141.82 Y112.362
G1 F3000 X133.927 Y141.82 E1385.94123
G0 F9000 X133.927 Y141.6
G0 X135.934 Y141.6
G0 X135.934 Y141.82
G1 F3000 X121.495 Y127.381 E1386.6204
G0 F9000 X121.557 Y127.592
G0 X118.994 Y128.263
G0 X118.983 Y128.044
G1 F3000 X115.291 Y141.821 E1387.09479
G0 F9000 X115.291 Y141.6
G0 X118.964 Y141.6
G0 X118.964 Y141.82
G1 F3000 X93.18 Y116.036 E1388.30759
G0 F9000 X93.4 Y116.036
G0 X93.4 Y119.707
G0 X93.181 Y119.707
G1 F3000 X106.944 Y116.019 E1388.7815
G0 F9000 X106.732 Y115.968
G0 X107.431 Y113.415
G0 X107.629 Y113.515
G1 F3000 X93.18 Y99.066 E1389.46114
G0 F9000 X93.4 Y99.066
G0 X93.4 Y101.072
G0 X93.18 Y101.072
G1 F3000 X122.635 Y93.18 E1390.47537
G0 F9000 X122.113 Y93.18
G1 F3000 X118.43 Y106.926 E1390.94869
G0 F9000 X118.443 Y106.706
G0 X116.869 Y106.674
G0 X114.39 Y107.11
G0 X112.309 Y108.008
G0 X111.275 Y108.63
G0 X111.404 Y108.805
G1 F3000 X95.867 Y93.268 E1391.6795
G0 F9000 X95.894 Y93.487
G0 X103.478 Y93.4
G0 X103.478 Y93.18
G1 F3000 X93.18 Y131.613 E1393.00288
G0 F9000 X93.181 Y132.13
G1 F3000 X112.578 Y126.933 E1393.67078
G1 X112.549 Y126.921
G1 X127.449 Y141.82 E1394.37161
G0 F9000 X127.715 Y141.82
G1 F3000 X140.546 Y93.933 E1396.02052
G0 F9000 X140.415 Y94.103
G0 X141.6 Y112.886
G0 X141.819 Y112.886
G1 F3000 X128.074 Y116.569 E1396.49381
G0 F9000 X128.294 Y116.544
G0 X128.345 Y117.5
G0 X128.052 Y120.001
G0 X127.277 Y122.129
G0 X126.713 Y123.203
G0 X126.525 Y123.079
G1 F3000 X121.503 Y141.821 E1397.13916
G0 F9000 X121.503 Y141.6
G0 X126.564 Y141.6
G0 X126.564 Y141.82
G1 F3000 X141.819 Y137.733 E1397.66444
G0 F9000 X141.6 Y137.733
G0 X141.514 Y139.102
G0 X141.73 Y139.13
G1 F3000 X126.19 Y123.59 E1398.39539
G0 F9000 X126.433 Y123.22
G1 F3000 X141.82 Y119.097 E1398.92522
G0 F9000 X141.6 Y119.097
G0 X141.6 Y113.765
G0 X141.82 Y113.765
G1 F3000 X121.235 Y93.18 E1399.89348
G1 F2700 E1394.89348
G0 F9000 X121.235 Y93.4
G0 X108.439 Y111.542
G0 X107.309 Y113.792
G0 X106.729 Y116.242
G0 X106.729 Y118.758
G0 X107.251 Y120.963
G0 X107.679 Y122.079
G0 X107.877 Y121.981
G1 F2700 E1399.89348
G1 F3000 X93.181 Y125.919 E1400.39951
G0 F9000 X93.4 Y125.919
G0 X93.4 Y124.522
G0 X93.18 Y124.522
G1 F3000 X110.478 Y141.82 E1401.21316
G0 F9000 X110.478 Y141.6
G0 X109.08 Y141.6
G0 X109.08 Y141.82
G1 F3000 X113.018 Y127.123 E1401.71922
G0 F9000 X112.93 Y127.325
G0 X101.993 Y141.6
G0 X101.993 Y141.82
G1 F3000 X93.18 Y133.007 E1402.13376
G1 F2700 E1397.13376
G0 F9000 X93.4 Y133.007
G0 X140.157 Y141.095
G0 X140.287 Y141.266
G1 F2700 E1402.13376
G1 F3000 X141.82 Y135.545 E1402.33076
G0 F9000 X141.3 Y135.545
G1 F2700 E1397.33076
;MESH:NONMESH
G0 F300 X141.3 Y135.545 Z2.8
G0 F9000 X127.191 Y112.634
G0 X125.807 Y110.529
G0 X123.975 Y108.801
G0 X122.209 Y107.781
G0 X94.312 Y94.312
G0 X94.1 Y94.1
;TIME_ELAPSED:1839.227373
;LAYER:13
;TYPE:WALL-INNER
;MESH:cerchio_grande.stl
G1 F2700 E1402.33076
G1 F1500 X93.556 Y94.808 E1402.36045
G1 X93.221 Y95.613 E1402.38945
G1 X93.1 Y96.543 E1402.42064
G1 X93.1 Y138.457 E1403.81471
G1 X93.221 Y139.383 E1403.84577
G1 X93.556 Y140.188 E1403.87477
G1 X94.101 Y140.896 E1403.90449
G1 X94.808 Y141.443 E1403.93422
G1 X95.613 Y141.775 E1403.96318
G1 X96.544 Y141.9 E1403.99442
G1 X138.456 Y141.9 E1405.38842
G1 X139.383 Y141.775 E1405.41953
G1 X140.188 Y141.443 E1405.4485
G1 X140.896 Y140.896 E1405.47825
G1 X141.443 Y140.188 E1405.50801
G1 X141.775 Y139.383 E1405.53697
G1 X141.9 Y138.456 E1405.56808
G1 X141.9 Y96.544 E1406.96208
G1 X141.775 Y95.613 E1406.99333
G1 X141.443 Y94.808 E1407.02229
G1 X140.896 Y94.101 E1407.05202
G1 X140.188 Y93.556 E1407.08174
G1 X139.383 Y93.221 E1407.11074
G1 X138.457 Y93.1 E1407.1418
G1 X96.543 Y93.1 E1408.53586
G1 X95.613 Y93.221 E1408.56706
G1 X94.808 Y93.556 E1408.59606
G1 X94.1 Y94.1 E1408.62575
G0 F9000 X94.312 Y94.312
G0 X110.049 Y109.542
G0 X110.225 Y109.781
G1 F1500 X112.219 Y108.309 E1408.70819
G1 X114.459 Y107.345 E1408.7893
G1 X116.88 Y106.917 E1408.87107
G1 X119.339 Y107.052 E1408.95298
G1 X121.699 Y107.765 E1409.03498
G1 X123.826 Y108.991 E1409.11663
G1 X125.623 Y110.685 E1409.19877
G1 X126.968 Y112.741 E1409.28048
G1 X127.812 Y115.052 E1409.36231
G1 X128.1 Y117.5 E1409.4443
G1 X127.816 Y119.945 E1409.52616
G1 X126.968 Y122.259 E1409.60813
G1 X125.6 Y124.333 E1409.69077
G1 X123.826 Y126.005 E1409.77185
G1 X121.699 Y127.231 E1409.8535
G1 X119.343 Y127.943 E1409.93537
G1 X116.875 Y128.086 E1410.01759
G1 X114.459 Y127.655 E1410.09921
G1 X112.19 Y126.678 E1410.18138
G1 X110.236 Y125.22 E1410.26247
G1 X108.637 Y123.319 E1410.34509
G1 X107.536 Y121.126 E1410.4267
G1 X106.972 Y118.73 E1410.50857
G1 X106.972 Y116.266 E1410.59053
G1 X107.536 Y113.874 E1410.67227
G1 X108.634 Y111.681 E1410.75384
G1 X110.225 Y109.781 E1410.83626
G0 F9000 X110.49 Y110.086
;TYPE:WALL-OUTER
G1 F1500 X112.393 Y108.67 E1410.91516
G1 X114.574 Y107.728 E1410.99417
G1 X116.904 Y107.316 E1411.07287
G1 X119.294 Y107.456 E1411.1525
G1 X121.54 Y108.132 E1411.23051
G1 X123.573 Y109.306 E1411.30859
G1 X125.324 Y110.958 E1411.38866
G1 X126.611 Y112.921 E1411.46673
G1 X127.423 Y115.145 E1411.54548
G1 X127.7 Y117.5 E1411.62435
G1 X127.426 Y119.839 E1411.70267
G1 X126.611 Y122.079 E1411.78195
G1 X125.294 Y124.074 E1411.86146
G1 X123.573 Y125.69 E1411.93998
G1 X121.54 Y126.864 E1412.01807
G1 X119.248 Y127.548 E1412.09762
G1 X116.904 Y127.684 E1412.17571
G1 X114.574 Y127.272 E1412.25441
G1 X112.406 Y126.337 E1412.33294
G1 X110.502 Y124.922 E1412.41184
G1 X108.981 Y123.109 E1412.49055
G1 X107.912 Y120.989 E1412.56952
G1 X107.369 Y118.684 E1412.64828
G1 X107.373 Y116.29 E1412.72791
G1 X107.912 Y114.011 E1412.8058
G1 X108.972 Y111.9 E1412.88436
G1 X110.49 Y110.086 E1412.96304
G1 F2700 E1407.96304
G0 F9000 X109.956 Y109.638
G0 X94.312 Y94.312
G0 X93.815 Y93.815
G1 F2700 E1412.96304
G1 F1500 X93.207 Y94.606 E1412.99622
G1 X92.831 Y95.509 E1413.02875
G1 X92.7 Y96.517 E1413.06256
G1 X92.7 Y138.483 E1414.45836
G1 X92.831 Y139.487 E1414.49203
G1 X93.207 Y140.39 E1414.52457
G1 X93.815 Y141.181 E1414.55775
G1 X94.606 Y141.793 E1414.59101
G1 X95.509 Y142.165 E1414.6235
G1 X96.518 Y142.3 E1414.65735
G1 X138.482 Y142.3 E1416.05308
G1 X139.487 Y142.165 E1416.08681
G1 X140.39 Y141.793 E1416.11929
G1 X141.181 Y141.181 E1416.15256
G1 X141.793 Y140.39 E1416.18582
G1 X142.165 Y139.487 E1416.2183
G1 X142.3 Y138.482 E1416.25203
G1 X142.3 Y96.518 E1417.64776
G1 X142.165 Y95.509 E1417.68162
G1 X141.793 Y94.606 E1417.7141
G1 X141.181 Y93.815 E1417.74736
G1 X140.39 Y93.207 E1417.78054
G1 X139.487 Y92.831 E1417.81308
G1 X138.483 Y92.7 E1417.84675
G1 X96.517 Y92.7 E1419.24255
G1 X95.509 Y92.831 E1419.27636
G1 X94.606 Y93.207 E1419.30889
G1 X93.815 Y93.815 E1419.34207
G0 F9000 X94.312 Y94.312
G0 X93.811 Y94.977
G0 X93.608 Y94.892
;TYPE:FILL
G1 F3000 X99.998 Y93.18 E1419.5621
G0 F9000 X99.998 Y93.4
G0 X97.121 Y93.4
G0 X97.121 Y93.18
G1 F3000 X93.18 Y107.887 E1420.06852
G0 F9000 X93.181 Y107.43
G1 F3000 X141.161 Y94.573 E1421.72064
G0 F9000 X140.988 Y94.704
G0 X140.294 Y94.01
G0 X140.425 Y93.84
G1 F3000 X127.569 Y141.821 E1423.37278
G1 X127.648 Y141.82
G1 X112.899 Y127.071 E1424.06653
G1 X112.887 Y127.066
G1 X108.934 Y141.821 E1424.57459
G0 F9000 X108.934 Y141.6
G0 X110.678 Y141.6
G0 X110.678 Y141.82
G1 F3000 X93.18 Y124.322 E1425.39764
G0 F9000 X93.4 Y124.322
G0 X93.4 Y126.065
G0 X93.181 Y126.065
G1 F3000 X107.941 Y122.11 E1425.90588
G1 X107.943 Y122.115
G1 X93.18 Y107.352 E1426.60029
G0 F9000 X93.4 Y107.352
G0 X93.4 Y101.218
G0 X93.181 Y101.218
G1 F3000 X123.18 Y93.18 E1427.63326
G0 F9000 X123.18 Y93.4
G0 X121.967 Y93.4
G0 X121.967 Y93.179
G1 F3000 X118.286 Y106.918 E1428.10633
G1 X118.276 Y106.917
G1 X141.82 Y100.608 E1428.91704
G0 F9000 X141.6 Y100.608
G0 X141.6 Y96.595
G0 X141.82 Y96.595
G1 F3000 X138.405 Y93.18 E1429.07767
G0 F9000 X138.405 Y93.4
G0 X134.391 Y93.4
G0 X134.391 Y93.18
G1 F3000 X128.089 Y116.697 E1429.88744
G1 X128.091 Y116.71
G1 X141.82 Y113.032 E1430.36018
G0 F9000 X141.82 Y113.566
G1 F3000 X121.434 Y93.18 E1431.31907
G0 F9000 X121.434 Y93.4
G0 X115.756 Y93.4
G0 X115.756 Y93.18
G1 F3000 X111.61 Y108.653 E1431.85186
G1 X111.519 Y108.72
G1 X96.044 Y93.245 E1432.57976
G0 F9000 X96.071 Y93.464
G0 X93.4 Y98.866
G0 X93.18 Y98.866
G1 F3000 X107.695 Y113.382 E1433.26252
G0 F9000 X107.497 Y113.283
G0 X106.695 Y116.124
G0 X106.906 Y116.175
G1 F3000 X93.18 Y119.853 E1433.73515
G0 F9000 X93.4 Y119.853
G0 X93.4 Y115.837
G0 X93.18 Y115.837
G1 F3000 X119.163 Y141.82 E1434.95732
G0 F9000 X119.163 Y141.6
G0 X121.357 Y141.6
G0 X121.357 Y141.821
G1 F3000 X126.278 Y123.456 E1435.58969
G1 X126.268 Y123.469
G1 X141.754 Y138.955 E1436.3181
G0 F9000 X141.537 Y138.927
G0 X141.6 Y137.879
G0 X141.819 Y137.879
G1 F3000 X127.11 Y141.82 E1436.82458
G0 F9000 X127.11 Y141.6
G0 X133.781 Y141.6
G0 X133.781 Y141.82
G1 F3000 X141.82 Y111.817 E1437.85768
G0 F9000 X141.6 Y111.817
G0 X141.6 Y106.82
G0 X141.819 Y106.82
G1 F3000 X125.966 Y111.068 E1438.40356
G0 F9000 X126.154 Y110.946
G0 X124.093 Y108.83
G0 X123.943 Y108.988
G1 F3000 X128.179 Y93.18 E1438.94788
G0 F9000 X128.179 Y93.4
G0 X129.92 Y93.4
G0 X129.92 Y93.18
G1 F3000 X141.82 Y105.08 E1439.50762
G0 F9000 X141.6 Y105.08
G0 X141.6 Y119.243
G0 X141.82 Y119.243
G1 F3000 X126.317 Y123.397 E1440.04144
G0 F9000 X126.504 Y123.52
G0 X125.807 Y124.471
G0 X123.975 Y126.199
G0 X121.711 Y127.546
G0 X121.649 Y127.335
G1 F3000 X136.134 Y141.82 E1440.72277
G0 F9000 X136.134 Y141.6
G0 X140.025 Y141.187
G0 X140.108 Y141.39
G1 F3000 X141.82 Y135.001 E1440.94277
G0 F9000 X141.6 Y135.001
G0 X141.6 Y131.667
G0 X141.819 Y131.667
G1 F3000 X103.926 Y141.82 E1442.24755
G0 F9000 X103.926 Y141.6
G0 X102.722 Y141.6
G0 X102.722 Y141.821
G1 F3000 X107.982 Y122.192 E1442.92345
G0 F9000 X107.784 Y122.29
G0 X108.439 Y123.458
G0 X110.057 Y125.389
G0 X111.876 Y126.742
G0 X112.699 Y127.225
G0 X112.787 Y127.023
G1 F3000 X93.181 Y132.276 E1443.59855
G0 F9000 X93.18 Y132.807
G1 F3000 X102.192 Y141.82 E1444.02247
G0 F9000 X102.192 Y141.6
G0 X96.54 Y141.598
G0 X96.512 Y141.816
G1 F3000 X109.544 Y93.18 E1445.69717
G0 F9000 X109.544 Y93.4
G0 X112.949 Y93.4
G0 X112.949 Y93.18
G1 F3000 X141.82 Y122.051 E1447.05518
G0 F9000 X141.6 Y122.051
G0 X141.6 Y125.455
G0 X141.82 Y125.455
G1 F3000 X93.185 Y138.487 E1448.72985
G0 F9000 X93.402 Y138.46
G0 X93.4 Y131.069
G0 X93.18 Y131.069
G1 F3000 X103.332 Y93.179 E1450.03453
G0 F9000 X103.332 Y93.4
G0 X104.464 Y93.4
G0 X104.464 Y93.18
G1 F3000 X118.196 Y106.912 E1450.68044
G0 F9000 X118.209 Y106.692
G0 X116.869 Y106.674
G0 X114.39 Y107.11
G0 X112.309 Y108.008
G0 X111.374 Y108.556
G0 X111.504 Y108.732
G1 F3000 X93.181 Y113.641 E1451.31135
G1 F2700 E1446.31135
G0 F9000 X93.4 Y113.641
G0 X112.078 Y126.892
G0 X114.39 Y127.89
G0 X116.869 Y128.326
G0 X118.847 Y128.272
G0 X118.835 Y128.052
G1 F2700 E1451.31135
G1 F3000 X115.146 Y141.82 E1451.78543
G0 F9000 X115.146 Y141.6
G0 X127.191 Y122.366
G0 X128.052 Y120.001
G0 X128.316 Y117.75
G0 X128.323 Y116.795
G0 X128.104 Y116.82
G1 F3000 X141.82 Y130.536 E1452.43059
G0 F9000 X141.3 Y130.536
G1 F2700 E1447.43059
;MESH:NONMESH
G0 F300 X141.3 Y130.536 Z3
G0 F9000 X125.807 Y110.529
G0 X123.975 Y108.801
G0 X122.209 Y107.781
G0 X94.312 Y94.312
G0 X94.1 Y94.1
;TIME_ELAPSED:1893.274786
;LAYER:14
;TYPE:WALL-INNER
;MESH:cerchio_grande.stl
G1 F2700 E1452.43059
G1 F1500 X93.556 Y94.808 E1452.46029
G1 X93.221 Y95.613 E1452.48929
G1 X93.1 Y96.543 E1452.52048
G1 X93.1 Y138.457 E1453.91455
G1 X93.221 Y139.383 E1453.94561
G1 X93.556 Y140.188 E1453.97461
G1 X94.101 Y140.896 E1454.00432
G1 X94.808 Y141.443 E1454.03406
G1 X95.613 Y141.775 E1454.06302
G1 X96.544 Y141.9 E1454.09426
G1 X138.456 Y141.9 E1455.48826
G1 X139.383 Y141.775 E1455.51937
G1 X140.188 Y141.443 E1455.54833
G1 X140.896 Y140.896 E1455.57809
G1 X141.443 Y140.188 E1455.60785
G1 X141.775 Y139.383 E1455.63681
G1 X141.9 Y138.456 E1455.66792
G1 X141.9 Y96.544 E1457.06192
G1 X141.775 Y95.613 E1457.09316
G1 X141.443 Y94.808 E1457.12213
G1 X140.896 Y94.101 E1457.15186
G1 X140.188 Y93.556 E1457.18157
G1 X139.383 Y93.221 E1457.21057
G1 X138.457 Y93.1 E1457.24163
G1 X96.543 Y93.1 E1458.6357
G1 X95.613 Y93.221 E1458.66689
G1 X94.808 Y93.556 E1458.69589
G1 X94.1 Y94.1 E1458.72559
G0 F9000 X94.312 Y94.312
G0 X110.049 Y109.542
G0 X110.225 Y109.781
G1 F1500 X112.219 Y108.309 E1458.80802
G1 X114.459 Y107.345 E1458.88913
G1 X116.88 Y106.917 E1458.9709
G1 X119.339 Y107.052 E1459.05281
G1 X121.699 Y107.765 E1459.13481
G1 X123.826 Y108.991 E1459.21647
G1 X125.623 Y110.685 E1459.29861
G1 X126.968 Y112.741 E1459.38032
G1 X127.812 Y115.052 E1459.46215
G1 X128.1 Y117.5 E1459.54413
G1 X127.816 Y119.945 E1459.626
G1 X126.968 Y122.259 E1459.70797
G1 X125.6 Y124.333 E1459.79061
G1 X123.826 Y126.005 E1459.87169
G1 X121.699 Y127.231 E1459.95334
G1 X119.343 Y127.943 E1460.0352
G1 X116.875 Y128.086 E1460.11743
G1 X114.459 Y127.655 E1460.19905
G1 X112.19 Y126.678 E1460.28122
G1 X110.236 Y125.22 E1460.3623
G1 X108.637 Y123.319 E1460.44493
G1 X107.536 Y121.126 E1460.52654
G1 X106.972 Y118.73 E1460.60841
G1 X106.972 Y116.266 E1460.69036
G1 X107.536 Y113.874 E1460.7721
G1 X108.634 Y111.681 E1460.85367
G1 X110.225 Y109.781 E1460.9361
G0 F9000 X110.49 Y110.086
;TYPE:WALL-OUTER
G1 F1500 X112.393 Y108.67 E1461.01499
G1 X114.574 Y107.728 E1461.09401
G1 X116.904 Y107.316 E1461.17271
G1 X119.294 Y107.456 E1461.25234
G1 X121.54 Y108.132 E1461.33035
G1 X123.573 Y109.306 E1461.40843
G1 X125.324 Y110.958 E1461.4885
G1 X126.611 Y112.921 E1461.56657
G1 X127.423 Y115.145 E1461.64532
G1 X127.7 Y117.5 E1461.72418
G1 X127.426 Y119.839 E1461.80251
G1 X126.611 Y122.079 E1461.88179
G1 X125.294 Y124.074 E1461.9613
G1 X123.573 Y125.69 E1462.03982
G1 X121.54 Y126.864 E1462.1179
G1 X119.248 Y127.548 E1462.19746
G1 X116.904 Y127.684 E1462.27555
G1 X114.574 Y127.272 E1462.35425
G1 X112.406 Y126.337 E1462.43278
G1 X110.502 Y124.922 E1462.51168
G1 X108.981 Y123.109 E1462.59039
G1 X107.912 Y120.989 E1462.66936
G1 X107.369 Y118.684 E1462.74812
G1 X107.373 Y116.29 E1462.82774
G1 X107.912 Y114.011 E1462.90563
G1 X108.972 Y111.9 E1462.9842
G1 X110.49 Y110.086 E1463.06287
G1 F2700 E1458.06287
G0 F9000 X109.956 Y109.638
G0 X94.312 Y94.312
G0 X93.815 Y93.815
G1 F2700 E1463.06287
G1 F1500 X93.207 Y94.606 E1463.09606
G1 X92.831 Y95.509 E1463.12859
G1 X92.7 Y96.517 E1463.1624
G1 X92.7 Y138.483 E1464.55819
G1 X92.831 Y139.487 E1464.59187
G1 X93.207 Y140.39 E1464.6244
G1 X93.815 Y141.181 E1464.65759
G1 X94.606 Y141.793 E1464.69085
G1 X95.509 Y142.165 E1464.72333
G1 X96.518 Y142.3 E1464.75719
G1 X138.482 Y142.3 E1466.15292
G1 X139.487 Y142.165 E1466.18665
G1 X140.39 Y141.793 E1466.21913
G1 X141.181 Y141.181 E1466.25239
G1 X141.793 Y140.39 E1466.28566
G1 X142.165 Y139.487 E1466.31814
G1 X142.3 Y138.482 E1466.35186
G1 X142.3 Y96.518 E1467.74759
G1 X142.165 Y95.509 E1467.78145
G1 X141.793 Y94.606 E1467.81393
G1 X141.181 Y93.815 E1467.8472
G1 X140.39 Y93.207 E1467.88038
G1 X139.487 Y92.831 E1467.91291
G1 X138.483 Y92.7 E1467.94659
G1 X96.517 Y92.7 E1469.34239
G1 X95.509 Y92.831 E1469.37619
G1 X94.606 Y93.207 E1469.40873
G1 X93.815 Y93.815 E1469.44191
G0 F9000 X94.312 Y94.312
G0 X93.743 Y95.142
G0 X93.54 Y95.057
;TYPE:FILL
G1 F3000 X100.547 Y93.18 E1469.68318
G0 F9000 X100.547 Y93.4
G0 X103.185 Y93.4
G0 X103.185 Y93.179
G1 F3000 X93.18 Y130.52 E1470.96895
G0 F9000 X93.4 Y130.52
G0 X93.4 Y132.423
G0 X93.181 Y132.423
G1 F3000 X112.998 Y127.113 E1471.65132
G0 F9000 X112.755 Y127.01
G1 F3000 X108.787 Y141.821 E1472.16131
G0 F9000 X108.787 Y141.6
G0 X110.879 Y141.6
G0 X110.879 Y141.82
G1 F3000 X93.18 Y124.121 E1472.99382
G0 F9000 X93.4 Y124.121
G0 X93.4 Y126.212
G0 X93.181 Y126.212
G1 F3000 X108.006 Y122.239 E1473.5043
G0 F9000 X107.886 Y122.001
G1 F3000 X102.575 Y141.821 E1474.18677
G1 X102.393 Y141.82
G1 X93.18 Y132.607 E1474.62012
G0 F9000 X93.4 Y132.607
G0 X93.421 Y138.602
G0 X93.205 Y138.629
G1 F3000 X141.82 Y125.602 E1476.29411
G0 F9000 X141.6 Y125.602
G0 X141.6 Y121.85
G0 X141.82 Y121.85
G1 F3000 X113.15 Y93.18 E1477.64266
G0 F9000 X113.15 Y93.4
G0 X115.609 Y93.4
G0 X115.609 Y93.18
G1 F3000 X111.426 Y108.789 E1478.18013
G0 F9000 X111.634 Y108.634
G1 F3000 X96.222 Y93.223 E1478.90504
G0 F9000 X96.974 Y93.18
G1 F3000 X93.18 Y107.338 E1479.39256
G1 X93.18 Y107.151
G1 X107.742 Y121.713 E1480.07751
G0 F9000 X107.544 Y121.811
G0 X107.309 Y121.208
G0 X106.729 Y118.758
G0 X106.668 Y116.327
G0 X106.888 Y116.327
G1 F3000 X93.18 Y120 E1480.54952
G0 F9000 X93.4 Y120
G0 X93.4 Y115.636
G0 X93.18 Y115.636
G1 F3000 X119.364 Y141.82 E1481.78114
G0 F9000 X119.364 Y141.6
G0 X121.21 Y141.6
G0 X121.21 Y141.821
G1 F3000 X126.029 Y123.835 E1482.40045
G0 F9000 X126.2 Y123.576
G1 F3000 X141.82 Y119.39 E1482.93831
G0 F9000 X141.6 Y119.39
G0 X141.6 Y113.365
G0 X141.82 Y113.365
G1 F3000 X121.635 Y93.18 E1483.88775
G1 X121.82 Y93.179
G1 X118.141 Y106.91 E1484.36055
G0 F9000 X118.409 Y106.924
G1 F3000 X104.665 Y93.18 E1485.00703
G0 F9000 X104.665 Y93.4
G0 X109.397 Y93.4
G0 X109.397 Y93.18
G1 F3000 X96.37 Y141.797 E1486.68108
G0 F9000 X96.398 Y141.58
G0 X104.475 Y141.6
G0 X104.475 Y141.82
G1 F3000 X141.819 Y131.814 E1487.96696
G0 F9000 X141.6 Y131.814
G0 X141.6 Y130.335
G0 X141.82 Y130.335
G1 F3000 X128.076 Y116.591 E1488.61343
G0 F9000 X128.108 Y116.853
G1 F3000 X141.819 Y113.179 E1489.08555
G0 F9000 X141.6 Y113.179
G0 X141.6 Y111.268
G0 X141.82 Y111.268
G1 F3000 X133.634 Y141.82 E1490.13756
G0 F9000 X133.634 Y141.6
G0 X136.334 Y141.6
G0 X136.334 Y141.82
G1 F3000 X121.791 Y127.276 E1490.82164
G0 F9000 X121.901 Y127.467
G0 X119.862 Y128.045
G0 X118.697 Y128.28
G0 X118.686 Y128.061
G1 F3000 X114.999 Y141.82 E1491.29541
G0 F9000 X114.999 Y141.6
G0 X127.422 Y141.6
G0 X127.422 Y141.821
G1 F3000 X140.303 Y93.747 E1492.95076
G0 F9000 X140.172 Y93.917
G0 X141.082 Y94.826
G0 X141.255 Y94.695
G1 F3000 X93.181 Y107.577 E1494.60612
G0 F9000 X93.4 Y107.577
G0 X93.4 Y113.788
G0 X93.181 Y113.788
G1 F3000 X111.194 Y108.962 E1495.22636
G0 F9000 X111.065 Y108.786
G0 X110.057 Y109.611
G0 X108.439 Y111.542
G0 X107.565 Y113.149
G0 X107.762 Y113.248
G1 F3000 X93.18 Y98.665 E1495.91228
G0 F9000 X93.4 Y98.665
G0 X93.4 Y101.365
G0 X93.181 Y101.365
G1 F3000 X123.729 Y93.18 E1496.96415
G0 F9000 X123.729 Y93.4
G0 X128.032 Y93.4
G0 X128.032 Y93.18
G1 F3000 X123.821 Y108.897 E1497.50534
G0 F9000 X123.932 Y108.707
G0 X125.451 Y110.183
G0 X126.236 Y111.071
G0 X126.048 Y111.193
G1 F3000 X141.82 Y106.967 E1498.04842
G0 F9000 X141.6 Y106.967
G0 X141.6 Y104.879
G0 X141.82 Y104.879
G1 F3000 X130.12 Y93.18 E1498.59873
G0 F9000 X130.12 Y93.4
G0 X134.244 Y93.4
G0 X134.244 Y93.18
G1 F3000 X128.044 Y116.318 E1499.39545
G0 F9000 X128.265 Y116.293
G0 X128.345 Y117.5
G0 X128.052 Y120.001
G0 X127.191 Y122.366
G0 X126.536 Y123.472
G0 X126.348 Y123.348
G1 F3000 X141.777 Y138.777 E1500.12118
G0 F9000 X141.819 Y138.026
G1 F3000 X127.659 Y141.82 E1500.60876
G1 X127.849 Y141.82
G1 X113.252 Y127.223 E1501.29536
G1 F2700 E1496.29536
G0 F9000 X113.164 Y127.426
G0 X112.078 Y126.892
G0 X110.057 Y125.389
G0 X108.439 Y123.458
G0 X107.309 Y121.208
G0 X106.729 Y118.758
G0 X106.729 Y116.242
G0 X107.309 Y113.792
G0 X108.439 Y111.542
G0 X110.057 Y109.611
G0 X112.078 Y108.108
G0 X114.39 Y107.11
G0 X116.869 Y106.674
G0 X118.742 Y106.723
G0 X118.729 Y106.943
G1 F2700 E1501.29536
G1 F3000 X141.82 Y100.755 E1502.09047
G0 F9000 X141.6 Y100.755
G0 X141.579 Y96.398
G0 X141.797 Y96.371
G1 F3000 X138.63 Y93.204 E1502.23943
G1 F2700 E1497.23943
G0 F9000 X138.602 Y93.42
G0 X141.6 Y134.452
G0 X141.82 Y134.452
G1 F2700 E1502.23943
G1 F3000 X139.942 Y141.459 E1502.48071
G0 F9000 X139.745 Y140.979
G1 F2700 E1497.48071
;MESH:NONMESH
G0 F300 X139.745 Y140.979 Z3.2
G0 F9000 X112.078 Y126.892
G0 X110.057 Y125.389
G0 X108.439 Y123.458
G0 X94.312 Y94.312
G0 X94.1 Y94.1
;TIME_ELAPSED:1947.884810
;LAYER:15
;TYPE:WALL-INNER
;MESH:cerchio_grande.stl
G1 F2700 E1502.48071
G1 F1500 X93.556 Y94.808 E1502.51041
G1 X93.221 Y95.613 E1502.53941
G1 X93.1 Y96.543 E1502.5706
G1 X93.1 Y138.457 E1503.96467
G1 X93.221 Y139.383 E1503.99573
G1 X93.556 Y140.188 E1504.02473
G1 X94.101 Y140.896 E1504.05444
G1 X94.808 Y141.443 E1504.08417
G1 X95.613 Y141.775 E1504.11314
G1 X96.544 Y141.9 E1504.14438
G1 X138.456 Y141.9 E1505.53838
G1 X139.383 Y141.775 E1505.56949
G1 X140.188 Y141.443 E1505.59845
G1 X140.896 Y140.896 E1505.62821
G1 X141.443 Y140.188 E1505.65797
G1 X141.775 Y139.383 E1505.68693
G1 X141.9 Y138.456 E1505.71804
G1 X141.9 Y96.544 E1507.11204
G1 X141.775 Y95.613 E1507.14328
G1 X141.443 Y94.808 E1507.17224
G1 X140.896 Y94.101 E1507.20198
G1 X140.188 Y93.556 E1507.23169
G1 X139.383 Y93.221 E1507.26069
G1 X138.457 Y93.1 E1507.29175
G1 X96.543 Y93.1 E1508.68582
G1 X95.613 Y93.221 E1508.71701
G1 X94.808 Y93.556 E1508.74601
G1 X94.1 Y94.1 E1508.77571
G0 F9000 X94.312 Y94.312
G0 X110.049 Y109.542
G0 X110.225 Y109.781
G1 F1500 X112.219 Y108.309 E1508.85814
G1 X114.459 Y107.345 E1508.93925
G1 X116.88 Y106.917 E1509.02102
G1 X119.339 Y107.052 E1509.10293
G1 X121.699 Y107.765 E1509.18493
G1 X123.826 Y108.991 E1509.26659
G1 X125.623 Y110.685 E1509.34872
G1 X126.968 Y112.741 E1509.43044
G1 X127.812 Y115.052 E1509.51227
G1 X128.1 Y117.5 E1509.59425
G1 X127.816 Y119.945 E1509.67612
G1 X126.968 Y122.259 E1509.75809
G1 X125.6 Y124.333 E1509.84072
G1 X123.826 Y126.005 E1509.9218
G1 X121.699 Y127.231 E1510.00346
G1 X119.343 Y127.943 E1510.08532
G1 X116.875 Y128.086 E1510.16754
G1 X114.459 Y127.655 E1510.24917
G1 X112.19 Y126.678 E1510.33134
G1 X110.236 Y125.22 E1510.41242
G1 X108.637 Y123.319 E1510.49504
G1 X107.536 Y121.126 E1510.57666
G1 X106.972 Y118.73 E1510.65853
G1 X106.972 Y116.266 E1510.74048
G1 X107.536 Y113.874 E1510.82222
G1 X108.634 Y111.681 E1510.90379
G1 X110.225 Y109.781 E1510.98622
G0 F9000 X110.49 Y110.086
;TYPE:WALL-OUTER
G1 F1500 X112.393 Y108.67 E1511.06511
G1 X114.574 Y107.728 E1511.14413
G1 X116.904 Y107.316 E1511.22283
G1 X119.294 Y107.456 E1511.30245
G1 X121.54 Y108.132 E1511.38047
G1 X123.573 Y109.306 E1511.45855
G1 X125.324 Y110.958 E1511.53862
G1 X126.611 Y112.921 E1511.61669
G1 X127.423 Y115.145 E1511.69543
G1 X127.7 Y117.5 E1511.7743
G1 X127.426 Y119.839 E1511.85263
G1 X126.611 Y122.079 E1511.93191
G1 X125.294 Y124.074 E1512.01142
G1 X123.573 Y125.69 E1512.08994
G1 X121.54 Y126.864 E1512.16802
G1 X119.248 Y127.548 E1512.24758
G1 X116.904 Y127.684 E1512.32567
G1 X114.574 Y127.272 E1512.40437
G1 X112.406 Y126.337 E1512.48289
G1 X110.502 Y124.922 E1512.5618
G1 X108.981 Y123.109 E1512.64051
G1 X107.912 Y120.989 E1512.71947
G1 X107.369 Y118.684 E1512.79824
G1 X107.369 Y116.312 E1512.87713
G1 X107.912 Y114.011 E1512.95576
G1 X108.972 Y111.9 E1513.03433
G1 X110.49 Y110.086 E1513.113
G1 F2700 E1508.113
G0 F9000 X109.956 Y109.638
G0 X94.312 Y94.312
G0 X93.815 Y93.815
G1 F2700 E1513.113
G1 F1500 X93.207 Y94.606 E1513.14619
G1 X92.831 Y95.509 E1513.17872
G1 X92.7 Y96.517 E1513.21253
G1 X92.7 Y138.483 E1514.60832
G1 X92.831 Y139.487 E1514.642
G1 X93.207 Y140.39 E1514.67453
G1 X93.815 Y141.181 E1514.70771
G1 X94.606 Y141.793 E1514.74098
G1 X95.509 Y142.165 E1514.77346
G1 X96.518 Y142.3 E1514.80732
G1 X138.482 Y142.3 E1516.20305
G1 X139.487 Y142.165 E1516.23677
G1 X140.39 Y141.793 E1516.26926
G1 X141.181 Y141.181 E1516.30252
G1 X141.793 Y140.39 E1516.33579
G1 X142.165 Y139.487 E1516.36827
G1 X142.3 Y138.482 E1516.40199
G1 X142.3 Y96.518 E1517.79772
G1 X142.165 Y95.509 E1517.83158
G1 X141.793 Y94.606 E1517.86406
G1 X141.181 Y93.815 E1517.89733
G1 X140.39 Y93.207 E1517.93051
G1 X139.487 Y92.831 E1517.96304
G1 X138.483 Y92.7 E1517.99672
G1 X96.517 Y92.7 E1519.39252
G1 X95.509 Y92.831 E1519.42632
G1 X94.606 Y93.207 E1519.45886
G1 X93.815 Y93.815 E1519.49204
G0 F9000 X94.312 Y94.312
G0 X93.675 Y95.306
G0 X93.471 Y95.221
;TYPE:FILL
G1 F3000 X101.091 Y93.18 E1519.75442
G0 F9000 X101.091 Y93.4
G0 X103.039 Y93.4
G0 X103.039 Y93.18
G1 F3000 X93.18 Y129.976 E1521.02142
G0 F9000 X93.4 Y129.976
G0 X93.4 Y132.407
G0 X93.18 Y132.407
G1 F3000 X102.593 Y141.82 E1521.46418
G1 X102.429 Y141.821
G1 X107.791 Y121.812 E1522.15317
G0 F9000 X107.541 Y121.313
G1 F3000 X93.18 Y106.951 E1522.82869
G1 X93.18 Y106.793
G1 X96.828 Y93.18 E1523.29743
G0 F9000 X96.398 Y93.2
G1 F3000 X111.748 Y108.549 E1524.01943
G0 F9000 X111.244 Y108.925
G1 F3000 X115.463 Y93.18 E1524.56158
G0 F9000 X115.463 Y93.4
G0 X113.349 Y93.4
G0 X113.349 Y93.18
G1 F3000 X141.82 Y121.651 E1525.90077
G0 F9000 X141.6 Y121.651
G0 X141.6 Y119.536
G0 X141.82 Y119.536
G1 F3000 X126.084 Y123.753 E1526.44262
G0 F9000 X125.782 Y124.212
G1 F3000 X121.064 Y141.82 E1527.04892
G0 F9000 X121.064 Y141.6
G0 X119.563 Y141.6
G0 X119.563 Y141.82
G1 F3000 X93.18 Y115.437 E1528.2899
G0 F9000 X93.4 Y115.437
G0 X93.4 Y113.934
G0 X93.18 Y113.934
G1 F3000 X110.886 Y109.19 E1528.89957
G0 F9000 X110.757 Y109.015
G0 X110.057 Y109.611
G0 X108.439 Y111.542
G0 X107.632 Y113.016
G0 X107.829 Y113.115
G1 F3000 X93.18 Y98.466 E1529.58862
G0 F9000 X93.4 Y98.466
G0 X93.4 Y101.511
G0 X93.181 Y101.511
G1 F3000 X124.273 Y93.18 E1530.65922
G0 F9000 X124.273 Y93.4
G0 X121.834 Y93.4
G0 X121.834 Y93.18
G1 F3000 X141.82 Y113.165 E1531.59928
G1 X141.82 Y113.325
G1 X128.125 Y116.994 E1532.07084
G0 F9000 X128.049 Y116.365
G1 F3000 X141.82 Y130.136 E1532.71858
G0 F9000 X141.6 Y130.136
G0 X141.6 Y131.96
G0 X141.819 Y131.96
G1 F3000 X105.019 Y141.82 E1533.98573
G0 F9000 X105.019 Y141.6
G0 X108.641 Y141.6
G0 X108.641 Y141.821
G1 F3000 X112.625 Y126.953 E1534.49769
G0 F9000 X113.207 Y127.203
G1 F3000 X93.181 Y132.569 E1535.18725
G0 F9000 X93.4 Y132.569
G0 X93.44 Y138.743
G0 X93.223 Y138.77
G1 F3000 X141.819 Y125.748 E1536.86058
G0 F9000 X141.6 Y125.748
G0 X141.6 Y133.907
G0 X141.82 Y133.907
G1 F3000 X139.778 Y141.527 E1537.12297
G0 F9000 X139.695 Y141.324
G0 X136.534 Y141.6
G0 X136.534 Y141.82
G1 F3000 X121.917 Y127.204 E1537.81048
G0 F9000 X122.027 Y127.395
G0 X119.647 Y128.101
G0 X118.549 Y128.289
G0 X118.537 Y128.069
G1 F3000 X114.853 Y141.82 E1538.28397
G0 F9000 X114.853 Y141.6
G0 X111.078 Y141.6
G0 X111.078 Y141.82
G1 F3000 X93.18 Y123.922 E1539.12584
G0 F9000 X93.4 Y123.922
G0 X93.4 Y126.358
G0 X93.181 Y126.358
G1 F3000 X108.071 Y122.368 E1539.63856
G0 F9000 X107.873 Y122.466
G0 X107.309 Y121.208
G0 X106.729 Y118.758
G0 X106.668 Y116.472
G0 X106.892 Y116.472
G1 F3000 X93.181 Y120.146 E1540.11067
G0 F9000 X93.4 Y120.146
G0 X93.4 Y107.723
G0 X93.181 Y107.723
G1 F3000 X141.349 Y94.816 E1541.76927
G0 F9000 X141.175 Y94.948
G0 X141.549 Y96.167
G0 X141.766 Y96.14
G1 F3000 X138.859 Y93.233 E1541.906
G0 F9000 X138.831 Y93.45
G0 X140.051 Y93.824
G0 X140.182 Y93.653
G1 F3000 X127.276 Y141.821 E1543.56459
G0 F9000 X128.049 Y141.82
G1 F3000 X113.602 Y127.374 E1544.24411
G0 F9000 X113.514 Y127.577
G0 X114.39 Y127.89
G0 X116.869 Y128.326
G0 X119.383 Y128.18
G0 X121.795 Y127.458
G0 X123.975 Y126.199
G0 X125.807 Y124.471
G0 X126.615 Y123.352
G0 X126.427 Y123.228
G1 F3000 X141.801 Y138.602 E1544.96725
G0 F9000 X141.82 Y138.171
G1 F3000 X128.203 Y141.82 E1545.43614
G0 F9000 X128.203 Y141.6
G0 X133.488 Y141.6
G0 X133.488 Y141.821
G1 F3000 X141.82 Y110.724 E1546.50691
G0 F9000 X141.6 Y110.724
G0 X141.6 Y107.113
G0 X141.819 Y107.113
G1 F3000 X126.129 Y111.318 E1547.04718
G0 F9000 X126.318 Y111.195
G0 X125.904 Y110.656
G0 X123.805 Y108.633
G0 X123.694 Y108.823
G1 F3000 X127.886 Y93.179 E1547.58585
G0 F9000 X127.886 Y93.4
G0 X130.32 Y93.4
G0 X130.32 Y93.18
G1 F3000 X141.82 Y104.68 E1548.12678
G0 F9000 X141.6 Y104.68
G0 X141.6 Y100.902
G0 X141.82 Y100.902
G1 F3000 X119.18 Y106.968 E1548.90635
G0 F9000 X118.62 Y106.936
G1 F3000 X104.864 Y93.18 E1549.55339
G0 F9000 X104.864 Y93.4
G0 X109.251 Y93.4
G0 X109.251 Y93.18
G1 F3000 X96.229 Y141.778 E1551.22679
G1 F2700 E1546.22679
G0 F9000 X96.257 Y141.561
G0 X121.795 Y127.458
G0 X123.975 Y126.199
G0 X125.807 Y124.471
G0 X127.191 Y122.366
G0 X128.052 Y120.001
G0 X128.345 Y117.5
G0 X128.221 Y115.915
G0 X127.999 Y115.94
G1 F2700 E1551.22679
G1 F3000 X134.097 Y93.18 E1552.01049
G0 F9000 X134.097 Y93.4
G0 X121.674 Y93.4
G0 X121.674 Y93.18
G1 F3000 X117.998 Y106.902 E1552.48298
G0 F9000 X118.029 Y106.381
;MESH:NONMESH
G0 F300 X118.029 Y106.381 Z3.4
G0 F9000 X94.312 Y94.312
G0 X94.1 Y94.1
;TIME_ELAPSED:2001.165204
;LAYER:16
;TYPE:WALL-INNER
;MESH:cerchio_grande.stl
G1 F1500 X93.556 Y94.808 E1552.51267
G1 X93.221 Y95.613 E1552.54167
G1 X93.1 Y96.543 E1552.57286
G1 X93.1 Y138.457 E1553.96693
G1 X93.221 Y139.383 E1553.99799
G1 X93.556 Y140.188 E1554.02699
G1 X94.101 Y140.896 E1554.05671
G1 X94.808 Y141.443 E1554.08644
G1 X95.613 Y141.775 E1554.1154
G1 X96.544 Y141.9 E1554.14664
G1 X138.456 Y141.9 E1555.54064
G1 X139.383 Y141.775 E1555.57175
G1 X140.188 Y141.443 E1555.60072
G1 X140.896 Y140.896 E1555.63047
G1 X141.443 Y140.188 E1555.66023
G1 X141.775 Y139.383 E1555.68919
G1 X141.9 Y138.456 E1555.7203
G1 X141.9 Y96.544 E1557.1143
G1 X141.775 Y95.613 E1557.14555
G1 X141.443 Y94.808 E1557.17451
G1 X140.896 Y94.101 E1557.20424
G1 X140.188 Y93.556 E1557.23396
G1 X139.383 Y93.221 E1557.26296
G1 X138.457 Y93.1 E1557.29402
G1 X96.543 Y93.1 E1558.68808
G1 X95.613 Y93.221 E1558.71928
G1 X94.808 Y93.556 E1558.74828
G1 X94.1 Y94.1 E1558.77797
G0 F9000 X94.312 Y94.312
G0 X110.049 Y109.542
G0 X110.225 Y109.781
G1 F1500 X112.219 Y108.309 E1558.86041
G1 X114.459 Y107.345 E1558.94152
G1 X116.88 Y106.917 E1559.02329
G1 X119.339 Y107.052 E1559.1052
G1 X121.699 Y107.765 E1559.1872
G1 X123.826 Y108.991 E1559.26885
G1 X125.623 Y110.685 E1559.35099
G1 X126.968 Y112.741 E1559.4327
G1 X127.812 Y115.052 E1559.51453
G1 X128.1 Y117.5 E1559.59652
G1 X127.816 Y119.945 E1559.67838
G1 X126.968 Y122.259 E1559.76035
G1 X125.6 Y124.333 E1559.84299
G1 X123.826 Y126.005 E1559.92407
G1 X121.699 Y127.231 E1560.00572
G1 X119.343 Y127.943 E1560.08759
G1 X116.875 Y128.086 E1560.16981
G1 X114.459 Y127.655 E1560.25143
G1 X112.19 Y126.678 E1560.3336
G1 X110.236 Y125.22 E1560.41469
G1 X108.637 Y123.319 E1560.49731
G1 X107.536 Y121.126 E1560.57892
G1 X106.972 Y118.73 E1560.66079
G1 X106.972 Y116.266 E1560.74275
G1 X107.536 Y113.874 E1560.82449
G1 X108.634 Y111.681 E1560.90606
G1 X110.225 Y109.781 E1560.98848
G0 F9000 X110.49 Y110.086
;TYPE:WALL-OUTER
G1 F1500 X112.393 Y108.67 E1561.06738
G1 X114.574 Y107.728 E1561.14639
G1 X116.904 Y107.316 E1561.22509
G1 X119.294 Y107.456 E1561.30472
G1 X121.54 Y108.132 E1561.38273
G1 X123.573 Y109.306 E1561.46081
G1 X125.324 Y110.958 E1561.54088
G1 X126.611 Y112.921 E1561.61895
G1 X127.423 Y115.145 E1561.6977
G1 X127.7 Y117.5 E1561.77657
G1 X127.426 Y119.839 E1561.85489
G1 X126.611 Y122.079 E1561.93417
G1 X125.294 Y124.074 E1562.01368
G1 X123.573 Y125.69 E1562.0922
G1 X121.54 Y126.864 E1562.17029
G1 X119.248 Y127.548 E1562.24984
G1 X116.904 Y127.684 E1562.32793
G1 X114.574 Y127.272 E1562.40663
G1 X112.406 Y126.337 E1562.48516
G1 X110.502 Y124.922 E1562.56406
G1 X108.981 Y123.109 E1562.64277
G1 X107.912 Y120.989 E1562.72174
G1 X107.369 Y118.684 E1562.8005
G1 X107.373 Y116.29 E1562.88013
G1 X107.912 Y114.011 E1562.95802
G1 X108.972 Y111.9 E1563.03658
G1 X110.49 Y110.086 E1563.11526
G1 F2700 E1558.11526
G0 F9000 X109.956 Y109.638
G0 X94.312 Y94.312
G0 X93.815 Y93.815
G1 F2700 E1563.11526
G1 F1500 X93.207 Y94.606 E1563.14844
G1 X92.831 Y95.509 E1563.18097
G1 X92.7 Y96.517 E1563.21478
G1 X92.7 Y138.483 E1564.61058
G1 X92.831 Y139.487 E1564.64425
G1 X93.207 Y140.39 E1564.67679
G1 X93.815 Y141.181 E1564.70997
G1 X94.606 Y141.793 E1564.74323
G1 X95.509 Y142.165 E1564.77572
G1 X96.518 Y142.3 E1564.80957
G1 X138.482 Y142.3 E1566.2053
G1 X139.487 Y142.165 E1566.23903
G1 X140.39 Y141.793 E1566.27151
G1 X141.181 Y141.181 E1566.30478
G1 X141.793 Y140.39 E1566.33804
G1 X142.165 Y139.487 E1566.37052
G1 X142.3 Y138.482 E1566.40425
G1 X142.3 Y96.518 E1567.79998
G1 X142.165 Y95.509 E1567.83384
G1 X141.793 Y94.606 E1567.86632
G1 X141.181 Y93.815 E1567.89958
G1 X140.39 Y93.207 E1567.93276
G1 X139.487 Y92.831 E1567.9653
G1 X138.483 Y92.7 E1567.99897
G1 X96.517 Y92.7 E1569.39477
G1 X95.509 Y92.831 E1569.42858
G1 X94.606 Y93.207 E1569.46111
G1 X93.815 Y93.815 E1569.49429
G0 F9000 X94.312 Y94.312
G0 X93.606 Y95.472
G0 X93.402 Y95.387
;TYPE:FILL
G1 F3000 X101.64 Y93.18 E1569.77795
G0 F9000 X101.64 Y93.4
G0 X102.892 Y93.4
G0 X102.892 Y93.18
G1 F3000 X93.18 Y129.427 E1571.02606
G0 F9000 X93.4 Y129.427
G0 X93.4 Y132.206
G0 X93.18 Y132.206
G1 F3000 X102.794 Y141.82 E1571.47827
G0 F9000 X102.282 Y141.821
G1 F3000 X107.695 Y121.621 E1572.17383
G0 F9000 X107.424 Y120.995
G1 F3000 X93.18 Y106.75 E1572.84385
G0 F9000 X93.18 Y106.244
G1 F3000 X96.681 Y93.18 E1573.29369
G1 X96.579 Y93.18
G1 X111.864 Y108.464 E1574.01263
G0 F9000 X111.734 Y108.288
G0 X110.931 Y108.886
G0 X111.06 Y109.061
G1 F3000 X115.316 Y93.18 E1574.55947
G0 F9000 X115.316 Y93.4
G0 X113.55 Y93.4
G0 X113.55 Y93.18
G1 F3000 X141.82 Y121.45 E1575.8892
G0 F9000 X141.6 Y121.45
G0 X141.6 Y119.683
G0 X141.82 Y119.683
G1 F3000 X125.967 Y123.931 E1576.43508
G0 F9000 X125.564 Y124.478
G1 F3000 X120.917 Y141.82 E1577.03222
G0 F9000 X120.917 Y141.6
G0 X119.764 Y141.6
G0 X119.764 Y141.82
G1 F3000 X93.18 Y115.236 E1578.28265
G0 F9000 X93.4 Y115.236
G0 X93.4 Y114.081
G0 X93.18 Y114.081
G1 F3000 X110.576 Y109.42 E1578.88166
G0 F9000 X110.448 Y109.245
G0 X110.057 Y109.611
G0 X108.439 Y111.542
G0 X107.698 Y112.883
G0 X107.896 Y112.982
G1 F3000 X93.18 Y98.265 E1579.57388
G0 F9000 X93.4 Y98.265
G0 X93.4 Y101.658
G0 X93.181 Y101.658
G1 F3000 X124.822 Y93.18 E1580.66338
G0 F9000 X124.822 Y93.4
G0 X122.035 Y93.4
G0 X122.035 Y93.18
G1 F3000 X141.82 Y112.965 E1581.59401
G0 F9000 X141.82 Y113.472
G1 F3000 X128.142 Y117.137 E1582.06499
G0 F9000 X128.36 Y117.113
G0 X128.244 Y116.112
G0 X128.022 Y116.137
G1 F3000 X141.82 Y129.935 E1582.714
G0 F9000 X141.6 Y129.935
G0 X141.6 Y132.107
G0 X141.819 Y132.107
G1 F3000 X105.568 Y141.82 E1583.96225
G0 F9000 X105.568 Y141.6
G0 X108.494 Y141.6
G0 X108.494 Y141.821
G1 F3000 X112.493 Y126.896 E1584.47616
G0 F9000 X112.405 Y127.098
G0 X113.33 Y127.497
G0 X113.418 Y127.294
G1 F3000 X93.181 Y132.716 E1585.17299
G0 F9000 X93.4 Y132.716
G0 X93.458 Y138.885
G0 X93.241 Y138.912
G1 F3000 X141.819 Y125.895 E1586.8457
G0 F9000 X141.6 Y125.895
G0 X141.6 Y133.359
G0 X141.82 Y133.359
G1 F3000 X139.613 Y141.594 E1587.12926
G0 F9000 X139.53 Y141.392
G0 X136.735 Y141.6
G0 X136.735 Y141.82
G1 F3000 X122.044 Y127.129 E1587.82028
G0 F9000 X122.154 Y127.321
G0 X119.383 Y128.18
G0 X118.4 Y128.298
G0 X118.388 Y128.077
G1 F3000 X114.706 Y141.82 E1588.2935
G0 F9000 X114.706 Y141.6
G0 X111.279 Y141.6
G0 X111.279 Y141.82
G1 F3000 X93.18 Y123.721 E1589.14482
G0 F9000 X93.4 Y123.721
G0 X93.4 Y126.505
G0 X93.181 Y126.505
G1 F3000 X108.135 Y122.498 E1589.65974
G0 F9000 X107.938 Y122.595
G0 X107.309 Y121.208
G0 X106.729 Y118.758
G0 X106.668 Y116.62
G0 X106.889 Y116.62
G1 F3000 X93.181 Y120.293 E1590.13175
G0 F9000 X93.4 Y120.293
G0 X93.4 Y107.87
G0 X93.181 Y107.87
G1 F3000 X141.413 Y94.946 E1591.79255
G0 F9000 X141.21 Y95.029
G0 X141.518 Y95.935
G0 X141.735 Y95.908
G1 F3000 X139.09 Y93.264 E1591.91694
G0 F9000 X139.062 Y93.481
G0 X139.969 Y93.789
G0 X140.053 Y93.587
G1 F3000 X127.129 Y141.821 E1593.57779
G0 F9000 X127.129 Y141.6
G0 X128.249 Y141.6
G0 X128.249 Y141.82
G1 F3000 X113.955 Y127.525 E1594.25016
G0 F9000 X113.867 Y127.729
G0 X114.39 Y127.89
G0 X116.869 Y128.326
G0 X119.383 Y128.18
G0 X121.795 Y127.458
G0 X123.975 Y126.199
G0 X125.807 Y124.471
G0 X126.694 Y123.231
G0 X126.506 Y123.107
G1 F3000 X141.82 Y138.42 E1594.97046
G1 X141.82 Y138.318
G1 X128.752 Y141.82 E1595.42044
G0 F9000 X128.752 Y141.6
G0 X133.341 Y141.6
G0 X133.341 Y141.821
G1 F3000 X141.82 Y110.175 E1596.51012
G0 F9000 X141.6 Y110.175
G0 X141.6 Y107.26
G0 X141.819 Y107.26
G1 F3000 X126.211 Y111.443 E1597.04756
G0 F9000 X126.4 Y111.32
G0 X125.919 Y110.679
G0 X123.678 Y108.56
G0 X123.567 Y108.75
G1 F3000 X127.739 Y93.179 E1597.58372
G0 F9000 X127.739 Y93.4
G0 X130.521 Y93.4
G0 X130.521 Y93.18
G1 F3000 X141.82 Y104.479 E1598.1152
G0 F9000 X141.6 Y104.479
G0 X141.6 Y101.049
G0 X141.82 Y101.049
G1 F3000 X119.515 Y107.025 E1598.88323
G0 F9000 X118.833 Y106.948
G1 F3000 X105.065 Y93.18 E1599.53083
G0 F9000 X105.065 Y93.4
G0 X109.104 Y93.4
G0 X109.104 Y93.18
G1 F3000 X96.087 Y141.759 E1601.20358
G1 F2700 E1596.20358
G0 F9000 X96.115 Y141.543
G0 X107.309 Y113.792
G0 X108.439 Y111.542
G0 X110.057 Y109.611
G0 X112.078 Y108.108
G0 X114.39 Y107.11
G0 X116.621 Y106.718
G0 X117.866 Y106.672
G0 X117.853 Y106.894
G1 F2700 E1601.20358
G1 F3000 X121.527 Y93.18 E1601.67579
G0 F9000 X121.527 Y93.4
G0 X133.951 Y93.4
G0 X133.951 Y93.18
G1 F3000 X127.954 Y115.56 E1602.44641
G0 F9000 X128.474 Y115.501
G1 F2700 E1597.44641
;MESH:NONMESH
G0 F300 X128.474 Y115.501 Z3.6
G0 F9000 X127.191 Y112.634
G0 X125.807 Y110.529
G0 X123.975 Y108.801
G0 X122.209 Y107.781
G0 X94.312 Y94.312
G0 X94.1 Y94.1
;TIME_ELAPSED:2054.796574
;LAYER:17
;TYPE:WALL-INNER
;MESH:cerchio_grande.stl
G1 F2700 E1602.44641
G1 F1500 X93.556 Y94.808 E1602.47611
G1 X93.221 Y95.613 E1602.50511
G1 X93.1 Y96.543 E1602.5363
G1 X93.1 Y138.457 E1603.93037
G1 X93.221 Y139.383 E1603.96143
G1 X93.556 Y140.188 E1603.99043
G1 X94.101 Y140.896 E1604.02015
G1 X94.808 Y141.443 E1604.04988
G1 X95.613 Y141.775 E1604.07884
G1 X96.544 Y141.9 E1604.11008
G1 X138.456 Y141.9 E1605.50408
G1 X139.383 Y141.775 E1605.53519
G1 X140.188 Y141.443 E1605.56415
G1 X140.896 Y140.896 E1605.59391
G1 X141.443 Y140.188 E1605.62367
G1 X141.775 Y139.383 E1605.65263
G1 X141.9 Y138.456 E1605.68374
G1 X141.9 Y96.544 E1607.07774
G1 X141.775 Y95.613 E1607.10898
G1 X141.443 Y94.808 E1607.13795
G1 X140.896 Y94.101 E1607.16768
G1 X140.188 Y93.556 E1607.19739
G1 X139.383 Y93.221 E1607.2264
G1 X138.457 Y93.1 E1607.25746
G1 X96.543 Y93.1 E1608.65152
G1 X95.613 Y93.221 E1608.68271
G1 X94.808 Y93.556 E1608.71171
G1 X94.1 Y94.1 E1608.74141
G0 F9000 X94.312 Y94.312
G0 X110.049 Y109.542
G0 X110.225 Y109.781
G1 F1500 X112.219 Y108.309 E1608.82384
G1 X114.459 Y107.345 E1608.90495
G1 X116.88 Y106.917 E1608.98673
G1 X119.339 Y107.052 E1609.06864
G1 X121.699 Y107.765 E1609.15063
G1 X123.826 Y108.991 E1609.23229
G1 X125.623 Y110.685 E1609.31443
G1 X126.968 Y112.741 E1609.39614
G1 X127.812 Y115.052 E1609.47797
G1 X128.1 Y117.5 E1609.55995
G1 X127.816 Y119.945 E1609.64182
G1 X126.968 Y122.259 E1609.72379
G1 X125.6 Y124.333 E1609.80643
G1 X123.826 Y126.005 E1609.88751
G1 X121.699 Y127.231 E1609.96916
G1 X119.343 Y127.943 E1610.05102
G1 X116.875 Y128.086 E1610.13325
G1 X114.459 Y127.655 E1610.21487
G1 X112.19 Y126.678 E1610.29704
G1 X110.236 Y125.22 E1610.37813
G1 X108.637 Y123.319 E1610.46075
G1 X107.536 Y121.126 E1610.54236
G1 X106.972 Y118.73 E1610.62423
G1 X106.972 Y116.266 E1610.70619
G1 X107.536 Y113.874 E1610.78792
G1 X108.634 Y111.681 E1610.8695
G1 X110.225 Y109.781 E1610.95192
G0 F9000 X110.49 Y110.086
;TYPE:WALL-OUTER
G1 F1500 X112.393 Y108.67 E1611.03081
G1 X114.574 Y107.728 E1611.10983
G1 X116.904 Y107.316 E1611.18853
G1 X119.294 Y107.456 E1611.26816
G1 X121.54 Y108.132 E1611.34617
G1 X123.573 Y109.306 E1611.42425
G1 X125.324 Y110.958 E1611.50432
G1 X126.611 Y112.921 E1611.58239
G1 X127.423 Y115.145 E1611.66114
G1 X127.7 Y117.5 E1611.74
G1 X127.426 Y119.839 E1611.81833
G1 X126.611 Y122.079 E1611.89761
G1 X125.294 Y124.074 E1611.97712
G1 X123.573 Y125.69 E1612.05564
G1 X121.54 Y126.864 E1612.13372
G1 X119.248 Y127.548 E1612.21328
G1 X116.904 Y127.684 E1612.29137
G1 X114.574 Y127.272 E1612.37007
G1 X112.406 Y126.337 E1612.4486
G1 X110.502 Y124.922 E1612.5275
G1 X108.981 Y123.109 E1612.60621
G1 X107.912 Y120.989 E1612.68518
G1 X107.369 Y118.684 E1612.76394
G1 X107.373 Y116.29 E1612.84357
G1 X107.912 Y114.011 E1612.92146
G1 X108.972 Y111.9 E1613.00002
G1 X110.49 Y110.086 E1613.0787
G1 F2700 E1608.0787
G0 F9000 X109.956 Y109.638
G0 X94.312 Y94.312
G0 X93.815 Y93.815
G1 F2700 E1613.0787
G1 F1500 X93.207 Y94.606 E1613.11188
G1 X92.831 Y95.509 E1613.14441
G1 X92.7 Y96.517 E1613.17822
G1 X92.7 Y138.483 E1614.57401
G1 X92.831 Y139.487 E1614.60769
G1 X93.207 Y140.39 E1614.64022
G1 X93.815 Y141.181 E1614.67341
G1 X94.606 Y141.793 E1614.70667
G1 X95.509 Y142.165 E1614.73915
G1 X96.518 Y142.3 E1614.77301
G1 X138.482 Y142.3 E1616.16874
G1 X139.487 Y142.165 E1616.20247
G1 X140.39 Y141.793 E1616.23495
G1 X141.181 Y141.181 E1616.26821
G1 X141.793 Y140.39 E1616.30148
G1 X142.165 Y139.487 E1616.33396
G1 X142.3 Y138.482 E1616.36769
G1 X142.3 Y96.518 E1617.76341
G1 X142.165 Y95.509 E1617.79727
G1 X141.793 Y94.606 E1617.82976
G1 X141.181 Y93.815 E1617.86302
G1 X140.39 Y93.207 E1617.8962
G1 X139.487 Y92.831 E1617.92874
G1 X138.483 Y92.7 E1617.96241
G1 X96.517 Y92.7 E1619.35821
G1 X95.509 Y92.831 E1619.39201
G1 X94.606 Y93.207 E1619.42455
G1 X93.815 Y93.815 E1619.45773
G0 F9000 X94.312 Y94.312
G0 X93.538 Y95.636
G0 X93.334 Y95.551
;TYPE:FILL
G1 F3000 X102.185 Y93.18 E1619.7625
G0 F9000 X102.746 Y93.18
G1 F3000 X93.18 Y128.882 E1620.99184
G0 F9000 X93.4 Y128.882
G0 X93.4 Y126.651
G0 X93.181 Y126.651
G1 F3000 X108.201 Y122.626 E1621.50903
G0 F9000 X108.003 Y122.724
G0 X107.402 Y121.529
G0 X107.6 Y121.431
G1 F3000 X102.136 Y141.821 E1622.21113
G0 F9000 X102.993 Y141.82
G1 F3000 X93.18 Y132.007 E1622.6727
G0 F9000 X93.18 Y132.862
G1 F3000 X113.627 Y127.384 E1623.37676
G0 F9000 X114.305 Y127.676
G1 F3000 X128.449 Y141.82 E1624.04205
G0 F9000 X129.296 Y141.82
G1 F3000 X141.818 Y138.465 E1624.47322
G0 F9000 X141.82 Y138.221
G1 F3000 X126.586 Y122.986 E1625.18981
G0 F9000 X126.774 Y123.11
G0 X126.037 Y124.231
G0 X125.851 Y124.108
G1 F3000 X141.82 Y119.829 E1625.73967
G0 F9000 X141.6 Y119.829
G0 X141.6 Y121.25
G0 X141.82 Y121.25
G1 F3000 X113.749 Y93.18 E1627.06002
G0 F9000 X113.749 Y93.4
G0 X115.17 Y93.4
G0 X115.17 Y93.18
G1 F3000 X110.878 Y109.196 E1627.61151
G0 F9000 X110.267 Y109.649
G1 F3000 X93.18 Y114.227 E1628.19987
G0 F9000 X93.18 Y115.036
G1 F3000 X119.963 Y141.82 E1629.45969
G0 F9000 X120.771 Y141.82
G1 F3000 X125.369 Y124.662 E1630.0505
G0 F9000 X125.521 Y124.824
G0 X124.13 Y126.062
G0 X122.28 Y127.248
G0 X122.17 Y127.056
G1 F3000 X136.934 Y141.82 E1630.74496
G0 F9000 X136.934 Y141.6
G0 X139.366 Y141.46
G0 X139.449 Y141.662
G1 F3000 X141.82 Y132.813 E1631.04966
G0 F9000 X141.82 Y132.253
G1 F3000 X106.114 Y141.82 E1632.27913
G0 F9000 X106.114 Y141.6
G0 X108.348 Y141.6
G0 X108.348 Y141.821
G1 F3000 X112.362 Y126.84 E1632.79498
G0 F9000 X112.274 Y127.042
G0 X114.39 Y127.89
G0 X116.869 Y128.326
G0 X118.252 Y128.306
G0 X118.24 Y128.085
G1 F3000 X114.56 Y141.821 E1633.26795
G0 F9000 X114.56 Y141.6
G0 X111.478 Y141.6
G0 X111.478 Y141.82
G1 F3000 X93.18 Y123.522 E1634.12863
G0 F9000 X93.4 Y123.522
G0 X93.4 Y120.439
G0 X93.181 Y120.439
G1 F3000 X106.888 Y116.766 E1634.60061
G0 F9000 X106.668 Y116.766
G0 X106.723 Y118.559
G0 X107.146 Y120.785
G0 X107.363 Y120.734
G1 F3000 X93.18 Y106.551 E1635.26774
G0 F9000 X93.18 Y105.699
G1 F3000 X96.534 Y93.182 E1635.69874
G0 F9000 X96.779 Y93.18
G1 F3000 X111.978 Y108.379 E1636.41366
G0 F9000 X111.848 Y108.203
G0 X114.39 Y107.11
G0 X116.621 Y106.718
G0 X117.722 Y106.664
G0 X117.709 Y106.885
G1 F3000 X121.381 Y93.18 E1636.88556
G0 F9000 X122.235 Y93.18
G1 F3000 X141.82 Y112.765 E1637.80678
G0 F9000 X141.82 Y113.618
G1 F3000 X128.159 Y117.278 E1638.27717
G0 F9000 X128.377 Y117.254
G0 X128.217 Y115.885
G0 X127.995 Y115.91
G1 F3000 X141.82 Y129.736 E1638.92748
G0 F9000 X141.6 Y129.736
G0 X141.6 Y126.041
G0 X141.819 Y126.041
G1 F3000 X93.26 Y139.053 E1640.59954
G0 F9000 X93.477 Y139.026
G0 X95.974 Y141.524
G0 X95.946 Y141.74
G1 F3000 X108.958 Y93.179 E1642.27166
G0 F9000 X108.958 Y93.4
G0 X105.264 Y93.4
G0 X105.264 Y93.18
G1 F3000 X119.044 Y106.96 E1642.91983
G0 F9000 X119.772 Y107.102
G1 F3000 X141.819 Y101.195 E1643.67898
G0 F9000 X141.6 Y101.195
G0 X141.6 Y104.28
G0 X141.82 Y104.28
G1 F3000 X130.72 Y93.18 E1644.20109
G0 F9000 X130.72 Y93.4
G0 X133.804 Y93.4
G0 X133.804 Y93.18
G1 F3000 X127.909 Y115.184 E1644.95876
G0 F9000 X128.132 Y115.159
G0 X127.191 Y112.634
G0 X126.481 Y111.445
G0 X126.293 Y111.567
G1 F3000 X141.82 Y107.406 E1645.49341
G0 F9000 X141.6 Y107.406
G0 X141.6 Y109.63
G0 X141.82 Y109.63
G1 F3000 X133.195 Y141.821 E1646.60185
G0 F9000 X133.195 Y141.6
G0 X126.983 Y141.6
G0 X126.983 Y141.82
G1 F3000 X139.922 Y93.532 E1648.26458
G0 F9000 X139.319 Y93.294
G1 F3000 X141.704 Y95.679 E1648.37676
G0 F9000 X141.468 Y95.077
G1 F3000 X93.181 Y108.016 E1650.03945
G0 F9000 X93.4 Y108.016
G0 X93.4 Y101.804
G0 X93.181 Y101.804
G1 F3000 X125.367 Y93.18 E1651.14772
G0 F9000 X125.367 Y93.4
G0 X127.593 Y93.4
G0 X127.593 Y93.18
G1 F3000 X123.441 Y108.677 E1651.68133
G0 F9000 X123.552 Y108.487
G0 X121.795 Y107.542
G0 X119.383 Y106.82
G0 X116.869 Y106.674
G0 X114.39 Y107.11
G0 X112.078 Y108.108
G0 X110.057 Y109.611
G0 X108.439 Y111.542
G0 X107.765 Y112.75
G0 X107.962 Y112.849
G1 F3000 X93.18 Y98.066 E1652.37666
G0 F9000 X93.7 Y98.066
;MESH:NONMESH
G0 F300 X93.7 Y98.066 Z3.8
G0 F9000 X94.312 Y94.312
G0 X94.1 Y94.1
;TIME_ELAPSED:2106.055242
;LAYER:18
;TYPE:WALL-INNER
;MESH:cerchio_grande.stl
G1 F1500 X93.556 Y94.808 E1652.40635
G1 X93.221 Y95.613 E1652.43535
G1 X93.1 Y96.543 E1652.46655
G1 X93.1 Y138.457 E1653.86061
G1 X93.221 Y139.383 E1653.89167
G1 X93.556 Y140.188 E1653.92067
G1 X94.101 Y140.896 E1653.95039
G1 X94.808 Y141.443 E1653.98012
G1 X95.613 Y141.775 E1654.00908
G1 X96.544 Y141.9 E1654.04033
G1 X138.456 Y141.9 E1655.43433
G1 X139.383 Y141.775 E1655.46544
G1 X140.188 Y141.443 E1655.4944
G1 X140.896 Y140.896 E1655.52416
G1 X141.443 Y140.188 E1655.55391
G1 X141.775 Y139.383 E1655.58288
G1 X141.9 Y138.456 E1655.61399
G1 X141.9 Y96.544 E1657.00799
G1 X141.775 Y95.613 E1657.03923
G1 X141.443 Y94.808 E1657.06819
G1 X140.896 Y94.101 E1657.09792
G1 X140.188 Y93.556 E1657.12764
G1 X139.383 Y93.221 E1657.15664
G1 X138.457 Y93.1 E1657.1877
G1 X96.543 Y93.1 E1658.58177
G1 X95.613 Y93.221 E1658.61296
G1 X94.808 Y93.556 E1658.64196
G1 X94.1 Y94.1 E1658.67165
G0 F9000 X94.312 Y94.312
G0 X110.049 Y109.542
G0 X110.225 Y109.781
G1 F1500 X112.219 Y108.309 E1658.75409
G1 X114.459 Y107.345 E1658.8352
G1 X116.88 Y106.917 E1658.91697
G1 X119.339 Y107.052 E1658.99888
G1 X121.699 Y107.765 E1659.08088
G1 X123.826 Y108.991 E1659.16253
G1 X125.623 Y110.685 E1659.24467
G1 X126.968 Y112.741 E1659.32639
G1 X127.812 Y115.052 E1659.40822
G1 X128.1 Y117.5 E1659.4902
G1 X127.816 Y119.945 E1659.57207
G1 X126.968 Y122.259 E1659.65404
G1 X125.6 Y124.333 E1659.73667
G1 X123.826 Y126.005 E1659.81775
G1 X121.699 Y127.231 E1659.89941
G1 X119.343 Y127.943 E1659.98127
G1 X116.875 Y128.086 E1660.06349
G1 X114.459 Y127.655 E1660.14512
G1 X112.19 Y126.678 E1660.22728
G1 X110.236 Y125.22 E1660.30837
G1 X108.637 Y123.319 E1660.39099
G1 X107.536 Y121.126 E1660.47261
G1 X106.972 Y118.73 E1660.55448
G1 X106.972 Y116.266 E1660.63643
G1 X107.536 Y113.874 E1660.71817
G1 X108.634 Y111.681 E1660.79974
G1 X110.225 Y109.781 E1660.88216
G0 F9000 X110.49 Y110.086
;TYPE:WALL-OUTER
G1 F1500 X112.393 Y108.67 E1660.96106
G1 X114.574 Y107.728 E1661.04008
G1 X116.904 Y107.316 E1661.11877
G1 X119.294 Y107.456 E1661.1984
G1 X121.54 Y108.132 E1661.27641
G1 X123.573 Y109.306 E1661.3545
G1 X125.324 Y110.958 E1661.43456
G1 X126.611 Y112.921 E1661.51263
G1 X127.423 Y115.145 E1661.59138
G1 X127.7 Y117.5 E1661.67025
G1 X127.426 Y119.839 E1661.74858
G1 X126.611 Y122.079 E1661.82786
G1 X125.294 Y124.074 E1661.90737
G1 X123.573 Y125.69 E1661.98589
G1 X121.54 Y126.864 E1662.06397
G1 X119.248 Y127.548 E1662.14352
G1 X116.904 Y127.684 E1662.22162
G1 X114.574 Y127.272 E1662.30031
G1 X112.406 Y126.337 E1662.37884
G1 X110.502 Y124.922 E1662.45774
G1 X108.981 Y123.109 E1662.53645
G1 X107.912 Y120.989 E1662.61542
G1 X107.369 Y118.684 E1662.69418
G1 X107.373 Y116.29 E1662.77381
G1 X107.912 Y114.011 E1662.8517
G1 X108.972 Y111.9 E1662.93027
G1 X110.49 Y110.086 E1663.00894
G1 F2700 E1658.00894
G0 F9000 X109.956 Y109.638
G0 X94.312 Y94.312
G0 X93.815 Y93.815
G1 F2700 E1663.00894
G1 F1500 X93.207 Y94.606 E1663.04212
G1 X92.831 Y95.509 E1663.07466
G1 X92.7 Y96.517 E1663.10846
G1 X92.7 Y138.483 E1664.50426
G1 X92.831 Y139.487 E1664.53793
G1 X93.207 Y140.39 E1664.57047
G1 X93.815 Y141.181 E1664.60365
G1 X94.606 Y141.793 E1664.63691
G1 X95.509 Y142.165 E1664.6694
G1 X96.518 Y142.3 E1664.70326
G1 X138.482 Y142.3 E1666.09898
G1 X139.487 Y142.165 E1666.13271
G1 X140.39 Y141.793 E1666.16519
G1 X141.181 Y141.181 E1666.19846
G1 X141.793 Y140.39 E1666.23172
G1 X142.165 Y139.487 E1666.2642
G1 X142.3 Y138.482 E1666.29793
G1 X142.3 Y96.518 E1667.69366
G1 X142.165 Y95.509 E1667.72752
G1 X141.793 Y94.606 E1667.76
G1 X141.181 Y93.815 E1667.79326
G1 X140.39 Y93.207 E1667.82645
G1 X139.487 Y92.831 E1667.85898
G1 X138.483 Y92.7 E1667.89266
G1 X96.517 Y92.7 E1669.28845
G1 X95.509 Y92.831 E1669.32226
G1 X94.606 Y93.207 E1669.35479
G1 X93.815 Y93.815 E1669.38798
G0 F9000 X94.312 Y94.312
G0 X93.507 Y95.738
G0 X93.289 Y95.71
;TYPE:FILL
G1 F3000 X102.733 Y93.18 E1669.71316
G1 X102.599 Y93.18
G1 X93.18 Y128.334 E1670.92363
G0 F9000 X93.4 Y128.334
G0 X93.4 Y126.798
G0 X93.181 Y126.798
G1 F3000 X108.266 Y122.756 E1671.44306
G0 F9000 X108.068 Y122.854
G0 X107.306 Y121.338
G0 X107.504 Y121.24
G1 F3000 X101.989 Y141.821 E1672.15173
G0 F9000 X101.989 Y141.6
G0 X103.194 Y141.6
G0 X103.194 Y141.82
G1 F3000 X93.18 Y131.806 E1672.62276
G0 F9000 X93.4 Y131.806
G0 X93.4 Y133.009
G0 X93.18 Y133.009
G1 F3000 X113.838 Y127.474 E1673.33408
G0 F9000 X114.588 Y127.759
G1 F3000 X128.65 Y141.82 E1673.99549
G0 F9000 X128.65 Y141.6
G0 X129.845 Y141.6
G0 X129.845 Y141.82
G1 F3000 X141.797 Y138.617 E1674.40705
G0 F9000 X141.82 Y138.02
G1 F3000 X126.665 Y122.865 E1675.11989
G0 F9000 X126.853 Y122.989
G0 X125.919 Y124.41
G0 X125.733 Y124.287
G1 F3000 X141.82 Y119.976 E1675.67383
G0 F9000 X141.6 Y119.976
G0 X141.6 Y121.05
G0 X141.82 Y121.05
G1 F3000 X113.95 Y93.18 E1676.98475
G0 F9000 X113.95 Y93.4
G0 X115.023 Y93.4
G0 X115.023 Y93.18
G1 F3000 X110.695 Y109.332 E1677.54092
G0 F9000 X110.063 Y109.851
G1 F3000 X93.18 Y114.374 E1678.12225
G0 F9000 X93.18 Y114.836
G1 F3000 X120.164 Y141.82 E1679.39149
G0 F9000 X120.624 Y141.82
G1 F3000 X125.172 Y124.847 E1679.97593
G0 F9000 X125.324 Y125.009
G0 X124.11 Y126.08
G0 X122.408 Y127.174
G0 X122.298 Y126.983
G1 F3000 X137.135 Y141.82 E1680.67382
G0 F9000 X137.135 Y141.6
G0 X139.263 Y141.492
G0 X139.29 Y141.707
G1 F3000 X141.82 Y132.264 E1680.99897
G1 X141.82 Y132.4
G1 X106.662 Y141.82 E1682.20958
G0 F9000 X106.662 Y141.6
G0 X108.201 Y141.6
G0 X108.201 Y141.821
G1 F3000 X112.23 Y126.783 E1682.72738
G0 F9000 X112.142 Y126.985
G0 X114.39 Y127.89
G0 X116.621 Y128.282
G0 X118.103 Y128.315
G0 X118.091 Y128.094
G1 F3000 X114.413 Y141.821 E1683.20005
G0 F9000 X114.413 Y141.6
G0 X111.679 Y141.6
G0 X111.679 Y141.82
G1 F3000 X93.18 Y123.321 E1684.07019
G0 F9000 X93.4 Y123.321
G0 X93.4 Y120.586
G0 X93.181 Y120.586
G1 F3000 X106.889 Y116.913 E1684.5422
G0 F9000 X106.668 Y116.913
G0 X106.723 Y118.573
G0 X107.084 Y120.523
G0 X107.301 Y120.472
G1 F3000 X93.18 Y106.35 E1685.20643
G0 F9000 X93.4 Y106.35
G0 X93.4 Y105.151
G0 X93.18 Y105.151
G1 F3000 X96.382 Y93.202 E1685.61788
G0 F9000 X96.98 Y93.18
G1 F3000 X112.093 Y108.293 E1686.32875
G0 F9000 X111.964 Y108.117
G0 X114.39 Y107.11
G0 X116.621 Y106.718
G0 X117.577 Y106.655
G0 X117.564 Y106.878
G1 F3000 X121.234 Y93.18 E1686.80041
G0 F9000 X121.234 Y93.4
G0 X122.436 Y93.4
G0 X122.436 Y93.18
G1 F3000 X141.82 Y112.564 E1687.71218
G0 F9000 X141.6 Y112.564
G0 X141.6 Y113.765
G0 X141.82 Y113.765
G1 F3000 X128.176 Y117.421 E1688.18199
G0 F9000 X128.394 Y117.397
G0 X128.191 Y115.658
G0 X127.968 Y115.683
G1 F3000 X141.82 Y129.535 E1688.83354
G0 F9000 X141.6 Y129.535
G0 X141.6 Y126.188
G0 X141.819 Y126.188
G1 F3000 X93.279 Y139.195 E1690.50495
G0 F9000 X93.495 Y139.168
G0 X95.832 Y141.506
G0 X95.804 Y141.721
G1 F3000 X108.811 Y93.179 E1692.17642
G0 F9000 X108.811 Y93.4
G0 X105.465 Y93.4
G0 X105.465 Y93.18
G1 F3000 X119.257 Y106.972 E1692.82515
G0 F9000 X120.032 Y107.179
G1 F3000 X141.82 Y101.342 E1693.57538
G0 F9000 X141.6 Y101.342
G0 X141.6 Y104.079
G0 X141.82 Y104.079
G1 F3000 X130.921 Y93.18 E1694.08803
G0 F9000 X130.921 Y93.4
G0 X133.657 Y93.4
G0 X133.657 Y93.18
G1 F3000 X127.839 Y114.895 E1694.83575
G0 F9000 X128.051 Y114.818
G0 X127.277 Y112.852
G0 X126.563 Y111.569
G0 X126.374 Y111.692
G1 F3000 X141.82 Y107.553 E1695.36761
G0 F9000 X141.6 Y107.553
G0 X141.6 Y109.082
G0 X141.82 Y109.082
G1 F3000 X133.048 Y141.821 E1696.49492
G0 F9000 X133.048 Y141.6
G0 X126.836 Y141.6
G0 X126.836 Y141.821
G1 F3000 X139.789 Y93.477 E1698.15957
G1 X139.642 Y93.415
G1 X141.583 Y95.356 E1698.25087
G1 X141.522 Y95.21
G1 X93.181 Y108.163 E1699.91541
G0 F9000 X93.4 Y108.163
G0 X93.4 Y101.951
G0 X93.181 Y101.951
G1 F3000 X125.916 Y93.18 E1701.04259
G0 F9000 X125.916 Y93.4
G0 X127.446 Y93.4
G0 X127.446 Y93.179
G1 F3000 X123.313 Y108.603 E1701.57369
G0 F9000 X123.424 Y108.413
G0 X121.795 Y107.542
G0 X119.383 Y106.82
G0 X116.869 Y106.674
G0 X114.39 Y107.11
G0 X112.078 Y108.108
G0 X110.057 Y109.611
G0 X108.601 Y111.349
G0 X107.832 Y112.616
G0 X108.03 Y112.715
G1 F3000 X93.18 Y97.865 E1702.27219
G0 F9000 X93.7 Y97.865
;MESH:NONMESH
G0 F300 X93.7 Y97.865 Z4
G0 F9000 X94.312 Y94.312
G0 X94.1 Y94.1
;TIME_ELAPSED:2157.228339
;LAYER:19
;TYPE:WALL-INNER
;MESH:cerchio_grande.stl
G1 F1500 X93.556 Y94.808 E1702.30189
G1 X93.221 Y95.613 E1702.33089
G1 X93.1 Y96.543 E1702.36208
G1 X93.1 Y138.457 E1703.75614
G1 X93.221 Y139.383 E1703.7872
G1 X93.556 Y140.188 E1703.81621
G1 X94.101 Y140.896 E1703.84592
G1 X94.808 Y141.443 E1703.87565
G1 X95.613 Y141.775 E1703.90462
G1 X96.544 Y141.9 E1703.93586
G1 X138.456 Y141.9 E1705.32986
G1 X139.383 Y141.775 E1705.36097
G1 X140.188 Y141.443 E1705.38993
G1 X140.896 Y140.896 E1705.41969
G1 X141.443 Y140.188 E1705.44945
G1 X141.775 Y139.383 E1705.47841
G1 X141.9 Y138.456 E1705.50952
G1 X141.9 Y96.544 E1706.90352
G1 X141.775 Y95.613 E1706.93476
G1 X141.443 Y94.808 E1706.96372
G1 X140.896 Y94.101 E1706.99345
G1 X140.188 Y93.556 E1707.02317
G1 X139.383 Y93.221 E1707.05217
G1 X138.457 Y93.1 E1707.08323
G1 X96.543 Y93.1 E1708.4773
G1 X95.613 Y93.221 E1708.50849
G1 X94.808 Y93.556 E1708.53749
G1 X94.1 Y94.1 E1708.56719
G0 F9000 X94.312 Y94.312
G0 X110.049 Y109.542
G0 X110.225 Y109.781
G1 F1500 X112.219 Y108.309 E1708.64962
G1 X114.459 Y107.345 E1708.73073
G1 X116.88 Y106.917 E1708.8125
G1 X119.339 Y107.052 E1708.89441
G1 X121.699 Y107.765 E1708.97641
G1 X123.826 Y108.991 E1709.05806
G1 X125.623 Y110.685 E1709.1402
G1 X126.968 Y112.741 E1709.22192
G1 X127.812 Y115.052 E1709.30375
G1 X128.1 Y117.5 E1709.38573
G1 X127.816 Y119.945 E1709.4676
G1 X126.968 Y122.259 E1709.54957
G1 X125.6 Y124.333 E1709.6322
G1 X123.826 Y126.005 E1709.71328
G1 X121.699 Y127.231 E1709.79494
G1 X119.343 Y127.943 E1709.8768
G1 X116.875 Y128.086 E1709.95902
G1 X114.459 Y127.655 E1710.04065
G1 X112.19 Y126.678 E1710.12281
G1 X110.236 Y125.22 E1710.2039
G1 X108.637 Y123.319 E1710.28652
G1 X107.536 Y121.126 E1710.36814
G1 X106.972 Y118.73 E1710.45001
G1 X106.972 Y116.266 E1710.53196
G1 X107.536 Y113.874 E1710.6137
G1 X108.634 Y111.681 E1710.69527
G1 X110.225 Y109.781 E1710.7777
G0 F9000 X110.49 Y110.086
;TYPE:WALL-OUTER
G1 F1500 X112.393 Y108.67 E1710.85659
G1 X114.574 Y107.728 E1710.93561
G1 X116.904 Y107.316 E1711.01431
G1 X119.294 Y107.456 E1711.09393
G1 X121.54 Y108.132 E1711.17195
G1 X123.573 Y109.306 E1711.25003
G1 X125.324 Y110.958 E1711.3301
G1 X126.611 Y112.921 E1711.40817
G1 X127.423 Y115.145 E1711.48691
G1 X127.7 Y117.5 E1711.56578
G1 X127.426 Y119.839 E1711.64411
G1 X126.611 Y122.079 E1711.72339
G1 X125.294 Y124.074 E1711.8029
G1 X123.573 Y125.69 E1711.88142
G1 X121.54 Y126.864 E1711.9595
G1 X119.248 Y127.548 E1712.03905
G1 X116.904 Y127.684 E1712.11715
G1 X114.574 Y127.272 E1712.19585
G1 X112.406 Y126.337 E1712.27437
G1 X110.502 Y124.922 E1712.35327
G1 X108.981 Y123.109 E1712.43198
G1 X107.912 Y120.989 E1712.51095
G1 X107.369 Y118.684 E1712.58972
G1 X107.369 Y116.312 E1712.66861
G1 X107.912 Y114.011 E1712.74724
G1 X108.972 Y111.9 E1712.82581
G1 X110.49 Y110.086 E1712.90448
G1 F2700 E1707.90448
G0 F9000 X109.956 Y109.638
G0 X94.312 Y94.312
G0 X93.815 Y93.815
G1 F2700 E1712.90448
G1 F1500 X93.207 Y94.606 E1712.93766
G1 X92.831 Y95.509 E1712.9702
G1 X92.7 Y96.517 E1713.00401
G1 X92.7 Y138.483 E1714.3998
G1 X92.831 Y139.487 E1714.43348
G1 X93.207 Y140.39 E1714.46601
G1 X93.815 Y141.181 E1714.49919
G1 X94.606 Y141.793 E1714.53246
G1 X95.509 Y142.165 E1714.56494
G1 X96.518 Y142.3 E1714.5988
G1 X138.482 Y142.3 E1715.99453
G1 X139.487 Y142.165 E1716.02825
G1 X140.39 Y141.793 E1716.06074
G1 X141.181 Y141.181 E1716.094
G1 X141.793 Y140.39 E1716.12726
G1 X142.165 Y139.487 E1716.15975
G1 X142.3 Y138.482 E1716.19347
G1 X142.3 Y96.518 E1717.5892
G1 X142.165 Y95.509 E1717.62306
G1 X141.793 Y94.606 E1717.65554
G1 X141.181 Y93.815 E1717.68881
G1 X140.39 Y93.207 E1717.72199
G1 X139.487 Y92.831 E1717.75452
G1 X138.483 Y92.7 E1717.7882
G1 X96.517 Y92.7 E1719.18399
G1 X95.509 Y92.831 E1719.2178
G1 X94.606 Y93.207 E1719.25034
G1 X93.815 Y93.815 E1719.28352
G0 F9000 X94.312 Y94.312
G0 X93.487 Y95.889
G0 X93.27 Y95.861
;TYPE:FILL
G1 F3000 X103.278 Y93.18 E1719.62812
G0 F9000 X102.453 Y93.18
G1 F3000 X93.18 Y127.789 E1720.81982
G0 F9000 X93.18 Y126.944
G1 F3000 X108.33 Y122.884 E1721.3415
G0 F9000 X108.132 Y122.982
G0 X107.208 Y121.046
G0 X107.423 Y120.996
G1 F3000 X101.843 Y141.82 E1722.05854
G0 F9000 X101.843 Y141.6
G0 X103.393 Y141.6
G0 X103.393 Y141.82
G1 F3000 X93.18 Y131.607 E1722.53893
G0 F9000 X93.4 Y131.607
G0 X93.4 Y133.155
G0 X93.181 Y133.155
G1 F3000 X114.047 Y127.564 E1723.25742
G0 F9000 X114.831 Y127.802
G1 F3000 X128.849 Y141.82 E1723.91678
G0 F9000 X128.849 Y141.6
G0 X130.39 Y141.6
G0 X130.39 Y141.82
G1 F3000 X141.777 Y138.769 E1724.30887
G0 F9000 X141.82 Y137.821
G1 F3000 X126.744 Y122.745 E1725.018
G0 F9000 X126.932 Y122.869
G0 X125.716 Y124.64
G0 X125.564 Y124.478
G1 F3000 X141.819 Y120.123 E1725.57771
G0 F9000 X141.82 Y120.85
G1 F3000 X114.15 Y93.18 E1726.87922
G0 F9000 X114.877 Y93.179
G1 F3000 X110.513 Y109.467 E1727.44007
G0 F9000 X109.905 Y110.039
G1 F3000 X93.181 Y114.52 E1728.01593
G1 X93.18 Y114.636
G1 X120.364 Y141.82 E1729.29459
G1 X120.478 Y141.821
G1 X124.977 Y125.031 E1729.87273
G0 F9000 X125.129 Y125.193
G0 X124.09 Y126.098
G0 X122.534 Y127.101
G0 X122.424 Y126.91
G1 F3000 X137.334 Y141.82 E1730.57405
G0 F9000 X137.334 Y141.6
G0 X139.111 Y141.512
G0 X139.138 Y141.728
G1 F3000 X141.82 Y131.72 E1730.91866
G0 F9000 X141.82 Y132.546
G1 F3000 X107.207 Y141.82 E1732.1105
G0 F9000 X108.055 Y141.821
G1 F3000 X112.104 Y126.711 E1732.63079
G0 F9000 X111.972 Y126.888
G0 X114.39 Y127.89
G0 X116.621 Y128.282
G0 X117.955 Y128.324
G0 X117.943 Y128.102
G1 F3000 X114.267 Y141.821 E1733.10318
G0 F9000 X114.267 Y141.6
G0 X111.878 Y141.6
G0 X111.878 Y141.82
G1 F3000 X93.18 Y123.121 E1733.9827
G0 F9000 X93.4 Y123.121
G0 X93.4 Y120.732
G0 X93.181 Y120.732
G1 F3000 X106.892 Y117.058 E1734.45482
G0 F9000 X106.668 Y117.058
G0 X106.723 Y118.588
G0 X107.022 Y120.262
G0 X107.24 Y120.211
G1 F3000 X93.18 Y106.151 E1735.11616
G0 F9000 X93.4 Y106.151
G0 X93.4 Y104.606
G0 X93.18 Y104.606
G1 F3000 X96.23 Y93.222 E1735.50815
G0 F9000 X97.179 Y93.18
G1 F3000 X112.219 Y108.219 E1736.21556
G0 F9000 X112.133 Y108.018
G0 X114.39 Y107.11
G0 X116.398 Y106.757
G0 X117.433 Y106.647
G0 X117.42 Y106.869
G1 F3000 X121.088 Y93.18 E1736.68692
G0 F9000 X121.088 Y93.4
G0 X122.635 Y93.4
G0 X122.635 Y93.18
G1 F3000 X141.82 Y112.365 E1737.58932
G0 F9000 X141.6 Y112.365
G0 X141.6 Y113.911
G0 X141.82 Y113.911
G1 F3000 X128.177 Y117.566 E1738.05909
G0 F9000 X128.394 Y117.591
G0 X128.164 Y115.431
G0 X127.94 Y115.456
G1 F3000 X141.82 Y129.335 E1738.71194
G0 F9000 X141.6 Y129.335
G0 X141.6 Y126.334
G0 X141.82 Y126.334
G1 F3000 X93.297 Y139.336 E1740.38276
G0 F9000 X93.511 Y139.301
G0 X95.692 Y141.487
G0 X95.664 Y141.702
G1 F3000 X108.665 Y93.18 E1742.05353
G0 F9000 X108.665 Y93.4
G0 X105.664 Y93.4
G0 X105.664 Y93.18
G1 F3000 X119.507 Y107.022 E1742.70464
G0 F9000 X120.29 Y107.256
G1 F3000 X141.82 Y101.487 E1743.44599
G0 F9000 X141.6 Y101.487
G0 X141.6 Y103.88
G0 X141.82 Y103.88
G1 F3000 X131.12 Y93.18 E1743.94929
G0 F9000 X131.12 Y93.4
G0 X133.512 Y93.4
G0 X133.512 Y93.179
G1 F3000 X127.755 Y114.664 E1744.68909
G0 F9000 X127.967 Y114.588
G0 X127.269 Y112.829
G0 X126.645 Y111.693
G0 X126.456 Y111.816
G1 F3000 X141.82 Y107.699 E1745.21813
G0 F9000 X141.82 Y108.537
G1 F3000 X132.902 Y141.821 E1746.36421
G0 F9000 X132.902 Y141.6
G0 X126.69 Y141.6
G0 X126.69 Y141.82
G1 F3000 X139.658 Y93.423 E1748.03068
G0 F9000 X139.984 Y93.558
G1 F3000 X141.443 Y95.017 E1748.09931
G0 F9000 X141.576 Y95.341
G1 F3000 X93.18 Y108.309 E1749.76575
G0 F9000 X93.4 Y108.309
G0 X93.4 Y102.097
G0 X93.181 Y102.097
G1 F3000 X126.461 Y93.18 E1750.91169
G0 F9000 X127.3 Y93.18
G1 F3000 X123.187 Y108.53 E1751.44025
G0 F9000 X123.298 Y108.34
G0 X121.795 Y107.542
G0 X119.383 Y106.82
G0 X116.869 Y106.674
G0 X114.39 Y107.11
G0 X112.078 Y108.108
G0 X110.057 Y109.611
G0 X108.601 Y111.349
G0 X107.899 Y112.483
G0 X108.096 Y112.582
G1 F3000 X93.18 Y97.666 E1752.14185
G0 F9000 X93.7 Y97.666
;MESH:NONMESH
G0 F300 X93.7 Y97.666 Z4.2
G0 F9000 X94.312 Y94.312
G0 X94.1 Y94.1
;TIME_ELAPSED:2208.037229
;LAYER:20
;TYPE:WALL-INNER
;MESH:cerchio_grande.stl
G1 F1500 X93.556 Y94.808 E1752.17154
G1 X93.221 Y95.613 E1752.20055
G1 X93.1 Y96.543 E1752.23174
G1 X93.1 Y138.457 E1753.6258
G1 X93.221 Y139.383 E1753.65686
G1 X93.556 Y140.188 E1753.68586
G1 X94.101 Y140.896 E1753.71558
G1 X94.808 Y141.443 E1753.74531
G1 X95.613 Y141.775 E1753.77427
G1 X96.544 Y141.9 E1753.80552
G1 X138.456 Y141.9 E1755.19952
G1 X139.383 Y141.775 E1755.23063
G1 X140.188 Y141.443 E1755.25959
G1 X140.896 Y140.896 E1755.28935
G1 X141.443 Y140.188 E1755.3191
G1 X141.775 Y139.383 E1755.34807
G1 X141.9 Y138.456 E1755.37918
G1 X141.9 Y96.544 E1756.77318
G1 X141.775 Y95.613 E1756.80442
G1 X141.443 Y94.808 E1756.83338
G1 X140.896 Y94.101 E1756.86311
G1 X140.188 Y93.556 E1756.89283
G1 X139.383 Y93.221 E1756.92183
G1 X138.457 Y93.1 E1756.95289
G1 X96.543 Y93.1 E1758.34696
G1 X95.613 Y93.221 E1758.37815
G1 X94.808 Y93.556 E1758.40715
G1 X94.1 Y94.1 E1758.43685
G0 F9000 X94.312 Y94.312
G0 X110.049 Y109.542
G0 X110.225 Y109.781
G1 F1500 X112.219 Y108.309 E1758.51928
G1 X114.459 Y107.345 E1758.60039
G1 X116.88 Y106.917 E1758.68216
G1 X119.339 Y107.052 E1758.76407
G1 X121.699 Y107.765 E1758.84607
G1 X123.826 Y108.991 E1758.92772
G1 X125.623 Y110.685 E1759.00986
G1 X126.968 Y112.741 E1759.09158
G1 X127.812 Y115.052 E1759.17341
G1 X128.1 Y117.5 E1759.25539
G1 X127.816 Y119.945 E1759.33726
G1 X126.968 Y122.259 E1759.41923
G1 X125.6 Y124.333 E1759.50186
G1 X123.826 Y126.005 E1759.58294
G1 X121.699 Y127.231 E1759.6646
G1 X119.343 Y127.943 E1759.74646
G1 X116.875 Y128.086 E1759.82868
G1 X114.459 Y127.655 E1759.91031
G1 X112.19 Y126.678 E1759.99247
G1 X110.236 Y125.22 E1760.07356
G1 X108.637 Y123.319 E1760.15618
G1 X107.536 Y121.126 E1760.2378
G1 X106.972 Y118.73 E1760.31967
G1 X106.972 Y116.266 E1760.40162
G1 X107.536 Y113.874 E1760.48336
G1 X108.634 Y111.681 E1760.56493
G1 X110.225 Y109.781 E1760.64736
G0 F9000 X110.49 Y110.086
;TYPE:WALL-OUTER
G1 F1500 X112.393 Y108.67 E1760.72625
G1 X114.574 Y107.728 E1760.80527
G1 X116.904 Y107.316 E1760.88396
G1 X119.294 Y107.456 E1760.96359
G1 X121.54 Y108.132 E1761.04161
G1 X123.573 Y109.306 E1761.11969
G1 X125.324 Y110.958 E1761.19975
G1 X126.611 Y112.921 E1761.27783
G1 X127.423 Y115.145 E1761.35657
G1 X127.7 Y117.5 E1761.43544
G1 X127.426 Y119.839 E1761.51377
G1 X126.611 Y122.079 E1761.59305
G1 X125.294 Y124.074 E1761.67256
G1 X123.573 Y125.69 E1761.75108
G1 X121.54 Y126.864 E1761.82916
G1 X119.248 Y127.548 E1761.90871
G1 X116.904 Y127.684 E1761.98681
G1 X114.574 Y127.272 E1762.0655
G1 X112.406 Y126.337 E1762.14403
G1 X110.502 Y124.922 E1762.22293
G1 X108.981 Y123.109 E1762.30164
G1 X107.912 Y120.989 E1762.38061
G1 X107.369 Y118.684 E1762.45938
G1 X107.373 Y116.29 E1762.539
G1 X107.912 Y114.011 E1762.61689
G1 X108.972 Y111.9 E1762.69546
G1 X110.49 Y110.086 E1762.77413
G1 F2700 E1757.77413
G0 F9000 X109.956 Y109.638
G0 X94.312 Y94.312
G0 X93.815 Y93.815
G1 F2700 E1762.77413
G1 F1500 X93.207 Y94.606 E1762.80731
G1 X92.831 Y95.509 E1762.83985
G1 X92.7 Y96.517 E1762.87365
G1 X92.7 Y138.483 E1764.26945
G1 X92.831 Y139.487 E1764.30313
G1 X93.207 Y140.39 E1764.33566
G1 X93.815 Y141.181 E1764.36884
G1 X94.606 Y141.793 E1764.40211
G1 X95.509 Y142.165 E1764.43459
G1 X96.518 Y142.3 E1764.46845
G1 X138.482 Y142.3 E1765.86418
G1 X139.487 Y142.165 E1765.8979
G1 X140.39 Y141.793 E1765.93038
G1 X141.181 Y141.181 E1765.96365
G1 X141.793 Y140.39 E1765.99691
G1 X142.165 Y139.487 E1766.02939
G1 X142.3 Y138.482 E1766.06312
G1 X142.3 Y96.518 E1767.45885
G1 X142.165 Y95.509 E1767.49271
G1 X141.793 Y94.606 E1767.52519
G1 X141.181 Y93.815 E1767.55845
G1 X140.39 Y93.207 E1767.59164
G1 X139.487 Y92.831 E1767.62417
G1 X138.483 Y92.7 E1767.65785
G1 X96.517 Y92.7 E1769.05364
G1 X95.509 Y92.831 E1769.08745
G1 X94.606 Y93.207 E1769.11998
G1 X93.815 Y93.815 E1769.15317
G0 F9000 X94.312 Y94.312
G0 X93.467 Y96.041
G0 X93.25 Y96.013
;TYPE:FILL
G1 F3000 X103.822 Y93.18 E1769.5172
G0 F9000 X103.822 Y93.4
G0 X102.307 Y93.4
G0 X102.307 Y93.18
G1 F3000 X93.18 Y127.243 E1770.6901
G1 X93.18 Y127.09
G1 X108.395 Y123.013 E1771.21401
G0 F9000 X108.197 Y123.111
G0 X107.139 Y120.756
G0 X107.355 Y120.705
G1 F3000 X101.697 Y141.821 E1771.94111
G0 F9000 X101.697 Y141.6
G0 X103.593 Y141.6
G0 X103.593 Y141.82
G1 F3000 X93.18 Y131.407 E1772.4309
G0 F9000 X93.4 Y131.407
G0 X93.4 Y133.301
G0 X93.181 Y133.301
G1 F3000 X114.256 Y127.654 E1773.15658
G0 F9000 X115.072 Y127.844
G1 F3000 X129.048 Y141.82 E1773.81397
G0 F9000 X129.048 Y141.6
G0 X130.935 Y141.6
G0 X130.935 Y141.82
G1 F3000 X141.756 Y138.92 E1774.18658
G0 F9000 X141.542 Y138.892
G0 X141.6 Y137.621
G0 X141.82 Y137.621
G1 F3000 X126.823 Y122.624 E1774.89199
G0 F9000 X127.012 Y122.748
G0 X125.499 Y124.844
G0 X125.347 Y124.682
G1 F3000 X141.819 Y120.269 E1775.45918
G0 F9000 X141.82 Y120.651
G1 F3000 X114.349 Y93.18 E1776.75133
G0 F9000 X114.731 Y93.18
G1 F3000 X110.33 Y109.602 E1777.3168
G0 F9000 X109.747 Y110.227
G1 F3000 X93.181 Y114.666 E1777.88723
G0 F9000 X93.18 Y114.437
G1 F3000 X120.563 Y141.82 E1779.17524
G0 F9000 X120.332 Y141.821
G1 F3000 X124.782 Y125.215 E1779.74704
G0 F9000 X124.934 Y125.377
G0 X124.157 Y126.043
G0 X122.66 Y127.029
G0 X122.55 Y126.837
G1 F3000 X137.534 Y141.82 E1780.45182
G0 F9000 X137.534 Y141.6
G0 X138.96 Y141.532
G0 X138.987 Y141.748
G1 F3000 X141.82 Y131.175 E1780.81589
G0 F9000 X141.6 Y131.175
G0 X141.6 Y132.692
G0 X141.82 Y132.692
G1 F3000 X107.751 Y141.82 E1781.98899
G1 X107.909 Y141.82
G1 X111.982 Y126.621 E1782.51235
G0 F9000 X111.85 Y126.798
G0 X114.39 Y127.89
G0 X116.621 Y128.282
G0 X117.806 Y128.332
G0 X117.794 Y128.111
G1 F3000 X114.121 Y141.821 E1782.98443
G0 F9000 X114.121 Y141.6
G0 X112.078 Y141.6
G0 X112.078 Y141.82
G1 F3000 X93.18 Y122.922 E1783.87333
G0 F9000 X93.4 Y122.922
G0 X93.4 Y120.878
G0 X93.181 Y120.878
G1 F3000 X106.89 Y117.204 E1784.34538
G0 F9000 X106.668 Y117.204
G0 X106.718 Y118.463
G0 X106.96 Y120.001
G0 X107.178 Y119.95
G1 F3000 X93.18 Y105.951 E1785.00383
G0 F9000 X93.4 Y105.951
G0 X93.4 Y104.062
G0 X93.18 Y104.062
G1 F3000 X96.079 Y93.241 E1785.37643
G0 F9000 X96.106 Y93.459
G0 X97.379 Y93.4
G0 X97.379 Y93.18
G1 F3000 X112.359 Y108.16 E1786.08104
G0 F9000 X112.273 Y107.958
G0 X114.39 Y107.11
G0 X117.289 Y106.639
G0 X117.276 Y106.862
G1 F3000 X120.942 Y93.18 E1786.55216
G0 F9000 X120.942 Y93.4
G0 X122.834 Y93.4
G0 X122.834 Y93.18
G1 F3000 X141.82 Y112.166 E1787.4452
G0 F9000 X141.6 Y112.166
G0 X141.6 Y114.057
G0 X141.819 Y114.057
G1 F3000 X128.159 Y117.717 E1787.91556
G0 F9000 X128.377 Y117.742
G0 X128.138 Y115.204
G0 X127.913 Y115.229
G1 F3000 X141.82 Y129.136 E1788.56971
G0 F9000 X141.6 Y129.136
G0 X141.6 Y126.48
G0 X141.82 Y126.48
G1 F3000 X93.343 Y139.469 E1790.23893
G0 F9000 X93.548 Y139.385
G0 X95.614 Y141.453
G0 X95.53 Y141.654
G1 F3000 X108.519 Y93.18 E1791.90806
G0 F9000 X108.519 Y93.4
G0 X105.864 Y93.4
G0 X105.864 Y93.18
G1 F3000 X119.791 Y107.107 E1792.56314
G0 F9000 X120.547 Y107.333
G1 F3000 X141.82 Y101.633 E1793.29565
G0 F9000 X141.6 Y101.633
G0 X141.6 Y103.68
G0 X141.82 Y103.68
G1 F3000 X131.32 Y93.18 E1793.78953
G0 F9000 X131.32 Y93.4
G0 X133.366 Y93.4
G0 X133.366 Y93.18
G1 F3000 X127.671 Y114.434 E1794.52138
G0 F9000 X127.883 Y114.357
G0 X127.322 Y112.961
G0 X126.726 Y111.817
G0 X126.537 Y111.94
G1 F3000 X141.82 Y107.845 E1795.04763
G1 X141.82 Y107.991
G1 X132.756 Y141.82 E1796.21247
G0 F9000 X132.756 Y141.6
G0 X126.544 Y141.6
G0 X126.544 Y141.82
G1 F3000 X139.527 Y93.368 E1797.88084
G0 F9000 X139.442 Y93.571
G0 X140.461 Y94.139
G0 X140.593 Y93.968
G1 F3000 X141.035 Y94.41 E1797.90163
G0 F9000 X140.862 Y94.541
G0 X141.428 Y95.555
G0 X141.631 Y95.472
G1 F3000 X93.181 Y108.454 E1799.56993
G0 F9000 X93.4 Y108.454
G0 X93.4 Y102.243
G0 X93.18 Y102.243
G1 F3000 X127.005 Y93.18 E1800.73464
G1 X127.154 Y93.18
G1 X123.06 Y108.457 E1801.26068
G0 F9000 X123.171 Y108.267
G0 X121.795 Y107.542
G0 X119.383 Y106.82
G0 X116.869 Y106.674
G0 X114.39 Y107.11
G0 X112.078 Y108.108
G0 X110.057 Y109.611
G0 X108.601 Y111.349
G0 X107.966 Y112.35
G0 X108.163 Y112.449
G1 F3000 X93.18 Y97.466 E1801.96544
G0 F9000 X93.7 Y97.466
;MESH:NONMESH
G0 F300 X93.7 Y97.466 Z4.4
G0 F9000 X94.312 Y94.312
G0 X94.1 Y94.1
;TIME_ELAPSED:2259.082671
;LAYER:21
;TYPE:WALL-INNER
;MESH:cerchio_grande.stl
G1 F1500 X93.556 Y94.808 E1801.99513
G1 X93.221 Y95.613 E1802.02413
G1 X93.1 Y96.543 E1802.05533
G1 X93.1 Y138.457 E1803.44939
G1 X93.221 Y139.383 E1803.48045
G1 X93.556 Y140.188 E1803.50945
G1 X94.101 Y140.896 E1803.53917
G1 X94.808 Y141.443 E1803.5689
G1 X95.613 Y141.775 E1803.59786
G1 X96.544 Y141.9 E1803.62911
G1 X138.456 Y141.9 E1805.02311
G1 X139.383 Y141.775 E1805.05422
G1 X140.188 Y141.443 E1805.08318
G1 X140.896 Y140.896 E1805.11294
G1 X141.443 Y140.188 E1805.14269
G1 X141.775 Y139.383 E1805.17166
G1 X141.9 Y138.456 E1805.20277
G1 X141.9 Y96.544 E1806.59677
G1 X141.775 Y95.613 E1806.62801
G1 X141.443 Y94.808 E1806.65697
G1 X140.896 Y94.101 E1806.6867
G1 X140.188 Y93.556 E1806.71642
G1 X139.383 Y93.221 E1806.74542
G1 X138.457 Y93.1 E1806.77648
G1 X96.543 Y93.1 E1808.17055
G1 X95.613 Y93.221 E1808.20174
G1 X94.808 Y93.556 E1808.23074
G1 X94.1 Y94.1 E1808.26044
G0 F9000 X94.312 Y94.312
G0 X110.049 Y109.542
G0 X110.225 Y109.781
G1 F1500 X112.219 Y108.309 E1808.34287
G1 X114.459 Y107.345 E1808.42398
G1 X116.88 Y106.917 E1808.50575
G1 X119.339 Y107.052 E1808.58766
G1 X121.699 Y107.765 E1808.66966
G1 X123.826 Y108.991 E1808.75131
G1 X125.623 Y110.685 E1808.83345
G1 X126.968 Y112.741 E1808.91517
G1 X127.812 Y115.052 E1808.997
G1 X128.1 Y117.5 E1809.07898
G1 X127.816 Y119.945 E1809.16085
G1 X126.968 Y122.259 E1809.24282
G1 X125.6 Y124.333 E1809.32545
G1 X123.826 Y126.005 E1809.40653
G1 X121.699 Y127.231 E1809.48819
G1 X119.343 Y127.943 E1809.57005
G1 X116.875 Y128.086 E1809.65227
G1 X114.459 Y127.655 E1809.7339
G1 X112.19 Y126.678 E1809.81606
G1 X110.236 Y125.22 E1809.89715
G1 X108.637 Y123.319 E1809.97977
G1 X107.536 Y121.126 E1810.06139
G1 X106.972 Y118.73 E1810.14326
G1 X106.972 Y116.266 E1810.22521
G1 X107.536 Y113.874 E1810.30695
G1 X108.634 Y111.681 E1810.38852
G1 X110.225 Y109.781 E1810.47094
G0 F9000 X110.49 Y110.086
;TYPE:WALL-OUTER
G1 F1500 X112.393 Y108.67 E1810.54984
G1 X114.574 Y107.728 E1810.62886
G1 X116.904 Y107.316 E1810.70755
G1 X119.294 Y107.456 E1810.78718
G1 X121.54 Y108.132 E1810.86519
G1 X123.573 Y109.306 E1810.94328
G1 X125.324 Y110.958 E1811.02334
G1 X126.611 Y112.921 E1811.10141
G1 X127.423 Y115.145 E1811.18016
G1 X127.7 Y117.5 E1811.25903
G1 X127.426 Y119.839 E1811.33736
G1 X126.611 Y122.079 E1811.41664
G1 X125.294 Y124.074 E1811.49615
G1 X123.573 Y125.69 E1811.57467
G1 X121.54 Y126.864 E1811.65275
G1 X119.248 Y127.548 E1811.7323
G1 X116.904 Y127.684 E1811.8104
G1 X114.574 Y127.272 E1811.88909
G1 X112.406 Y126.337 E1811.96762
G1 X110.502 Y124.922 E1812.04652
G1 X108.981 Y123.109 E1812.12523
G1 X107.912 Y120.989 E1812.2042
G1 X107.369 Y118.684 E1812.28296
G1 X107.373 Y116.29 E1812.36259
G1 X107.912 Y114.011 E1812.44048
G1 X108.972 Y111.9 E1812.51905
G1 X110.49 Y110.086 E1812.59772
G1 F2700 E1807.59772
G0 F9000 X109.956 Y109.638
G0 X94.312 Y94.312
G0 X93.815 Y93.815
G1 F2700 E1812.59772
G1 F1500 X93.207 Y94.606 E1812.6309
G1 X92.831 Y95.509 E1812.66344
G1 X92.7 Y96.517 E1812.69724
G1 X92.7 Y138.483 E1814.09304
G1 X92.831 Y139.487 E1814.12671
G1 X93.207 Y140.39 E1814.15925
G1 X93.815 Y141.181 E1814.19243
G1 X94.606 Y141.793 E1814.22569
G1 X95.509 Y142.165 E1814.25818
G1 X96.518 Y142.3 E1814.29204
G1 X138.482 Y142.3 E1815.68776
G1 X139.487 Y142.165 E1815.72149
G1 X140.39 Y141.793 E1815.75397
G1 X141.181 Y141.181 E1815.78724
G1 X141.793 Y140.39 E1815.8205
G1 X142.165 Y139.487 E1815.85298
G1 X142.3 Y138.482 E1815.88671
G1 X142.3 Y96.518 E1817.28244
G1 X142.165 Y95.509 E1817.3163
G1 X141.793 Y94.606 E1817.34878
G1 X141.181 Y93.815 E1817.38204
G1 X140.39 Y93.207 E1817.41523
G1 X139.487 Y92.831 E1817.44776
G1 X138.483 Y92.7 E1817.48144
G1 X96.517 Y92.7 E1818.87723
G1 X95.509 Y92.831 E1818.91104
G1 X94.606 Y93.207 E1818.94357
G1 X93.815 Y93.815 E1818.97676
G0 F9000 X94.312 Y94.312
G0 X95.954 Y93.479
G0 X95.927 Y93.261
;TYPE:FILL
G1 F3000 X93.18 Y103.513 E1819.32977
G0 F9000 X93.4 Y103.513
G0 X93.4 Y102.39
G0 X93.181 Y102.39
G1 F3000 X127.554 Y93.18 E1820.51335
G0 F9000 X127.007 Y93.18
G1 F3000 X122.933 Y108.383 E1821.03684
G0 F9000 X123.044 Y108.193
G0 X122.032 Y107.666
G0 X120.87 Y107.203
G0 X120.807 Y107.411
G1 F3000 X141.82 Y101.78 E1821.76039
G0 F9000 X141.6 Y101.78
G0 X141.6 Y103.479
G0 X141.82 Y103.479
G1 F3000 X131.52 Y93.18 E1822.24485
G0 F9000 X131.52 Y93.4
G0 X133.219 Y93.4
G0 X133.219 Y93.18
G1 F3000 X127.586 Y114.202 E1822.96871
G0 F9000 X127.872 Y114.988
G1 F3000 X141.82 Y128.935 E1823.62476
G0 F9000 X141.6 Y128.935
G0 X141.6 Y130.627
G0 X141.82 Y130.627
G1 F3000 X138.834 Y141.77 E1824.00845
G0 F9000 X138.807 Y141.552
G0 X137.735 Y141.6
G0 X137.735 Y141.82
G1 F3000 X122.677 Y126.763 E1824.71671
G0 F9000 X122.787 Y126.955
G0 X123.749 Y126.343
G0 X124.737 Y125.563
G0 X124.585 Y125.4
G1 F3000 X120.185 Y141.821 E1825.28214
G0 F9000 X120.764 Y141.82
G1 F3000 X93.18 Y114.236 E1826.57961
G0 F9000 X93.181 Y114.813
G1 F3000 X109.589 Y110.417 E1827.14459
G0 F9000 X110.142 Y109.757
G1 F3000 X114.584 Y93.179 E1827.71543
G1 X114.55 Y93.18
G1 X141.82 Y120.45 E1828.99812
G1 X141.819 Y120.416
G1 X125.13 Y124.887 E1829.57278
G0 F9000 X125.282 Y125.049
G0 X125.58 Y124.721
G0 X127.091 Y122.628
G0 X126.902 Y122.503
G1 F3000 X141.82 Y137.421 E1830.27447
G0 F9000 X141.6 Y137.421
G0 X141.522 Y139.045
G0 X141.736 Y139.073
G1 F3000 X131.484 Y141.82 E1830.62748
G0 F9000 X131.484 Y141.6
G0 X132.609 Y141.6
G0 X132.609 Y141.82
G1 F3000 X141.82 Y107.443 E1831.8112
G0 F9000 X141.82 Y107.992
G1 F3000 X126.619 Y112.065 E1832.33462
G0 F9000 X126.808 Y111.942
G0 X127.191 Y112.634
G0 X128.052 Y114.999
G0 X128.359 Y117.894
G0 X128.142 Y117.869
G1 F3000 X141.82 Y114.204 E1832.8056
G0 F9000 X141.6 Y114.204
G0 X141.6 Y111.965
G0 X141.82 Y111.965
G1 F3000 X123.035 Y93.18 E1833.68919
G0 F9000 X123.035 Y93.4
G0 X120.795 Y93.4
G0 X120.795 Y93.18
G1 F3000 X117.132 Y106.853 E1834.15999
G0 F9000 X117.145 Y106.63
G0 X118.958 Y106.784
G0 X120.139 Y106.984
G0 X120.077 Y107.192
G1 F3000 X106.065 Y93.18 E1834.81907
G0 F9000 X106.065 Y93.4
G0 X104.371 Y93.4
G0 X104.371 Y93.18
G1 F3000 X93.231 Y96.165 E1835.20266
G0 F9000 X93.447 Y96.193
G0 X93.4 Y97.265
G0 X93.18 Y97.265
G1 F3000 X108.23 Y112.315 E1835.91057
G0 F9000 X108.033 Y112.216
G0 X107.309 Y113.792
G0 X106.787 Y115.997
G0 X106.668 Y117.351
G0 X106.89 Y117.351
G1 F3000 X93.181 Y121.025 E1836.38262
G0 F9000 X93.4 Y121.025
G0 X93.4 Y122.721
G0 X93.18 Y122.721
G1 F3000 X112.279 Y141.82 E1837.28098
G0 F9000 X112.279 Y141.6
G0 X113.974 Y141.6
G0 X113.974 Y141.821
G1 F3000 X117.645 Y128.118 E1837.75282
G0 F9000 X117.657 Y128.341
G0 X117.21 Y128.332
G0 X115.277 Y128.107
G0 X115.316 Y127.887
G1 F3000 X129.249 Y141.82 E1838.40818
G0 F9000 X129.249 Y141.6
G0 X126.397 Y141.6
G0 X126.397 Y141.82
G1 F3000 X139.395 Y93.313 E1840.07845
G0 F9000 X139.31 Y93.516
G0 X141.483 Y95.688
G0 X141.685 Y95.605
G1 F3000 X93.181 Y108.601 E1841.7486
G0 F9000 X93.4 Y108.601
G0 X93.4 Y105.751
G0 X93.18 Y105.751
G1 F3000 X107.117 Y119.688 E1842.40416
G0 F9000 X107.286 Y120.414
G1 F3000 X101.55 Y141.821 E1843.14127
G0 F9000 X101.55 Y141.6
G0 X103.793 Y141.6
G0 X103.793 Y141.82
G1 F3000 X93.18 Y131.206 E1843.6405
G0 F9000 X93.4 Y131.206
G0 X93.4 Y133.448
G0 X93.181 Y133.448
G1 F3000 X114.485 Y127.74 E1844.37407
G0 F9000 X114.446 Y127.96
G0 X111.727 Y126.706
G0 X111.859 Y126.529
G1 F3000 X107.762 Y141.82 E1844.90059
G0 F9000 X108.3 Y141.82
G1 F3000 X141.82 Y132.839 E1846.05479
G0 F9000 X141.6 Y132.839
G0 X141.6 Y126.627
G0 X141.82 Y126.627
G1 F3000 X93.398 Y139.602 E1847.72213
G0 F9000 X93.619 Y140.131
G1 F3000 X94.869 Y141.381 E1847.78092
G0 F9000 X95.398 Y141.599
G1 F3000 X108.372 Y93.18 E1849.44816
G0 F9000 X108.372 Y93.4
G0 X102.16 Y93.4
G0 X102.16 Y93.18
G1 F3000 X93.18 Y126.695 E1850.60219
G0 F9000 X93.18 Y127.237
G1 F3000 X108.459 Y123.143 E1851.1283
G0 F9000 X108.262 Y123.241
G0 X107.309 Y121.208
G0 X106.729 Y118.758
G0 X106.729 Y116.242
G0 X107.309 Y113.792
G0 X108.439 Y111.542
G0 X110.057 Y109.611
G0 X112.413 Y107.898
G0 X112.499 Y108.1
G1 F3000 X97.579 Y93.18 E1851.83009
G0 F9000 X97.579 Y93.7
;MESH:NONMESH
G0 F300 X97.579 Y93.7 Z4.6
G0 F9000 X94.312 Y94.312
G0 X94.1 Y94.1
;TIME_ELAPSED:2310.101146
;LAYER:22
;TYPE:WALL-INNER
;MESH:cerchio_grande.stl
G1 F1500 X93.556 Y94.808 E1851.85979
G1 X93.221 Y95.613 E1851.88879
G1 X93.1 Y96.543 E1851.91998
G1 X93.1 Y138.457 E1853.31404
G1 X93.221 Y139.383 E1853.3451
G1 X93.556 Y140.188 E1853.37411
G1 X94.101 Y140.896 E1853.40382
G1 X94.808 Y141.443 E1853.43355
G1 X95.613 Y141.775 E1853.46252
G1 X96.544 Y141.9 E1853.49376
G1 X138.456 Y141.9 E1854.88776
G1 X139.383 Y141.775 E1854.91887
G1 X140.188 Y141.443 E1854.94783
G1 X140.896 Y140.896 E1854.97759
G1 X141.443 Y140.188 E1855.00735
G1 X141.775 Y139.383 E1855.03631
G1 X141.9 Y138.456 E1855.06742
G1 X141.9 Y96.544 E1856.46142
G1 X141.775 Y95.613 E1856.49266
G1 X141.443 Y94.808 E1856.52162
G1 X140.896 Y94.101 E1856.55135
G1 X140.188 Y93.556 E1856.58107
G1 X139.383 Y93.221 E1856.61007
G1 X138.457 Y93.1 E1856.64113
G1 X96.543 Y93.1 E1858.0352
G1 X95.613 Y93.221 E1858.06639
G1 X94.808 Y93.556 E1858.09539
G1 X94.1 Y94.1 E1858.12509
G0 F9000 X94.312 Y94.312
G0 X110.049 Y109.542
G0 X110.225 Y109.781
G1 F1500 X112.219 Y108.309 E1858.20752
G1 X114.459 Y107.345 E1858.28863
G1 X116.88 Y106.917 E1858.3704
G1 X119.339 Y107.052 E1858.45231
G1 X121.699 Y107.765 E1858.53431
G1 X123.826 Y108.991 E1858.61596
G1 X125.623 Y110.685 E1858.6981
G1 X126.968 Y112.741 E1858.77982
G1 X127.812 Y115.052 E1858.86165
G1 X128.1 Y117.5 E1858.94363
G1 X127.816 Y119.945 E1859.0255
G1 X126.968 Y122.259 E1859.10747
G1 X125.6 Y124.333 E1859.1901
G1 X123.826 Y126.005 E1859.27118
G1 X121.699 Y127.231 E1859.35284
G1 X119.343 Y127.943 E1859.4347
G1 X116.875 Y128.086 E1859.51692
G1 X114.459 Y127.655 E1859.59855
G1 X112.19 Y126.678 E1859.68071
G1 X110.236 Y125.22 E1859.7618
G1 X108.637 Y123.319 E1859.84442
G1 X107.536 Y121.126 E1859.92604
G1 X106.972 Y118.73 E1860.00791
G1 X106.972 Y116.266 E1860.08986
G1 X107.536 Y113.874 E1860.1716
G1 X108.634 Y111.681 E1860.25317
G1 X110.225 Y109.781 E1860.3356
G0 F9000 X110.49 Y110.086
;TYPE:WALL-OUTER
G1 F1500 X112.393 Y108.67 E1860.41449
G1 X114.574 Y107.728 E1860.49351
G1 X116.904 Y107.316 E1860.57221
G1 X119.294 Y107.456 E1860.65183
G1 X121.54 Y108.132 E1860.72985
G1 X123.573 Y109.306 E1860.80793
G1 X125.324 Y110.958 E1860.888
G1 X126.611 Y112.921 E1860.96607
G1 X127.423 Y115.145 E1861.04481
G1 X127.7 Y117.5 E1861.12368
G1 X127.426 Y119.839 E1861.20201
G1 X126.611 Y122.079 E1861.28129
G1 X125.294 Y124.074 E1861.3608
G1 X123.573 Y125.69 E1861.43932
G1 X121.54 Y126.864 E1861.5174
G1 X119.248 Y127.548 E1861.59695
G1 X116.904 Y127.684 E1861.67505
G1 X114.574 Y127.272 E1861.75375
G1 X112.406 Y126.337 E1861.83227
G1 X110.502 Y124.922 E1861.91117
G1 X108.981 Y123.109 E1861.98989
G1 X107.912 Y120.989 E1862.06885
G1 X107.369 Y118.684 E1862.14762
G1 X107.373 Y116.29 E1862.22724
G1 X107.912 Y114.011 E1862.30513
G1 X108.972 Y111.9 E1862.3837
G1 X110.49 Y110.086 E1862.46237
G1 F2700 E1857.46237
G0 F9000 X109.956 Y109.638
G0 X94.312 Y94.312
G0 X93.815 Y93.815
G1 F2700 E1862.46237
G1 F1500 X93.207 Y94.606 E1862.49555
G1 X92.831 Y95.509 E1862.52809
G1 X92.7 Y96.517 E1862.5619
G1 X92.7 Y138.483 E1863.95769
G1 X92.831 Y139.487 E1863.99137
G1 X93.207 Y140.39 E1864.0239
G1 X93.815 Y141.181 E1864.05708
G1 X94.606 Y141.793 E1864.09035
G1 X95.509 Y142.165 E1864.12283
G1 X96.518 Y142.3 E1864.15669
G1 X138.482 Y142.3 E1865.55242
G1 X139.487 Y142.165 E1865.58614
G1 X140.39 Y141.793 E1865.61863
G1 X141.181 Y141.181 E1865.65189
G1 X141.793 Y140.39 E1865.68515
G1 X142.165 Y139.487 E1865.71764
G1 X142.3 Y138.482 E1865.75136
G1 X142.3 Y96.518 E1867.14709
G1 X142.165 Y95.509 E1867.18095
G1 X141.793 Y94.606 E1867.21343
G1 X141.181 Y93.815 E1867.2467
G1 X140.39 Y93.207 E1867.27988
G1 X139.487 Y92.831 E1867.31241
G1 X138.483 Y92.7 E1867.34609
G1 X96.517 Y92.7 E1868.74188
G1 X95.509 Y92.831 E1868.77569
G1 X94.606 Y93.207 E1868.80822
G1 X93.815 Y93.815 E1868.84141
G0 F9000 X94.312 Y94.312
G0 X95.803 Y93.499
G0 X95.776 Y93.28
;TYPE:FILL
G1 F3000 X93.18 Y102.968 E1869.175
G0 F9000 X93.18 Y102.536
G1 F3000 X128.099 Y93.18 E1870.37738
G0 F9000 X128.099 Y93.4
G0 X126.861 Y93.4
G0 X126.861 Y93.18
G1 F3000 X122.807 Y108.309 E1870.89832
G0 F9000 X122.917 Y108.12
G0 X122.281 Y107.792
G0 X121.128 Y107.28
G0 X121.065 Y107.488
G1 F3000 X141.82 Y101.926 E1871.61299
G0 F9000 X141.6 Y101.926
G0 X141.6 Y103.28
G0 X141.82 Y103.28
G1 F3000 X131.72 Y93.18 E1872.08807
G0 F9000 X131.72 Y93.4
G0 X133.073 Y93.4
G0 X133.073 Y93.18
G1 F3000 X127.502 Y113.971 E1872.80397
G0 F9000 X127.758 Y114.674
G1 F3000 X141.82 Y128.736 E1873.4654
G0 F9000 X141.6 Y128.736
G0 X141.6 Y130.082
G0 X141.82 Y130.082
G1 F3000 X138.683 Y141.79 E1873.86855
G0 F9000 X137.934 Y141.82
G1 F3000 X122.804 Y126.69 E1874.58022
G0 F9000 X122.914 Y126.882
G0 X123.516 Y126.494
G0 X124.542 Y125.746
G0 X124.39 Y125.584
G1 F3000 X120.039 Y141.821 E1875.13932
G0 F9000 X120.963 Y141.82
G1 F3000 X93.18 Y114.037 E1876.44614
G0 F9000 X93.181 Y114.959
G1 F3000 X109.431 Y110.605 E1877.00569
G0 F9000 X109.927 Y110.013
G1 F3000 X114.438 Y93.18 E1877.58531
G0 F9000 X114.749 Y93.18
G1 F3000 X141.82 Y120.251 E1878.85865
G0 F9000 X141.82 Y120.561
G1 F3000 X124.913 Y125.091 E1879.44081
G0 F9000 X125.065 Y125.253
G0 X125.666 Y124.619
G0 X127.17 Y122.507
G0 X126.982 Y122.383
G1 F3000 X141.82 Y137.221 E1880.13874
G0 F9000 X141.6 Y137.221
G0 X141.502 Y139.196
G0 X141.716 Y139.224
G1 F3000 X132.028 Y141.82 E1880.47234
G0 F9000 X132.463 Y141.82
G1 F3000 X141.82 Y106.898 E1881.67482
G0 F9000 X141.6 Y106.898
G0 X141.6 Y108.138
G0 X141.82 Y108.138
G1 F3000 X126.7 Y112.189 E1882.19545
G0 F9000 X126.89 Y112.066
G0 X127.191 Y112.634
G0 X128.052 Y114.999
G0 X128.29 Y117.025
G0 X128.341 Y118.044
G0 X128.124 Y118.019
G1 F3000 X141.819 Y114.35 E1882.66701
G0 F9000 X141.6 Y114.35
G0 X141.6 Y111.765
G0 X141.82 Y111.765
G1 F3000 X123.235 Y93.18 E1883.54119
G0 F9000 X123.235 Y93.4
G0 X120.649 Y93.4
G0 X120.649 Y93.179
G1 F3000 X116.988 Y106.845 E1884.01175
G0 F9000 X117.001 Y106.622
G0 X119.145 Y106.8
G0 X120.423 Y107.069
G0 X120.361 Y107.277
G1 F3000 X106.264 Y93.18 E1884.67483
G0 F9000 X106.264 Y93.4
G0 X104.917 Y93.4
G0 X104.917 Y93.18
G1 F3000 X93.212 Y96.316 E1885.07787
G0 F9000 X93.18 Y97.066
G1 F3000 X108.297 Y112.183 E1885.78893
G0 F9000 X108.1 Y112.084
G0 X107.309 Y113.792
G0 X106.729 Y116.242
G0 X106.668 Y117.498
G0 X106.89 Y117.498
G1 F3000 X93.18 Y121.171 E1886.261
G0 F9000 X93.4 Y121.171
G0 X93.4 Y122.522
G0 X93.18 Y122.522
G1 F3000 X112.478 Y141.82 E1887.16872
G0 F9000 X112.478 Y141.6
G0 X113.828 Y141.6
G0 X113.828 Y141.82
G1 F3000 X117.497 Y128.127 E1887.64022
G0 F9000 X117.509 Y128.35
G0 X115.519 Y128.149
G0 X115.558 Y127.93
G1 F3000 X129.449 Y141.82 E1888.29359
G0 F9000 X129.449 Y141.6
G0 X126.251 Y141.6
G0 X126.251 Y141.821
G1 F3000 X139.256 Y93.285 E1889.96485
G0 F9000 X139.228 Y93.502
G0 X141.497 Y95.771
G0 X141.712 Y95.744
G1 F3000 X93.181 Y108.747 E1891.63593
G0 F9000 X93.4 Y108.747
G0 X93.4 Y105.551
G0 X93.18 Y105.551
G1 F3000 X107.055 Y119.427 E1892.28859
G0 F9000 X107.218 Y120.123
G1 F3000 X101.404 Y141.821 E1893.03572
G0 F9000 X101.404 Y141.6
G0 X103.993 Y141.6
G0 X103.993 Y141.82
G1 F3000 X93.18 Y131.007 E1893.54434
G0 F9000 X93.4 Y131.007
G0 X93.4 Y133.594
G0 X93.181 Y133.594
G1 F3000 X114.814 Y127.798 E1894.28923
G0 F9000 X114.775 Y128.018
G0 X112.591 Y127.106
G0 X111.605 Y126.616
G0 X111.738 Y126.438
G1 F3000 X107.616 Y141.821 E1894.81892
G0 F9000 X107.616 Y141.6
G0 X108.845 Y141.6
G0 X108.845 Y141.82
G1 F3000 X141.819 Y132.985 E1895.95432
G0 F9000 X141.6 Y132.985
G0 X141.6 Y126.773
G0 X141.82 Y126.773
G1 F3000 X93.453 Y139.733 E1897.61977
G1 X93.477 Y139.789
G1 X95.209 Y141.522 E1897.70126
G1 X95.267 Y141.545
G1 X108.226 Y93.18 E1899.36663
G0 F9000 X108.226 Y93.4
G0 X102.014 Y93.4
G0 X102.014 Y93.18
G1 F3000 X93.18 Y126.15 E1900.50189
G0 F9000 X93.4 Y126.15
G0 X93.4 Y127.382
G0 X93.181 Y127.382
G1 F3000 X108.524 Y123.271 E1901.03021
G0 F9000 X108.326 Y123.369
G0 X107.309 Y121.208
G0 X106.729 Y118.758
G0 X106.729 Y116.242
G0 X107.309 Y113.792
G0 X108.439 Y111.542
G0 X110.057 Y109.611
G0 X111.694 Y108.393
G0 X112.553 Y107.837
G0 X112.639 Y108.04
G1 F3000 X97.779 Y93.18 E1901.72917
G0 F9000 X97.779 Y93.7
;MESH:NONMESH
G0 F300 X97.779 Y93.7 Z4.8
G0 F9000 X94.312 Y94.312
G0 X94.1 Y94.1
;TIME_ELAPSED:2361.153991
;LAYER:23
;TYPE:WALL-INNER
;MESH:cerchio_grande.stl
G1 F1500 X93.556 Y94.808 E1901.75887
G1 X93.221 Y95.613 E1901.78787
G1 X93.1 Y96.543 E1901.81906
G1 X93.1 Y138.457 E1903.21313
G1 X93.221 Y139.383 E1903.24419
G1 X93.556 Y140.188 E1903.27319
G1 X94.101 Y140.896 E1903.30291
G1 X94.808 Y141.443 E1903.33264
G1 X95.613 Y141.775 E1903.3616
G1 X96.544 Y141.9 E1903.39284
G1 X138.456 Y141.9 E1904.78684
G1 X139.383 Y141.775 E1904.81795
G1 X140.188 Y141.443 E1904.84692
G1 X140.896 Y140.896 E1904.87667
G1 X141.443 Y140.188 E1904.90643
G1 X141.775 Y139.383 E1904.93539
G1 X141.9 Y138.456 E1904.9665
G1 X141.9 Y96.544 E1906.3605
G1 X141.775 Y95.613 E1906.39175
G1 X141.443 Y94.808 E1906.42071
G1 X140.896 Y94.101 E1906.45044
G1 X140.188 Y93.556 E1906.48016
G1 X139.383 Y93.221 E1906.50916
G1 X138.457 Y93.1 E1906.54022
G1 X96.543 Y93.1 E1907.93428
G1 X95.613 Y93.221 E1907.96548
G1 X94.808 Y93.556 E1907.99448
G1 X94.1 Y94.1 E1908.02417
G0 F9000 X94.312 Y94.312
G0 X110.049 Y109.542
G0 X110.225 Y109.781
G1 F1500 X112.219 Y108.309 E1908.10661
G1 X114.459 Y107.345 E1908.18772
G1 X116.88 Y106.917 E1908.26949
G1 X119.339 Y107.052 E1908.3514
G1 X121.699 Y107.765 E1908.43339
G1 X123.826 Y108.991 E1908.51505
G1 X125.623 Y110.685 E1908.59719
G1 X126.968 Y112.741 E1908.6789
G1 X127.812 Y115.052 E1908.76073
G1 X128.1 Y117.5 E1908.84272
G1 X127.816 Y119.945 E1908.92458
G1 X126.968 Y122.259 E1909.00655
G1 X125.6 Y124.333 E1909.08919
G1 X123.826 Y126.005 E1909.17027
G1 X121.699 Y127.231 E1909.25192
G1 X119.343 Y127.943 E1909.33378
G1 X116.875 Y128.086 E1909.41601
G1 X114.459 Y127.655 E1909.49763
G1 X112.19 Y126.678 E1909.5798
G1 X110.236 Y125.22 E1909.66089
G1 X108.637 Y123.319 E1909.74351
G1 X107.536 Y121.126 E1909.82512
G1 X106.972 Y118.73 E1909.90699
G1 X106.972 Y116.266 E1909.98895
G1 X107.536 Y113.874 E1910.07069
G1 X108.634 Y111.681 E1910.15226
G1 X110.225 Y109.781 E1910.23468
G0 F9000 X110.49 Y110.086
;TYPE:WALL-OUTER
G1 F1500 X112.393 Y108.67 E1910.31358
G1 X114.574 Y107.728 E1910.39259
G1 X116.904 Y107.316 E1910.47129
G1 X119.294 Y107.456 E1910.55092
G1 X121.54 Y108.132 E1910.62893
G1 X123.573 Y109.306 E1910.70701
G1 X125.324 Y110.958 E1910.78708
G1 X126.611 Y112.921 E1910.86515
G1 X127.423 Y115.145 E1910.9439
G1 X127.7 Y117.5 E1911.02277
G1 X127.426 Y119.839 E1911.10109
G1 X126.611 Y122.079 E1911.18037
G1 X125.294 Y124.074 E1911.25988
G1 X123.573 Y125.69 E1911.3384
G1 X121.54 Y126.864 E1911.41649
G1 X119.248 Y127.548 E1911.49604
G1 X116.904 Y127.684 E1911.57413
G1 X114.574 Y127.272 E1911.65283
G1 X112.406 Y126.337 E1911.73136
G1 X110.502 Y124.922 E1911.81026
G1 X108.981 Y123.109 E1911.88897
G1 X107.912 Y120.989 E1911.96794
G1 X107.369 Y118.684 E1912.0467
G1 X107.373 Y116.29 E1912.12633
G1 X107.912 Y114.011 E1912.20422
G1 X108.972 Y111.9 E1912.28278
G1 X110.49 Y110.086 E1912.36146
G1 F2700 E1907.36146
G0 F9000 X109.956 Y109.638
G0 X94.312 Y94.312
G0 X93.815 Y93.815
G1 F2700 E1912.36146
G1 F1500 X93.207 Y94.606 E1912.39464
G1 X92.831 Y95.509 E1912.42717
G1 X92.7 Y96.517 E1912.46098
G1 X92.7 Y138.483 E1913.85678
G1 X92.831 Y139.487 E1913.89045
G1 X93.207 Y140.39 E1913.92299
G1 X93.815 Y141.181 E1913.95617
G1 X94.606 Y141.793 E1913.98943
G1 X95.509 Y142.165 E1914.02191
G1 X96.518 Y142.3 E1914.05577
G1 X138.482 Y142.3 E1915.4515
G1 X139.487 Y142.165 E1915.48523
G1 X140.39 Y141.793 E1915.51771
G1 X141.181 Y141.181 E1915.55097
G1 X141.793 Y140.39 E1915.58424
G1 X142.165 Y139.487 E1915.61672
G1 X142.3 Y138.482 E1915.65045
G1 X142.3 Y96.518 E1917.04618
G1 X142.165 Y95.509 E1917.08003
G1 X141.793 Y94.606 E1917.11252
G1 X141.181 Y93.815 E1917.14578
G1 X140.39 Y93.207 E1917.17896
G1 X139.487 Y92.831 E1917.2115
G1 X138.483 Y92.7 E1917.24517
G1 X96.517 Y92.7 E1918.64097
G1 X95.509 Y92.831 E1918.67478
G1 X94.606 Y93.207 E1918.70731
G1 X93.815 Y93.815 E1918.74049
G0 F9000 X94.312 Y94.312
G0 X95.699 Y93.511
G0 X95.623 Y93.303
;TYPE:FILL
G1 F3000 X93.18 Y102.42 E1919.05442
G0 F9000 X93.18 Y102.683
G1 F3000 X128.647 Y93.18 E1920.27567
G0 F9000 X128.647 Y93.4
G0 X126.714 Y93.4
G0 X126.714 Y93.18
G1 F3000 X122.68 Y108.236 E1920.7941
G0 F9000 X122.79 Y108.047
G0 X121.387 Y107.357
G0 X121.325 Y107.565
G1 F3000 X141.82 Y102.073 E1921.49981
G0 F9000 X141.6 Y102.073
G0 X141.6 Y103.079
G0 X141.82 Y103.079
G1 F3000 X131.921 Y93.18 E1921.96543
G0 F9000 X131.921 Y93.4
G0 X132.926 Y93.4
G0 X132.926 Y93.18
G1 F3000 X127.417 Y113.739 E1922.67335
G0 F9000 X127.642 Y114.357
G1 F3000 X141.82 Y128.535 E1923.34024
G0 F9000 X141.82 Y129.533
G1 F3000 X138.53 Y141.81 E1923.76298
G0 F9000 X138.135 Y141.82
G1 F3000 X122.931 Y126.617 E1924.47811
G0 F9000 X123.041 Y126.808
G0 X124.346 Y125.932
G0 X124.193 Y125.769
G1 F3000 X119.892 Y141.821 E1925.03083
G0 F9000 X119.892 Y141.6
G0 X121.164 Y141.6
G0 X121.164 Y141.82
G1 F3000 X93.18 Y113.836 E1926.34712
G0 F9000 X93.4 Y113.836
G0 X93.4 Y115.106
G0 X93.181 Y115.106
G1 F3000 X109.272 Y110.795 E1926.90118
G0 F9000 X109.711 Y110.271
G1 F3000 X114.291 Y93.18 E1927.48968
G0 F9000 X114.95 Y93.18
G1 F3000 X141.82 Y120.05 E1928.75357
G0 F9000 X141.82 Y120.708
G1 F3000 X124.695 Y125.297 E1929.34324
G0 F9000 X124.847 Y125.459
G0 X125.711 Y124.57
G0 X127.267 Y122.332
G0 X127.053 Y122.253
G1 F3000 X141.82 Y137.02 E1930.03784
G0 F9000 X141.6 Y137.02
G0 X141.491 Y139.294
G0 X141.691 Y139.378
G1 F3000 X132.577 Y141.82 E1930.35166
G0 F9000 X132.316 Y141.82
G1 F3000 X141.82 Y106.35 E1931.57302
G0 F9000 X141.6 Y106.35
G0 X141.6 Y108.285
G0 X141.82 Y108.285
G1 F3000 X126.782 Y112.314 E1932.09082
G0 F9000 X126.972 Y112.191
G0 X127.191 Y112.634
G0 X128.052 Y114.999
G0 X128.316 Y117.25
G0 X128.324 Y118.196
G0 X128.106 Y118.171
G1 F3000 X141.819 Y114.497 E1932.563
G0 F9000 X141.6 Y114.497
G0 X141.6 Y111.564
G0 X141.82 Y111.564
G1 F3000 X123.435 Y93.18 E1933.42775
G0 F9000 X123.435 Y93.4
G0 X120.502 Y93.4
G0 X120.502 Y93.179
G1 F3000 X116.841 Y106.844 E1933.89828
G0 F9000 X116.803 Y106.624
G0 X119.125 Y106.8
G0 X120.709 Y107.155
G0 X120.647 Y107.362
G1 F3000 X106.465 Y93.18 E1934.56536
G0 F9000 X106.465 Y93.4
G0 X105.464 Y93.4
G0 X105.464 Y93.18
G1 F3000 X93.191 Y96.468 E1934.98796
G0 F9000 X93.18 Y96.865
G1 F3000 X108.363 Y112.049 E1935.70214
G0 F9000 X108.167 Y111.95
G0 X107.309 Y113.792
G0 X106.729 Y116.242
G0 X106.668 Y117.644
G0 X106.891 Y117.644
G1 F3000 X93.18 Y121.318 E1936.17426
G0 F9000 X93.4 Y121.318
G0 X93.4 Y122.321
G0 X93.18 Y122.321
G1 F3000 X112.679 Y141.82 E1937.09143
G0 F9000 X112.679 Y141.6
G0 X113.681 Y141.6
G0 X113.681 Y141.821
G1 F3000 X117.348 Y128.135 E1937.56269
G0 F9000 X117.36 Y128.358
G0 X115.763 Y128.192
G0 X115.802 Y127.973
G1 F3000 X129.649 Y141.82 E1938.21401
G0 F9000 X129.649 Y141.6
G0 X126.104 Y141.6
G0 X126.104 Y141.821
G1 F3000 X139.114 Y93.266 E1939.88592
G0 F9000 X139.086 Y93.484
G0 X141.515 Y95.913
G0 X141.73 Y95.886
G1 F3000 X93.181 Y108.894 E1941.55762
G0 F9000 X93.4 Y108.894
G0 X93.4 Y105.35
G0 X93.18 Y105.35
G1 F3000 X106.994 Y119.164 E1942.20739
G0 F9000 X107.15 Y119.83
G1 F3000 X101.257 Y141.821 E1942.96462
G0 F9000 X101.257 Y141.6
G0 X104.194 Y141.6
G0 X104.194 Y141.82
G1 F3000 X93.18 Y130.806 E1943.48269
G0 F9000 X93.4 Y130.806
G0 X93.4 Y133.741
G0 X93.181 Y133.741
G1 F3000 X115.144 Y127.856 E1944.23895
G0 F9000 X115.105 Y128.077
G0 X114.39 Y127.89
G0 X112.309 Y126.992
G0 X111.483 Y126.525
G0 X111.615 Y126.347
G1 F3000 X107.469 Y141.82 E1944.77174
G0 F9000 X107.469 Y141.6
G0 X109.393 Y141.6
G0 X109.393 Y141.82
G1 F3000 X141.819 Y133.132 E1945.88827
G0 F9000 X141.6 Y133.132
G0 X141.6 Y126.92
G0 X141.82 Y126.92
G1 F3000 X93.508 Y139.865 E1947.55182
G0 F9000 X93.333 Y139.445
G1 F3000 X95.551 Y141.662 E1947.65612
G0 F9000 X95.134 Y141.49
G1 F3000 X108.079 Y93.18 E1949.3196
G0 F9000 X108.079 Y93.4
G0 X101.867 Y93.4
G0 X101.867 Y93.18
G1 F3000 X93.18 Y125.602 E1950.436
G0 F9000 X93.4 Y125.602
G0 X93.4 Y127.529
G0 X93.181 Y127.529
G1 F3000 X108.6 Y123.398 E1950.96692
G0 F9000 X108.429 Y123.541
G0 X107.309 Y121.208
G0 X106.729 Y118.758
G0 X106.729 Y116.242
G0 X107.309 Y113.792
G0 X108.439 Y111.542
G0 X110.057 Y109.611
G0 X111.876 Y108.258
G0 X112.693 Y107.777
G0 X112.779 Y107.979
G1 F3000 X97.98 Y93.18 E1951.66302
G0 F9000 X97.98 Y93.7
;MESH:NONMESH
G0 F300 X97.98 Y93.7 Z5
G0 F9000 X94.312 Y94.312
G0 X94.1 Y94.1
;TIME_ELAPSED:2412.413544
;LAYER:24
;TYPE:WALL-INNER
;MESH:cerchio_grande.stl
G1 F1500 X93.556 Y94.808 E1951.69272
G1 X93.221 Y95.613 E1951.72172
G1 X93.1 Y96.543 E1951.75291
G1 X93.1 Y138.457 E1953.14698
G1 X93.221 Y139.383 E1953.17804
G1 X93.556 Y140.188 E1953.20704
G1 X94.101 Y140.896 E1953.23676
G1 X94.808 Y141.443 E1953.26649
G1 X95.613 Y141.775 E1953.29545
G1 X96.544 Y141.9 E1953.32669
G1 X138.456 Y141.9 E1954.72069
G1 X139.383 Y141.775 E1954.7518
G1 X140.188 Y141.443 E1954.78077
G1 X140.896 Y140.896 E1954.81052
G1 X141.443 Y140.188 E1954.84028
G1 X141.775 Y139.383 E1954.86924
G1 X141.9 Y138.456 E1954.90035
G1 X141.9 Y96.544 E1956.29435
G1 X141.775 Y95.613 E1956.3256
G1 X141.443 Y94.808 E1956.35456
G1 X140.896 Y94.101 E1956.38429
G1 X140.188 Y93.556 E1956.41401
G1 X139.383 Y93.221 E1956.44301
G1 X138.457 Y93.1 E1956.47407
G1 X96.543 Y93.1 E1957.86813
G1 X95.613 Y93.221 E1957.89932
G1 X94.808 Y93.556 E1957.92833
G1 X94.1 Y94.1 E1957.95802
G0 F9000 X94.312 Y94.312
G0 X110.049 Y109.542
G0 X110.225 Y109.781
G1 F1500 X112.219 Y108.309 E1958.04046
G1 X114.459 Y107.345 E1958.12157
G1 X116.88 Y106.917 E1958.20334
G1 X119.339 Y107.052 E1958.28525
G1 X121.699 Y107.765 E1958.36724
G1 X123.826 Y108.991 E1958.4489
G1 X125.623 Y110.685 E1958.53104
G1 X126.968 Y112.741 E1958.61275
G1 X127.812 Y115.052 E1958.69458
G1 X128.1 Y117.5 E1958.77657
G1 X127.816 Y119.945 E1958.85843
G1 X126.968 Y122.259 E1958.9404
G1 X125.6 Y124.333 E1959.02304
G1 X123.826 Y126.005 E1959.10412
G1 X121.699 Y127.231 E1959.18577
G1 X119.343 Y127.943 E1959.26763
G1 X116.875 Y128.086 E1959.34986
G1 X114.459 Y127.655 E1959.43148
G1 X112.19 Y126.678 E1959.51365
G1 X110.236 Y125.22 E1959.59474
G1 X108.637 Y123.319 E1959.67736
G1 X107.536 Y121.126 E1959.75897
G1 X106.972 Y118.73 E1959.84084
G1 X106.972 Y116.266 E1959.9228
G1 X107.536 Y113.874 E1960.00454
G1 X108.634 Y111.681 E1960.08611
G1 X110.225 Y109.781 E1960.16853
G0 F9000 X110.49 Y110.086
;TYPE:WALL-OUTER
G1 F1500 X112.393 Y108.67 E1960.24742
G1 X114.574 Y107.728 E1960.32644
G1 X116.904 Y107.316 E1960.40514
G1 X119.294 Y107.456 E1960.48477
G1 X121.54 Y108.132 E1960.56278
G1 X123.573 Y109.306 E1960.64086
G1 X125.324 Y110.958 E1960.72093
G1 X126.611 Y112.921 E1960.799
G1 X127.423 Y115.145 E1960.87775
G1 X127.7 Y117.5 E1960.95662
G1 X127.426 Y119.839 E1961.03494
G1 X126.611 Y122.079 E1961.11422
G1 X125.294 Y124.074 E1961.19373
G1 X123.573 Y125.69 E1961.27225
G1 X121.54 Y126.864 E1961.35033
G1 X119.248 Y127.548 E1961.42989
G1 X116.904 Y127.684 E1961.50798
G1 X114.574 Y127.272 E1961.58668
G1 X112.406 Y126.337 E1961.66521
G1 X110.502 Y124.922 E1961.74411
G1 X108.981 Y123.109 E1961.82282
G1 X107.912 Y120.989 E1961.90179
G1 X107.369 Y118.684 E1961.98055
G1 X107.373 Y116.29 E1962.06018
G1 X107.912 Y114.011 E1962.13807
G1 X108.972 Y111.9 E1962.21663
G1 X110.49 Y110.086 E1962.29531
G1 F2700 E1957.29531
G0 F9000 X109.956 Y109.638
G0 X94.312 Y94.312
G0 X93.815 Y93.815
G1 F2700 E1962.29531
G1 F1500 X93.207 Y94.606 E1962.32849
G1 X92.831 Y95.509 E1962.36102
G1 X92.7 Y96.517 E1962.39483
G1 X92.7 Y138.483 E1963.79063
G1 X92.831 Y139.487 E1963.8243
G1 X93.207 Y140.39 E1963.85684
G1 X93.815 Y141.181 E1963.89002
G1 X94.606 Y141.793 E1963.92328
G1 X95.509 Y142.165 E1963.95576
G1 X96.518 Y142.3 E1963.98962
G1 X138.482 Y142.3 E1965.38535
G1 X139.487 Y142.165 E1965.41908
G1 X140.39 Y141.793 E1965.45156
G1 X141.181 Y141.181 E1965.48482
G1 X141.793 Y140.39 E1965.51809
G1 X142.165 Y139.487 E1965.55057
G1 X142.3 Y138.482 E1965.5843
G1 X142.3 Y96.518 E1966.98003
G1 X142.165 Y95.509 E1967.01388
G1 X141.793 Y94.606 E1967.04637
G1 X141.181 Y93.815 E1967.07963
G1 X140.39 Y93.207 E1967.11281
G1 X139.487 Y92.831 E1967.14535
G1 X138.483 Y92.7 E1967.17902
G1 X96.517 Y92.7 E1968.57482
G1 X95.509 Y92.831 E1968.60863
G1 X94.606 Y93.207 E1968.64116
G1 X93.815 Y93.815 E1968.67434
G0 F9000 X94.312 Y94.312
G0 X95.543 Y93.577
G0 X95.458 Y93.371
;TYPE:FILL
G1 F3000 X93.18 Y101.874 E1968.96713
G0 F9000 X93.181 Y102.829
G1 F3000 X129.192 Y93.18 E1970.20711
G0 F9000 X129.192 Y93.4
G0 X126.568 Y93.4
G0 X126.568 Y93.18
G1 F3000 X122.553 Y108.163 E1970.72303
G0 F9000 X122.663 Y107.974
G0 X121.645 Y107.435
G0 X121.583 Y107.642
G1 F3000 X141.82 Y102.219 E1971.41986
G0 F9000 X141.82 Y102.88
G1 F3000 X132.12 Y93.18 E1971.87612
G0 F9000 X132.78 Y93.18
G1 F3000 X127.333 Y113.509 E1972.57611
G0 F9000 X127.527 Y114.043
G1 F3000 X141.82 Y128.336 E1973.24841
G0 F9000 X141.82 Y128.988
G1 F3000 X138.381 Y141.82 E1973.69027
G1 X138.334 Y141.82
G1 X123.058 Y126.544 E1974.4088
G0 F9000 X123.168 Y126.735
G0 X124.151 Y126.116
G0 X123.998 Y125.953
G1 F3000 X119.746 Y141.821 E1974.9552
G0 F9000 X119.746 Y141.6
G0 X121.364 Y141.6
G0 X121.364 Y141.82
G1 F3000 X93.18 Y113.636 E1976.28088
G0 F9000 X93.4 Y113.636
G0 X93.4 Y115.252
G0 X93.181 Y115.252
G1 F3000 X109.114 Y110.983 E1976.82951
G0 F9000 X109.497 Y110.527
G1 F3000 X114.145 Y93.18 E1977.42683
G0 F9000 X114.145 Y93.4
G0 X115.15 Y93.4
G0 X115.15 Y93.18
G1 F3000 X141.82 Y119.85 E1978.6813
G0 F9000 X141.6 Y119.85
G0 X141.6 Y120.854
G0 X141.82 Y120.854
G1 F3000 X124.479 Y125.501 E1979.27842
G0 F9000 X124.631 Y125.663
G0 X125.689 Y124.59
G0 X127.32 Y122.186
G0 X127.106 Y122.107
G1 F3000 X141.82 Y136.821 E1979.97052
G0 F9000 X141.6 Y136.821
G0 X141.423 Y139.458
G0 X141.623 Y139.542
G1 F3000 X133.122 Y141.82 E1980.26324
G0 F9000 X132.17 Y141.82
G1 F3000 X141.82 Y105.805 E1981.50336
G0 F9000 X141.6 Y105.805
G0 X141.6 Y108.431
G0 X141.819 Y108.431
G1 F3000 X126.863 Y112.439 E1982.01835
G0 F9000 X127.054 Y112.315
G0 X128.052 Y114.999
G0 X128.316 Y117.25
G0 X128.306 Y118.347
G0 X128.088 Y118.322
G1 F3000 X141.82 Y114.643 E1982.49118
G0 F9000 X141.6 Y114.643
G0 X141.6 Y111.365
G0 X141.82 Y111.365
G1 F3000 X123.635 Y93.18 E1983.34655
G0 F9000 X123.635 Y93.4
G0 X120.356 Y93.4
G0 X120.356 Y93.18
G1 F3000 X116.688 Y106.872 E1983.818
G0 F9000 X116.65 Y106.651
G0 X114.616 Y107.064
G0 X112.833 Y107.717
G0 X112.919 Y107.919
G1 F3000 X98.179 Y93.18 E1984.51131
G0 F9000 X98.179 Y93.4
G0 X101.721 Y93.4
G0 X101.721 Y93.179
G1 F3000 X93.18 Y125.057 E1985.60897
G0 F9000 X93.4 Y125.057
G0 X93.4 Y127.675
G0 X93.181 Y127.675
G1 F3000 X108.7 Y123.517 E1986.14334
G0 F9000 X108.529 Y123.66
G0 X109.904 Y125.216
G0 X111.361 Y126.434
G0 X111.493 Y126.257
G1 F3000 X107.323 Y141.821 E1986.67926
G0 F9000 X107.323 Y141.6
G0 X109.938 Y141.6
G0 X109.938 Y141.82
G1 F3000 X141.819 Y133.278 E1987.77702
G0 F9000 X141.6 Y133.278
G0 X141.6 Y127.066
G0 X141.82 Y127.066
G1 F3000 X93.562 Y139.997 E1989.43872
G0 F9000 X93.277 Y139.189
G1 F3000 X95.808 Y141.72 E1989.55777
G0 F9000 X95.003 Y141.436
G1 F3000 X107.933 Y93.18 E1991.21938
G0 F9000 X107.933 Y93.4
G0 X106.664 Y93.4
G0 X106.664 Y93.18
G1 F3000 X120.932 Y107.447 E1991.89048
G0 F9000 X120.994 Y107.24
G0 X119.383 Y106.82
G0 X116.869 Y106.674
G0 X114.39 Y107.11
G0 X112.078 Y108.108
G0 X110.057 Y109.611
G0 X108.233 Y111.818
G0 X108.431 Y111.917
G1 F3000 X93.18 Y96.666 E1992.60784
G1 X93.18 Y96.617
G1 X106.01 Y93.18 E1993.04962
G0 F9000 X106.01 Y93.4
G0 X93.4 Y105.151
G0 X93.18 Y105.151
G1 F3000 X106.932 Y118.904 E1993.69649
G0 F9000 X107.081 Y119.54
G1 F3000 X101.111 Y141.821 E1994.4637
G0 F9000 X101.111 Y141.6
G0 X104.393 Y141.6
G0 X104.393 Y141.82
G1 F3000 X93.18 Y130.607 E1994.99113
G0 F9000 X93.4 Y130.607
G0 X93.4 Y133.887
G0 X93.181 Y133.887
G1 F3000 X115.473 Y127.914 E1995.75872
G0 F9000 X116.045 Y128.016
G1 F3000 X129.849 Y141.82 E1996.40801
G0 F9000 X129.849 Y141.6
G0 X125.958 Y141.6
G0 X125.958 Y141.821
G1 F3000 X138.973 Y93.248 E1998.08055
G0 F9000 X138.945 Y93.465
G0 X141.534 Y96.054
G0 X141.749 Y96.027
G1 F3000 X93.181 Y109.04 E1999.7529
G0 F9000 X93.4 Y109.04
G0 X93.4 Y121.464
G0 X93.181 Y121.464
G1 F3000 X106.891 Y117.79 E2000.22499
G0 F9000 X106.668 Y117.79
G0 X93.4 Y122.122
G0 X93.18 Y122.122
G1 F3000 X112.878 Y141.82 E2001.15152
G0 F9000 X113.535 Y141.82
G1 F3000 X117.199 Y128.144 E2001.62243
G0 F9000 X117.228 Y128.667
G1 F2700 E1996.62243
;MESH:NONMESH
G0 F300 X117.228 Y128.667 Z5.2
G0 F9000 X114.39 Y127.89
G0 X112.078 Y126.892
G0 X110.057 Y125.389
G0 X108.439 Y123.458
G0 X94.312 Y94.312
G0 X94.1 Y94.1
;TIME_ELAPSED:2464.730690
;LAYER:25
;TYPE:WALL-INNER
;MESH:cerchio_grande.stl
G1 F2700 E2001.62243
G1 F1500 X93.556 Y94.808 E2001.65213
G1 X93.221 Y95.613 E2001.68113
G1 X93.1 Y96.543 E2001.71232
G1 X93.1 Y138.457 E2003.10639
G1 X93.221 Y139.383 E2003.13745
G1 X93.556 Y140.188 E2003.16645
G1 X94.101 Y140.896 E2003.19616
G1 X94.808 Y141.443 E2003.2259
G1 X95.613 Y141.775 E2003.25486
G1 X96.544 Y141.9 E2003.2861
G1 X138.456 Y141.9 E2004.6801
G1 X139.383 Y141.775 E2004.71121
G1 X140.188 Y141.443 E2004.74017
G1 X140.896 Y140.896 E2004.76993
G1 X141.443 Y140.188 E2004.79969
G1 X141.775 Y139.383 E2004.82865
G1 X141.9 Y138.456 E2004.85976
G1 X141.9 Y96.544 E2006.25376
G1 X141.775 Y95.613 E2006.285
G1 X141.443 Y94.808 E2006.31396
G1 X140.896 Y94.101 E2006.3437
G1 X140.188 Y93.556 E2006.37341
G1 X139.383 Y93.221 E2006.40241
G1 X138.457 Y93.1 E2006.43347
G1 X96.543 Y93.1 E2007.82754
G1 X95.613 Y93.221 E2007.85873
G1 X94.808 Y93.556 E2007.88773
G1 X94.1 Y94.1 E2007.91743
G0 F9000 X94.312 Y94.312
G0 X110.049 Y109.542
G0 X110.225 Y109.781
G1 F1500 X112.219 Y108.309 E2007.99986
G1 X114.459 Y107.345 E2008.08097
G1 X116.88 Y106.917 E2008.16274
G1 X119.339 Y107.052 E2008.24465
G1 X121.699 Y107.765 E2008.32665
G1 X123.826 Y108.991 E2008.40831
G1 X125.623 Y110.685 E2008.49045
G1 X126.968 Y112.741 E2008.57216
G1 X127.812 Y115.052 E2008.65399
G1 X128.1 Y117.5 E2008.73597
G1 X127.816 Y119.945 E2008.81784
G1 X126.968 Y122.259 E2008.89981
G1 X125.6 Y124.333 E2008.98245
G1 X123.826 Y126.005 E2009.06353
G1 X121.699 Y127.231 E2009.14518
G1 X119.343 Y127.943 E2009.22704
G1 X116.875 Y128.086 E2009.30927
G1 X114.459 Y127.655 E2009.39089
G1 X112.19 Y126.678 E2009.47306
G1 X110.236 Y125.22 E2009.55414
G1 X108.637 Y123.319 E2009.63677
G1 X107.536 Y121.126 E2009.71838
G1 X106.972 Y118.73 E2009.80025
G1 X106.972 Y116.266 E2009.8822
G1 X107.536 Y113.874 E2009.96394
G1 X108.634 Y111.681 E2010.04551
G1 X110.225 Y109.781 E2010.12794
G0 F9000 X110.49 Y110.086
;TYPE:WALL-OUTER
G1 F1500 X112.393 Y108.67 E2010.20683
G1 X114.574 Y107.728 E2010.28585
G1 X116.904 Y107.316 E2010.36455
G1 X119.294 Y107.456 E2010.44418
G1 X121.54 Y108.132 E2010.52219
G1 X123.573 Y109.306 E2010.60027
G1 X125.324 Y110.958 E2010.68034
G1 X126.611 Y112.921 E2010.75841
G1 X127.423 Y115.145 E2010.83716
G1 X127.7 Y117.5 E2010.91602
G1 X127.426 Y119.839 E2010.99435
G1 X126.611 Y122.079 E2011.07363
G1 X125.294 Y124.074 E2011.15314
G1 X123.573 Y125.69 E2011.23166
G1 X121.54 Y126.864 E2011.30974
G1 X119.248 Y127.548 E2011.3893
G1 X116.904 Y127.684 E2011.46739
G1 X114.574 Y127.272 E2011.54609
G1 X112.406 Y126.337 E2011.62462
G1 X110.502 Y124.922 E2011.70352
G1 X108.981 Y123.109 E2011.78223
G1 X107.912 Y120.989 E2011.8612
G1 X107.369 Y118.684 E2011.93996
G1 X107.369 Y116.312 E2012.01885
G1 X107.912 Y114.011 E2012.09749
G1 X108.972 Y111.9 E2012.17605
G1 X110.49 Y110.086 E2012.25472
G1 F2700 E2007.25472
G0 F9000 X109.956 Y109.638
G0 X94.312 Y94.312
G0 X93.815 Y93.815
G1 F2700 E2012.25472
G1 F1500 X93.207 Y94.606 E2012.28791
G1 X92.831 Y95.509 E2012.32044
G1 X92.7 Y96.517 E2012.35425
G1 X92.7 Y138.483 E2013.75004
G1 X92.831 Y139.487 E2013.78372
G1 X93.207 Y140.39 E2013.81625
G1 X93.815 Y141.181 E2013.84944
G1 X94.606 Y141.793 E2013.8827
G1 X95.509 Y142.165 E2013.91518
G1 X96.518 Y142.3 E2013.94904
G1 X138.482 Y142.3 E2015.34477
G1 X139.487 Y142.165 E2015.3785
G1 X140.39 Y141.793 E2015.41098
G1 X141.181 Y141.181 E2015.44424
G1 X141.793 Y140.39 E2015.47751
G1 X142.165 Y139.487 E2015.50999
G1 X142.3 Y138.482 E2015.54372
G1 X142.3 Y96.518 E2016.93944
G1 X142.165 Y95.509 E2016.9733
G1 X141.793 Y94.606 E2017.00578
G1 X141.181 Y93.815 E2017.03905
G1 X140.39 Y93.207 E2017.07223
G1 X139.487 Y92.831 E2017.10476
G1 X138.483 Y92.7 E2017.13844
G1 X96.517 Y92.7 E2018.53424
G1 X95.509 Y92.831 E2018.56804
G1 X94.606 Y93.207 E2018.60058
G1 X93.815 Y93.815 E2018.63376
G0 F9000 X94.312 Y94.312
G0 X95.378 Y93.646
G0 X95.294 Y93.44
;TYPE:FILL
G1 F3000 X93.18 Y101.329 E2018.90541
G0 F9000 X93.4 Y101.329
G0 X93.4 Y102.975
G0 X93.181 Y102.975
G1 F3000 X129.737 Y93.18 E2020.16415
G0 F9000 X129.737 Y93.4
G0 X132.319 Y93.4
G0 X132.319 Y93.18
G1 F3000 X141.82 Y102.68 E2020.61103
G0 F9000 X141.82 Y102.365
G1 F3000 X121.803 Y107.729 E2021.30029
G0 F9000 X121.216 Y107.532
G1 F3000 X106.864 Y93.18 E2021.97536
G0 F9000 X106.554 Y93.18
G1 F3000 X93.181 Y96.763 E2022.43584
G0 F9000 X93.189 Y96.476
G1 F3000 X108.497 Y111.784 E2023.15588
G0 F9000 X108.957 Y111.171
G1 F3000 X93.18 Y115.398 E2023.69913
G0 F9000 X93.4 Y115.398
G0 X93.4 Y113.437
G0 X93.18 Y113.437
G1 F3000 X121.563 Y141.82 E2025.03418
G0 F9000 X121.563 Y141.6
G0 X119.6 Y141.6
G0 X119.6 Y141.82
G1 F3000 X123.811 Y126.107 E2025.57524
G0 F9000 X124.262 Y125.705
G1 F3000 X141.82 Y121 E2026.17982
G0 F9000 X141.6 Y121
G0 X141.6 Y119.651
G0 X141.82 Y119.651
G1 F3000 X115.349 Y93.18 E2027.42494
G0 F9000 X115.349 Y93.4
G0 X113.999 Y93.4
G0 X113.999 Y93.18
G1 F3000 X109.282 Y110.784 E2028.0311
G0 F9000 X109.114 Y110.642
G0 X110.057 Y109.611
G0 X111.876 Y108.258
G0 X112.972 Y107.656
G0 X113.059 Y107.86
G1 F3000 X98.378 Y93.18 E2028.72163
G0 F9000 X98.378 Y93.4
G0 X101.575 Y93.4
G0 X101.575 Y93.18
G1 F3000 X93.18 Y124.512 E2029.80049
G0 F9000 X93.4 Y124.512
G0 X93.4 Y121.922
G0 X93.18 Y121.922
G1 F3000 X113.078 Y141.82 E2030.73644
G0 F9000 X113.389 Y141.821
G1 F3000 X117.051 Y128.152 E2031.2071
G0 F9000 X116.287 Y128.058
G1 F3000 X130.048 Y141.82 E2031.8544
G0 F9000 X130.048 Y141.6
G0 X132.024 Y141.6
G0 X132.024 Y141.821
G1 F3000 X141.82 Y105.26 E2033.11332
G0 F9000 X141.6 Y105.26
G0 X141.6 Y108.577
G0 X141.82 Y108.577
G1 F3000 X126.945 Y112.563 E2033.62551
G0 F9000 X127.248 Y113.279
G1 F3000 X132.634 Y93.18 E2034.3176
G0 F9000 X132.634 Y93.4
G0 X138.804 Y93.447
G0 X138.832 Y93.229
G1 F3000 X125.812 Y141.821 E2035.99078
G0 F9000 X125.812 Y141.6
G0 X133.666 Y141.6
G0 X133.666 Y141.82
G1 F3000 X141.555 Y139.706 E2036.26243
G0 F9000 X141.355 Y139.622
G0 X141.6 Y136.622
G0 X141.82 Y136.622
G1 F3000 X127.16 Y121.961 E2036.95202
G0 F9000 X127.374 Y122.04
G0 X127.984 Y120.205
G0 X128.288 Y118.498
G0 X128.071 Y118.473
G1 F3000 X141.82 Y114.789 E2037.42544
G0 F9000 X141.6 Y114.789
G0 X141.6 Y111.166
G0 X141.82 Y111.166
G1 F3000 X123.834 Y93.18 E2038.27145
G0 F9000 X123.834 Y93.4
G0 X126.422 Y93.4
G0 X126.422 Y93.179
G1 F3000 X122.427 Y108.089 E2038.78485
G0 F9000 X122.537 Y107.901
G0 X121.795 Y107.542
G0 X119.383 Y106.82
G0 X116.496 Y106.678
G0 X116.534 Y106.899
G1 F3000 X120.21 Y93.18 E2039.25724
G0 F9000 X120.21 Y93.4
G0 X107.787 Y93.4
G0 X107.787 Y93.179
G1 F3000 X94.871 Y141.382 E2040.91703
G0 F9000 X94.955 Y141.18
G0 X96.067 Y141.536
G0 X96.039 Y141.752
G1 F3000 X93.246 Y138.959 E2041.04841
G0 F9000 X93.464 Y138.932
G0 X93.821 Y140.044
G0 X93.617 Y140.128
G1 F3000 X141.819 Y127.212 E2042.70817
G0 F9000 X141.82 Y128.136
G1 F3000 X127.412 Y113.728 E2043.38588
G0 F9000 X127.626 Y113.651
G0 X128.052 Y114.999
G0 X128.345 Y117.5
G0 X128.052 Y120.001
G0 X127.191 Y122.366
G0 X125.807 Y124.471
G0 X124.158 Y126.026
G0 X123.294 Y126.662
G0 X123.184 Y126.47
G1 F3000 X138.524 Y141.81 E2044.10743
G0 F9000 X138.235 Y141.82
G1 F3000 X141.82 Y128.443 E2044.56805
G0 F9000 X141.6 Y128.443
G0 X141.6 Y133.424
G0 X141.82 Y133.424
G1 F3000 X110.483 Y141.82 E2045.64708
G0 F9000 X110.483 Y141.6
G0 X107.177 Y141.6
G0 X107.177 Y141.821
G1 F3000 X111.372 Y126.166 E2046.18614
G0 F9000 X111.239 Y126.344
G0 X110.175 Y125.484
G0 X108.629 Y123.779
G0 X108.8 Y123.636
G1 F3000 X93.181 Y127.821 E2046.72395
G0 F9000 X93.4 Y127.821
G0 X93.4 Y130.407
G0 X93.18 Y130.407
G1 F3000 X104.592 Y141.82 E2047.26076
G0 F9000 X104.592 Y141.6
G0 X100.965 Y141.6
G0 X100.965 Y141.821
G1 F3000 X107.013 Y119.25 E2048.03796
G0 F9000 X106.893 Y118.665
G1 F3000 X93.18 Y104.952 E2048.68298
G0 F9000 X93.4 Y104.952
G0 X93.4 Y109.187
G0 X93.181 Y109.187
G1 F3000 X141.769 Y96.167 E2050.35604
G1 F2700 E2045.35604
G0 F9000 X141.552 Y96.194
G0 X127.191 Y122.366
G0 X125.807 Y124.471
G0 X123.975 Y126.199
G0 X121.795 Y127.458
G0 X119.383 Y128.18
G0 X117.12 Y128.311
G0 X115.762 Y128.192
G0 X115.801 Y127.972
G1 F2700 E2050.35604
G1 F3000 X93.18 Y134.033 E2051.13495
G0 F9000 X93.4 Y134.033
G0 X93.4 Y121.61
G0 X93.181 Y121.61
G1 F3000 X106.892 Y117.936 E2051.60707
G0 F9000 X106.368 Y117.936
;MESH:NONMESH
G0 F300 X106.368 Y117.936 Z5.4
G0 F9000 X94.312 Y94.312
G0 X94.1 Y94.1
;TIME_ELAPSED:2518.051020
;LAYER:26
;TYPE:WALL-INNER
;MESH:cerchio_grande.stl
G1 F1500 X93.556 Y94.808 E2051.63677
G1 X93.221 Y95.613 E2051.66577
G1 X93.1 Y96.543 E2051.69696
G1 X93.1 Y138.457 E2053.09103
G1 X93.221 Y139.383 E2053.12209
G1 X93.556 Y140.188 E2053.15109
G1 X94.101 Y140.896 E2053.1808
G1 X94.808 Y141.443 E2053.21054
G1 X95.613 Y141.775 E2053.2395
G1 X96.544 Y141.9 E2053.27074
G1 X138.456 Y141.9 E2054.66474
G1 X139.383 Y141.775 E2054.69585
G1 X140.188 Y141.443 E2054.72481
G1 X140.896 Y140.896 E2054.75457
G1 X141.443 Y140.188 E2054.78433
G1 X141.775 Y139.383 E2054.81329
G1 X141.9 Y138.456 E2054.8444
G1 X141.9 Y96.544 E2056.2384
G1 X141.775 Y95.613 E2056.26964
G1 X141.443 Y94.808 E2056.29861
G1 X140.896 Y94.101 E2056.32834
G1 X140.188 Y93.556 E2056.35805
G1 X139.383 Y93.221 E2056.38705
G1 X138.457 Y93.1 E2056.41811
G1 X96.543 Y93.1 E2057.81218
G1 X95.613 Y93.221 E2057.84337
G1 X94.808 Y93.556 E2057.87237
G1 X94.1 Y94.1 E2057.90207
G1 F2700 E2052.90207
G0 F9000 X94.157 Y94.192
G0 X93.697 Y94.889
G0 X93.398 Y95.701
G0 X110.1 Y109.648
G0 X110.225 Y109.781
G1 F2700 E2057.90207
G1 F1500 X112.219 Y108.309 E2057.9845
G1 X114.459 Y107.345 E2058.06561
G1 X116.88 Y106.917 E2058.14738
G1 X119.339 Y107.052 E2058.22929
G1 X121.699 Y107.765 E2058.31129
G1 X123.826 Y108.991 E2058.39295
G1 X125.623 Y110.685 E2058.47509
G1 X126.968 Y112.741 E2058.5568
G1 X127.812 Y115.052 E2058.63863
G1 X128.1 Y117.5 E2058.72061
G1 X127.816 Y119.945 E2058.80248
G1 X126.968 Y122.259 E2058.88445
G1 X125.6 Y124.333 E2058.96709
G1 X123.826 Y126.005 E2059.04817
G1 X121.699 Y127.231 E2059.12982
G1 X119.343 Y127.943 E2059.21168
G1 X116.875 Y128.086 E2059.29391
G1 X114.459 Y127.655 E2059.37553
G1 X112.19 Y126.678 E2059.4577
G1 X110.236 Y125.22 E2059.53879
G1 X108.637 Y123.319 E2059.62141
G1 X107.536 Y121.126 E2059.70302
G1 X106.972 Y118.73 E2059.78489
G1 X106.972 Y116.266 E2059.86684
G1 X107.536 Y113.874 E2059.94858
G1 X108.634 Y111.681 E2060.03015
G1 X110.225 Y109.781 E2060.11258
G0 F9000 X110.49 Y110.086
;TYPE:WALL-OUTER
G1 F1500 X112.393 Y108.67 E2060.19147
G1 X114.574 Y107.728 E2060.27049
G1 X116.904 Y107.316 E2060.34919
G1 X119.294 Y107.456 E2060.42882
G1 X121.54 Y108.132 E2060.50683
G1 X123.573 Y109.306 E2060.58491
G1 X125.324 Y110.958 E2060.66498
G1 X126.611 Y112.921 E2060.74305
G1 X127.423 Y115.145 E2060.8218
G1 X127.7 Y117.5 E2060.90066
G1 X127.426 Y119.839 E2060.97899
G1 X126.611 Y122.079 E2061.05827
G1 X125.294 Y124.074 E2061.13778
G1 X123.573 Y125.69 E2061.2163
G1 X121.54 Y126.864 E2061.29438
G1 X119.248 Y127.548 E2061.37394
G1 X116.904 Y127.684 E2061.45203
G1 X114.574 Y127.272 E2061.53073
G1 X112.406 Y126.337 E2061.60926
G1 X110.502 Y124.922 E2061.68816
G1 X108.981 Y123.109 E2061.76687
G1 X107.912 Y120.989 E2061.84584
G1 X107.369 Y118.684 E2061.9246
G1 X107.373 Y116.29 E2062.00422
G1 X107.912 Y114.011 E2062.08211
G1 X108.972 Y111.9 E2062.16068
G1 X110.49 Y110.086 E2062.23935
G1 F2700 E2057.23935
G0 F9000 X110.106 Y109.766
G0 X93.416 Y95.665
G0 X93.815 Y93.815
G1 F2700 E2062.23935
G1 F1500 X93.207 Y94.606 E2062.27254
G1 X92.831 Y95.509 E2062.30507
G1 X92.7 Y96.517 E2062.33888
G1 X92.7 Y138.483 E2063.73467
G1 X92.831 Y139.487 E2063.76835
G1 X93.207 Y140.39 E2063.80088
G1 X93.815 Y141.181 E2063.83407
G1 X94.606 Y141.793 E2063.86733
G1 X95.509 Y142.165 E2063.89981
G1 X96.518 Y142.3 E2063.93367
G1 X138.482 Y142.3 E2065.3294
G1 X139.487 Y142.165 E2065.36313
G1 X140.39 Y141.793 E2065.39561
G1 X141.181 Y141.181 E2065.42887
G1 X141.793 Y140.39 E2065.46214
G1 X142.165 Y139.487 E2065.49462
G1 X142.3 Y138.482 E2065.52834
G1 X142.3 Y96.518 E2066.92407
G1 X142.165 Y95.509 E2066.95793
G1 X141.793 Y94.606 E2066.99041
G1 X141.181 Y93.815 E2067.02368
G1 X140.39 Y93.207 E2067.05686
G1 X139.487 Y92.831 E2067.08939
G1 X138.483 Y92.7 E2067.12307
G1 X96.517 Y92.7 E2068.51887
G1 X95.509 Y92.831 E2068.55267
G1 X94.606 Y93.207 E2068.58521
G1 X93.815 Y93.815 E2068.61839
G1 F2700 E2063.61839
G0 F9000 X94.157 Y94.192
G0 X93.697 Y94.889
G0 X93.398 Y95.701
G0 X110.1 Y109.648
G0 X109.982 Y109.51
;TYPE:SKIN
G1 F2700 E2068.61839
G1 F1500 X108.337 Y111.473 E2068.70357
G1 X107.196 Y113.751 E2068.78831
G1 X106.613 Y116.197 E2068.87195
G1 X106.613 Y118.772 E2068.95759
G1 X107.196 Y121.249 E2069.04223
G1 X108.328 Y123.51 E2069.12633
G1 X109.966 Y125.47 E2069.21128
G1 X112.015 Y126.994 E2069.29622
G1 X114.354 Y128 E2069.3809
G1 X116.86 Y128.444 E2069.46555
G1 X119.403 Y128.298 E2069.55027
G1 X121.836 Y127.568 E2069.63476
G1 X124.05 Y126.288 E2069.71982
G1 X125.874 Y124.566 E2069.80325
G1 X127.287 Y122.423 E2069.88862
G1 X128.17 Y120.019 E2069.9738
G1 X128.464 Y117.496 E2070.05829
G1 X128.163 Y114.965 E2070.14306
G1 X127.287 Y112.573 E2070.22779
G1 X125.908 Y110.466 E2070.31154
G1 X124.063 Y108.716 E2070.39612
G1 X121.836 Y107.424 E2070.48175
G1 X119.403 Y106.698 E2070.5662
G1 X116.856 Y106.556 E2070.65105
G1 X114.354 Y107 E2070.73556
G1 X112.02 Y107.998 E2070.81999
G1 X109.982 Y109.51 E2070.90439
G1 F2700 E2065.90439
G0 F9000 X110.156 Y109.707
G0 X93.416 Y95.665
G0 X94.355 Y94.355
G1 F2700 E2070.90439
G1 F1500 X94.99 Y93.867 E2070.93103
G1 X95.701 Y93.571 E2070.95664
G1 X96.569 Y93.46 E2070.98575
G1 X138.427 Y93.46 E2072.37795
G1 X139.291 Y93.571 E2072.40693
G1 X140.002 Y93.867 E2072.43254
G1 X140.633 Y94.351 E2072.45899
G1 X141.125 Y94.989 E2072.48579
G1 X141.421 Y95.705 E2072.51156
G1 X141.54 Y96.574 E2072.54073
G1 X141.539 Y138.418 E2073.93247
G1 X141.421 Y139.287 E2073.96163
G1 X141.125 Y140.006 E2073.9875
G1 X140.637 Y140.637 E2074.01403
G1 X140.006 Y141.125 E2074.04056
G1 X139.287 Y141.421 E2074.06642
G1 X138.422 Y141.539 E2074.09546
G1 X96.574 Y141.54 E2075.48733
G1 X95.705 Y141.421 E2075.5165
G1 X94.985 Y141.125 E2075.54239
G1 X94.359 Y140.641 E2075.56871
G1 X93.867 Y139.998 E2075.59564
G1 X93.571 Y139.291 E2075.62113
G1 X93.461 Y138.427 E2075.6501
G1 X93.46 Y96.569 E2077.0423
G1 X93.571 Y95.701 E2077.07141
G1 X93.867 Y94.99 E2077.09702
G1 X94.355 Y94.355 E2077.12366
G1 F2700 E2072.12366
G0 F9000 X94.152 Y94.199
G0 X93.697 Y94.889
G0 X93.378 Y95.655
G0 X93.261 Y96.554
G0 X93.261 Y138.446
G0 X93.378 Y139.34
G0 X93.697 Y140.107
G0 X94.117 Y140.654
G0 X94.984 Y141.407
G0 X95.16 Y140.981
G1 F2700 E2077.12366
G1 F1500 X94.016 Y139.836 E2077.17749
G0 F9000 X93.734 Y138.989
G1 F1500 X96.005 Y141.259 E2077.28429
G0 F9000 X96.65 Y141.339
G1 F1500 X93.661 Y138.35 E2077.42488
G0 F9000 X93.661 Y137.784
G1 F1500 X97.216 Y141.339 E2077.5921
G0 F9000 X97.782 Y141.339
G1 F1500 X93.661 Y137.218 E2077.78594
G0 F9000 X93.661 Y136.653
G1 F1500 X98.347 Y141.339 E2078.00635
G0 F9000 X98.913 Y141.339
G1 F1500 X93.661 Y136.087 E2078.25339
G0 F9000 X93.661 Y135.521
G1 F1500 X99.479 Y141.339 E2078.52705
G0 F9000 X100.044 Y141.339
G1 F1500 X93.661 Y134.956 E2078.82729
G0 F9000 X93.661 Y134.39
G1 F1500 X100.61 Y141.339 E2079.15415
G0 F9000 X101.176 Y141.339
G1 F1500 X93.661 Y133.824 E2079.50763
G0 F9000 X93.661 Y133.259
G1 F1500 X101.741 Y141.339 E2079.88769
G0 F9000 X102.307 Y141.339
G1 F1500 X93.661 Y132.693 E2080.29437
G0 F9000 X93.661 Y132.127
G1 F1500 X102.873 Y141.339 E2080.72768
G0 F9000 X103.438 Y141.339
G1 F1500 X93.661 Y131.561 E2081.18758
G0 F9000 X93.661 Y130.996
G1 F1500 X104.004 Y141.339 E2081.67408
G0 F9000 X104.57 Y141.339
G1 F1500 X93.661 Y130.43 E2082.18721
G0 F9000 X93.661 Y129.864
G1 F1500 X105.135 Y141.339 E2082.72693
G0 F9000 X105.701 Y141.339
G1 F1500 X93.661 Y129.299 E2083.29326
G0 F9000 X93.661 Y128.733
G1 F1500 X106.267 Y141.339 E2083.88621
G0 F9000 X106.833 Y141.339
G1 F1500 X93.661 Y128.167 E2084.50578
G0 F9000 X93.661 Y127.602
G1 F1500 X107.398 Y141.339 E2085.15192
G0 F9000 X107.964 Y141.339
G1 F1500 X93.661 Y127.036 E2085.82469
G0 F9000 X93.661 Y126.47
G1 F1500 X108.53 Y141.339 E2086.52408
G0 F9000 X109.095 Y141.339
G1 F1500 X93.661 Y125.905 E2087.25005
G0 F9000 X93.661 Y125.339
G1 F1500 X109.661 Y141.339 E2088.00264
G0 F9000 X110.227 Y141.339
G1 F1500 X93.661 Y124.773 E2088.78186
G0 F9000 X93.661 Y124.208
G1 F1500 X110.792 Y141.339 E2089.58765
G0 F9000 X111.358 Y141.339
G1 F1500 X93.661 Y123.642 E2090.42006
G0 F9000 X93.661 Y123.076
G1 F1500 X111.924 Y141.339 E2091.27909
G0 F9000 X112.489 Y141.339
G1 F1500 X93.661 Y122.51 E2092.16473
G0 F9000 X93.661 Y121.945
G1 F1500 X113.055 Y141.339 E2093.07696
G0 F9000 X113.621 Y141.339
G1 F1500 X93.661 Y121.379 E2094.01582
G0 F9000 X93.661 Y120.813
G1 F1500 X114.186 Y141.339 E2094.98128
G0 F9000 X114.752 Y141.339
G1 F1500 X93.661 Y120.248 E2095.97333
G0 F9000 X93.661 Y119.682
G1 F1500 X115.318 Y141.339 E2096.99201
G0 F9000 X115.883 Y141.339
G1 F1500 X93.661 Y119.116 E2098.03729
G0 F9000 X93.661 Y118.551
G1 F1500 X116.449 Y141.339 E2099.10917
G0 F9000 X117.015 Y141.339
G1 F1500 X93.661 Y117.985 E2100.20767
G0 F9000 X93.66 Y117.419
G1 F1500 X117.581 Y141.339 E2101.33282
G0 F9000 X118.146 Y141.339
G1 F1500 X93.66 Y116.853 E2102.48456
G0 F9000 X93.66 Y116.287
G1 F1500 X118.712 Y141.339 E2103.66293
G0 F9000 X119.278 Y141.339
G1 F1500 X93.66 Y115.722 E2104.8679
G0 F9000 X93.66 Y115.156
G1 F1500 X119.843 Y141.339 E2106.09947
G0 F9000 X120.409 Y141.339
G1 F1500 X93.66 Y114.59 E2107.35766
G0 F9000 X93.66 Y114.025
G1 F1500 X120.975 Y141.339 E2108.64245
G0 F9000 X121.54 Y141.339
G1 F1500 X93.66 Y113.459 E2109.95384
G0 F9000 X93.66 Y112.893
G1 F1500 X122.106 Y141.339 E2111.29185
G0 F9000 X122.672 Y141.339
G1 F1500 X93.66 Y112.327 E2112.65649
G0 F9000 X93.66 Y111.762
G1 F1500 X123.237 Y141.339 E2114.0477
G0 F9000 X123.803 Y141.339
G1 F1500 X93.66 Y111.196 E2115.46553
G0 F9000 X93.66 Y110.63
G1 F1500 X124.369 Y141.339 E2116.90999
G0 F9000 X124.934 Y141.339
G1 F1500 X93.66 Y110.065 E2118.38102
G0 F9000 X93.66 Y109.499
G1 F1500 X125.5 Y141.339 E2119.87868
G0 F9000 X126.066 Y141.339
G1 F1500 X111.834 Y127.107 E2120.54811
G0 F9000 X112.108 Y126.74
G0 X113.054 Y127.16
G0 X112.873 Y127.58
G1 F1500 X126.632 Y141.339 E2121.19529
G0 F9000 X127.197 Y141.339
G1 F1500 X113.865 Y128.007 E2121.82239
G0 F9000 X114.685 Y128.261
G1 F1500 X127.763 Y141.339 E2122.43754
G0 F9000 X128.329 Y141.339
G1 F1500 X115.372 Y128.382 E2123.04699
G0 F9000 X116.06 Y128.505
G1 F1500 X128.894 Y141.339 E2123.65067
G0 F9000 X129.46 Y141.339
G1 F1500 X116.747 Y128.626 E2124.24865
G0 F9000 X117.305 Y128.618
G1 F1500 X130.026 Y141.339 E2124.847
G0 F9000 X130.591 Y141.339
G1 F1500 X117.84 Y128.588 E2125.44677
G0 F9000 X118.375 Y128.557
G1 F1500 X131.157 Y141.339 E2126.048
G0 F9000 X131.723 Y141.339
G1 F1500 X118.91 Y128.527 E2126.65066
G0 F9000 X119.444 Y128.495
G1 F1500 X132.288 Y141.339 E2127.2548
G0 F9000 X132.854 Y141.339
G1 F1500 X119.879 Y128.364 E2127.8651
G0 F9000 X120.314 Y128.233
G1 F1500 X133.42 Y141.339 E2128.48157
G0 F9000 X133.985 Y141.339
G1 F1500 X120.749 Y128.103 E2129.10415
G0 F9000 X121.184 Y127.972
G1 F1500 X134.551 Y141.339 E2129.73289
G0 F9000 X135.117 Y141.339
G1 F1500 X121.62 Y127.842 E2130.36775
G0 F9000 X122.03 Y127.687
G1 F1500 X135.682 Y141.339 E2131.0099
G0 F9000 X136.248 Y141.339
G1 F1500 X122.388 Y127.479 E2131.66183
G0 F9000 X122.747 Y127.272
G1 F1500 X136.814 Y141.339 E2132.3235
G0 F9000 X137.38 Y141.339
G1 F1500 X123.104 Y127.064 E2132.99498
G0 F9000 X123.463 Y126.857
G1 F1500 X137.945 Y141.339 E2133.67616
G0 F9000 X138.498 Y141.327
G1 F1500 X123.821 Y126.649 E2134.36655
G0 F9000 X124.179 Y126.441
G1 F1500 X138.996 Y141.259 E2135.06352
G0 F9000 X139.442 Y141.139
G1 F1500 X124.469 Y126.166 E2135.7678
G0 F9000 X124.761 Y125.892
G1 F1500 X139.843 Y140.974 E2136.47721
G0 F9000 X140.175 Y140.74
G1 F1500 X125.051 Y125.617 E2137.18858
G0 F9000 X125.342 Y125.342
G1 F1500 X140.494 Y140.494 E2137.90128
G0 F9000 X140.74 Y140.175
G1 F1500 X125.633 Y125.067 E2138.61189
G0 F9000 X125.924 Y124.792
G1 F1500 X140.974 Y139.843 E2139.31982
G0 F9000 X141.139 Y139.442
G1 F1500 X126.173 Y124.476 E2140.02378
G0 F9000 X126.398 Y124.135
G1 F1500 X141.258 Y138.995 E2140.72274
G0 F9000 X141.326 Y138.497
G1 F1500 X126.624 Y123.795 E2141.41428
G0 F9000 X126.849 Y123.454
G1 F1500 X141.339 Y137.945 E2142.09587
G0 F9000 X141.339 Y137.379
G1 F1500 X127.073 Y123.114 E2142.76688
G0 F9000 X127.299 Y122.774
G1 F1500 X141.339 Y136.813 E2143.42725
G0 F9000 X141.339 Y136.247
G1 F1500 X127.506 Y122.415 E2144.07789
G0 F9000 X127.658 Y122.001
G1 F1500 X141.339 Y135.682 E2144.7214
G0 F9000 X141.339 Y135.116
G1 F1500 X127.808 Y121.586 E2145.35783
G0 F9000 X127.959 Y121.171
G1 F1500 X141.339 Y134.55 E2145.98717
G0 F9000 X141.339 Y133.985
G1 F1500 X128.111 Y120.757 E2146.60937
G0 F9000 X128.262 Y120.343
G1 F1500 X141.339 Y133.419 E2147.22445
G0 F9000 X141.339 Y132.853
G1 F1500 X128.386 Y119.901 E2147.83369
G0 F9000 X128.445 Y119.394
G1 F1500 X141.339 Y132.288 E2148.44019
G0 F9000 X141.339 Y131.722
G1 F1500 X128.505 Y118.888 E2149.04386
G0 F9000 X128.564 Y118.382
G1 F1500 X141.339 Y131.156 E2149.64473
G0 F9000 X141.339 Y130.591
G1 F1500 X128.623 Y117.875 E2150.24286
G0 F9000 X128.649 Y117.335
G1 F1500 X141.339 Y130.025 E2150.83975
G0 F9000 X141.339 Y129.459
G1 F1500 X128.572 Y116.692 E2151.44027
G0 F9000 X128.495 Y116.05
G1 F1500 X141.339 Y128.894 E2152.04442
G0 F9000 X141.339 Y128.328
G1 F1500 X128.418 Y115.407 E2152.65218
G0 F9000 X128.278 Y114.702
G1 F1500 X141.339 Y127.762 E2153.26651
G0 F9000 X141.339 Y127.196
G1 F1500 X127.952 Y113.81 E2153.89617
G0 F9000 X127.626 Y112.918
G1 F1500 X141.339 Y126.631 E2154.54118
G0 F9000 X141.339 Y126.065
G1 F1500 X126.911 Y111.637 E2155.21983
G0 F9000 X126.528 Y111.887
G0 X125.498 Y110.788
G0 X124.498 Y109.844
G0 X122.615 Y108.175
G0 X123.341 Y108.068
G1 F1500 X108.934 Y93.661 E2155.89749
G0 F9000 X108.368 Y93.661
G1 F1500 X121.991 Y107.284 E2156.53828
G0 F9000 X121.154 Y107.011
G1 F1500 X107.803 Y93.661 E2157.16624
G0 F9000 X107.237 Y93.661
G1 F1500 X120.347 Y106.771 E2157.7829
G0 F9000 X119.541 Y106.53
G1 F1500 X106.671 Y93.661 E2158.38824
G0 F9000 X106.106 Y93.661
G1 F1500 X118.916 Y106.47 E2158.99076
G0 F9000 X118.317 Y106.437
G1 F1500 X105.54 Y93.661 E2159.59173
G0 F9000 X104.974 Y93.661
G1 F1500 X117.718 Y106.404 E2160.19114
G0 F9000 X117.119 Y106.371
G1 F1500 X104.409 Y93.661 E2160.78898
G0 F9000 X103.843 Y93.661
G1 F1500 X116.584 Y106.402 E2161.38828
G0 F9000 X116.103 Y106.487
G1 F1500 X103.277 Y93.661 E2161.99158
G0 F9000 X102.712 Y93.661
G1 F1500 X115.623 Y106.572 E2162.59887
G0 F9000 X115.142 Y106.657
G1 F1500 X102.146 Y93.661 E2163.21016
G0 F9000 X101.58 Y93.661
G1 F1500 X114.662 Y106.743 E2163.8255
G0 F9000 X114.202 Y106.848
G1 F1500 X101.014 Y93.661 E2164.4458
G0 F9000 X100.449 Y93.661
G1 F1500 X113.805 Y107.017 E2165.07402
G0 F9000 X113.409 Y107.186
G1 F1500 X99.883 Y93.661 E2165.71022
G0 F9000 X99.317 Y93.661
G1 F1500 X113.013 Y107.356 E2166.35442
G0 F9000 X112.616 Y107.525
G1 F1500 X98.752 Y93.661 E2167.00654
G0 F9000 X98.186 Y93.661
G1 F1500 X112.219 Y107.694 E2167.66661
G0 F9000 X111.84 Y107.88
G1 F1500 X97.62 Y93.661 E2168.33545
G0 F9000 X97.055 Y93.661
G1 F1500 X111.515 Y108.121 E2169.0156
G0 F9000 X111.19 Y108.362
G1 F1500 X96.5 Y93.672 E2169.70657
G0 F9000 X95.998 Y93.735
G1 F1500 X110.866 Y108.603 E2170.40592
G0 F9000 X110.541 Y108.844
G1 F1500 X95.549 Y93.851 E2171.11112
G0 F9000 X95.15 Y94.018
G1 F1500 X110.217 Y109.085 E2171.81983
G0 F9000 X109.892 Y109.326
G1 F1500 X94.818 Y94.252 E2172.52886
G0 F9000 X94.498 Y94.498
G1 F1500 X109.624 Y109.624 E2173.24034
G0 F9000 X109.366 Y109.932
G1 F1500 X94.252 Y94.818 E2173.95126
G0 F9000 X94.018 Y95.15
G1 F1500 X109.109 Y110.24 E2174.66107
G0 F9000 X108.851 Y110.548
G1 F1500 X93.851 Y95.549 E2175.3666
G0 F9000 X93.734 Y95.997
G1 F1500 X108.593 Y110.855 E2176.0655
G0 F9000 X108.334 Y111.163
G1 F1500 X93.67 Y96.498 E2176.75527
G0 F9000 X93.66 Y97.054
G1 F1500 X108.101 Y111.495 E2177.43453
G0 F9000 X107.912 Y111.872
G1 F1500 X93.66 Y97.62 E2178.1049
G0 F9000 X93.66 Y98.185
G1 F1500 X107.723 Y112.249 E2178.7664
G0 F9000 X107.535 Y112.626
G1 F1500 X93.66 Y98.751 E2179.41904
G0 F9000 X93.66 Y99.317
G1 F1500 X107.346 Y113.003 E2180.06279
G0 F9000 X107.157 Y113.38
G1 F1500 X93.66 Y99.882 E2180.69767
G0 F9000 X93.66 Y100.448
G1 F1500 X106.982 Y113.771 E2181.32432
G0 F9000 X106.874 Y114.228
G1 F1500 X93.66 Y101.014 E2181.94587
G0 F9000 X93.66 Y101.579
G1 F1500 X106.766 Y114.686 E2182.56236
G0 F9000 X106.658 Y115.143
G1 F1500 X93.66 Y102.145 E2183.17374
G0 F9000 X93.66 Y102.711
G1 F1500 X106.55 Y115.601 E2183.78005
G0 F9000 X106.441 Y116.058
G1 F1500 X93.66 Y103.276 E2184.38125
G0 F9000 X93.66 Y103.842
G1 F1500 X106.41 Y116.592 E2184.98097
G0 F9000 X106.411 Y117.159
G1 F1500 X93.66 Y104.408 E2185.58074
G0 F9000 X93.66 Y104.974
G1 F1500 X106.412 Y117.726 E2186.18055
G0 F9000 X106.412 Y118.292
G1 F1500 X93.66 Y105.539 E2186.78039
G0 F9000 X93.66 Y106.105
G1 F1500 X106.432 Y118.877 E2187.38115
G0 F9000 X106.605 Y119.616
G1 F1500 X93.66 Y106.671 E2187.99004
G0 F9000 X93.66 Y107.236
G1 F1500 X106.778 Y120.355 E2188.6071
G0 F9000 X106.951 Y121.093
G1 F1500 X93.66 Y107.802 E2189.23226
G0 F9000 X93.66 Y108.368
G1 F1500 X107.403 Y122.111 E2189.87869
G0 F9000 X107.816 Y121.906
G0 X108.385 Y123.042
G0 X107.974 Y123.247
G1 F1500 X93.66 Y108.933 E2190.55198
G1 F2700 E2185.55198
G0 F9000 X93.2 Y108.933
G0 X93.261 Y96.554
G0 X93.378 Y95.655
G0 X93.697 Y94.889
G0 X94.215 Y94.215
G0 X94.889 Y93.697
G0 X95.655 Y93.378
G0 X96.383 Y93.284
G0 X109.5 Y93.2
G0 X109.5 Y93.661
G1 F2700 E2190.55198
G1 F1500 X141.339 Y125.499 E2192.04956
G0 F9000 X141.339 Y124.934
G1 F1500 X110.065 Y93.661 E2193.52057
G0 F9000 X110.631 Y93.661
G1 F1500 X141.339 Y124.368 E2194.96496
G0 F9000 X141.339 Y123.802
G1 F1500 X111.197 Y93.661 E2196.38272
G0 F9000 X111.762 Y93.661
G1 F1500 X141.339 Y123.237 E2197.77391
G0 F9000 X141.339 Y122.671
G1 F1500 X112.328 Y93.661 E2199.13848
G0 F9000 X112.894 Y93.661
G1 F1500 X141.339 Y122.105 E2200.47642
G0 F9000 X141.339 Y121.54
G1 F1500 X113.46 Y93.661 E2201.78776
G0 F9000 X114.025 Y93.661
G1 F1500 X141.339 Y120.974 E2203.07251
G0 F9000 X141.339 Y120.408
G1 F1500 X114.591 Y93.661 E2204.33063
G0 F9000 X115.157 Y93.661
G1 F1500 X141.339 Y119.843 E2205.56215
G0 F9000 X141.339 Y119.277
G1 F1500 X115.722 Y93.661 E2206.76707
G0 F9000 X116.288 Y93.661
G1 F1500 X141.339 Y118.711 E2207.94537
G0 F9000 X141.339 Y118.146
G1 F1500 X116.854 Y93.661 E2209.09707
G0 F9000 X117.419 Y93.661
G1 F1500 X141.339 Y117.58 E2210.22217
G0 F9000 X141.339 Y117.015
G1 F1500 X117.985 Y93.661 E2211.32067
G0 F9000 X118.551 Y93.661
G1 F1500 X141.339 Y116.449 E2212.39254
G0 F9000 X141.339 Y115.883
G1 F1500 X119.116 Y93.661 E2213.43782
G0 F9000 X119.682 Y93.661
G1 F1500 X141.339 Y115.318 E2214.4565
G0 F9000 X141.339 Y114.752
G1 F1500 X120.248 Y93.661 E2215.44856
G0 F9000 X120.813 Y93.661
G1 F1500 X141.339 Y114.186 E2216.41401
G0 F9000 X141.339 Y113.621
G1 F1500 X121.379 Y93.661 E2217.35287
G0 F9000 X121.945 Y93.661
G1 F1500 X141.339 Y113.055 E2218.26511
G0 F9000 X141.339 Y112.489
G1 F1500 X122.51 Y93.661 E2219.15074
G0 F9000 X123.076 Y93.661
G1 F1500 X141.339 Y111.924 E2220.00978
G0 F9000 X141.339 Y111.358
G1 F1500 X123.642 Y93.661 E2220.84219
G0 F9000 X124.208 Y93.661
G1 F1500 X141.339 Y110.792 E2221.64798
G0 F9000 X141.339 Y110.227
G1 F1500 X124.773 Y93.661 E2222.42719
G0 F9000 X125.339 Y93.661
G1 F1500 X141.339 Y109.661 E2223.17978
G0 F9000 X141.339 Y109.095
G1 F1500 X125.905 Y93.661 E2223.90575
G0 F9000 X126.47 Y93.661
G1 F1500 X141.339 Y108.53 E2224.60514
G0 F9000 X141.339 Y107.964
G1 F1500 X127.036 Y93.661 E2225.27791
G0 F9000 X127.602 Y93.661
G1 F1500 X141.339 Y107.398 E2225.92406
G0 F9000 X141.339 Y106.833
G1 F1500 X128.167 Y93.661 E2226.54363
G0 F9000 X128.733 Y93.661
G1 F1500 X141.339 Y106.267 E2227.13658
G0 F9000 X141.339 Y105.701
G1 F1500 X129.299 Y93.661 E2227.7029
G0 F9000 X129.864 Y93.661
G1 F1500 X141.339 Y105.135 E2228.24263
G0 F9000 X141.339 Y104.57
G1 F1500 X130.43 Y93.661 E2228.75575
G0 F9000 X130.996 Y93.661
G1 F1500 X141.339 Y104.004 E2229.24226
G0 F9000 X141.339 Y103.438
G1 F1500 X131.561 Y93.661 E2229.70216
G0 F9000 X132.127 Y93.661
G1 F1500 X141.339 Y102.873 E2230.13546
G0 F9000 X141.339 Y102.307
G1 F1500 X132.693 Y93.661 E2230.54215
G0 F9000 X133.259 Y93.661
G1 F1500 X141.339 Y101.741 E2230.9222
G0 F9000 X141.339 Y101.176
G1 F1500 X133.824 Y93.661 E2231.27569
G0 F9000 X134.39 Y93.661
G1 F1500 X141.339 Y100.61 E2231.60255
G0 F9000 X141.339 Y100.044
G1 F1500 X134.956 Y93.661 E2231.90278
G0 F9000 X135.521 Y93.661
G1 F1500 X141.339 Y99.479 E2232.17644
G0 F9000 X141.339 Y98.913
G1 F1500 X136.087 Y93.661 E2232.42348
G0 F9000 X136.653 Y93.661
G1 F1500 X141.339 Y98.347 E2232.6439
G0 F9000 X141.339 Y97.782
G1 F1500 X137.218 Y93.661 E2232.83774
G0 F9000 X137.784 Y93.661
G1 F1500 X141.339 Y97.216 E2233.00495
G0 F9000 X141.339 Y96.65
G1 F1500 X138.35 Y93.661 E2233.14555
G0 F9000 X138.989 Y93.734
G1 F1500 X141.259 Y96.005 E2233.25234
G0 F9000 X140.977 Y95.157
G1 F1500 X139.836 Y94.016 E2233.30601
G1 F2700 E2228.30601
;MESH:NONMESH
G0 F300 X139.836 Y94.016 Z5.6
G0 F9000 X140.014 Y93.593
G0 X139.341 Y93.378
G0 X138.446 Y93.261
G0 X96.554 Y93.261
G0 X95.655 Y93.378
G0 X95.035 Y93.636
G0 X94.157 Y94.192
G0 X94.1 Y94.1
;TIME_ELAPSED:2761.014240
;LAYER:27
;TYPE:WALL-INNER
;MESH:cerchio_grande.stl
G1 F2700 E2233.30601
G1 F1500 X93.556 Y94.808 E2233.33571
G1 X93.221 Y95.613 E2233.36471
G1 X93.1 Y96.543 E2233.3959
G1 X93.1 Y138.457 E2234.78997
G1 X93.221 Y139.383 E2234.82103
G1 X93.556 Y140.188 E2234.85003
G1 X94.101 Y140.896 E2234.87974
G1 X94.808 Y141.443 E2234.90948
G1 X95.613 Y141.775 E2234.93844
G1 X96.544 Y141.9 E2234.96968
G1 X138.456 Y141.9 E2236.36368
G1 X139.383 Y141.775 E2236.39479
G1 X140.188 Y141.443 E2236.42375
G1 X140.896 Y140.896 E2236.45351
G1 X141.443 Y140.188 E2236.48327
G1 X141.775 Y139.383 E2236.51223
G1 X141.9 Y138.456 E2236.54334
G1 X141.9 Y96.544 E2237.93734
G1 X141.775 Y95.613 E2237.96858
G1 X141.443 Y94.808 E2237.99755
G1 X140.896 Y94.101 E2238.02728
G1 X140.188 Y93.556 E2238.05699
G1 X139.383 Y93.221 E2238.08599
G1 X138.457 Y93.1 E2238.11705
G1 X96.543 Y93.1 E2239.51112
G1 X95.613 Y93.221 E2239.54231
G1 X94.808 Y93.556 E2239.57131
G1 X94.1 Y94.1 E2239.60101
G1 F2700 E2234.60101
G0 F9000 X94.157 Y94.192
G0 X93.697 Y94.889
G0 X93.398 Y95.701
G0 X110.1 Y109.648
G0 X110.225 Y109.781
G1 F2700 E2239.60101
G1 F1500 X112.219 Y108.309 E2239.68344
G1 X114.459 Y107.345 E2239.76455
G1 X116.88 Y106.917 E2239.84632
G1 X119.339 Y107.052 E2239.92823
G1 X121.699 Y107.765 E2240.01023
G1 X123.826 Y108.991 E2240.09189
G1 X125.623 Y110.685 E2240.17403
G1 X126.968 Y112.741 E2240.25574
G1 X127.812 Y115.052 E2240.33757
G1 X128.1 Y117.5 E2240.41955
G1 X127.816 Y119.945 E2240.50142
G1 X126.968 Y122.259 E2240.58339
G1 X125.6 Y124.333 E2240.66603
G1 X123.826 Y126.005 E2240.74711
G1 X121.699 Y127.231 E2240.82876
G1 X119.343 Y127.943 E2240.91062
G1 X116.875 Y128.086 E2240.99285
G1 X114.459 Y127.655 E2241.07447
G1 X112.19 Y126.678 E2241.15664
G1 X110.236 Y125.22 E2241.23773
G1 X108.637 Y123.319 E2241.32035
G1 X107.536 Y121.126 E2241.40196
G1 X106.972 Y118.73 E2241.48383
G1 X106.972 Y116.266 E2241.56578
G1 X107.536 Y113.874 E2241.64752
G1 X108.634 Y111.681 E2241.7291
G1 X110.225 Y109.781 E2241.81152
G0 F9000 X110.49 Y110.086
;TYPE:WALL-OUTER
G1 F1500 X112.393 Y108.67 E2241.89041
G1 X114.574 Y107.728 E2241.96943
G1 X116.904 Y107.316 E2242.04813
G1 X119.294 Y107.456 E2242.12776
G1 X121.54 Y108.132 E2242.20577
G1 X123.573 Y109.306 E2242.28385
G1 X125.324 Y110.958 E2242.36392
G1 X126.611 Y112.921 E2242.44199
G1 X127.423 Y115.145 E2242.52074
G1 X127.7 Y117.5 E2242.5996
G1 X127.426 Y119.839 E2242.67793
G1 X126.611 Y122.079 E2242.75721
G1 X125.294 Y124.074 E2242.83672
G1 X123.573 Y125.69 E2242.91524
G1 X121.54 Y126.864 E2242.99332
G1 X119.248 Y127.548 E2243.07288
G1 X116.904 Y127.684 E2243.15097
G1 X114.574 Y127.272 E2243.22967
G1 X112.406 Y126.337 E2243.3082
G1 X110.502 Y124.922 E2243.3871
G1 X108.981 Y123.109 E2243.46581
G1 X107.912 Y120.989 E2243.54478
G1 X107.369 Y118.684 E2243.62354
G1 X107.373 Y116.29 E2243.70316
G1 X107.912 Y114.011 E2243.78106
G1 X108.972 Y111.9 E2243.85962
G1 X110.49 Y110.086 E2243.93829
G1 F2700 E2238.93829
G0 F9000 X110.106 Y109.766
G0 X93.416 Y95.665
G0 X93.815 Y93.815
G1 F2700 E2243.93829
G1 F1500 X93.207 Y94.606 E2243.97148
G1 X92.831 Y95.509 E2244.00401
G1 X92.7 Y96.517 E2244.03782
G1 X92.7 Y138.483 E2245.43361
G1 X92.831 Y139.487 E2245.46729
G1 X93.207 Y140.39 E2245.49982
G1 X93.815 Y141.181 E2245.53301
G1 X94.606 Y141.793 E2245.56627
G1 X95.509 Y142.165 E2245.59875
G1 X96.518 Y142.3 E2245.63261
G1 X138.482 Y142.3 E2247.02834
G1 X139.487 Y142.165 E2247.06207
G1 X140.39 Y141.793 E2247.09455
G1 X141.181 Y141.181 E2247.12781
G1 X141.793 Y140.39 E2247.16108
G1 X142.165 Y139.487 E2247.19356
G1 X142.3 Y138.482 E2247.22729
G1 X142.3 Y96.518 E2248.62301
G1 X142.165 Y95.509 E2248.65687
G1 X141.793 Y94.606 E2248.68935
G1 X141.181 Y93.815 E2248.72262
G1 X140.39 Y93.207 E2248.7558
G1 X139.487 Y92.831 E2248.78833
G1 X138.483 Y92.7 E2248.82201
G1 X96.517 Y92.7 E2250.21781
G1 X95.509 Y92.831 E2250.25161
G1 X94.606 Y93.207 E2250.28415
G1 X93.815 Y93.815 E2250.31733
G1 F2700 E2245.31733
G0 F9000 X94.157 Y94.192
G0 X93.697 Y94.889
G0 X93.398 Y95.701
G0 X110.1 Y109.648
G0 X109.982 Y109.51
;TYPE:SKIN
G1 F2700 E2250.31733
G1 F1500 X108.337 Y111.473 E2250.40251
G1 X107.196 Y113.751 E2250.48725
G1 X106.613 Y116.197 E2250.57089
G1 X106.613 Y118.772 E2250.65653
G1 X107.196 Y121.249 E2250.74117
G1 X108.328 Y123.51 E2250.82527
G1 X109.966 Y125.47 E2250.91023
G1 X112.015 Y126.994 E2250.99516
G1 X114.354 Y128 E2251.07984
G1 X116.86 Y128.444 E2251.16449
G1 X119.403 Y128.298 E2251.24921
G1 X121.836 Y127.568 E2251.3337
G1 X124.05 Y126.288 E2251.41876
G1 X125.874 Y124.566 E2251.50219
G1 X127.287 Y122.423 E2251.58756
G1 X128.17 Y120.019 E2251.67274
G1 X128.464 Y117.496 E2251.75723
G1 X128.163 Y114.965 E2251.842
G1 X127.287 Y112.573 E2251.92673
G1 X125.908 Y110.466 E2252.01048
G1 X124.063 Y108.716 E2252.09506
G1 X121.836 Y107.424 E2252.18069
G1 X119.403 Y106.698 E2252.26514
G1 X116.856 Y106.556 E2252.34999
G1 X114.354 Y107 E2252.4345
G1 X112.02 Y107.998 E2252.51893
G1 X109.982 Y109.51 E2252.60333
G1 F2700 E2247.60333
G0 F9000 X110.156 Y109.707
G0 X93.416 Y95.665
G0 X94.355 Y94.355
G1 F2700 E2252.60333
G1 F1500 X94.99 Y93.867 E2252.62997
G1 X95.701 Y93.571 E2252.65559
G1 X96.569 Y93.46 E2252.68469
G1 X138.427 Y93.46 E2254.07689
G1 X139.291 Y93.571 E2254.10587
G1 X140.002 Y93.867 E2254.13148
G1 X140.633 Y94.351 E2254.15793
G1 X141.125 Y94.989 E2254.18473
G1 X141.421 Y95.705 E2254.2105
G1 X141.54 Y96.574 E2254.23967
G1 X141.539 Y138.418 E2255.63141
G1 X141.421 Y139.287 E2255.66058
G1 X141.125 Y140.006 E2255.68644
G1 X140.637 Y140.637 E2255.71297
G1 X140.006 Y141.125 E2255.7395
G1 X139.287 Y141.421 E2255.76536
G1 X138.422 Y141.539 E2255.7944
G1 X96.574 Y141.54 E2257.18627
G1 X95.705 Y141.421 E2257.21544
G1 X94.985 Y141.125 E2257.24133
G1 X94.359 Y140.641 E2257.26765
G1 X93.867 Y139.998 E2257.29458
G1 X93.571 Y139.291 E2257.32007
G1 X93.461 Y138.427 E2257.34904
G1 X93.46 Y96.569 E2258.74124
G1 X93.571 Y95.701 E2258.77035
G1 X93.867 Y94.99 E2258.79596
G1 X94.355 Y94.355 E2258.8226
G0 F9000 X94.152 Y94.199
G0 X93.894 Y94.59
G0 X93.315 Y95.668
G0 X93.777 Y95.728
G1 F1500 X95.728 Y93.777 E2258.91437
G0 F9000 X96.384 Y93.686
G1 F1500 X93.685 Y96.385 E2259.04132
G0 F9000 X93.661 Y96.975
G1 F1500 X96.976 Y93.66 E2259.19725
G0 F9000 X97.542 Y93.66
G1 F1500 X93.661 Y97.541 E2259.3798
G0 F9000 X93.661 Y98.107
G1 F1500 X98.108 Y93.66 E2259.58897
G0 F9000 X98.673 Y93.66
G1 F1500 X93.661 Y98.673 E2259.82474
G0 F9000 X93.661 Y99.238
G1 F1500 X99.239 Y93.66 E2260.08712
G0 F9000 X99.805 Y93.66
G1 F1500 X93.661 Y99.804 E2260.37611
G0 F9000 X93.661 Y100.37
G1 F1500 X100.37 Y93.66 E2260.69171
G0 F9000 X100.936 Y93.66
G1 F1500 X93.661 Y100.935 E2261.0339
G0 F9000 X93.661 Y101.501
G1 F1500 X101.502 Y93.66 E2261.40272
G0 F9000 X102.067 Y93.66
G1 F1500 X93.661 Y102.067 E2261.79813
G0 F9000 X93.661 Y102.632
G1 F1500 X102.633 Y93.66 E2262.22015
G0 F9000 X103.199 Y93.66
G1 F1500 X93.661 Y103.198 E2262.66879
G0 F9000 X93.661 Y103.764
G1 F1500 X103.764 Y93.66 E2263.14402
G0 F9000 X104.33 Y93.66
G1 F1500 X93.661 Y104.329 E2263.64586
G0 F9000 X93.661 Y104.895
G1 F1500 X104.896 Y93.66 E2264.17432
G0 F9000 X105.461 Y93.66
G1 F1500 X93.661 Y105.461 E2264.72938
G0 F9000 X93.661 Y106.026
G1 F1500 X106.027 Y93.66 E2265.31104
G0 F9000 X106.593 Y93.66
G1 F1500 X93.661 Y106.592 E2265.91932
G0 F9000 X93.661 Y107.158
G1 F1500 X107.158 Y93.66 E2266.5542
G0 F9000 X107.724 Y93.66
G1 F1500 X93.661 Y107.723 E2267.21568
G0 F9000 X93.661 Y108.289
G1 F1500 X108.29 Y93.66 E2267.90378
G0 F9000 X108.856 Y93.66
G1 F1500 X93.661 Y108.855 E2268.61851
G0 F9000 X93.661 Y109.421
G1 F1500 X109.421 Y93.66 E2269.35984
G0 F9000 X109.987 Y93.66
G1 F1500 X93.661 Y109.986 E2270.12776
G0 F9000 X93.661 Y110.552
G1 F1500 X110.553 Y93.66 E2270.92231
G0 F9000 X111.118 Y93.66
G1 F1500 X93.661 Y111.118 E2271.74346
G0 F9000 X93.661 Y111.683
G1 F1500 X111.684 Y93.66 E2272.5912
G0 F9000 X112.25 Y93.66
G1 F1500 X93.661 Y112.249 E2273.46557
G0 F9000 X93.661 Y112.815
G1 F1500 X112.815 Y93.66 E2274.36654
G0 F9000 X113.381 Y93.66
G1 F1500 X93.661 Y113.38 E2275.29411
G0 F9000 X93.661 Y113.946
G1 F1500 X113.947 Y93.66 E2276.2483
G0 F9000 X114.512 Y93.66
G1 F1500 X93.661 Y114.512 E2277.22909
G0 F9000 X93.661 Y115.077
G1 F1500 X115.078 Y93.66 E2278.23648
G0 F9000 X115.644 Y93.66
G1 F1500 X93.661 Y115.643 E2279.2705
G0 F9000 X93.661 Y116.209
G1 F1500 X116.209 Y93.66 E2280.33111
G0 F9000 X116.775 Y93.66
G1 F1500 X93.661 Y116.774 E2281.41832
G0 F9000 X93.661 Y117.34
G1 F1500 X117.341 Y93.66 E2282.53215
G0 F9000 X117.907 Y93.66
G1 F1500 X93.661 Y117.905 E2283.67259
G0 F9000 X93.661 Y118.471
G1 F1500 X118.472 Y93.66 E2284.83962
G0 F9000 X119.038 Y93.66
G1 F1500 X93.661 Y119.036 E2286.03325
G0 F9000 X93.661 Y119.602
G1 F1500 X119.604 Y93.66 E2287.25351
G0 F9000 X120.169 Y93.66
G1 F1500 X93.661 Y120.168 E2288.50036
G0 F9000 X93.661 Y120.734
G1 F1500 X120.735 Y93.66 E2289.77384
G0 F9000 X121.301 Y93.66
G1 F1500 X93.661 Y121.299 E2291.07392
G0 F9000 X93.661 Y121.865
G1 F1500 X121.866 Y93.66 E2292.4006
G0 F9000 X122.432 Y93.66
G1 F1500 X93.661 Y122.431 E2293.7539
G0 F9000 X93.661 Y122.996
G1 F1500 X122.998 Y93.66 E2295.1338
G0 F9000 X123.563 Y93.66
G1 F1500 X93.661 Y123.562 E2296.54029
G0 F9000 X93.661 Y124.128
G1 F1500 X124.129 Y93.66 E2297.97342
G0 F9000 X124.695 Y93.66
G1 F1500 X93.661 Y124.693 E2299.43314
G0 F9000 X93.661 Y125.259
G1 F1500 X125.26 Y93.66 E2300.91946
G0 F9000 X125.826 Y93.66
G1 F1500 X110.928 Y108.558 E2301.62021
G0 F9000 X111.203 Y108.931
G0 X112.641 Y108.016
G0 X112.46 Y107.592
G1 F1500 X126.392 Y93.66 E2302.27553
G0 F9000 X126.957 Y93.66
G1 F1500 X113.446 Y107.171 E2302.91105
G0 F9000 X113.626 Y107.593
G0 X114.47 Y107.242
G0 X114.391 Y106.792
G1 F1500 X127.523 Y93.66 E2303.52874
G0 F9000 X128.089 Y93.66
G1 F1500 X115.08 Y106.669 E2304.14064
G0 F9000 X115.767 Y106.548
G1 F1500 X128.655 Y93.66 E2304.74685
G0 F9000 X129.22 Y93.66
G1 F1500 X116.455 Y106.425 E2305.34728
G0 F9000 X117.077 Y106.369
G1 F1500 X129.786 Y93.66 E2305.94507
G0 F9000 X130.352 Y93.66
G1 F1500 X117.613 Y106.398 E2306.54425
G0 F9000 X118.149 Y106.428
G1 F1500 X130.917 Y93.66 E2307.14482
G0 F9000 X131.483 Y93.66
G1 F1500 X118.685 Y106.458 E2307.7468
G0 F9000 X119.221 Y106.487
G1 F1500 X132.049 Y93.66 E2308.35016
G0 F9000 X132.614 Y93.66
G1 F1500 X119.698 Y106.577 E2308.95772
G0 F9000 X120.133 Y106.707
G1 F1500 X133.18 Y93.66 E2309.57141
G0 F9000 X133.746 Y93.66
G1 F1500 X120.569 Y106.837 E2310.19121
G0 F9000 X121.004 Y106.967
G1 F1500 X134.311 Y93.66 E2310.81713
G0 F9000 X134.877 Y93.66
G1 F1500 X121.44 Y107.097 E2311.44917
G0 F9000 X121.876 Y107.227
G1 F1500 X135.443 Y93.66 E2312.08732
G0 F9000 X136.008 Y93.66
G1 F1500 X122.24 Y107.428 E2312.73492
G0 F9000 X122.598 Y107.636
G1 F1500 X136.574 Y93.66 E2313.39231
G0 F9000 X137.14 Y93.66
G1 F1500 X122.956 Y107.844 E2314.05948
G0 F9000 X123.314 Y108.052
G1 F1500 X137.706 Y93.66 E2314.73644
G0 F9000 X138.271 Y93.66
G1 F1500 X123.672 Y108.259 E2315.42313
G0 F9000 X124.029 Y108.467
G1 F1500 X138.788 Y93.709 E2316.11732
G0 F9000 X139.28 Y93.783
G1 F1500 X124.35 Y108.712 E2316.81956
G0 F9000 X124.641 Y108.987
G1 F1500 X139.679 Y93.949 E2317.5269
G0 F9000 X140.043 Y94.151
G1 F1500 X124.932 Y109.262 E2318.23768
G0 F9000 X125.223 Y109.536
G1 F1500 X140.364 Y94.396 E2318.94984
G0 F9000 X140.639 Y94.687
G1 F1500 X125.514 Y109.812 E2319.66128
G0 F9000 X125.804 Y110.087
G1 F1500 X140.885 Y95.006 E2320.37064
G0 F9000 X141.071 Y95.385
G1 F1500 X126.082 Y110.374 E2321.07568
G0 F9000 X126.306 Y110.716
G1 F1500 X141.23 Y95.792 E2321.77766
G0 F9000 X141.298 Y96.29
G1 F1500 X126.53 Y111.057 E2322.47227
G0 F9000 X126.755 Y111.399
G1 F1500 X141.339 Y96.814 E2323.15828
G0 F9000 X141.339 Y97.38
G1 F1500 X126.979 Y111.74 E2323.83373
G0 F9000 X127.204 Y112.081
G1 F1500 X141.339 Y97.946 E2324.4986
G0 F9000 X141.339 Y98.511
G1 F1500 X127.428 Y112.423 E2325.15295
G0 F9000 X127.592 Y112.825
G1 F1500 X141.339 Y99.077 E2325.7996
G0 F9000 X141.339 Y99.643
G1 F1500 X127.744 Y113.238 E2326.43906
G0 F9000 X127.895 Y113.653
G1 F1500 X141.339 Y100.208 E2327.07145
G0 F9000 X141.339 Y100.774
G1 F1500 X128.046 Y114.067 E2327.69671
G0 F9000 X128.198 Y114.481
G1 F1500 X141.339 Y101.34 E2328.31482
G0 F9000 X141.339 Y101.905
G1 F1500 X128.35 Y114.895 E2328.92581
G0 F9000 X128.416 Y115.394
G1 F1500 X141.339 Y102.471 E2329.53367
G0 F9000 X141.339 Y103.037
G1 F1500 X128.477 Y115.899 E2330.13866
G0 F9000 X128.538 Y116.404
G1 F1500 X141.339 Y103.602 E2330.7408
G0 F9000 X141.339 Y104.168
G1 F1500 X128.599 Y116.909 E2331.34008
G0 F9000 X128.659 Y117.414
G1 F1500 X141.339 Y104.734 E2331.9365
G0 F9000 X141.339 Y105.3
G1 F1500 X128.606 Y118.033 E2332.53543
G0 F9000 X128.53 Y118.674
G1 F1500 X141.339 Y105.865 E2333.13792
G0 F9000 X141.339 Y106.431
G1 F1500 X128.454 Y119.316 E2333.74399
G0 F9000 X128.379 Y119.957
G1 F1500 X141.339 Y106.997 E2334.35359
G0 F9000 X141.339 Y107.562
G1 F1500 X128.091 Y120.811 E2334.97676
G0 F9000 X127.766 Y121.701
G1 F1500 X141.339 Y108.128 E2335.61519
G0 F9000 X141.339 Y108.694
G1 F1500 X127.373 Y122.66 E2336.27211
G0 F9000 X126.99 Y122.408
G0 X125.894 Y124.078
G0 X126.272 Y124.327
G1 F1500 X141.339 Y109.259 E2336.98084
G0 F9000 X141.339 Y109.825
G1 F1500 X109.824 Y141.34 E2338.46321
G0 F9000 X109.259 Y141.34
G1 F1500 X124.126 Y126.472 E2339.16253
G0 F9000 X123.886 Y126.088
G0 X122.555 Y126.857
G0 X122.782 Y127.251
G1 F1500 X108.693 Y141.34 E2339.82523
G0 F9000 X108.127 Y141.34
G1 F1500 X121.629 Y127.839 E2340.4603
G0 F9000 X120.821 Y128.081
G1 F1500 X107.562 Y141.34 E2341.08396
G0 F9000 X106.996 Y141.34
G1 F1500 X120.012 Y128.324 E2341.6962
G0 F9000 X119.264 Y128.506
G1 F1500 X106.43 Y141.34 E2342.29987
G0 F9000 X105.864 Y141.34
G1 F1500 X118.664 Y128.541 E2342.90192
G0 F9000 X118.064 Y128.575
G1 F1500 X105.299 Y141.34 E2343.50235
G0 F9000 X104.733 Y141.34
G1 F1500 X117.464 Y128.609 E2344.10117
G0 F9000 X116.864 Y128.643
G1 F1500 X104.167 Y141.34 E2344.6984
G0 F9000 X103.602 Y141.34
G1 F1500 X116.381 Y128.56 E2345.29951
G0 F9000 X115.9 Y128.476
G1 F1500 X103.036 Y141.34 E2345.90459
G0 F9000 X102.47 Y141.34
G1 F1500 X115.42 Y128.391 E2346.5137
G0 F9000 X114.939 Y128.306
G1 F1500 X101.905 Y141.34 E2347.12678
G0 F9000 X101.339 Y141.34
G1 F1500 X114.458 Y128.221 E2347.74385
G0 F9000 X114.034 Y128.08
G1 F1500 X100.773 Y141.34 E2348.36759
G0 F9000 X100.208 Y141.34
G1 F1500 X113.638 Y127.91 E2348.99929
G0 F9000 X113.242 Y127.74
G1 F1500 X99.642 Y141.34 E2349.639
G0 F9000 X99.076 Y141.34
G1 F1500 X112.846 Y127.57 E2350.28669
G0 F9000 X112.451 Y127.399
G1 F1500 X98.511 Y141.34 E2350.94241
G0 F9000 X97.945 Y141.34
G1 F1500 X112.056 Y127.229 E2351.60615
G0 F9000 X111.706 Y127.013
G1 F1500 X97.379 Y141.34 E2352.28005
G0 F9000 X96.814 Y141.34
G1 F1500 X111.382 Y126.772 E2352.96528
G0 F9000 X111.057 Y126.53
G1 F1500 X96.29 Y141.298 E2353.6599
G0 F9000 X95.792 Y141.23
G1 F1500 X110.733 Y126.289 E2354.36268
G0 F9000 X110.409 Y126.047
G1 F1500 X95.384 Y141.072 E2355.06941
G0 F9000 X95.003 Y140.887
G1 F1500 X110.085 Y125.806 E2355.7788
G0 F9000 X109.775 Y125.55
G1 F1500 X94.684 Y140.641 E2356.48863
G0 F9000 X94.397 Y140.362
G1 F1500 X109.517 Y125.242 E2357.19983
G0 F9000 X109.26 Y124.934
G1 F1500 X94.152 Y140.042 E2357.91046
G0 F9000 X93.95 Y139.678
G1 F1500 X109.002 Y124.626 E2358.61846
G0 F9000 X108.745 Y124.318
G1 F1500 X93.784 Y139.279 E2359.32218
G0 F9000 X93.709 Y138.787
G1 F1500 X108.486 Y124.01 E2360.01725
G0 F9000 X108.229 Y123.702
G1 F1500 X93.661 Y138.27 E2360.70248
G0 F9000 X93.661 Y137.704
G1 F1500 X108.022 Y123.343 E2361.37798
G0 F9000 X107.833 Y122.967
G1 F1500 X93.661 Y137.138 E2362.04456
G0 F9000 X93.661 Y136.573
G1 F1500 X107.644 Y122.59 E2362.70228
G0 F9000 X107.455 Y122.214
G1 F1500 X93.661 Y136.007 E2363.35108
G0 F9000 X93.661 Y135.441
G1 F1500 X107.265 Y121.837 E2363.99098
G0 F9000 X107.076 Y121.46
G1 F1500 X93.661 Y134.876 E2364.622
G0 F9000 X93.661 Y134.31
G1 F1500 X106.937 Y121.034 E2365.24646
G0 F9000 X106.83 Y120.576
G1 F1500 X93.661 Y133.744 E2365.86587
G0 F9000 X93.661 Y133.179
G1 F1500 X106.722 Y120.118 E2366.48022
G0 F9000 X106.615 Y119.659
G1 F1500 X93.661 Y132.613 E2367.08953
G0 F9000 X93.661 Y132.047
G1 F1500 X106.508 Y119.201 E2367.69379
G0 F9000 X106.413 Y118.73
G1 F1500 X93.661 Y131.482 E2368.29361
G0 F9000 X93.661 Y130.916
G1 F1500 X106.412 Y118.165 E2368.89338
G0 F9000 X106.412 Y117.6
G1 F1500 X93.661 Y130.35 E2369.49312
G0 F9000 X93.661 Y129.784
G1 F1500 X106.41 Y117.035 E2370.09279
G0 F9000 X106.41 Y116.47
G1 F1500 X93.661 Y129.219 E2370.69247
G0 F9000 X93.661 Y128.653
G1 F1500 X106.499 Y115.815 E2371.29633
G0 F9000 X106.675 Y115.074
G1 F1500 X93.661 Y128.087 E2371.90844
G0 F9000 X93.661 Y127.522
G1 F1500 X106.849 Y114.334 E2372.52877
G0 F9000 X107.075 Y113.542
G1 F1500 X93.661 Y126.956 E2373.15972
G0 F9000 X93.661 Y126.39
G1 F1500 X107.642 Y112.409 E2373.81734
G0 F9000 X108.055 Y112.616
G0 X108.745 Y111.391
G0 X108.392 Y111.094
G1 F1500 X93.661 Y125.825 E2374.51024
G1 F2700 E2369.51024
G0 F9000 X93.2 Y125.825
G0 X93.261 Y138.446
G0 X93.378 Y139.34
G0 X93.697 Y140.107
G0 X94.216 Y140.782
G0 X94.889 Y141.303
G0 X95.655 Y141.618
G0 X96.385 Y141.716
G0 X110.39 Y141.8
G0 X110.39 Y141.34
G1 F2700 E2374.51024
G1 F1500 X141.339 Y110.391 E2375.96599
G0 F9000 X141.339 Y110.956
G1 F1500 X110.956 Y141.34 E2377.39514
G0 F9000 X111.521 Y141.34
G1 F1500 X141.339 Y111.522 E2378.79768
G0 F9000 X141.339 Y112.088
G1 F1500 X112.087 Y141.34 E2380.17361
G0 F9000 X112.653 Y141.34
G1 F1500 X141.339 Y112.653 E2381.52293
G0 F9000 X141.339 Y113.219
G1 F1500 X113.218 Y141.34 E2382.84566
G0 F9000 X113.784 Y141.34
G1 F1500 X141.339 Y113.785 E2384.14176
G0 F9000 X141.339 Y114.35
G1 F1500 X114.35 Y141.34 E2385.41127
G0 F9000 X114.915 Y141.34
G1 F1500 X141.339 Y114.916 E2386.65417
G0 F9000 X141.339 Y115.482
G1 F1500 X115.481 Y141.34 E2387.87045
G0 F9000 X116.047 Y141.34
G1 F1500 X141.339 Y116.048 E2389.06011
G0 F9000 X141.339 Y116.613
G1 F1500 X116.613 Y141.34 E2390.22317
G0 F9000 X117.178 Y141.34
G1 F1500 X141.339 Y117.179 E2391.35963
G0 F9000 X141.339 Y117.745
G1 F1500 X117.744 Y141.34 E2392.46946
G0 F9000 X118.31 Y141.34
G1 F1500 X141.339 Y118.311 E2393.55268
G0 F9000 X141.339 Y118.877
G1 F1500 X118.875 Y141.34 E2394.60929
G0 F9000 X119.441 Y141.34
G1 F1500 X141.339 Y119.442 E2395.63931
G0 F9000 X141.339 Y120.008
G1 F1500 X120.007 Y141.34 E2396.6427
G0 F9000 X120.572 Y141.34
G1 F1500 X141.339 Y120.574 E2397.61949
G0 F9000 X141.339 Y121.139
G1 F1500 X121.138 Y141.34 E2398.56968
G0 F9000 X121.704 Y141.34
G1 F1500 X141.339 Y121.705 E2399.49325
G0 F9000 X141.339 Y122.271
G1 F1500 X122.269 Y141.34 E2400.39022
G0 F9000 X122.835 Y141.34
G1 F1500 X141.339 Y122.836 E2401.2606
G0 F9000 X141.339 Y123.402
G1 F1500 X123.401 Y141.34 E2402.10434
G0 F9000 X123.966 Y141.34
G1 F1500 X141.339 Y123.968 E2402.92149
G0 F9000 X141.339 Y124.534
G1 F1500 X124.532 Y141.34 E2403.71202
G0 F9000 X125.098 Y141.34
G1 F1500 X141.339 Y125.099 E2404.47595
G0 F9000 X141.339 Y125.665
G1 F1500 X125.663 Y141.34 E2405.21327
G0 F9000 X126.229 Y141.34
G1 F1500 X141.339 Y126.231 E2405.92398
G0 F9000 X141.339 Y126.796
G1 F1500 X126.795 Y141.34 E2406.60808
G0 F9000 X127.361 Y141.34
G1 F1500 X141.339 Y127.362 E2407.26557
G0 F9000 X141.339 Y127.928
G1 F1500 X127.926 Y141.34 E2407.89645
G0 F9000 X128.492 Y141.34
G1 F1500 X141.339 Y128.493 E2408.50073
G0 F9000 X141.339 Y129.059
G1 F1500 X129.058 Y141.34 E2409.07839
G0 F9000 X129.623 Y141.34
G1 F1500 X141.339 Y129.625 E2409.62945
G0 F9000 X141.339 Y130.19
G1 F1500 X130.189 Y141.34 E2410.15392
G0 F9000 X130.755 Y141.34
G1 F1500 X141.339 Y130.756 E2410.65175
G0 F9000 X141.339 Y131.322
G1 F1500 X131.32 Y141.34 E2411.12299
G0 F9000 X131.886 Y141.34
G1 F1500 X141.339 Y131.887 E2411.56763
G0 F9000 X141.339 Y132.453
G1 F1500 X132.452 Y141.34 E2411.98565
G0 F9000 X133.017 Y141.34
G1 F1500 X141.339 Y133.019 E2412.37707
G0 F9000 X141.339 Y133.584
G1 F1500 X133.583 Y141.34 E2412.74189
G0 F9000 X134.149 Y141.34
G1 F1500 X141.339 Y134.15 E2413.08008
G0 F9000 X141.339 Y134.716
G1 F1500 X134.714 Y141.34 E2413.39168
G0 F9000 X135.28 Y141.34
G1 F1500 X141.339 Y135.282 E2413.67665
G0 F9000 X141.339 Y135.847
G1 F1500 X135.846 Y141.34 E2413.93503
G0 F9000 X136.412 Y141.34
G1 F1500 X141.339 Y136.413 E2414.16678
G0 F9000 X141.339 Y136.979
G1 F1500 X136.977 Y141.34 E2414.37193
G0 F9000 X137.543 Y141.34
G1 F1500 X141.339 Y137.544 E2414.55048
G0 F9000 X141.339 Y138.11
G1 F1500 X138.109 Y141.34 E2414.70241
G0 F9000 X138.717 Y141.297
G1 F1500 X141.296 Y138.718 E2414.82372
G0 F9000 X141.141 Y139.439
G1 F1500 X139.439 Y141.141 E2414.90378
G1 F2700 E2409.90378
;MESH:NONMESH
G0 F300 X139.439 Y141.141 Z5.8
G0 F9000 X139.615 Y141.571
G0 X138.444 Y141.739
G0 X96.556 Y141.739
G0 X95.655 Y141.618
G0 X94.889 Y141.303
G0 X94.216 Y140.782
G0 X93.697 Y140.107
G0 X93.378 Y139.34
G0 X93.261 Y138.446
G0 X93.261 Y96.554
G0 X93.378 Y95.655
G0 X93.636 Y95.035
G0 X94.157 Y94.192
G0 X94.1 Y94.1
;TIME_ELAPSED:3003.792072
;LAYER:28
;TYPE:WALL-INNER
;MESH:cerchio_grande.stl
G1 F2700 E2414.90378
G1 F1500 X93.556 Y94.808 E2414.93347
G1 X93.221 Y95.613 E2414.96247
G1 X93.1 Y96.543 E2414.99367
G1 X93.1 Y138.457 E2416.38773
G1 X93.221 Y139.383 E2416.41879
G1 X93.556 Y140.188 E2416.44779
G1 X94.101 Y140.896 E2416.47751
G1 X94.808 Y141.443 E2416.50724
G1 X95.613 Y141.775 E2416.5362
G1 X96.544 Y141.9 E2416.56745
G1 X138.456 Y141.9 E2417.96144
G1 X139.383 Y141.775 E2417.99256
G1 X140.188 Y141.443 E2418.02152
G1 X140.896 Y140.896 E2418.05127
G1 X141.443 Y140.188 E2418.08103
G1 X141.775 Y139.383 E2418.10999
G1 X141.9 Y138.456 E2418.14111
G1 X141.9 Y96.544 E2419.5351
G1 X141.775 Y95.613 E2419.56635
G1 X141.443 Y94.808 E2419.59531
G1 X140.896 Y94.101 E2419.62504
G1 X140.188 Y93.556 E2419.65476
G1 X139.383 Y93.221 E2419.68376
G1 X138.457 Y93.1 E2419.71482
G1 X96.543 Y93.1 E2421.10888
G1 X95.613 Y93.221 E2421.14008
G1 X94.808 Y93.556 E2421.16908
G1 X94.1 Y94.1 E2421.19877
G1 F2700 E2416.19877
G0 F9000 X94.157 Y94.192
G0 X93.697 Y94.889
G0 X93.398 Y95.701
G0 X110.1 Y109.648
G0 X110.225 Y109.781
G1 F2700 E2421.19877
G1 F1500 X112.219 Y108.309 E2421.28121
G1 X114.459 Y107.345 E2421.36232
G1 X116.88 Y106.917 E2421.44409
G1 X119.339 Y107.052 E2421.526
G1 X121.699 Y107.765 E2421.608
G1 X123.826 Y108.991 E2421.68965
G1 X125.623 Y110.685 E2421.77179
G1 X126.968 Y112.741 E2421.85351
G1 X127.812 Y115.052 E2421.93534
G1 X128.1 Y117.5 E2422.01732
G1 X127.816 Y119.945 E2422.09919
G1 X126.968 Y122.259 E2422.18115
G1 X125.6 Y124.333 E2422.26379
G1 X123.826 Y126.005 E2422.34487
G1 X121.699 Y127.231 E2422.42653
G1 X119.343 Y127.943 E2422.50839
G1 X116.875 Y128.086 E2422.59061
G1 X114.459 Y127.655 E2422.67224
G1 X112.19 Y126.678 E2422.7544
G1 X110.236 Y125.22 E2422.83549
G1 X108.637 Y123.319 E2422.91811
G1 X107.536 Y121.126 E2422.99973
G1 X106.972 Y118.73 E2423.0816
G1 X106.972 Y116.266 E2423.16355
G1 X107.536 Y113.874 E2423.24529
G1 X108.634 Y111.681 E2423.32686
G1 X110.225 Y109.781 E2423.40928
G0 F9000 X110.49 Y110.086
;TYPE:WALL-OUTER
G1 F1500 X112.393 Y108.67 E2423.48818
G1 X114.574 Y107.728 E2423.56719
G1 X116.904 Y107.316 E2423.64589
G1 X119.294 Y107.456 E2423.72552
G1 X121.54 Y108.132 E2423.80353
G1 X123.573 Y109.306 E2423.88162
G1 X125.324 Y110.958 E2423.96168
G1 X126.611 Y112.921 E2424.03975
G1 X127.423 Y115.145 E2424.1185
G1 X127.7 Y117.5 E2424.19737
G1 X127.426 Y119.839 E2424.2757
G1 X126.611 Y122.079 E2424.35498
G1 X125.294 Y124.074 E2424.43448
G1 X123.573 Y125.69 E2424.513
G1 X121.54 Y126.864 E2424.59109
G1 X119.248 Y127.548 E2424.67064
G1 X116.904 Y127.684 E2424.74873
G1 X114.574 Y127.272 E2424.82743
G1 X112.406 Y126.337 E2424.90596
G1 X110.502 Y124.922 E2424.98486
G1 X108.981 Y123.109 E2425.06357
G1 X107.912 Y120.989 E2425.14254
G1 X107.369 Y118.684 E2425.2213
G1 X107.373 Y116.29 E2425.30093
G1 X107.912 Y114.011 E2425.37882
G1 X108.972 Y111.9 E2425.45739
G1 X110.49 Y110.086 E2425.53606
G1 F2700 E2420.53606
G0 F9000 X110.106 Y109.766
G0 X93.416 Y95.665
G0 X93.815 Y93.815
G1 F2700 E2425.53606
G1 F1500 X93.207 Y94.606 E2425.56924
G1 X92.831 Y95.509 E2425.60177
G1 X92.7 Y96.517 E2425.63558
G1 X92.7 Y138.483 E2427.03138
G1 X92.831 Y139.487 E2427.06505
G1 X93.207 Y140.39 E2427.09759
G1 X93.815 Y141.181 E2427.13077
G1 X94.606 Y141.793 E2427.16403
G1 X95.509 Y142.165 E2427.19652
G1 X96.518 Y142.3 E2427.23037
G1 X138.482 Y142.3 E2428.6261
G1 X139.487 Y142.165 E2428.65983
G1 X140.39 Y141.793 E2428.69231
G1 X141.181 Y141.181 E2428.72558
G1 X141.793 Y140.39 E2428.75884
G1 X142.165 Y139.487 E2428.79132
G1 X142.3 Y138.482 E2428.82505
G1 X142.3 Y96.518 E2430.22078
G1 X142.165 Y95.509 E2430.25464
G1 X141.793 Y94.606 E2430.28712
G1 X141.181 Y93.815 E2430.32038
G1 X140.39 Y93.207 E2430.35357
G1 X139.487 Y92.831 E2430.3861
G1 X138.483 Y92.7 E2430.41977
G1 X96.517 Y92.7 E2431.81557
G1 X95.509 Y92.831 E2431.84938
G1 X94.606 Y93.207 E2431.88191
G1 X93.815 Y93.815 E2431.91509
G1 F2700 E2426.91509
G0 F9000 X94.157 Y94.192
G0 X93.697 Y94.889
G0 X93.398 Y95.701
G0 X110.1 Y109.648
G0 X109.982 Y109.51
;TYPE:SKIN
G1 F2700 E2431.91509
G1 F1500 X108.337 Y111.473 E2432.00028
G1 X107.196 Y113.751 E2432.08502
G1 X106.613 Y116.197 E2432.16865
G1 X106.613 Y118.772 E2432.2543
G1 X107.196 Y121.249 E2432.33893
G1 X108.328 Y123.51 E2432.42303
G1 X109.966 Y125.47 E2432.50799
G1 X112.015 Y126.994 E2432.59292
G1 X114.354 Y128 E2432.67761
G1 X116.86 Y128.444 E2432.76226
G1 X119.403 Y128.298 E2432.84698
G1 X121.836 Y127.568 E2432.93146
G1 X124.05 Y126.288 E2433.01652
G1 X125.874 Y124.566 E2433.09995
G1 X127.287 Y122.423 E2433.18533
G1 X128.17 Y120.019 E2433.27051
G1 X128.464 Y117.496 E2433.35499
G1 X128.163 Y114.965 E2433.43977
G1 X127.287 Y112.573 E2433.52449
G1 X125.908 Y110.466 E2433.60825
G1 X124.063 Y108.716 E2433.69282
G1 X121.836 Y107.424 E2433.77846
G1 X119.403 Y106.698 E2433.8629
G1 X116.856 Y106.556 E2433.94775
G1 X114.354 Y107 E2434.03227
G1 X112.02 Y107.998 E2434.1167
G1 X109.982 Y109.51 E2434.2011
G1 F2700 E2429.2011
G0 F9000 X110.156 Y109.707
G0 X93.416 Y95.665
G0 X94.355 Y94.355
G1 F2700 E2434.2011
G1 F1500 X94.99 Y93.867 E2434.22773
G1 X95.701 Y93.571 E2434.25335
G1 X96.569 Y93.46 E2434.28245
G1 X138.427 Y93.46 E2435.67466
G1 X139.291 Y93.571 E2435.70363
G1 X140.002 Y93.867 E2435.72925
G1 X140.633 Y94.351 E2435.7557
G1 X141.125 Y94.989 E2435.78249
G1 X141.421 Y95.705 E2435.80826
G1 X141.54 Y96.574 E2435.83743
G1 X141.539 Y138.418 E2437.22917
G1 X141.421 Y139.287 E2437.25834
G1 X141.125 Y140.006 E2437.2842
G1 X140.637 Y140.637 E2437.31073
G1 X140.006 Y141.125 E2437.33726
G1 X139.287 Y141.421 E2437.36312
G1 X138.422 Y141.539 E2437.39216
G1 X96.574 Y141.54 E2438.78403
G1 X95.705 Y141.421 E2438.8132
G1 X94.985 Y141.125 E2438.8391
G1 X94.359 Y140.641 E2438.86541
G1 X93.867 Y139.998 E2438.89234
G1 X93.571 Y139.291 E2438.91783
G1 X93.461 Y138.427 E2438.9468
G1 X93.46 Y96.569 E2440.33901
G1 X93.571 Y95.701 E2440.36811
G1 X93.867 Y94.99 E2440.39373
G1 X94.355 Y94.355 E2440.42036
G1 F2700 E2435.42036
G0 F9000 X94.152 Y94.199
G0 X93.697 Y94.889
G0 X93.378 Y95.655
G0 X93.261 Y96.554
G0 X93.261 Y138.446
G0 X93.378 Y139.34
G0 X93.697 Y140.107
G0 X94.117 Y140.654
G0 X94.984 Y141.407
G0 X95.16 Y140.981
G1 F2700 E2440.42036
G1 F1500 X94.016 Y139.836 E2440.4742
G0 F9000 X93.734 Y138.989
G1 F1500 X96.005 Y141.259 E2440.58099
G0 F9000 X96.65 Y141.339
G1 F1500 X93.661 Y138.35 E2440.72159
G0 F9000 X93.661 Y137.784
G1 F1500 X97.216 Y141.339 E2440.8888
G0 F9000 X97.782 Y141.339
G1 F1500 X93.661 Y137.218 E2441.08264
G0 F9000 X93.661 Y136.653
G1 F1500 X98.347 Y141.339 E2441.30306
G0 F9000 X98.913 Y141.339
G1 F1500 X93.661 Y136.087 E2441.5501
G0 F9000 X93.661 Y135.521
G1 F1500 X99.479 Y141.339 E2441.82376
G0 F9000 X100.044 Y141.339
G1 F1500 X93.661 Y134.956 E2442.12399
G0 F9000 X93.661 Y134.39
G1 F1500 X100.61 Y141.339 E2442.45085
G0 F9000 X101.176 Y141.339
G1 F1500 X93.661 Y133.824 E2442.80434
G0 F9000 X93.661 Y133.259
G1 F1500 X101.741 Y141.339 E2443.18439
G0 F9000 X102.307 Y141.339
G1 F1500 X93.661 Y132.693 E2443.59108
G0 F9000 X93.661 Y132.127
G1 F1500 X102.873 Y141.339 E2444.02438
G0 F9000 X103.438 Y141.339
G1 F1500 X93.661 Y131.561 E2444.48428
G0 F9000 X93.661 Y130.996
G1 F1500 X104.004 Y141.339 E2444.97079
G0 F9000 X104.57 Y141.339
G1 F1500 X93.661 Y130.43 E2445.48391
G0 F9000 X93.661 Y129.864
G1 F1500 X105.135 Y141.339 E2446.02364
G0 F9000 X105.701 Y141.339
G1 F1500 X93.661 Y129.299 E2446.58996
G0 F9000 X93.661 Y128.733
G1 F1500 X106.267 Y141.339 E2447.18291
G0 F9000 X106.833 Y141.339
G1 F1500 X93.661 Y128.167 E2447.80248
G0 F9000 X93.661 Y127.602
G1 F1500 X107.398 Y141.339 E2448.44863
G0 F9000 X107.964 Y141.339
G1 F1500 X93.661 Y127.036 E2449.1214
G0 F9000 X93.661 Y126.47
G1 F1500 X108.53 Y141.339 E2449.82079
G0 F9000 X109.095 Y141.339
G1 F1500 X93.661 Y125.905 E2450.54676
G0 F9000 X93.661 Y125.339
G1 F1500 X109.661 Y141.339 E2451.29935
G0 F9000 X110.227 Y141.339
G1 F1500 X93.661 Y124.773 E2452.07856
G0 F9000 X93.661 Y124.208
G1 F1500 X110.792 Y141.339 E2452.88435
G0 F9000 X111.358 Y141.339
G1 F1500 X93.661 Y123.642 E2453.71676
G0 F9000 X93.661 Y123.076
G1 F1500 X111.924 Y141.339 E2454.5758
G0 F9000 X112.489 Y141.339
G1 F1500 X93.661 Y122.51 E2455.46143
G0 F9000 X93.661 Y121.945
G1 F1500 X113.055 Y141.339 E2456.37367
G0 F9000 X113.621 Y141.339
G1 F1500 X93.661 Y121.379 E2457.31253
G0 F9000 X93.661 Y120.813
G1 F1500 X114.186 Y141.339 E2458.27798
G0 F9000 X114.752 Y141.339
G1 F1500 X93.661 Y120.248 E2459.27004
G0 F9000 X93.661 Y119.682
G1 F1500 X115.318 Y141.339 E2460.28872
G0 F9000 X115.883 Y141.339
G1 F1500 X93.661 Y119.116 E2461.334
G0 F9000 X93.661 Y118.551
G1 F1500 X116.449 Y141.339 E2462.40587
G0 F9000 X117.015 Y141.339
G1 F1500 X93.661 Y117.985 E2463.50437
G0 F9000 X93.66 Y117.419
G1 F1500 X117.581 Y141.339 E2464.62952
G0 F9000 X118.146 Y141.339
G1 F1500 X93.66 Y116.853 E2465.78127
G0 F9000 X93.66 Y116.287
G1 F1500 X118.712 Y141.339 E2466.95964
G0 F9000 X119.278 Y141.339
G1 F1500 X93.66 Y115.722 E2468.1646
G0 F9000 X93.66 Y115.156
G1 F1500 X119.843 Y141.339 E2469.39617
G0 F9000 X120.409 Y141.339
G1 F1500 X93.66 Y114.59 E2470.65436
G0 F9000 X93.66 Y114.025
G1 F1500 X120.975 Y141.339 E2471.93915
G0 F9000 X121.54 Y141.339
G1 F1500 X93.66 Y113.459 E2473.25054
G0 F9000 X93.66 Y112.893
G1 F1500 X122.106 Y141.339 E2474.58856
G0 F9000 X122.672 Y141.339
G1 F1500 X93.66 Y112.327 E2475.95319
G0 F9000 X93.66 Y111.762
G1 F1500 X123.237 Y141.339 E2477.3444
G0 F9000 X123.803 Y141.339
G1 F1500 X93.66 Y111.196 E2478.76224
G0 F9000 X93.66 Y110.63
G1 F1500 X124.369 Y141.339 E2480.2067
G0 F9000 X124.934 Y141.339
G1 F1500 X93.66 Y110.065 E2481.67773
G0 F9000 X93.66 Y109.499
G1 F1500 X125.5 Y141.339 E2483.17538
G0 F9000 X126.066 Y141.339
G1 F1500 X111.834 Y127.107 E2483.84481
G0 F9000 X112.108 Y126.74
G0 X113.054 Y127.16
G0 X112.873 Y127.58
G1 F1500 X126.632 Y141.339 E2484.49199
G0 F9000 X127.197 Y141.339
G1 F1500 X113.865 Y128.007 E2485.11909
G0 F9000 X114.685 Y128.261
G1 F1500 X127.763 Y141.339 E2485.73424
G0 F9000 X128.329 Y141.339
G1 F1500 X115.372 Y128.382 E2486.3437
G0 F9000 X116.06 Y128.505
G1 F1500 X128.894 Y141.339 E2486.94737
G0 F9000 X129.46 Y141.339
G1 F1500 X116.747 Y128.626 E2487.54535
G0 F9000 X117.305 Y128.618
G1 F1500 X130.026 Y141.339 E2488.14371
G0 F9000 X130.591 Y141.339
G1 F1500 X117.84 Y128.588 E2488.74348
G0 F9000 X118.375 Y128.557
G1 F1500 X131.157 Y141.339 E2489.3447
G0 F9000 X131.723 Y141.339
G1 F1500 X118.91 Y128.527 E2489.94736
G0 F9000 X119.444 Y128.495
G1 F1500 X132.288 Y141.339 E2490.5515
G0 F9000 X132.854 Y141.339
G1 F1500 X119.879 Y128.364 E2491.16181
G0 F9000 X120.314 Y128.233
G1 F1500 X133.42 Y141.339 E2491.77827
G0 F9000 X133.985 Y141.339
G1 F1500 X120.749 Y128.103 E2492.40086
G0 F9000 X121.184 Y127.972
G1 F1500 X134.551 Y141.339 E2493.0296
G0 F9000 X135.117 Y141.339
G1 F1500 X121.62 Y127.842 E2493.66446
G0 F9000 X122.03 Y127.687
G1 F1500 X135.682 Y141.339 E2494.3066
G0 F9000 X136.248 Y141.339
G1 F1500 X122.388 Y127.479 E2494.95854
G0 F9000 X122.747 Y127.272
G1 F1500 X136.814 Y141.339 E2495.6202
G0 F9000 X137.38 Y141.339
G1 F1500 X123.104 Y127.064 E2496.29168
G0 F9000 X123.463 Y126.857
G1 F1500 X137.945 Y141.339 E2496.97287
G0 F9000 X138.498 Y141.327
G1 F1500 X123.821 Y126.649 E2497.66325
G0 F9000 X124.179 Y126.441
G1 F1500 X138.996 Y141.259 E2498.36022
G0 F9000 X139.442 Y141.139
G1 F1500 X124.469 Y126.166 E2499.06451
G0 F9000 X124.761 Y125.892
G1 F1500 X139.843 Y140.974 E2499.77392
G0 F9000 X140.175 Y140.74
G1 F1500 X125.051 Y125.617 E2500.48528
G0 F9000 X125.342 Y125.342
G1 F1500 X140.494 Y140.494 E2501.19799
G0 F9000 X140.74 Y140.175
G1 F1500 X125.633 Y125.067 E2501.9086
G0 F9000 X125.924 Y124.792
G1 F1500 X140.974 Y139.843 E2502.61653
G0 F9000 X141.139 Y139.442
G1 F1500 X126.173 Y124.476 E2503.32048
G0 F9000 X126.398 Y124.135
G1 F1500 X141.258 Y138.995 E2504.01945
G0 F9000 X141.326 Y138.497
G1 F1500 X126.624 Y123.795 E2504.71099
G0 F9000 X126.849 Y123.454
G1 F1500 X141.339 Y137.945 E2505.39257
G0 F9000 X141.339 Y137.379
G1 F1500 X127.073 Y123.114 E2506.06358
G0 F9000 X127.299 Y122.774
G1 F1500 X141.339 Y136.813 E2506.72395
G0 F9000 X141.339 Y136.247
G1 F1500 X127.506 Y122.415 E2507.37459
G0 F9000 X127.658 Y122.001
G1 F1500 X141.339 Y135.682 E2508.01811
G0 F9000 X141.339 Y135.116
G1 F1500 X127.808 Y121.586 E2508.65454
G0 F9000 X127.959 Y121.171
G1 F1500 X141.339 Y134.55 E2509.28387
G0 F9000 X141.339 Y133.985
G1 F1500 X128.111 Y120.757 E2509.90607
G0 F9000 X128.262 Y120.343
G1 F1500 X141.339 Y133.419 E2510.52115
G0 F9000 X141.339 Y132.853
G1 F1500 X128.386 Y119.901 E2511.1304
G0 F9000 X128.445 Y119.394
G1 F1500 X141.339 Y132.288 E2511.73689
G0 F9000 X141.339 Y131.722
G1 F1500 X128.505 Y118.888 E2512.34056
G0 F9000 X128.564 Y118.382
G1 F1500 X141.339 Y131.156 E2512.94144
G0 F9000 X141.339 Y130.591
G1 F1500 X128.623 Y117.875 E2513.53956
G0 F9000 X128.649 Y117.335
G1 F1500 X141.339 Y130.025 E2514.13646
G0 F9000 X141.339 Y129.459
G1 F1500 X128.572 Y116.692 E2514.73698
G0 F9000 X128.495 Y116.05
G1 F1500 X141.339 Y128.894 E2515.34112
G0 F9000 X141.339 Y128.328
G1 F1500 X128.418 Y115.407 E2515.94889
G0 F9000 X128.278 Y114.702
G1 F1500 X141.339 Y127.762 E2516.56321
G0 F9000 X141.339 Y127.196
G1 F1500 X127.952 Y113.81 E2517.19287
G0 F9000 X127.626 Y112.918
G1 F1500 X141.339 Y126.631 E2517.83789
G0 F9000 X141.339 Y126.065
G1 F1500 X126.911 Y111.637 E2518.51654
G0 F9000 X126.528 Y111.887
G0 X125.498 Y110.788
G0 X124.498 Y109.844
G0 X122.615 Y108.175
G0 X123.341 Y108.068
G1 F1500 X108.934 Y93.661 E2519.1942
G0 F9000 X108.368 Y93.661
G1 F1500 X121.991 Y107.284 E2519.83498
G0 F9000 X121.154 Y107.011
G1 F1500 X107.803 Y93.661 E2520.46295
G0 F9000 X107.237 Y93.661
G1 F1500 X120.347 Y106.771 E2521.0796
G0 F9000 X119.541 Y106.53
G1 F1500 X106.671 Y93.661 E2521.68495
G0 F9000 X106.106 Y93.661
G1 F1500 X118.916 Y106.47 E2522.28746
G0 F9000 X118.317 Y106.437
G1 F1500 X105.54 Y93.661 E2522.88843
G0 F9000 X104.974 Y93.661
G1 F1500 X117.718 Y106.404 E2523.48785
G0 F9000 X117.119 Y106.371
G1 F1500 X104.409 Y93.661 E2524.08569
G0 F9000 X103.843 Y93.661
G1 F1500 X116.584 Y106.402 E2524.68498
G0 F9000 X116.103 Y106.487
G1 F1500 X103.277 Y93.661 E2525.28828
G0 F9000 X102.712 Y93.661
G1 F1500 X115.623 Y106.572 E2525.89557
G0 F9000 X115.142 Y106.657
G1 F1500 X102.146 Y93.661 E2526.50687
G0 F9000 X101.58 Y93.661
G1 F1500 X114.662 Y106.743 E2527.1222
G0 F9000 X114.202 Y106.848
G1 F1500 X101.014 Y93.661 E2527.7425
G0 F9000 X100.449 Y93.661
G1 F1500 X113.805 Y107.017 E2528.37073
G0 F9000 X113.409 Y107.186
G1 F1500 X99.883 Y93.661 E2529.00693
G0 F9000 X99.317 Y93.661
G1 F1500 X113.013 Y107.356 E2529.65112
G0 F9000 X112.616 Y107.525
G1 F1500 X98.752 Y93.661 E2530.30324
G0 F9000 X98.186 Y93.661
G1 F1500 X112.219 Y107.694 E2530.96331
G0 F9000 X111.84 Y107.88
G1 F1500 X97.62 Y93.661 E2531.63215
G0 F9000 X97.055 Y93.661
G1 F1500 X111.515 Y108.121 E2532.31231
G0 F9000 X111.19 Y108.362
G1 F1500 X96.5 Y93.672 E2533.00328
G0 F9000 X95.998 Y93.735
G1 F1500 X110.866 Y108.603 E2533.70262
G0 F9000 X110.541 Y108.844
G1 F1500 X95.549 Y93.851 E2534.40782
G0 F9000 X95.15 Y94.018
G1 F1500 X110.217 Y109.085 E2535.11653
G0 F9000 X109.892 Y109.326
G1 F1500 X94.818 Y94.252 E2535.82556
G0 F9000 X94.498 Y94.498
G1 F1500 X109.624 Y109.624 E2536.53705
G0 F9000 X109.366 Y109.932
G1 F1500 X94.252 Y94.818 E2537.24796
G0 F9000 X94.018 Y95.15
G1 F1500 X109.109 Y110.24 E2537.95777
G0 F9000 X108.851 Y110.548
G1 F1500 X93.851 Y95.549 E2538.6633
G0 F9000 X93.734 Y95.997
G1 F1500 X108.593 Y110.855 E2539.3622
G0 F9000 X108.334 Y111.163
G1 F1500 X93.67 Y96.498 E2540.05197
G0 F9000 X93.66 Y97.054
G1 F1500 X108.101 Y111.495 E2540.73123
G0 F9000 X107.912 Y111.872
G1 F1500 X93.66 Y97.62 E2541.40161
G0 F9000 X93.66 Y98.185
G1 F1500 X107.723 Y112.249 E2542.06311
G0 F9000 X107.535 Y112.626
G1 F1500 X93.66 Y98.751 E2542.71575
G0 F9000 X93.66 Y99.317
G1 F1500 X107.346 Y113.003 E2543.35949
G0 F9000 X107.157 Y113.38
G1 F1500 X93.66 Y99.882 E2543.99438
G0 F9000 X93.66 Y100.448
G1 F1500 X106.982 Y113.771 E2544.62102
G0 F9000 X106.874 Y114.228
G1 F1500 X93.66 Y101.014 E2545.24257
G0 F9000 X93.66 Y101.579
G1 F1500 X106.766 Y114.686 E2545.85906
G0 F9000 X106.658 Y115.143
G1 F1500 X93.66 Y102.145 E2546.47045
G0 F9000 X93.66 Y102.711
G1 F1500 X106.55 Y115.601 E2547.07675
G0 F9000 X106.441 Y116.058
G1 F1500 X93.66 Y103.276 E2547.67795
G0 F9000 X93.66 Y103.842
G1 F1500 X106.41 Y116.592 E2548.27768
G0 F9000 X106.411 Y117.159
G1 F1500 X93.66 Y104.408 E2548.87744
G0 F9000 X93.66 Y104.974
G1 F1500 X106.412 Y117.726 E2549.47726
G0 F9000 X106.412 Y118.292
G1 F1500 X93.66 Y105.539 E2550.0771
G0 F9000 X93.66 Y106.105
G1 F1500 X106.432 Y118.877 E2550.67785
G0 F9000 X106.605 Y119.616
G1 F1500 X93.66 Y106.671 E2551.28675
G0 F9000 X93.66 Y107.236
G1 F1500 X106.778 Y120.355 E2551.9038
G0 F9000 X106.951 Y121.093
G1 F1500 X93.66 Y107.802 E2552.52897
G0 F9000 X93.66 Y108.368
G1 F1500 X107.403 Y122.111 E2553.1754
G0 F9000 X107.816 Y121.906
G0 X108.385 Y123.042
G0 X107.974 Y123.247
G1 F1500 X93.66 Y108.933 E2553.84868
G1 F2700 E2548.84868
G0 F9000 X93.2 Y108.933
G0 X93.261 Y96.554
G0 X93.378 Y95.655
G0 X93.697 Y94.889
G0 X94.215 Y94.215
G0 X94.889 Y93.697
G0 X95.655 Y93.378
G0 X96.383 Y93.284
G0 X109.5 Y93.2
G0 X109.5 Y93.661
G1 F2700 E2553.84868
G1 F1500 X141.339 Y125.499 E2555.34627
G0 F9000 X141.339 Y124.934
G1 F1500 X110.065 Y93.661 E2556.81728
G0 F9000 X110.631 Y93.661
G1 F1500 X141.339 Y124.368 E2558.26166
G0 F9000 X141.339 Y123.802
G1 F1500 X111.197 Y93.661 E2559.67943
G0 F9000 X111.762 Y93.661
G1 F1500 X141.339 Y123.237 E2561.07062
G0 F9000 X141.339 Y122.671
G1 F1500 X112.328 Y93.661 E2562.43518
G0 F9000 X112.894 Y93.661
G1 F1500 X141.339 Y122.105 E2563.77312
G0 F9000 X141.339 Y121.54
G1 F1500 X113.46 Y93.661 E2565.08447
G0 F9000 X114.025 Y93.661
G1 F1500 X141.339 Y120.974 E2566.36921
G0 F9000 X141.339 Y120.408
G1 F1500 X114.591 Y93.661 E2567.62733
G0 F9000 X115.157 Y93.661
G1 F1500 X141.339 Y119.843 E2568.85885
G0 F9000 X141.339 Y119.277
G1 F1500 X115.722 Y93.661 E2570.06377
G0 F9000 X116.288 Y93.661
G1 F1500 X141.339 Y118.711 E2571.24207
G0 F9000 X141.339 Y118.146
G1 F1500 X116.854 Y93.661 E2572.39377
G0 F9000 X117.419 Y93.661
G1 F1500 X141.339 Y117.58 E2573.51887
G0 F9000 X141.339 Y117.015
G1 F1500 X117.985 Y93.661 E2574.61737
G0 F9000 X118.551 Y93.661
G1 F1500 X141.339 Y116.449 E2575.68925
G0 F9000 X141.339 Y115.883
G1 F1500 X119.116 Y93.661 E2576.73453
G0 F9000 X119.682 Y93.661
G1 F1500 X141.339 Y115.318 E2577.75321
G0 F9000 X141.339 Y114.752
G1 F1500 X120.248 Y93.661 E2578.74526
G0 F9000 X120.813 Y93.661
G1 F1500 X141.339 Y114.186 E2579.71072
G0 F9000 X141.339 Y113.621
G1 F1500 X121.379 Y93.661 E2580.64958
G0 F9000 X121.945 Y93.661
G1 F1500 X141.339 Y113.055 E2581.56181
G0 F9000 X141.339 Y112.489
G1 F1500 X122.51 Y93.661 E2582.44744
G0 F9000 X123.076 Y93.661
G1 F1500 X141.339 Y111.924 E2583.30648
G0 F9000 X141.339 Y111.358
G1 F1500 X123.642 Y93.661 E2584.13889
G0 F9000 X124.208 Y93.661
G1 F1500 X141.339 Y110.792 E2584.94468
G0 F9000 X141.339 Y110.227
G1 F1500 X124.773 Y93.661 E2585.7239
G0 F9000 X125.339 Y93.661
G1 F1500 X141.339 Y109.661 E2586.47649
G0 F9000 X141.339 Y109.095
G1 F1500 X125.905 Y93.661 E2587.20246
G0 F9000 X126.47 Y93.661
G1 F1500 X141.339 Y108.53 E2587.90185
G0 F9000 X141.339 Y107.964
G1 F1500 X127.036 Y93.661 E2588.57462
G0 F9000 X127.602 Y93.661
G1 F1500 X141.339 Y107.398 E2589.22076
G0 F9000 X141.339 Y106.833
G1 F1500 X128.167 Y93.661 E2589.84033
G0 F9000 X128.733 Y93.661
G1 F1500 X141.339 Y106.267 E2590.43328
G0 F9000 X141.339 Y105.701
G1 F1500 X129.299 Y93.661 E2590.99961
G0 F9000 X129.864 Y93.661
G1 F1500 X141.339 Y105.135 E2591.53933
G0 F9000 X141.339 Y104.57
G1 F1500 X130.43 Y93.661 E2592.05246
G0 F9000 X130.996 Y93.661
G1 F1500 X141.339 Y104.004 E2592.53896
G0 F9000 X141.339 Y103.438
G1 F1500 X131.561 Y93.661 E2592.99886
G0 F9000 X132.127 Y93.661
G1 F1500 X141.339 Y102.873 E2593.43217
G0 F9000 X141.339 Y102.307
G1 F1500 X132.693 Y93.661 E2593.83885
G0 F9000 X133.259 Y93.661
G1 F1500 X141.339 Y101.741 E2594.21891
G0 F9000 X141.339 Y101.176
G1 F1500 X133.824 Y93.661 E2594.57239
G0 F9000 X134.39 Y93.661
G1 F1500 X141.339 Y100.61 E2594.89925
G0 F9000 X141.339 Y100.044
G1 F1500 X134.956 Y93.661 E2595.19949
G0 F9000 X135.521 Y93.661
G1 F1500 X141.339 Y99.479 E2595.47315
G0 F9000 X141.339 Y98.913
G1 F1500 X136.087 Y93.661 E2595.72019
G0 F9000 X136.653 Y93.661
G1 F1500 X141.339 Y98.347 E2595.9406
G0 F9000 X141.339 Y97.782
G1 F1500 X137.218 Y93.661 E2596.13444
G0 F9000 X137.784 Y93.661
G1 F1500 X141.339 Y97.216 E2596.30166
G0 F9000 X141.339 Y96.65
G1 F1500 X138.35 Y93.661 E2596.44225
G0 F9000 X138.989 Y93.734
G1 F1500 X141.259 Y96.005 E2596.54905
G0 F9000 X140.977 Y95.157
G1 F1500 X139.836 Y94.016 E2596.60272
G1 F2700 E2591.60272
;MESH:NONMESH
G0 F300 X139.836 Y94.016 Z6
G0 F9000 X140.014 Y93.593
G0 X139.341 Y93.378
G0 X138.446 Y93.261
G0 X96.554 Y93.261
G0 X95.655 Y93.378
G0 X95.035 Y93.636
G0 X94.157 Y94.192
G0 X94.1 Y94.1
;TIME_ELAPSED:3246.949720
;LAYER:29
;TYPE:WALL-INNER
;MESH:cerchio_grande.stl
G1 F2700 E2596.60272
G1 F1500 X93.556 Y94.808 E2596.63241
G1 X93.221 Y95.613 E2596.66141
G1 X93.1 Y96.543 E2596.69261
G1 X93.1 Y138.457 E2598.08667
G1 X93.221 Y139.383 E2598.11773
G1 X93.556 Y140.188 E2598.14673
G1 X94.101 Y140.896 E2598.17645
G1 X94.808 Y141.443 E2598.20618
G1 X95.613 Y141.775 E2598.23514
G1 X96.544 Y141.9 E2598.26639
G1 X138.456 Y141.9 E2599.66038
G1 X139.383 Y141.775 E2599.6915
G1 X140.188 Y141.443 E2599.72046
G1 X140.896 Y140.896 E2599.75022
G1 X141.443 Y140.188 E2599.77997
G1 X141.775 Y139.383 E2599.80893
G1 X141.9 Y138.456 E2599.84005
G1 X141.9 Y96.544 E2601.23404
G1 X141.775 Y95.613 E2601.26529
G1 X141.443 Y94.808 E2601.29425
G1 X140.896 Y94.101 E2601.32398
G1 X140.188 Y93.556 E2601.3537
G1 X139.383 Y93.221 E2601.3827
G1 X138.457 Y93.1 E2601.41376
G1 X96.543 Y93.1 E2602.80782
G1 X95.613 Y93.221 E2602.83902
G1 X94.808 Y93.556 E2602.86802
G1 X94.1 Y94.1 E2602.89771
G1 F2700 E2597.89771
G0 F9000 X94.157 Y94.192
G0 X93.697 Y94.889
G0 X93.398 Y95.701
G0 X110.1 Y109.648
G0 X110.225 Y109.781
G1 F2700 E2602.89771
G1 F1500 X112.219 Y108.309 E2602.98015
G1 X114.459 Y107.345 E2603.06126
G1 X116.88 Y106.917 E2603.14303
G1 X119.339 Y107.052 E2603.22494
G1 X121.699 Y107.765 E2603.30694
G1 X123.826 Y108.991 E2603.38859
G1 X125.623 Y110.685 E2603.47073
G1 X126.968 Y112.741 E2603.55245
G1 X127.812 Y115.052 E2603.63428
G1 X128.1 Y117.5 E2603.71626
G1 X127.816 Y119.945 E2603.79813
G1 X126.968 Y122.259 E2603.88009
G1 X125.6 Y124.333 E2603.96273
G1 X123.826 Y126.005 E2604.04381
G1 X121.699 Y127.231 E2604.12547
G1 X119.343 Y127.943 E2604.20733
G1 X116.875 Y128.086 E2604.28955
G1 X114.459 Y127.655 E2604.37118
G1 X112.19 Y126.678 E2604.45334
G1 X110.236 Y125.22 E2604.53443
G1 X108.637 Y123.319 E2604.61705
G1 X107.536 Y121.126 E2604.69867
G1 X106.972 Y118.73 E2604.78054
G1 X106.972 Y116.266 E2604.86249
G1 X107.536 Y113.874 E2604.94423
G1 X108.634 Y111.681 E2605.0258
G1 X110.225 Y109.781 E2605.10822
G0 F9000 X110.49 Y110.086
;TYPE:WALL-OUTER
G1 F1500 X112.393 Y108.67 E2605.18712
G1 X114.574 Y107.728 E2605.26613
G1 X116.904 Y107.316 E2605.34483
G1 X119.294 Y107.456 E2605.42446
G1 X121.54 Y108.132 E2605.50247
G1 X123.573 Y109.306 E2605.58056
G1 X125.324 Y110.958 E2605.66062
G1 X126.611 Y112.921 E2605.73869
G1 X127.423 Y115.145 E2605.81744
G1 X127.7 Y117.5 E2605.89631
G1 X127.426 Y119.839 E2605.97464
G1 X126.611 Y122.079 E2606.05392
G1 X125.294 Y124.074 E2606.13342
G1 X123.573 Y125.69 E2606.21194
G1 X121.54 Y126.864 E2606.29003
G1 X119.248 Y127.548 E2606.36958
G1 X116.904 Y127.684 E2606.44767
G1 X114.574 Y127.272 E2606.52637
G1 X112.406 Y126.337 E2606.6049
G1 X110.502 Y124.922 E2606.6838
G1 X108.981 Y123.109 E2606.76251
G1 X107.912 Y120.989 E2606.84148
G1 X107.369 Y118.684 E2606.92024
G1 X107.373 Y116.29 E2606.99987
G1 X107.912 Y114.011 E2607.07776
G1 X108.972 Y111.9 E2607.15633
G1 X110.49 Y110.086 E2607.235
G1 F2700 E2602.235
G0 F9000 X110.106 Y109.766
G0 X93.416 Y95.665
G0 X93.815 Y93.815
G1 F2700 E2607.235
G1 F1500 X93.207 Y94.606 E2607.26818
G1 X92.831 Y95.509 E2607.30071
G1 X92.7 Y96.517 E2607.33452
G1 X92.7 Y138.483 E2608.73032
G1 X92.831 Y139.487 E2608.76399
G1 X93.207 Y140.39 E2608.79653
G1 X93.815 Y141.181 E2608.82971
G1 X94.606 Y141.793 E2608.86297
G1 X95.509 Y142.165 E2608.89546
G1 X96.518 Y142.3 E2608.92931
G1 X138.482 Y142.3 E2610.32504
G1 X139.487 Y142.165 E2610.35877
G1 X140.39 Y141.793 E2610.39125
G1 X141.181 Y141.181 E2610.42452
G1 X141.793 Y140.39 E2610.45778
G1 X142.165 Y139.487 E2610.49026
G1 X142.3 Y138.482 E2610.52399
G1 X142.3 Y96.518 E2611.91972
G1 X142.165 Y95.509 E2611.95358
G1 X141.793 Y94.606 E2611.98606
G1 X141.181 Y93.815 E2612.01932
G1 X140.39 Y93.207 E2612.05251
G1 X139.487 Y92.831 E2612.08504
G1 X138.483 Y92.7 E2612.11872
G1 X96.517 Y92.7 E2613.51451
G1 X95.509 Y92.831 E2613.54832
G1 X94.606 Y93.207 E2613.58085
G1 X93.815 Y93.815 E2613.61403
G1 F2700 E2608.61403
G0 F9000 X94.157 Y94.192
G0 X93.697 Y94.889
G0 X93.398 Y95.701
G0 X110.1 Y109.648
G0 X109.982 Y109.51
;TYPE:SKIN
G1 F2700 E2613.61403
G1 F1500 X108.337 Y111.473 E2613.69922
G1 X107.196 Y113.751 E2613.78396
G1 X106.613 Y116.197 E2613.86759
G1 X106.613 Y118.772 E2613.95324
G1 X107.196 Y121.249 E2614.03787
G1 X108.328 Y123.51 E2614.12197
G1 X109.966 Y125.47 E2614.20693
G1 X112.015 Y126.994 E2614.29186
G1 X114.354 Y128 E2614.37655
G1 X116.86 Y128.444 E2614.4612
G1 X119.403 Y128.298 E2614.54592
G1 X121.836 Y127.568 E2614.6304
G1 X124.05 Y126.288 E2614.71546
G1 X125.874 Y124.566 E2614.79889
G1 X127.287 Y122.423 E2614.88427
G1 X128.17 Y120.019 E2614.96945
G1 X128.464 Y117.496 E2615.05393
G1 X128.163 Y114.965 E2615.13871
G1 X127.287 Y112.573 E2615.22343
G1 X125.908 Y110.466 E2615.30719
G1 X124.063 Y108.716 E2615.39176
G1 X121.836 Y107.424 E2615.4774
G1 X119.403 Y106.698 E2615.56185
G1 X116.856 Y106.556 E2615.64669
G1 X114.354 Y107 E2615.73121
G1 X112.02 Y107.998 E2615.81564
G1 X109.982 Y109.51 E2615.90004
G1 F2700 E2610.90004
G0 F9000 X110.156 Y109.707
G0 X93.416 Y95.665
G0 X94.355 Y94.355
G1 F2700 E2615.90004
G1 F1500 X94.99 Y93.867 E2615.92667
G1 X95.701 Y93.571 E2615.95229
G1 X96.569 Y93.46 E2615.98139
G1 X138.427 Y93.46 E2617.3736
G1 X139.291 Y93.571 E2617.40257
G1 X140.002 Y93.867 E2617.42819
G1 X140.633 Y94.351 E2617.45464
G1 X141.125 Y94.989 E2617.48143
G1 X141.421 Y95.705 E2617.5072
G1 X141.54 Y96.574 E2617.53637
G1 X141.539 Y138.418 E2618.92811
G1 X141.421 Y139.287 E2618.95728
G1 X141.125 Y140.006 E2618.98314
G1 X140.637 Y140.637 E2619.00967
G1 X140.006 Y141.125 E2619.0362
G1 X139.287 Y141.421 E2619.06206
G1 X138.422 Y141.539 E2619.0911
G1 X96.574 Y141.54 E2620.48297
G1 X95.705 Y141.421 E2620.51214
G1 X94.985 Y141.125 E2620.53804
G1 X94.359 Y140.641 E2620.56435
G1 X93.867 Y139.998 E2620.59128
G1 X93.571 Y139.291 E2620.61678
G1 X93.461 Y138.427 E2620.64574
G1 X93.46 Y96.569 E2622.03795
G1 X93.571 Y95.701 E2622.06705
G1 X93.867 Y94.99 E2622.09267
G1 X94.355 Y94.355 E2622.1193
G0 F9000 X94.152 Y94.199
G0 X93.894 Y94.59
G0 X93.315 Y95.668
G0 X93.777 Y95.728
G1 F1500 X95.729 Y93.776 E2622.21112
G0 F9000 X96.386 Y93.685
G1 F1500 X93.685 Y96.385 E2622.33814
G0 F9000 X93.661 Y96.975
G1 F1500 X96.976 Y93.66 E2622.49407
G0 F9000 X97.542 Y93.66
G1 F1500 X93.661 Y97.541 E2622.67662
G0 F9000 X93.661 Y98.107
G1 F1500 X98.108 Y93.66 E2622.88579
G0 F9000 X98.673 Y93.66
G1 F1500 X93.661 Y98.673 E2623.12157
G0 F9000 X93.661 Y99.238
G1 F1500 X99.239 Y93.66 E2623.38394
G0 F9000 X99.805 Y93.66
G1 F1500 X93.661 Y99.804 E2623.67293
G0 F9000 X93.661 Y100.37
G1 F1500 X100.37 Y93.66 E2623.98853
G0 F9000 X100.936 Y93.66
G1 F1500 X93.661 Y100.935 E2624.33072
G0 F9000 X93.661 Y101.501
G1 F1500 X101.502 Y93.66 E2624.69954
G0 F9000 X102.067 Y93.66
G1 F1500 X93.661 Y102.067 E2625.09495
G0 F9000 X93.661 Y102.632
G1 F1500 X102.633 Y93.66 E2625.51697
G0 F9000 X103.199 Y93.66
G1 F1500 X93.661 Y103.198 E2625.96561
G0 F9000 X93.661 Y103.764
G1 F1500 X103.764 Y93.66 E2626.44085
G0 F9000 X104.33 Y93.66
G1 F1500 X93.661 Y104.329 E2626.94268
G0 F9000 X93.661 Y104.895
G1 F1500 X104.896 Y93.66 E2627.47114
G0 F9000 X105.461 Y93.66
G1 F1500 X93.661 Y105.461 E2628.0262
G0 F9000 X93.661 Y106.026
G1 F1500 X106.027 Y93.66 E2628.60786
G0 F9000 X106.593 Y93.66
G1 F1500 X93.661 Y106.592 E2629.21614
G0 F9000 X93.661 Y107.158
G1 F1500 X107.158 Y93.66 E2629.85102
G0 F9000 X107.724 Y93.66
G1 F1500 X93.661 Y107.723 E2630.5125
G0 F9000 X93.661 Y108.289
G1 F1500 X108.29 Y93.66 E2631.20061
G0 F9000 X108.856 Y93.66
G1 F1500 X93.661 Y108.855 E2631.91533
G0 F9000 X93.661 Y109.421
G1 F1500 X109.421 Y93.66 E2632.65666
G0 F9000 X109.987 Y93.66
G1 F1500 X93.661 Y109.986 E2633.42458
G0 F9000 X93.661 Y110.552
G1 F1500 X110.553 Y93.66 E2634.21913
G0 F9000 X111.118 Y93.66
G1 F1500 X93.661 Y111.118 E2635.04028
G0 F9000 X93.661 Y111.683
G1 F1500 X111.684 Y93.66 E2635.88803
G0 F9000 X112.25 Y93.66
G1 F1500 X93.661 Y112.249 E2636.7624
G0 F9000 X93.661 Y112.815
G1 F1500 X112.815 Y93.66 E2637.66336
G0 F9000 X113.381 Y93.66
G1 F1500 X93.661 Y113.38 E2638.59093
G0 F9000 X93.661 Y113.946
G1 F1500 X113.947 Y93.66 E2639.54512
G0 F9000 X114.512 Y93.66
G1 F1500 X93.661 Y114.512 E2640.52591
G0 F9000 X93.661 Y115.077
G1 F1500 X115.078 Y93.66 E2641.5333
G0 F9000 X115.644 Y93.66
G1 F1500 X93.661 Y115.643 E2642.56732
G0 F9000 X93.661 Y116.209
G1 F1500 X116.209 Y93.66 E2643.62793
G0 F9000 X116.775 Y93.66
G1 F1500 X93.661 Y116.774 E2644.71514
G0 F9000 X93.661 Y117.34
G1 F1500 X117.341 Y93.66 E2645.82898
G0 F9000 X117.907 Y93.66
G1 F1500 X93.661 Y117.905 E2646.96941
G0 F9000 X93.661 Y118.471
G1 F1500 X118.472 Y93.66 E2648.13644
G0 F9000 X119.038 Y93.66
G1 F1500 X93.661 Y119.036 E2649.33008
G0 F9000 X93.661 Y119.602
G1 F1500 X119.604 Y93.66 E2650.55033
G0 F9000 X120.169 Y93.66
G1 F1500 X93.661 Y120.168 E2651.79719
G0 F9000 X93.661 Y120.734
G1 F1500 X120.735 Y93.66 E2653.07066
G0 F9000 X121.301 Y93.66
G1 F1500 X93.661 Y121.299 E2654.37074
G0 F9000 X93.661 Y121.865
G1 F1500 X121.866 Y93.66 E2655.69742
G0 F9000 X122.432 Y93.66
G1 F1500 X93.661 Y122.431 E2657.05072
G0 F9000 X93.661 Y122.996
G1 F1500 X122.998 Y93.66 E2658.43062
G0 F9000 X123.563 Y93.66
G1 F1500 X93.661 Y123.562 E2659.83712
G0 F9000 X93.661 Y124.128
G1 F1500 X124.129 Y93.66 E2661.27024
G0 F9000 X124.695 Y93.66
G1 F1500 X93.661 Y124.693 E2662.72996
G0 F9000 X93.661 Y125.259
G1 F1500 X125.26 Y93.66 E2664.21628
G0 F9000 X125.826 Y93.66
G1 F1500 X110.928 Y108.558 E2664.91703
G0 F9000 X111.203 Y108.931
G0 X112.641 Y108.016
G0 X112.46 Y107.592
G1 F1500 X126.392 Y93.66 E2665.57235
G0 F9000 X126.957 Y93.66
G1 F1500 X113.446 Y107.171 E2666.20787
G0 F9000 X113.626 Y107.593
G0 X114.47 Y107.242
G0 X114.391 Y106.792
G1 F1500 X127.523 Y93.66 E2666.82556
G0 F9000 X128.089 Y93.66
G1 F1500 X115.08 Y106.669 E2667.43746
G0 F9000 X115.767 Y106.548
G1 F1500 X128.655 Y93.66 E2668.04367
G0 F9000 X129.22 Y93.66
G1 F1500 X116.455 Y106.425 E2668.6441
G0 F9000 X117.076 Y106.369
G1 F1500 X129.786 Y93.66 E2669.24192
G0 F9000 X130.352 Y93.66
G1 F1500 X117.612 Y106.399 E2669.84114
G0 F9000 X118.148 Y106.429
G1 F1500 X130.917 Y93.66 E2670.44176
G0 F9000 X131.483 Y93.66
G1 F1500 X118.684 Y106.459 E2671.04378
G0 F9000 X119.22 Y106.489
G1 F1500 X132.049 Y93.66 E2671.64722
G0 F9000 X132.614 Y93.66
G1 F1500 X119.696 Y106.578 E2672.25484
G0 F9000 X120.132 Y106.708
G1 F1500 X133.18 Y93.66 E2672.86858
G0 F9000 X133.746 Y93.66
G1 F1500 X120.567 Y106.838 E2673.48846
G0 F9000 X121.003 Y106.968
G1 F1500 X134.311 Y93.66 E2674.11442
G0 F9000 X134.877 Y93.66
G1 F1500 X121.439 Y107.098 E2674.74651
G0 F9000 X121.874 Y107.229
G1 F1500 X135.443 Y93.66 E2675.38475
G0 F9000 X136.008 Y93.66
G1 F1500 X122.24 Y107.429 E2676.03238
G0 F9000 X122.597 Y107.637
G1 F1500 X136.574 Y93.66 E2676.68981
G0 F9000 X137.14 Y93.66
G1 F1500 X122.955 Y107.844 E2677.35701
G0 F9000 X123.313 Y108.052
G1 F1500 X137.706 Y93.66 E2678.03399
G0 F9000 X138.271 Y93.66
G1 F1500 X123.671 Y108.26 E2678.72073
G0 F9000 X124.029 Y108.468
G1 F1500 X138.789 Y93.708 E2679.41499
G0 F9000 X139.28 Y93.783
G1 F1500 X124.35 Y108.713 E2680.11725
G0 F9000 X124.64 Y108.988
G1 F1500 X139.679 Y93.949 E2680.82464
G0 F9000 X140.043 Y94.151
G1 F1500 X124.931 Y109.263 E2681.53547
G0 F9000 X125.222 Y109.537
G1 F1500 X140.364 Y94.396 E2682.24767
G0 F9000 X140.639 Y94.687
G1 F1500 X125.513 Y109.812 E2682.95913
G0 F9000 X125.803 Y110.087
G1 F1500 X140.885 Y95.006 E2683.66852
G0 F9000 X141.071 Y95.385
G1 F1500 X126.082 Y110.374 E2684.37356
G0 F9000 X126.306 Y110.716
G1 F1500 X141.23 Y95.792 E2685.07554
G0 F9000 X141.298 Y96.29
G1 F1500 X126.53 Y111.057 E2685.77015
G0 F9000 X126.755 Y111.399
G1 F1500 X141.339 Y96.814 E2686.45616
G0 F9000 X141.339 Y97.38
G1 F1500 X126.979 Y111.74 E2687.13161
G0 F9000 X127.204 Y112.081
G1 F1500 X141.339 Y97.946 E2687.79648
G0 F9000 X141.339 Y98.511
G1 F1500 X127.428 Y112.423 E2688.45084
G0 F9000 X127.592 Y112.825
G1 F1500 X141.339 Y99.077 E2689.09748
G0 F9000 X141.339 Y99.643
G1 F1500 X127.744 Y113.238 E2689.73694
G0 F9000 X127.895 Y113.653
G1 F1500 X141.339 Y100.208 E2690.36933
G0 F9000 X141.339 Y100.774
G1 F1500 X128.047 Y114.066 E2690.99455
G0 F9000 X128.198 Y114.481
G1 F1500 X141.339 Y101.34 E2691.61266
G0 F9000 X141.339 Y101.905
G1 F1500 X128.35 Y114.894 E2692.22362
G0 F9000 X128.416 Y115.394
G1 F1500 X141.339 Y102.471 E2692.83148
G0 F9000 X141.339 Y103.037
G1 F1500 X128.477 Y115.899 E2693.43647
G0 F9000 X128.538 Y116.404
G1 F1500 X141.339 Y103.602 E2694.03861
G0 F9000 X141.339 Y104.168
G1 F1500 X128.599 Y116.909 E2694.63789
G0 F9000 X128.659 Y117.414
G1 F1500 X141.339 Y104.734 E2695.23431
G0 F9000 X141.339 Y105.3
G1 F1500 X128.606 Y118.033 E2695.83323
G0 F9000 X128.53 Y118.674
G1 F1500 X141.339 Y105.865 E2696.43573
G0 F9000 X141.339 Y106.431
G1 F1500 X128.454 Y119.316 E2697.0418
G0 F9000 X128.379 Y119.957
G1 F1500 X141.339 Y106.997 E2697.6514
G0 F9000 X141.339 Y107.562
G1 F1500 X128.09 Y120.811 E2698.27459
G0 F9000 X127.765 Y121.702
G1 F1500 X141.339 Y108.128 E2698.91307
G0 F9000 X141.339 Y108.694
G1 F1500 X127.37 Y122.663 E2699.57013
G0 F9000 X126.988 Y122.412
G0 X125.894 Y124.078
G0 X126.272 Y124.327
G1 F1500 X141.339 Y109.259 E2700.27886
G0 F9000 X141.339 Y109.825
G1 F1500 X109.824 Y141.34 E2701.76123
G0 F9000 X109.259 Y141.34
G1 F1500 X124.129 Y126.47 E2702.46067
G0 F9000 X123.886 Y126.088
G0 X122.559 Y126.854
G0 X122.786 Y127.247
G1 F1500 X108.693 Y141.34 E2703.12356
G0 F9000 X108.127 Y141.34
G1 F1500 X121.631 Y127.836 E2703.75875
G0 F9000 X120.823 Y128.079
G1 F1500 X107.562 Y141.34 E2704.3825
G0 F9000 X106.996 Y141.34
G1 F1500 X120.014 Y128.321 E2704.99485
G0 F9000 X119.266 Y128.505
G1 F1500 X106.43 Y141.34 E2705.5986
G0 F9000 X105.864 Y141.34
G1 F1500 X118.666 Y128.539 E2706.20074
G0 F9000 X118.066 Y128.573
G1 F1500 X105.299 Y141.34 E2706.80126
G0 F9000 X104.733 Y141.34
G1 F1500 X117.465 Y128.608 E2707.40013
G0 F9000 X116.865 Y128.643
G1 F1500 X104.167 Y141.34 E2707.99739
G0 F9000 X103.602 Y141.34
G1 F1500 X116.381 Y128.56 E2708.59849
G0 F9000 X115.9 Y128.476
G1 F1500 X103.036 Y141.34 E2709.20358
G0 F9000 X102.47 Y141.34
G1 F1500 X115.42 Y128.391 E2709.81268
G0 F9000 X114.94 Y128.305
G1 F1500 X101.905 Y141.34 E2710.42581
G0 F9000 X101.339 Y141.34
G1 F1500 X114.459 Y128.22 E2711.04293
G0 F9000 X114.034 Y128.079
G1 F1500 X100.773 Y141.34 E2711.66669
G0 F9000 X100.208 Y141.34
G1 F1500 X113.639 Y127.909 E2712.29844
G0 F9000 X113.243 Y127.739
G1 F1500 X99.642 Y141.34 E2712.93819
G0 F9000 X99.076 Y141.34
G1 F1500 X112.848 Y127.568 E2713.58599
G0 F9000 X112.453 Y127.398
G1 F1500 X98.511 Y141.34 E2714.24177
G0 F9000 X97.945 Y141.34
G1 F1500 X112.057 Y127.228 E2714.90556
G0 F9000 X111.707 Y127.012
G1 F1500 X97.379 Y141.34 E2715.5795
G0 F9000 X96.814 Y141.34
G1 F1500 X111.383 Y126.771 E2716.26479
G0 F9000 X111.058 Y126.53
G1 F1500 X96.289 Y141.299 E2716.95947
G0 F9000 X95.792 Y141.23
G1 F1500 X110.734 Y126.288 E2717.6623
G0 F9000 X110.41 Y126.047
G1 F1500 X95.384 Y141.073 E2718.36908
G0 F9000 X95.003 Y140.887
G1 F1500 X110.085 Y125.806 E2719.07846
G0 F9000 X109.775 Y125.55
G1 F1500 X94.684 Y140.641 E2719.7883
G0 F9000 X94.397 Y140.362
G1 F1500 X109.517 Y125.242 E2720.4995
G0 F9000 X109.26 Y124.934
G1 F1500 X94.152 Y140.042 E2721.21013
G0 F9000 X93.95 Y139.678
G1 F1500 X109.002 Y124.626 E2721.91813
G0 F9000 X108.745 Y124.318
G1 F1500 X93.784 Y139.279 E2722.62185
G0 F9000 X93.709 Y138.787
G1 F1500 X108.486 Y124.01 E2723.31692
G0 F9000 X108.229 Y123.702
G1 F1500 X93.661 Y138.27 E2724.00215
G0 F9000 X93.661 Y137.704
G1 F1500 X108.022 Y123.343 E2724.67765
G0 F9000 X107.833 Y122.967
G1 F1500 X93.661 Y137.138 E2725.34423
G0 F9000 X93.661 Y136.573
G1 F1500 X107.644 Y122.59 E2726.00195
G0 F9000 X107.455 Y122.214
G1 F1500 X93.661 Y136.007 E2726.65075
G0 F9000 X93.661 Y135.441
G1 F1500 X107.265 Y121.837 E2727.29064
G0 F9000 X107.076 Y121.46
G1 F1500 X93.661 Y134.876 E2727.92167
G0 F9000 X93.661 Y134.31
G1 F1500 X106.938 Y121.033 E2728.54618
G0 F9000 X106.83 Y120.575
G1 F1500 X93.661 Y133.744 E2729.16561
G0 F9000 X93.661 Y133.179
G1 F1500 X106.723 Y120.117 E2729.78
G0 F9000 X106.616 Y119.658
G1 F1500 X93.661 Y132.613 E2730.38937
G0 F9000 X93.661 Y132.047
G1 F1500 X106.509 Y119.2 E2730.99367
G0 F9000 X106.413 Y118.73
G1 F1500 X93.661 Y131.482 E2731.59349
G0 F9000 X93.661 Y130.916
G1 F1500 X106.412 Y118.165 E2732.19326
G0 F9000 X106.412 Y117.6
G1 F1500 X93.661 Y130.35 E2732.793
G0 F9000 X93.661 Y129.784
G1 F1500 X106.411 Y117.035 E2733.3927
G0 F9000 X106.41 Y116.47
G1 F1500 X93.661 Y129.219 E2733.99237
G0 F9000 X93.661 Y128.653
G1 F1500 X106.5 Y115.814 E2734.59628
G0 F9000 X106.676 Y115.073
G1 F1500 X93.661 Y128.087 E2735.20844
G0 F9000 X93.661 Y127.522
G1 F1500 X106.85 Y114.333 E2735.82881
G0 F9000 X107.073 Y113.544
G1 F1500 X93.661 Y126.956 E2736.45967
G0 F9000 X93.661 Y126.39
G1 F1500 X107.641 Y112.41 E2737.11725
G0 F9000 X108.054 Y112.617
G0 X108.745 Y111.391
G0 X108.392 Y111.094
G1 F1500 X93.661 Y125.825 E2737.81015
G1 F2700 E2732.81015
G0 F9000 X93.2 Y125.825
G0 X93.261 Y138.446
G0 X93.378 Y139.34
G0 X93.697 Y140.107
G0 X94.216 Y140.782
G0 X94.889 Y141.303
G0 X95.655 Y141.618
G0 X96.385 Y141.716
G0 X110.39 Y141.8
G1 F2700 E2737.81015
G0 F9000 X110.39 Y141.34
G1 F1500 X141.339 Y110.391 E2739.26589
G0 F9000 X141.339 Y110.956
G1 F1500 X110.956 Y141.34 E2740.69504
G0 F9000 X111.521 Y141.34
G1 F1500 X141.339 Y111.522 E2742.09759
G0 F9000 X141.339 Y112.088
G1 F1500 X112.087 Y141.34 E2743.47351
G0 F9000 X112.653 Y141.34
G1 F1500 X141.339 Y112.653 E2744.82284
G0 F9000 X141.339 Y113.219
G1 F1500 X113.218 Y141.34 E2746.14556
G0 F9000 X113.784 Y141.34
G1 F1500 X141.339 Y113.785 E2747.44167
G0 F9000 X141.339 Y114.35
G1 F1500 X114.35 Y141.34 E2748.71117
G0 F9000 X114.915 Y141.34
G1 F1500 X141.339 Y114.916 E2749.95407
G0 F9000 X141.339 Y115.482
G1 F1500 X115.481 Y141.34 E2751.17035
G0 F9000 X116.047 Y141.34
G1 F1500 X141.339 Y116.048 E2752.36001
G0 F9000 X141.339 Y116.613
G1 F1500 X116.613 Y141.34 E2753.52307
G0 F9000 X117.178 Y141.34
G1 F1500 X141.339 Y117.179 E2754.65953
G0 F9000 X141.339 Y117.745
G1 F1500 X117.744 Y141.34 E2755.76937
G0 F9000 X118.31 Y141.34
G1 F1500 X141.339 Y118.31 E2756.8526
G0 F9000 X141.339 Y118.876
G1 F1500 X118.875 Y141.34 E2757.90924
G0 F9000 X119.441 Y141.34
G1 F1500 X141.339 Y119.442 E2758.93926
G0 F9000 X141.339 Y120.007
G1 F1500 X120.007 Y141.34 E2759.94267
G0 F9000 X120.572 Y141.34
G1 F1500 X141.339 Y120.573 E2760.91949
G0 F9000 X141.339 Y121.139
G1 F1500 X121.138 Y141.34 E2761.86968
G0 F9000 X121.704 Y141.34
G1 F1500 X141.339 Y121.704 E2762.79327
G0 F9000 X141.339 Y122.27
G1 F1500 X122.269 Y141.34 E2763.69027
G0 F9000 X122.835 Y141.34
G1 F1500 X141.339 Y122.836 E2764.56064
G0 F9000 X141.339 Y123.401
G1 F1500 X123.401 Y141.34 E2765.40441
G0 F9000 X123.966 Y141.34
G1 F1500 X141.339 Y123.967 E2766.22158
G0 F9000 X141.339 Y124.533
G1 F1500 X124.532 Y141.34 E2767.01213
G0 F9000 X125.098 Y141.34
G1 F1500 X141.339 Y125.099 E2767.77606
G0 F9000 X141.339 Y125.664
G1 F1500 X125.663 Y141.34 E2768.51341
G0 F9000 X126.229 Y141.34
G1 F1500 X141.339 Y126.23 E2769.22414
G0 F9000 X141.339 Y126.796
G1 F1500 X126.795 Y141.34 E2769.90825
G0 F9000 X127.361 Y141.34
G1 F1500 X141.339 Y127.361 E2770.56575
G0 F9000 X141.339 Y127.927
G1 F1500 X127.926 Y141.34 E2771.19666
G0 F9000 X128.492 Y141.34
G1 F1500 X141.339 Y128.493 E2771.80094
G0 F9000 X141.339 Y129.058
G1 F1500 X129.058 Y141.34 E2772.37862
G0 F9000 X129.623 Y141.34
G1 F1500 X141.339 Y129.624 E2772.92971
G0 F9000 X141.339 Y130.19
G1 F1500 X130.189 Y141.34 E2773.45417
G0 F9000 X130.755 Y141.34
G1 F1500 X141.339 Y130.755 E2773.95203
G0 F9000 X141.339 Y131.321
G1 F1500 X131.32 Y141.34 E2774.4233
G0 F9000 X131.886 Y141.34
G1 F1500 X141.339 Y131.887 E2774.86794
G0 F9000 X141.339 Y132.452
G1 F1500 X132.452 Y141.34 E2775.28598
G0 F9000 X133.017 Y141.34
G1 F1500 X141.339 Y133.018 E2775.67742
G0 F9000 X141.339 Y133.584
G1 F1500 X133.583 Y141.34 E2776.04224
G0 F9000 X134.149 Y141.34
G1 F1500 X141.339 Y134.149 E2776.38046
G0 F9000 X141.339 Y134.715
G1 F1500 X134.714 Y141.34 E2776.69208
G0 F9000 X135.28 Y141.34
G1 F1500 X141.339 Y135.281 E2776.97707
G0 F9000 X141.339 Y135.847
G1 F1500 X135.846 Y141.34 E2777.23545
G0 F9000 X136.412 Y141.34
G1 F1500 X141.339 Y136.412 E2777.46722
G0 F9000 X141.339 Y136.978
G1 F1500 X136.977 Y141.34 E2777.6724
G0 F9000 X137.543 Y141.34
G1 F1500 X141.339 Y137.544 E2777.85095
G0 F9000 X141.339 Y138.109
G1 F1500 X138.109 Y141.34 E2778.0029
G0 F9000 X138.717 Y141.298
G1 F1500 X141.296 Y138.718 E2778.12423
G0 F9000 X141.142 Y139.438
G1 F1500 X139.437 Y141.143 E2778.20443
;TIME_ELAPSED:3488.302341
G1 F2700 E2773.20443
M140 S0
M107
G91 ;Relative positioning
G1 E-2 F2700 ;Retract a bit
G1 E-2 Z0.2 F2400 ;Retract and raise Z
G1 X5 Y5 F3000 ;Wipe out
G1 Z10 ;Raise Z more
G90 ;Absolute positioning

G1 X0 Y235.0 ;Present print
M106 S0 ;Turn-off fan
M104 S0 ;Turn-off hotend
M140 S0 ;Turn-off bed

M84 X Y E ;Disable all steppers but Z

M82 ;absolute extrusion mode
M104 S0
;End of Gcode
;SETTING_3 {"global_quality": "[general]\\nversion = 4\\nname = Standard Quality
;SETTING_3  #2\\ndefinition = creality_ender3\\n\\n[metadata]\\ntype = quality_c
;SETTING_3 hanges\\nquality_type = standard\\nsetting_version = 23\\n\\n[values]
;SETTING_3 \\nadhesion_type = brim\\n\\n", "extruder_quality": ["[general]\\nver
;SETTING_3 sion = 4\\nname = Standard Quality #2\\ndefinition = creality_ender3\
;SETTING_3 \n\\n[metadata]\\ntype = quality_changes\\nquality_type = standard\\n
;SETTING_3 setting_version = 23\\nposition = 0\\n\\n[values]\\ninfill_sparse_den
;SETTING_3 sity = 20\\nmaterial_print_temperature = 215.0\\nwall_thickness = 0.8
;SETTING_3 \\nz_seam_position = frontleft\\n\\n"]}
